AA,Codon,Posterior,0.025%,0.975%
A,GCA,-0.402832798665715,-0.531206388771534,-0.0794326478615403
A,GCC,-0.805420850842074,-0.954368494451046,-0.439215971529485
A,GCG,-1.0135114046101,-1.14752950668335,-0.683249101042757
C,TGC,-0.0792232134982223,-0.307889875024557,0.194205103442072
D,GAC,0.682982193287276,0.506188456714153,0.817136132717132
E,GAA,-0.62669639512212,-0.754168923199177,-0.14412648268044
F,TTC,0.693473763999739,0.351237514615059,0.850384993851184
G,GGA,0.0855182757221079,-0.183267966657877,0.313152854889631
G,GGC,-0.469700341459364,-0.587365162372589,-0.336278034746647
G,GGG,-0.0515015880393807,-0.26373453065753,0.16651496514678
H,CAC,0.572264231722488,0.365950012207031,0.769947411119938
I,ATA,0.505581807888462,-0.00316328965127463,0.876053224503994
I,ATC,0.536737028661161,0.421972452104092,0.667607381939888
K,AAA,-1.06297678838586,-1.22070198655128,-0.01123614755925
L,CTA,0.791401347991248,0.266019646823406,1.08220863342285
L,CTC,0.527045610136259,0.294879300892353,0.707041148841381
L,CTG,-0.739685455511417,-0.917095449566841,0.0907563090324374
L,CTT,0.417251406077249,0.151701159030199,0.597215500473976
L,TTA,-0.0938188572317915,-0.271496319770813,0.0940752109512683
N,AAC,0.129399476648665,-0.00956736793741584,0.308179254829883
P,CCA,-0.011872728693526,-0.17682636231184,0.171794838458299
P,CCC,-0.0422861090354287,-0.250342321395874,0.14376035220921
P,CCG,-0.880641456543445,-1.05208979249001,-0.427507687360052
Q,CAA,0.365305007016717,0.161745585873723,0.484063504636288
R,AGA,1.39739915160495,0.31982843503356,1.67947786152363
R,AGG,1.71731238039567,0.257856784015894,2.08567670583725
R,CGA,0.90813458761354,0.020042863022536,1.13149165511131
R,CGC,-0.231962957561968,-0.346084489673376,-0.125452638790011
R,CGG,0.685260846455369,-0.0487489365041256,0.899980965256691
S,TCA,-0.223613729930809,-0.421337673813105,-0.046452324744314
S,TCC,-0.0200965057282313,-0.166751797124743,0.14020076431334
S,TCG,-0.366781513348035,-0.549668914079666,-0.0625250031240317
T,ACA,-0.227083225557185,-0.394229650497437,0.0510191920213401
T,ACC,-0.989484894371033,-1.11332094073296,-0.578749015927316
T,ACG,-0.717867772559542,-0.866424684226513,-0.562688858807087
V,GTA,0.403836117546074,0.24982487000525,0.52698630541563
V,GTC,-0.119323109597585,-0.250703117996454,0.0274753700010475
V,GTG,-0.66609497875988,-0.790755389630795,-0.350463842600588
Y,TAC,0.332677064758074,0.186456448584795,0.483258984237909
Z,AGC,-0.478800887579564,-0.616541311144829,-0.153150456398726
