AA,Codon,Posterior,0.025%,0.975%
A,GCA,0.17220548718723,-0.148681884631515,0.292061920464039
A,GCC,0.255762147844583,-0.136441910266876,0.391682264953852
A,GCG,0.109168686060054,-0.228271718323231,0.214016471430659
C,TGC,-0.31626553741293,-0.624858774244785,-0.076702923513949
D,GAC,-0.249525481660292,-0.37076178342104,-0.090252830833197
E,GAA,-0.208961604360119,-0.683963918685913,-0.0925848063081504
F,TTC,-0.453299012205284,-0.622527077794075,-0.0970754699781544
G,GGA,1.31663405184746,0.993871748447418,1.68316962718964
G,GGC,0.21388831525913,0.118305335566401,0.313729942589998
G,GGG,0.85206224996997,0.595228442549706,1.10601177811623
H,CAC,-0.435458625926962,-0.638978751003742,-0.211486759781838
I,ATA,4.27116393852234,2.68795992732048,5.98079713582992
I,ATC,-0.406100560110481,-0.543605124950409,-0.283164432644844
K,AAA,-0.241629802843928,-1.28654202818871,-0.0768176775425673
L,CTA,0.857763271735609,0.343216791749001,1.52373722791672
L,CTC,-0.488297477755698,-0.723127180337906,-0.156914374232293
L,CTG,-0.832842933923006,-1.58290047943592,-0.604628092050553
L,CTT,-0.133368916168955,-0.378956611454487,0.223589885607361
L,TTA,0.390253630780149,0.0888019315898418,0.693345133960247
N,AAC,-0.487334717942635,-0.68578744828701,-0.334417548030615
P,CCA,-0.361379422652721,-0.595200082659721,-0.158305527642369
P,CCC,0.380270679986652,0.077973522990942,0.692733958363533
P,CCG,-0.588215801459551,-1.08805775046349,-0.377962853759527
Q,CAA,0.412208380999789,0.270439388602972,0.618620631098747
R,AGA,2.65393582363129,1.96778124272823,3.51259564757347
R,AGG,3.18575176877975,2.14594949483871,4.40260033607483
R,CGA,1.06165192233324,0.739034661650658,1.82327167093754
R,CGC,0.115425994086696,0.028501165099442,0.215122216194868
R,CGG,0.858802591979504,0.583805295825005,1.54313239455223
S,TCA,0.619524436614662,0.404956302046776,0.867989565432072
S,TCC,-0.0495463436919326,-0.185417607426643,0.0681452693417667
S,TCG,0.226502024585661,-0.119824176840484,0.397875870764255
T,ACA,0.842909333359171,0.459413249790668,1.11213841438293
T,ACC,-0.0783472367635088,-0.519908811151981,0.0207420123741031
T,ACG,0.182037356870406,0.0376815617084503,0.319819512963295
V,GTA,0.10256924856629,0.00496089596999809,0.243519545719027
V,GTC,0.280978508378728,0.150813537836075,0.409639596939087
V,GTG,0.173998207875062,-0.169744501262903,0.278241869807243
Y,TAC,-0.201541806692723,-0.340149873495102,-0.0706527594476941
Z,AGC,-0.214227008238924,-0.589274810254574,-0.0597346401773393
