AA,Codon,Posterior,0.025%,0.975%
A,GCA,0.149565676626269,-0.149902081862092,0.269119458645582
A,GCC,0.393513538701867,0.0781437005847693,0.548129205405712
A,GCG,0.552357711686939,0.283514918386936,0.698465442657471
C,TGC,-0.0277462302370872,-0.319703870266676,0.222848589345813
D,GAC,-0.16043474364474,-0.291321646422148,0.0213698949664819
E,GAA,-0.267123562634736,-0.749152329564094,-0.12612574249506
F,TTC,-0.0274678352250674,-0.175552479550242,0.323933269828557
G,GGA,0.803533130129054,0.539823137223721,1.1093432456255
G,GGC,0.195061459289535,0.0837474320083857,0.309317986667156
G,GGG,0.81345603013431,0.556990729272366,1.07019348740578
H,CAC,-0.26642002658993,-0.466847773641348,-0.0437373672612014
I,ATA,1.57801298159361,1.01830723583698,2.28224446177483
I,ATC,-0.260612594876206,-0.391160432249308,-0.151803517341614
K,AAA,-0.0574066414210286,-1.11043752133846,0.0934553539380431
L,CTA,0.436583800447197,0.0519726095721126,0.9881940305233
L,CTC,-0.407569825480267,-0.606170679628849,-0.150687888264657
L,CTG,-0.401127660609782,-1.18174805343151,-0.209590816125274
L,CTT,-0.450753607783373,-0.647261781990528,-0.151900592818858
L,TTA,-0.197840823614183,-0.410263731330633,0.00550585577730069
N,AAC,-0.156492811178475,-0.328429055958986,-0.0175348171964291
P,CCA,0.0902009287948458,-0.0758480267599225,0.247587227076292
P,CCC,0.175080249142775,0.000333888072782429,0.379027686268091
P,CCG,0.230311165817082,-0.119177048653364,0.396039291471243
Q,CAA,-0.0650653636170808,-0.179044355079532,0.152626369148492
R,AGA,0.409848732287064,0.1346934504807,1.51617882847786
R,AGG,0.833383596271276,0.413241708278656,2.28207204341888
R,CGA,0.527044987139106,0.293059703707695,1.40340767502784
R,CGC,0.12628185248576,0.0270812819711864,0.241794933751225
R,CGG,0.648931994265318,0.414473740011454,1.38531926274299
S,TCA,0.354376729366183,0.184798451513052,0.557863803207873
S,TCC,0.062929261597155,-0.0792073717340827,0.195801963284612
S,TCG,0.582952570635453,0.319591061025858,0.796855245530605
T,ACA,0.21637566816645,-0.0304345065262167,0.365040671825409
T,ACC,0.210624629876763,-0.147997764870524,0.323894592374563
T,ACG,0.431590930667706,0.287686309218407,0.586330403387546
V,GTA,0.0582482812232789,-0.0432419650256634,0.212162428349256
V,GTC,0.312530236272421,0.180327108502388,0.441428777575493
V,GTG,0.558979858425644,0.307597705721855,0.693126736581325
Y,TAC,-0.11177781477858,-0.26353643015027,0.0448472240008411
Z,AGC,-0.00668375591025524,-0.321315645426512,0.126858579739928
