AA,Codon,Posterior,0.025%,0.975%
A,GCA,0.107518377277348,0.0270228875800967,0.191296808421612
A,GCC,0.268252856120467,0.174469776451588,0.360494633018971
A,GCG,0.165786384894885,0.0795175947248936,0.255354318767786
C,TGC,-0.117800159348338,-0.327078524231911,0.0870997201651335
D,GAC,-0.158046320572495,-0.241192558035254,-0.076014531776309
E,GAA,-0.0476296453652474,-0.119182138517499,0.0283760544378311
F,TTC,-0.44522420681715,-0.552216950058937,-0.336231315135956
G,GGA,0.828510493135452,0.696051210165024,0.960456849634647
G,GGC,0.117716485161148,0.0360888552851975,0.197244980186224
G,GGG,0.477289202439785,0.373775866627693,0.586238726973534
H,CAC,-0.4172304451406,-0.572589966654778,-0.258785213530064
I,ATA,0.784378721356392,0.636555930972099,0.933746971189976
I,ATC,-0.191421122467518,-0.273121289163828,-0.108830696158111
K,AAA,-0.131423570376541,-0.212125281989574,-0.0496001212857663
L,CTA,0.225997008188069,0.0844902999699116,0.366631626337767
L,CTC,-0.23680563582778,-0.347924230247736,-0.119648564234376
L,CTG,-0.472114768373966,-0.577051320672035,-0.365665103495121
L,CTT,-0.0770896221129247,-0.199373498558998,0.0455411552451551
L,TTA,0.112522208742681,-0.0155355913797393,0.256078013032675
N,AAC,-0.439486084777117,-0.556367413699627,-0.329186317324638
P,CCA,-0.177367609025379,-0.318554279953241,-0.0339163375087082
P,CCC,0.497637559831142,0.302014902234077,0.720821183919907
P,CCG,-0.359536015275121,-0.486428730934858,-0.224192029237747
Q,CAA,0.24063019656539,0.141610856726766,0.344687681645155
R,AGA,0.971320194101334,0.797968353331089,1.15683499574661
R,AGG,1.11426750254631,0.921147264540195,1.3181009799242
R,CGA,1.09031670145988,0.899603234231472,1.28007953464985
R,CGC,0.163915191211924,0.0686494512483478,0.255665825307369
R,CGG,1.22907192442417,1.0154738932848,1.45202252268791
S,TCA,0.585763334727287,0.411145619302988,0.759394372999668
S,TCC,-0.0178762624667921,-0.127002232149243,0.0862885557115078
S,TCG,0.335106548294425,0.196914598345757,0.483821862190962
T,ACA,0.402340158104897,0.281251958012581,0.534804201126099
T,ACC,0.112222492070289,0.0228090167045593,0.20680540651083
T,ACG,0.410549743944407,0.287089793384075,0.539060045778751
V,GTA,0.0104926054364129,-0.0770981445908547,0.0942968122661114
V,GTC,0.14842528248544,0.0523070756345987,0.244310392066836
V,GTG,0.183877957603335,0.0887683965265751,0.282148824632168
Y,TAC,-0.178286263940809,-0.294850701093674,-0.0690797438845037
Z,AGC,-0.46288842793107,-0.622621196508408,-0.302975016832352
