AA,Codon,Posterior,0.025%,0.975%
A,GCA,-0.349159829488397,-0.444392235577106,-0.255162401497364
A,GCC,-0.762554087233543,-0.861538757383823,-0.663147513568401
A,GCG,-0.845443967247009,-0.944205284118652,-0.748576873540878
C,TGC,0.0698723330538698,-0.116255369223654,0.261079685389995
D,GAC,0.756070803141594,0.655008809268475,0.8603669449687
E,GAA,-0.729327956926823,-0.832949604094029,-0.628431662917137
F,TTC,0.903061803424358,0.794525219500065,1.01302171051502
G,GGA,0.143203387642599,-0.00735096641583368,0.289063258469105
G,GGC,-0.428224418240786,-0.526507344841957,-0.332834438234568
G,GGG,0.0655387139719649,-0.070199166983366,0.197009785100817
H,CAC,0.569242682027817,0.430892265588045,0.713378947973251
I,ATA,1.12175788247585,0.95563146173954,1.28733876645565
I,ATC,0.500673198586702,0.417129810154438,0.58663063198328
K,AAA,-1.13430076168776,-1.23464653789997,-1.03564177155495
L,CTA,1.01213405426741,0.831149786710739,1.19256031215191
L,CTC,0.321915246830881,0.198639961332083,0.450230725854635
L,CTG,-0.758690915739536,-0.85599921643734,-0.657763884961605
L,CTT,0.169569398220844,0.0488974331878126,0.291654567420483
L,TTA,-0.249169099502638,-0.364630401879549,-0.131794164702296
N,AAC,0.398716242444515,0.285164722800255,0.512105493247509
P,CCA,0.109253473867565,-0.0467698456719518,0.269414706528187
P,CCC,-0.321561944015138,-0.499737545847893,-0.150371739268303
P,CCG,-0.496704130685329,-0.629359948635101,-0.363633327931166
Q,CAA,0.232868776625395,0.132010645791888,0.337642319500446
R,AGA,1.00278517537117,0.786051385104656,1.21672604084015
R,AGG,1.48468703664541,1.18949800729752,1.77177280187607
R,CGA,0.528595811216533,0.335898610204458,0.713812761008739
R,CGC,-0.318405716466904,-0.414844609797001,-0.221873959898949
R,CGG,0.147740597901304,-0.0387559717521071,0.33356796875596
S,TCA,-0.291379716606066,-0.442338370531797,-0.144217022880912
S,TCC,-0.0152538676217129,-0.144853258132935,0.119725651107728
S,TCG,-0.493402529785037,-0.652400833368301,-0.336127952486277
T,ACA,-0.487137040945888,-0.629331874847412,-0.346104731410742
T,ACC,-0.963338673126698,-1.07918898761272,-0.850525206327438
T,ACG,-0.909352050352097,-1.04482230842113,-0.778589652478695
V,GTA,0.575644258034229,0.466989097744226,0.687528145313263
V,GTC,-0.0603485394161093,-0.16656838208437,0.0480296210385858
V,GTG,-0.489318328070641,-0.587362603843212,-0.392239383608103
Y,TAC,0.485093578574061,0.337994466722012,0.627291367948055
Z,AGC,-0.301557226597518,-0.432257851958275,-0.167505606636405
