AA,Codon,Posterior,0.025%,0.975%
A,GCA,-0.022338061375275,-0.165329280868173,0.1194605384022
A,GCC,0.170784387552891,0.025335565302521,0.320959730446339
A,GCG,-0.0877446705692288,-0.220756622776389,0.0425377067178487
C,TGC,-0.470803305418021,-0.803048829734325,-0.157966133207083
D,GAC,-0.333448649382591,-0.452634267508984,-0.216744180396199
E,GAA,6.83242899105608e-05,-0.118210662901402,0.115490727499127
F,TTC,-0.8572980640769,-1.03358047008514,-0.685695837438107
G,GGA,1.27077101264,0.986787901818752,1.58966394066811
G,GGC,0.210320709276572,0.113397200591862,0.310197032243013
G,GGG,0.723687786620855,0.534589059650898,0.918932238221168
H,CAC,-0.476134838882089,-0.676355509459972,-0.285855857282877
I,ATA,1.68985084422827,1.16241918504238,2.29421001076698
I,ATC,-0.235162833912298,-0.349592385441065,-0.120072886347771
K,AAA,-0.0736111575664996,-0.210101751610637,0.0603489566594362
L,CTA,0.506265750917816,0.0994148617610335,0.993947237730026
L,CTC,-0.225868633580212,-0.462782821059227,0.0149453085148706
L,CTG,-0.725899881976843,-0.911863170564175,-0.551699702441692
L,CTT,0.147173154723839,-0.12154221534729,0.41709606051445
L,TTA,0.409865002690256,0.145028955116868,0.674317954480647
N,AAC,-0.902144620394707,-1.103655397892,-0.700448210537434
P,CCA,-0.265518056335091,-0.55880239456892,0.0223000861704347
P,CCC,1.69105486069918,1.13158780634403,2.30818336009979
P,CCG,-0.798583352667093,-1.04403408765793,-0.56905272603035
Q,CAA,0.556949666628242,0.387197776883841,0.734131115674972
R,AGA,2.880146129632,1.91724184453487,4.01205922365189
R,AGG,2.29276094472408,1.44301660954952,3.28908498287201
R,CGA,1.50890804899931,1.09867876768112,1.96874842345715
R,CGC,0.276707276616246,0.150546277314425,0.404147409647703
R,CGG,1.54077568050623,1.17547912299633,1.94689342081547
S,TCA,0.661607458710671,0.398351160436869,0.945470553636551
S,TCC,0.000355341028967814,-0.169270565733314,0.170934553444385
S,TCG,0.359501227325713,0.162917153537273,0.567212636768818
T,ACA,1.00103619407415,0.696259124577045,1.31542419493198
T,ACC,-0.0158055290638862,-0.173466655611992,0.135128858685493
T,ACG,0.408669352527335,0.21759835742414,0.602956543862819
V,GTA,-0.0524386872981355,-0.217276439070702,0.119256711564958
V,GTC,0.211685920074952,0.0394223320297897,0.386220364272594
V,GTG,-0.000815224622367896,-0.142014894261956,0.140623714774847
Y,TAC,-0.325222253696993,-0.490818765759468,-0.158174378797412
Z,AGC,-0.764784387242794,-1.05398295521736,-0.497841354459524
