AA,Codon,Posterior,0.025%,0.975%
A,GCA,0.112891201937629,0.0490411517210305,0.17705649510026
A,GCC,0.377881384563446,0.303341467678547,0.452117951959371
A,GCG,0.381492378813028,0.309911908954382,0.454907219856977
C,TGC,-0.178724238229499,-0.361806973814964,-0.000241536968678746
D,GAC,-0.221997160118818,-0.299716539680958,-0.145715751498938
E,GAA,-0.147938659615535,-0.230903835222125,-0.0667139358818531
F,TTC,-0.244071818080544,-0.332875221967697,-0.156734901294112
G,GGA,0.718959089851379,0.574468724429607,0.87314729988575
G,GGC,0.170763368231803,0.102809399366379,0.237316814437509
G,GGG,0.639769562625885,0.516174599528313,0.769342102110386
H,CAC,-0.280900256237388,-0.401378093659878,-0.164085618034005
I,ATA,0.640746328759193,0.457285072654486,0.837390714883804
I,ATC,-0.228099589553475,-0.29307673573494,-0.163416220247746
K,AAA,0.0146365147068835,-0.0498306593857706,0.0803199931979179
L,CTA,0.142421846408922,-0.041347917355597,0.338991732895374
L,CTC,-0.199953810594417,-0.321030209213495,-0.0803541984409094
L,CTG,-0.375399785774946,-0.473219769448042,-0.280675511807203
L,CTT,-0.201362046834268,-0.316327510774136,-0.0862998181954026
L,TTA,-0.0256545690242513,-0.145531535893679,0.0936960685998201
N,AAC,-0.399766794902086,-0.49302549213171,-0.307232765853405
P,CCA,-0.0059648044499063,-0.140712481737137,0.127427429333329
P,CCC,0.54668099809885,0.372541555017233,0.731139777600765
P,CCG,-0.075615283167674,-0.183874714747071,0.0344883307814598
Q,CAA,0.0703165127987195,-0.0116027714451775,0.158328836038709
R,AGA,0.837076509356499,0.607361751794815,1.08652384281158
R,AGG,1.12897821416855,0.782454863190651,1.50090576410294
R,CGA,1.00779955011606,0.796048560738564,1.22916639745235
R,CGC,0.195264734536409,0.123417904786766,0.266136189550161
R,CGG,1.35370529381037,1.13270012140274,1.59790032207966
S,TCA,0.417616590127349,0.289898032695055,0.544368794560432
S,TCC,0.0576665149045883,-0.0326422300189734,0.14925885014236
S,TCG,0.758596065074205,0.604739531874657,0.91523634493351
T,ACA,0.447853421825171,0.338308972865343,0.561399111151695
T,ACC,0.189786802008003,0.11122525241226,0.268797452002764
T,ACG,0.638673909854889,0.524087707698345,0.752469582855701
V,GTA,-0.084014144993294,-0.15485071465373,-0.0149047071347013
V,GTC,0.265180427536368,0.182200876250863,0.348373711109161
V,GTG,0.394740166580677,0.3111352622509,0.477331732958555
Y,TAC,-0.263054794150591,-0.384869915992022,-0.138828968256712
Z,AGC,-0.151037376010199,-0.272060235589743,-0.0351862732321025
