AA,Codon,Posterior,0.025%,0.975%
A,GCA,0.0965114600312867,0.0222837802488357,0.173492039367556
A,GCC,0.251699663005769,0.169464575126767,0.334373588114977
A,GCG,0.141957808322553,0.0669749319553375,0.224575961008668
C,TGC,-0.180353870598576,-0.361649919301271,0.002468222688185
D,GAC,-0.191550816975534,-0.270707115530968,-0.113393997400999
E,GAA,-0.057656869134829,-0.126264305412769,0.0108648402150719
F,TTC,-0.408566379702091,-0.512871116399765,-0.30946087539196
G,GGA,0.650946303796768,0.537706595659256,0.769833774864674
G,GGC,0.110960879573412,0.0375813181512058,0.185765598341823
G,GGG,0.488269900327921,0.383512506633997,0.592611937224865
H,CAC,-0.331713948082179,-0.487915033102036,-0.183631762489677
I,ATA,0.723704627084732,0.589246182143688,0.860211969912052
I,ATC,-0.168827462645993,-0.247111101076007,-0.0938340729102492
K,AAA,-0.0434707863124859,-0.115643843635917,0.0293643137440085
L,CTA,0.0228249888664895,-0.0986743774265051,0.143582351133227
L,CTC,-0.305200015152991,-0.408762088418007,-0.202336583286524
L,CTG,-0.442283733850718,-0.543080714344978,-0.346252685040236
L,CTT,-0.144242616190144,-0.253274651616812,-0.0361368927173319
L,TTA,0.0802043676578702,-0.0443566933274269,0.209851313382387
N,AAC,-0.420327363970876,-0.529992331564426,-0.316290275752545
P,CCA,-0.107441147817557,-0.235290127620101,0.0181658948771655
P,CCC,0.297615799735673,0.137309694290161,0.464608169347048
P,CCG,-0.246035652212799,-0.364917342364788,-0.125929755717516
Q,CAA,0.217444629418105,0.124971062503755,0.313553403317928
R,AGA,0.823406839317083,0.65857809484005,0.995359452068806
R,AGG,1.05759094613791,0.874790139496326,1.2467799782753
R,CGA,1.01005880057812,0.838618642091751,1.18479943573475
R,CGC,0.142323875471065,0.0490817078389227,0.239315501227975
R,CGG,1.10940019158125,0.918515618145466,1.30985461771488
S,TCA,0.540375742381811,0.379728759080172,0.70673393458128
S,TCC,0.0443139632489605,-0.0638033965602517,0.154063834995031
S,TCG,0.572647645103931,0.412275974452496,0.739549246430397
T,ACA,0.440635181495547,0.323922055214643,0.561935460567474
T,ACC,0.109285404887568,0.0198883382603526,0.202120122313499
T,ACG,0.433223432981968,0.319065874814987,0.547997152805328
V,GTA,0.130942368034599,0.0482956006191671,0.214978354424238
V,GTC,0.206173298943788,0.118090831674635,0.297051834315062
V,GTG,0.264272442944348,0.171497049182653,0.35753667652607
Y,TAC,-0.251569810504653,-0.370919051021337,-0.136028777435422
Z,AGC,-0.382958885475993,-0.542683629691601,-0.22759996317327
