AA,Codon,Posterior,0.025%,0.975%
A,GCA,-0.353895041051507,-0.44262945279479,-0.26416469886899
A,GCC,-0.802554277396202,-0.889602775871754,-0.715052096545696
A,GCG,-0.902595461058617,-0.98985561132431,-0.815484762191772
C,TGC,0.00985474696057508,-0.160850417986512,0.184239244833588
D,GAC,0.807861687362194,0.719151435792446,0.896951201558113
E,GAA,-0.696345248401165,-0.785701279342174,-0.603753609955311
F,TTC,0.905669559204578,0.81178110986948,1.00387097895145
G,GGA,0.0963270611607295,-0.0434511446394026,0.233864196017384
G,GGC,-0.403272103795409,-0.486430567502975,-0.322357648611069
G,GGG,0.0434592966783079,-0.0811021601781249,0.170324767008424
H,CAC,0.608226107448339,0.480248531699181,0.73639443218708
I,ATA,1.11438142889738,0.960342925786972,1.27818746268749
I,ATC,0.526409642231464,0.448644641786814,0.602293281257152
K,AAA,-1.12759048186541,-1.2207607626915,-1.03362283110619
L,CTA,1.03513963640928,0.870731195807457,1.20422461032867
L,CTC,0.418004208648205,0.304835043102503,0.530746503174305
L,CTG,-0.755434234809875,-0.844654934108257,-0.662668845057488
L,CTT,0.21378992452044,0.0987309822812676,0.33163403943181
L,TTA,-0.249511976275593,-0.359192272275686,-0.143346164375544
N,AAC,0.441795788639784,0.337455051392317,0.545550668239594
P,CCA,0.0518308201515947,-0.0940771719440818,0.196868245303631
P,CCC,-0.323896614115313,-0.486477045714855,-0.16039876639843
P,CCG,-0.62892948281765,-0.752594834566116,-0.504670265316963
Q,CAA,0.236937803339958,0.143859614431858,0.32926682010293
R,AGA,0.967141347062588,0.757221786677837,1.17215186655521
R,AGG,1.51945173728466,1.23887283802032,1.80246655344963
R,CGA,0.387544854367524,0.21190820671618,0.568712994456291
R,CGC,-0.332842387342453,-0.420490533858538,-0.246316256001592
R,CGG,0.0751577336803354,-0.0983178967610002,0.243351116776466
S,TCA,-0.315344532777369,-0.455853343755007,-0.174087894335389
S,TCC,0.00302673685176778,-0.118992707319558,0.124562370404601
S,TCG,-0.514182436078787,-0.656654885411262,-0.373532618582249
T,ACA,-0.477627960580587,-0.608949099481106,-0.345332859456539
T,ACC,-0.966811069405079,-1.07236909866333,-0.862157632410526
T,ACG,-1.0138296736598,-1.13626984059811,-0.88784272223711
V,GTA,0.50078626152873,0.404900699853897,0.597954078018665
V,GTC,-0.142907037651865,-0.237667864188552,-0.046973416209221
V,GTG,-0.573583209824562,-0.657244831323624,-0.490030939877033
Y,TAC,0.563611672991514,0.440436315536499,0.684211015701294
Z,AGC,-0.269510354789533,-0.38874903023243,-0.146401330828667
