AA,Codon,Posterior,0.025%,0.975%
A,GCA,0.0773635591563681,-0.0168625295162201,0.174061826989055
A,GCC,0.246255905918777,0.151244399324059,0.342203366756439
A,GCG,-0.00623215127603162,-0.0889591069892049,0.0798911057412623
C,TGC,-0.456334556773305,-0.670635297894478,-0.245334108546376
D,GAC,-0.298052791547775,-0.375577765703201,-0.219864257797599
E,GAA,-0.153660279020667,-0.239859711751342,-0.0683836810290814
F,TTC,-0.69695120164156,-0.802443107962608,-0.588915586471558
G,GGA,1.28735609886646,1.09613747894764,1.48604858517647
G,GGC,0.111243529309845,0.0426162264309824,0.184144061803818
G,GGG,0.850054508805275,0.707743938267231,1.00465680360794
H,CAC,-0.505478201150894,-0.649782839417458,-0.364468366652727
I,ATA,1.92469214799404,1.5661346167326,2.30335198640823
I,ATC,-0.385852022662759,-0.46786959990859,-0.303409784287214
K,AAA,-0.10663471427538,-0.199966274574399,-0.0165478067472577
L,CTA,0.446372217738559,0.168268483504653,0.715714988112449
L,CTC,-0.338529023117572,-0.488845432549715,-0.185967079177499
L,CTG,-0.800700096476078,-0.926756116747856,-0.680596147477627
L,CTT,0.217694977258504,0.0345060186460614,0.397302889823913
L,TTA,0.436102108663321,0.260941535234451,0.615237630903721
N,AAC,-0.945813210511208,-1.07339748442173,-0.822515174746513
P,CCA,-0.386370199829712,-0.583516316115856,-0.18937786705792
P,CCC,0.897847515690327,0.60705648213625,1.1871427834034
P,CCG,-0.820106229239702,-0.993686610460281,-0.647637897729874
Q,CAA,0.578593451440334,0.449730725586414,0.708395953476429
R,AGA,2.70027908744812,2.17285881638527,3.28539624214172
R,AGG,2.61337002487183,1.94261022508144,3.35055240988731
R,CGA,1.96870301258564,1.64555240869522,2.30951211452484
R,CGC,0.336211953267455,0.249355880916119,0.427584852278233
R,CGG,1.6866236979723,1.42480219304562,1.96132431924343
S,TCA,0.693693876099586,0.522295075654984,0.869867967069149
S,TCC,-0.0467792102088759,-0.156145982444286,0.0593403926119207
S,TCG,0.427322594079375,0.284979259967804,0.575812149047851
T,ACA,1.01883880727291,0.824490424990654,1.2185497879982
T,ACC,-0.0709784340708184,-0.174827228486538,0.0285700077656655
T,ACG,0.542683657288551,0.41038413643837,0.679577121138573
V,GTA,0.0678039195527917,-0.0269945891108364,0.164621799439192
V,GTC,0.317450107702613,0.219400431215763,0.420401799678802
V,GTG,0.146152382458001,0.0671570677310228,0.225362800806761
Y,TAC,-0.38658284766078,-0.506528748571873,-0.270119907706976
Z,AGC,-0.541133311244845,-0.721708725392818,-0.371692287176848
