AA,Codon,Posterior,0.025%,0.975%
A,GCA,0.113827808970702,0.0505197282880545,0.17703380510211
A,GCC,0.400434523004293,0.328831785172224,0.469849319010973
A,GCG,0.415449478977919,0.347356625646353,0.485298655182123
C,TGC,-0.137560052464137,-0.307098611444235,0.0259862601757049
D,GAC,-0.252157345747948,-0.325250399112701,-0.180695019289851
E,GAA,-0.168705178798735,-0.247628668323159,-0.0921496152877808
F,TTC,-0.244707622651756,-0.326763504743576,-0.162149883434176
G,GGA,0.760666067194939,0.626439279317856,0.902359290421009
G,GGC,0.157581833361089,0.0982838355004787,0.220678505674005
G,GGG,0.660090664410591,0.536593706905842,0.787296080589294
H,CAC,-0.305452089631557,-0.41650473549962,-0.194188931584358
I,ATA,0.651288971191645,0.472507676482201,0.839836929738521
I,ATC,-0.243070195288956,-0.304202383756638,-0.181788538768888
K,AAA,0.0110699626064347,-0.0520146147347987,0.0725847698748112
L,CTA,0.126035347152338,-0.0518754157237709,0.310097146034241
L,CTC,-0.268299904200807,-0.380068300664425,-0.157995877042413
L,CTG,-0.381155678784847,-0.474788750708103,-0.291330020129681
L,CTT,-0.233988826884702,-0.345087717473507,-0.124860518984497
L,TTA,-0.0259910987462228,-0.136370785534382,0.0869032677263019
N,AAC,-0.428201313465834,-0.520644035935402,-0.335533850640059
P,CCA,0.030014778563242,-0.0881887683644891,0.153616758063436
P,CCC,0.527971295142174,0.358743255585432,0.695902878046036
P,CCG,0.00651094873329323,-0.0989313680678606,0.107071517966688
Q,CAA,0.0671837403983335,-0.0135318015702069,0.149423809722066
R,AGA,0.863706448101997,0.640608850121498,1.11045040488243
R,AGG,1.08456836931705,0.73859241604805,1.45405955314636
R,CGA,1.14172116903067,0.930041064321995,1.35660752058029
R,CGC,0.203646321329474,0.134509228542447,0.274752611666918
R,CGG,1.4268672393322,1.20473393499851,1.66640658080578
S,TCA,0.434371492379904,0.312163484096527,0.558339400589466
S,TCC,0.0497315125304465,-0.0359882215037942,0.134927719086409
S,TCG,0.777473761773109,0.634880365431309,0.921110762655735
T,ACA,0.436539855310321,0.32794711664319,0.543915271759033
T,ACC,0.190449076641351,0.117104594409466,0.264076724648476
T,ACG,0.71776837900877,0.603739270567894,0.828572504222393
V,GTA,-0.047979070633373,-0.111211641132832,0.0164877474308014
V,GTC,0.311692074051499,0.234420539066195,0.3916832216084
V,GTG,0.443237544685602,0.369575433433056,0.521032679080963
Y,TAC,-0.314716401572526,-0.429037489742041,-0.202001876756549
Z,AGC,-0.173723834520241,-0.288935323059559,-0.0590432369150222
