AA,Codon,Posterior,0.025%,0.975%
A,GCA,-0.3452499738276,-0.439375372976065,-0.25048780143261
A,GCC,-0.769068964672089,-0.865287926793098,-0.674003994464874
A,GCG,-0.850045880818367,-0.94187737852335,-0.756459707021713
C,TGC,-0.00914012968639204,-0.196350340545177,0.176364597305655
D,GAC,0.741387704598904,0.642903047800064,0.841462831199169
E,GAA,-0.724788524866104,-0.819712749123573,-0.627607078850269
F,TTC,0.863563641095161,0.7589256092906,0.966792297363281
G,GGA,0.0923563685301586,-0.0593268251046538,0.243908193334937
G,GGC,-0.448503924185038,-0.538872055709362,-0.358341565728188
G,GGG,0.0732935246137647,-0.0639437839388847,0.206778367981314
H,CAC,0.621258342880011,0.481074617058039,0.760710689425468
I,ATA,1.16767591183186,1.00655522346497,1.32480951547623
I,ATC,0.536455533868074,0.45687288865447,0.617613010108471
K,AAA,-1.14457415398359,-1.24530630111694,-1.04900968372822
L,CTA,1.00157754508257,0.826964056491852,1.18057000041008
L,CTC,0.298712773434818,0.177858687192202,0.422824075073004
L,CTG,-0.776818717563152,-0.873718152940273,-0.678604753315449
L,CTT,0.145141192534583,0.0275293036364019,0.257956247776747
L,TTA,-0.270728480118513,-0.381010101735592,-0.153044154495001
N,AAC,0.432131837421656,0.32563867866993,0.543788275122642
P,CCA,0.092492657520262,-0.058010636549443,0.240900468453765
P,CCC,-0.271907073644176,-0.436595027893782,-0.103160950541496
P,CCG,-0.490349207684398,-0.62273965626955,-0.359993559867144
Q,CAA,0.236113156090677,0.139426813274622,0.332761592417955
R,AGA,1.07612626677752,0.862912242114544,1.29385002553463
R,AGG,1.25322898612022,0.966169792413712,1.53397826850414
R,CGA,0.528434615370631,0.342000183463097,0.709850840270519
R,CGC,-0.335437634164095,-0.427518773823977,-0.239423344656825
R,CGG,0.151005791778825,-0.0289811118971556,0.327265208214521
S,TCA,-0.30000622218959,-0.445250478386879,-0.149051093682647
S,TCC,-0.0425930272210901,-0.170284278690815,0.084867681749165
S,TCG,-0.519754696506262,-0.673862512409687,-0.363102581351996
T,ACA,-0.504187071454525,-0.64287875443697,-0.36818615719676
T,ACC,-0.939402804076672,-1.0540546387434,-0.830605757236481
T,ACG,-0.931924656689167,-1.06507735550404,-0.7997304007411
V,GTA,0.548226375228167,0.448020362854004,0.651612988114357
V,GTC,-0.0850445807670039,-0.184066565707326,0.0177434018813074
V,GTG,-0.51717263200283,-0.61274378746748,-0.420716604590416
Y,TAC,0.474312986162305,0.334746441245079,0.611432875692844
Z,AGC,-0.28968340447545,-0.42192305624485,-0.157793574407697
