AA,Codon,Posterior,0.025%,0.975%
A,GCA,0.110263026276091,0.0443591946735978,0.175107493624091
A,GCC,0.382492118191719,0.30570283383131,0.456563192605972
A,GCG,0.383638329082727,0.310462661832571,0.456153727322817
C,TGC,-0.12345196531727,-0.294662149995565,0.0438426161184907
D,GAC,-0.213256359177828,-0.287975123524666,-0.136702774837613
E,GAA,-0.150533548257314,-0.232682590559125,-0.0714677538722754
F,TTC,-0.218754564201832,-0.304813309013844,-0.133658282086253
G,GGA,0.758511783266067,0.615717104077339,0.914687438309193
G,GGC,0.181253928600252,0.116288925334811,0.24672166146338
G,GGG,0.62879060100317,0.504988846182823,0.759685745835304
H,CAC,-0.314582912923396,-0.435509079694748,-0.198779999092221
I,ATA,0.601719722139835,0.427630335092545,0.790070308744907
I,ATC,-0.249280198296905,-0.313169120252132,-0.18520677909255
K,AAA,0.0188522803802433,-0.0456368001177907,0.0854597721248865
L,CTA,0.148643748963306,-0.0365792305208743,0.340126516669989
L,CTC,-0.183205225596158,-0.300133573263884,-0.06416569724679
L,CTG,-0.36196468706727,-0.455754914879799,-0.268065099418163
L,CTT,-0.183599599311128,-0.293433175981045,-0.0733871651813389
L,TTA,-0.00960469816817886,-0.124984642490745,0.102769293263555
N,AAC,-0.421351193487644,-0.514102379977703,-0.331782039999962
P,CCA,0.00426113538122299,-0.121499929390848,0.134987538680434
P,CCC,0.501143041318655,0.335655415058136,0.678952778875828
P,CCG,-0.0809337119846485,-0.188889284804463,0.0241856637876481
Q,CAA,0.0675630573522129,-0.0128300400916487,0.151379990950227
R,AGA,0.763239060455561,0.541985708475113,1.00468590557575
R,AGG,1.38013873035908,1.0150123924017,1.78155091404915
R,CGA,1.00098731905222,0.796828362345696,1.2144020140171
R,CGC,0.204723032030463,0.133361906558275,0.277316907048225
R,CGG,1.34318812071085,1.1131130695343,1.58472869098186
S,TCA,0.420617661583424,0.29711872190237,0.546808685362339
S,TCC,0.0721090858500604,-0.017423538165167,0.15984134376049
S,TCG,0.775289250272512,0.624268834292889,0.93235229998827
T,ACA,0.460227037113905,0.35124456807971,0.573282440006733
T,ACC,0.176685043701902,0.101550515554845,0.253697512298822
T,ACG,0.657877907758951,0.544457647204399,0.774917668104172
V,GTA,-0.0702849236796239,-0.136678896471858,-0.0056979434913956
V,GTC,0.278583589953184,0.194942316785455,0.361560549587011
V,GTG,0.410369496375322,0.331052868068218,0.489422069489956
Y,TAC,-0.255326793394983,-0.376234200596809,-0.133376159146428
Z,AGC,-0.160630198927532,-0.277901690453291,-0.0430204038508237
