AA,Codon,Posterior,0.025%,0.975%
A,GCA,0.0687155286995827,-0.0409562256187201,0.181574814021587
A,GCC,0.269553896675259,0.156874664872885,0.381695660203695
A,GCG,-0.00926248652771865,-0.109025812335312,0.0890117518603802
C,TGC,-0.322468755826663,-0.556662432849407,-0.0980802880600096
D,GAC,-0.237825190602988,-0.338837238401175,-0.139647448435426
E,GAA,-0.155322232758871,-0.257824924588203,-0.0553300136700274
F,TTC,-0.766018200826645,-0.900035092234612,-0.629958175122738
G,GGA,1.50918078444004,1.26427144408226,1.78458212018013
G,GGC,0.188008365126699,0.103135045990348,0.273581810295582
G,GGG,0.765928213042021,0.606550098955631,0.928587073087692
H,CAC,-0.486108623105288,-0.658018116652966,-0.324302553385496
I,ATA,1.88734107840061,1.44874931871891,2.36066288948059
I,ATC,-0.423035227003694,-0.520826737582684,-0.329310632497072
K,AAA,-0.146413303490679,-0.275917313992977,-0.0273594101890923
L,CTA,0.712201920835674,0.343300230801105,1.10634402632713
L,CTC,-0.18297844595255,-0.360863955318928,-0.00566717353649443
L,CTG,-0.690442771869898,-0.829691387712955,-0.552257297933102
L,CTT,0.355001197628956,0.144942976906896,0.579712934792042
L,TTA,0.628808858031034,0.414947444945574,0.837903107702732
N,AAC,-0.841604074668884,-0.992492204904556,-0.694224837422371
P,CCA,-0.537180475379527,-0.787292867898941,-0.29639073163271
P,CCC,1.09974159673452,0.706120632588863,1.50769968628883
P,CCG,-0.959417192780971,-1.18215185105801,-0.747845454514027
Q,CAA,0.686106619852781,0.534005722403526,0.842813646793365
R,AGA,2.08305550475121,1.53401339352131,2.73336866497993
R,AGG,2.16954419224262,1.56077619194984,2.86935633420944
R,CGA,1.61965395851135,1.27026536464691,1.99084567129612
R,CGC,0.294043536782265,0.192073421925306,0.401671712100506
R,CGG,1.42787800114155,1.1531789034605,1.72214226126671
S,TCA,0.67736819447279,0.456131066381931,0.901868285238743
S,TCC,-0.0696329872210838,-0.217595397308469,0.0788906855508685
S,TCG,0.359423135302216,0.182540648058057,0.54328451603651
T,ACA,0.827397323042154,0.601682089269161,1.057341375947
T,ACC,-0.0418212588695464,-0.176441901549697,0.0937672553583979
T,ACG,0.411489325261116,0.245457115024328,0.578792731463909
V,GTA,-0.0125553975475165,-0.141355493292212,0.117873676680028
V,GTC,0.243912890673801,0.113725011982024,0.377301621437073
V,GTG,0.0147905577967677,-0.0872146464884281,0.121103019453585
Y,TAC,-0.408396663635969,-0.561495216190815,-0.253070313483477
Z,AGC,-0.68610172817111,-0.912876054644585,-0.465041889250279
