AA,Codon,Posterior,0.025%,0.975%
A,GCA,-0.450329026263952,-0.524969823658466,-0.374770896881819
A,GCC,-0.88207614710331,-0.958586150407791,-0.807269574701786
A,GCG,-1.01196008403301,-1.08394274711609,-0.938600611686707
C,TGC,-0.0591921501850727,-0.204970576614141,0.0912697240710258
D,GAC,0.822110509848595,0.747412933409214,0.898865084350109
E,GAA,-0.619167927145958,-0.694479024410248,-0.544234220683575
F,TTC,0.918962069237232,0.833778864145279,1.00586520135403
G,GGA,0.195294318703748,0.0741752319037914,0.317439823597669
G,GGC,-0.432575273156166,-0.502464976906776,-0.363178662210703
G,GGG,0.0211385953314209,-0.0838414466008544,0.123477002978325
H,CAC,0.652906141144037,0.543400856852531,0.764016617834568
I,ATA,1.04841240428686,0.897750613093376,1.19578557312489
I,ATC,0.529599357461929,0.462151149660349,0.595766182243824
K,AAA,-1.10702861177921,-1.18894757330418,-1.02661093175411
L,CTA,1.12830133888721,0.977425949275494,1.27790475785732
L,CTC,0.42486772274971,0.328584252297878,0.524567110836506
L,CTG,-0.707144231164455,-0.786184766888618,-0.627585026621819
L,CTT,0.274011312784255,0.174864361435175,0.372316625714302
L,TTA,-0.178372513192147,-0.275261257588863,-0.0834805190563202
N,AAC,0.46983707395196,0.374823135137558,0.565511281788349
P,CCA,0.0731634976747006,-0.0557511899620295,0.198321077600121
P,CCC,-0.338875130030513,-0.484540160745382,-0.195914434269071
P,CCG,-0.605857990425825,-0.710609517991543,-0.498678939789534
Q,CAA,0.270507241155207,0.188112886995077,0.349994139373302
R,AGA,0.898795082116127,0.692205102741718,1.11440679728985
R,AGG,1.38374202370644,1.10940724015236,1.65487673580647
R,CGA,0.277131913063955,0.113611582294106,0.445499562472105
R,CGC,-0.403622157943249,-0.479017262905836,-0.325253636389971
R,CGG,0.0168759135033382,-0.135830697417259,0.171890708431601
S,TCA,-0.418948232135177,-0.545087929069996,-0.288275686651468
S,TCC,-0.126183540955005,-0.232676089555025,-0.0133728831773625
S,TCG,-0.700445386981964,-0.830895544588566,-0.570792677998543
T,ACA,-0.588729400110245,-0.712597239017487,-0.464746018499136
T,ACC,-1.13474802536964,-1.22682033777237,-1.04231877326965
T,ACG,-1.09586580065489,-1.20339777469635,-0.989550651609898
V,GTA,0.470443133974075,0.385266230255365,0.552488382160664
V,GTC,-0.198178438335657,-0.283231803029776,-0.113412727601826
V,GTG,-0.623560923349857,-0.694288031756878,-0.548449143767357
Y,TAC,0.540007284575701,0.434749962389469,0.644844913482666
Z,AGC,-0.319106620188057,-0.430704779922962,-0.202303829789162
