AA,Codon,Posterior,0.025%,0.975%
A,GCA,0.160810683086514,0.104209304600954,0.217554479464889
A,GCC,0.44014669649601,0.376921635866165,0.50532283782959
A,GCG,0.476275490313768,0.412964817881584,0.538818135857582
C,TGC,-0.087178391051486,-0.241655652970076,0.0643129546195268
D,GAC,-0.259040109172463,-0.32758497223258,-0.193593294173479
E,GAA,-0.216386370545626,-0.290094464272261,-0.142611649259925
F,TTC,-0.253225952957571,-0.33038315474987,-0.174802878126502
G,GGA,0.673595833724737,0.552327387034893,0.806523977220058
G,GGC,0.173071702514589,0.117501746118069,0.229256392270327
G,GGG,0.675827131217718,0.568104998767376,0.789127899706364
H,CAC,-0.336309170415998,-0.443533020466566,-0.228308229520917
I,ATA,0.71542398737669,0.54057237803936,0.898856569826603
I,ATC,-0.244343011328578,-0.302132579684257,-0.185719120875001
K,AAA,0.000694786578365165,-0.0612101781181991,0.062371489778161
L,CTA,0.0480347061998642,-0.120568731427193,0.217845208197832
L,CTC,-0.279331074789166,-0.384362446516752,-0.172289441525936
L,CTG,-0.419530980783701,-0.506331764161587,-0.337455836683512
L,CTT,-0.280844915985316,-0.387309514731169,-0.178235099092126
L,TTA,-0.0829966655132688,-0.184710646793246,0.0226528813596814
N,AAC,-0.446193622684479,-0.534555177390575,-0.362589230388403
P,CCA,0.0167922498768721,-0.0995841519907117,0.130791955441236
P,CCC,0.54503852865696,0.39391705840826,0.707768598198891
P,CCG,-0.00836789262429375,-0.104132539778948,0.08692665155977
Q,CAA,0.0455541209390103,-0.0283713650424033,0.11988680511713
R,AGA,0.91149292781353,0.675626938045025,1.15247730910778
R,AGG,1.20599498836994,0.86002734452486,1.56526753008366
R,CGA,1.2364794519186,1.01899618208408,1.45233263969421
R,CGC,0.242316420920193,0.175663116574287,0.308158653974533
R,CGG,1.4639497918129,1.25660166740417,1.67852019369602
S,TCA,0.491770747107267,0.377713391184807,0.607699708640575
S,TCC,0.112866788124345,0.0290560162160546,0.195575633645058
S,TCG,0.910184763276577,0.773972909152508,1.05311515331268
T,ACA,0.488729715722799,0.383621996641159,0.589499266445637
T,ACC,0.274269278109074,0.206389414146543,0.344551441073418
T,ACG,0.747069995677471,0.647695694863796,0.852845433354378
V,GTA,-0.034170406413226,-0.0936725759878755,0.0256385317537933
V,GTC,0.343817613148689,0.270002779364586,0.419797452539206
V,GTG,0.472701566463709,0.402544147521257,0.543742215633392
Y,TAC,-0.299067914831638,-0.405958389490843,-0.190415352955461
Z,AGC,-0.138969192257384,-0.249985313415527,-0.0323869689367712
