AA,Codon,Posterior,0.025%,0.975%
A,GCA,0.204177294977009,0.135878489166498,0.271536871790886
A,GCC,0.316441148784757,0.247959448024631,0.385852498561144
A,GCG,0.18336100795567,0.122971590049565,0.244289041310549
C,TGC,-0.360273241844773,-0.531497944891453,-0.197865325957537
D,GAC,-0.367392424654961,-0.434139365702867,-0.301998049020767
E,GAA,-0.195793263278902,-0.265097635984421,-0.128832780569792
F,TTC,-0.618471145540476,-0.706159792840481,-0.532730424404144
G,GGA,1.2803131105423,1.12188329398632,1.44869261085987
G,GGC,0.164653690212965,0.108807143941522,0.218906408920884
G,GGG,0.824650819408894,0.712638863921165,0.939871548116207
H,CAC,-0.496867864853144,-0.618638189136982,-0.378017809987068
I,ATA,1.84902873344421,1.57495020925999,2.15464467406273
I,ATC,-0.368267615354061,-0.432209672778845,-0.302057623118162
K,AAA,-0.152755230632052,-0.229224281385541,-0.0765619883313776
L,CTA,0.213267123733438,-0.00551039426354691,0.42732612118125
L,CTC,-0.381189841413498,-0.507994596660137,-0.259115774184466
L,CTG,-0.818146450817585,-0.923216220736504,-0.720395728945732
L,CTT,-0.0403324549256391,-0.177250517532229,0.0933404490351676
L,TTA,0.488206677782536,0.339410345256329,0.635223340988159
N,AAC,-0.886654606187344,-0.994940494000912,-0.784195819497108
P,CCA,-0.256505559859751,-0.411150945723057,-0.102760222740471
P,CCC,0.822677001416683,0.611782173812389,1.04230488538742
P,CCG,-0.697180176019669,-0.827791281044483,-0.566837832331657
Q,CAA,0.476735769122839,0.383237835019827,0.576654380559921
R,AGA,3.67925879402161,3.15308110713959,4.26247837543487
R,AGG,3.27304079093933,2.61772646307945,3.96021321415901
R,CGA,2.41525624783039,2.10183823108673,2.72002991437912
R,CGC,0.296845443704724,0.228416478261352,0.364575625211
R,CGG,1.85852045574188,1.62853157520294,2.09877701997757
S,TCA,0.765964798414707,0.621667872369289,0.915609242022037
S,TCC,0.0572226648401827,-0.0345509329810739,0.148647176846861
S,TCG,0.629125040054321,0.501763290166855,0.759373742341995
T,ACA,1.27917427225113,1.10808988511562,1.45381536185741
T,ACC,0.120089926455962,0.0480512266047299,0.191421384736896
T,ACG,0.606063122242689,0.504637567698956,0.710034503042698
V,GTA,0.146705893550918,0.0728528790175915,0.222448896244168
V,GTC,0.376457580217719,0.29913601949811,0.456568230688572
V,GTG,0.267751058587432,0.207078900188208,0.330473854392767
Y,TAC,-0.344338211584091,-0.444789042323828,-0.247335341200233
Z,AGC,-0.651649054485559,-0.80428987890482,-0.498597146570683
