AA,Codon,Posterior,0.025%,0.975%
A,GCA,0.0943008123824518,-0.0576681543141603,0.253906743228435
A,GCC,0.555738132631779,0.332739212363958,0.791310542821884
A,GCG,0.347551918136538,0.157873710617423,0.547316826879978
C,TGC,0.0949437532970289,-0.351769217848778,0.536279661953449
D,GAC,-0.469195015624166,-0.693194127082825,-0.259081856906414
E,GAA,-0.176579533948936,-0.348601725697517,-0.00516232684021829
F,TTC,-1.23390257598162,-1.64691435992718,-0.848360750079155
G,GGA,1.68147181646824,1.24104427099228,2.20092078447342
G,GGC,0.16044736412305,-0.00122989403025713,0.329190623760223
G,GGG,0.937779434734583,0.652038615942001,1.23550436794758
H,CAC,-0.786669042062759,-1.20375981926918,-0.403500414639711
I,ATA,0.979428203523159,0.510356849431992,1.52390523850918
I,ATC,-0.693873379337788,-0.96232990026474,-0.448104971647263
K,AAA,-0.226881921616592,-0.430424957722425,-0.0308887912426145
L,CTA,0.210896441853871,-0.281417440623045,0.717018091678619
L,CTC,-0.717380178755522,-1.09342424273491,-0.378406424820423
L,CTG,-1.21724021855593,-1.57550768256187,-0.893118935823441
L,CTT,-0.500549317697459,-0.875587972998619,-0.137233385816217
L,TTA,-0.314878410634381,-0.723587539792061,0.084389069676399
N,AAC,-1.12835941227674,-1.47874607145786,-0.807361309230328
P,CCA,0.0187766525776584,-0.326022155582905,0.373620691895485
P,CCC,0.984684703904577,0.416232264786959,1.64125727117062
P,CCG,-0.436979870529752,-0.737915796041489,-0.153004866093397
Q,CAA,0.483514399901032,0.279066207259893,0.714862364530563
R,AGA,1.71012322374582,1.23744492828846,2.26514770388603
R,AGG,1.73061935933828,1.26985685825348,2.30209509730339
R,CGA,2.66163974559307,1.95553635656834,3.49674271345139
R,CGC,0.635947371798754,0.415219133347273,0.865351703763008
R,CGG,2.44941935606003,1.74581172168255,3.29444653987884
S,TCA,0.912524777683616,0.48135451450944,1.42566486001015
S,TCC,0.267607033516945,0.0131706855492666,0.55396621376276
S,TCG,0.908860704764724,0.464906091243029,1.4261293888092
T,ACA,0.905870327204466,0.551188145577908,1.31771106719971
T,ACC,0.126861030079769,-0.0770984522998333,0.329544273018837
T,ACG,0.854538517072797,0.508373075723648,1.23373008668423
V,GTA,0.094587485322534,-0.0868497939780354,0.285522363334894
V,GTC,0.707363173055649,0.421779455244541,1.02058757841587
V,GTG,0.465707647351176,0.242736714705825,0.70229018330574
Y,TAC,-0.690752486567199,-1.04683046340942,-0.368540868163109
Z,AGC,-0.673381266377121,-1.0725827485323,-0.292288618534803
