AA,Codon,Posterior,0.025%,0.975%
A,GCA,-0.335555891266465,-0.43931707367301,-0.235459673404694
A,GCC,-0.7302621306777,-0.834966872632503,-0.629104833304882
A,GCG,-0.802753866386414,-0.902148897945881,-0.703225044906139
C,TGC,0.0378257291902893,-0.153163519129157,0.230781598389149
D,GAC,0.725996697247028,0.617753936350346,0.834078271687031
E,GAA,-0.755974609565735,-0.862536802887917,-0.647733564674854
F,TTC,0.894899708640575,0.787237313389778,1.00587193071842
G,GGA,0.123648351465124,-0.0324562408030033,0.277483949065208
G,GGC,-0.43093995693028,-0.532584428787231,-0.334334290772677
G,GGG,0.0803265052319424,-0.0623116599395871,0.223749455437064
H,CAC,0.546525063079596,0.402690220624208,0.692306551337242
I,ATA,1.10550757650137,0.938195361196995,1.27007574439049
I,ATC,0.486520087313652,0.400775595754385,0.573649051785469
K,AAA,-1.11542182511091,-1.21840889453888,-1.01008634269238
L,CTA,0.991483714640141,0.803652836382389,1.17547586262226
L,CTC,0.289864968558773,0.161590645089746,0.419455892592669
L,CTG,-0.781256779801846,-0.885169440507889,-0.67842750698328
L,CTT,0.148470456529594,0.0232482451479882,0.270315813273191
L,TTA,-0.248145776442066,-0.36813218742609,-0.128468277305365
N,AAC,0.40987600055337,0.289442713558674,0.530988162755966
P,CCA,0.0936990010261263,-0.0652736080810428,0.25259228348732
P,CCC,-0.298901910449285,-0.473395811766386,-0.120633518509567
P,CCG,-0.481260638260841,-0.613650578260422,-0.343874112516642
Q,CAA,0.225074384658784,0.121323892474174,0.326303721219301
R,AGA,1.03201817075014,0.815948259830475,1.25202960073948
R,AGG,1.4786520226717,1.17945339083672,1.78076602518558
R,CGA,0.468516376328468,0.269346255064011,0.663341926038265
R,CGC,-0.299941157884896,-0.401559521257877,-0.198414054512978
R,CGG,0.179361229497907,-0.0194114597979933,0.373371314257383
S,TCA,-0.255160028679913,-0.404878050088882,-0.103534860536456
S,TCC,0.00161627889445745,-0.139773374795914,0.137768066674471
S,TCG,-0.405736186110973,-0.567964071035385,-0.241476815566421
T,ACA,-0.459243357917666,-0.59946758300066,-0.314693320542574
T,ACC,-0.921491882920265,-1.03788620233536,-0.80586448609829
T,ACG,-0.849667943429947,-0.987506696581841,-0.710046143829823
V,GTA,0.56334384778738,0.453636152297258,0.677370408177376
V,GTC,-0.0498809219251934,-0.160469260439277,0.0556515823118387
V,GTG,-0.465368398880959,-0.567283828556538,-0.3630988702178
Y,TAC,0.489391553020477,0.342142742872238,0.642409983277321
Z,AGC,-0.3188329718858,-0.456102003902197,-0.182644389942289
