AA,Codon,Posterior,0.025%,0.975%
A,GCA,0.10673969508009,0.0421770272776485,0.173873570933938
A,GCC,0.359647868230939,0.284445810317993,0.439067451655865
A,GCG,0.355710622006655,0.283297512680292,0.429264981299639
C,TGC,-0.156394362123613,-0.338388662040234,0.0242685108445583
D,GAC,-0.205235921511054,-0.287850239127874,-0.122431645542383
E,GAA,-0.131773106425512,-0.215954332053661,-0.0507437330670655
F,TTC,-0.238178833974898,-0.327380710095167,-0.150169276073575
G,GGA,0.734524046677351,0.585873520374298,0.895369336009026
G,GGC,0.171980058148503,0.106443582288921,0.242508712038398
G,GGG,0.624557936394215,0.494497573375702,0.761654251813888
H,CAC,-0.267700487636775,-0.392483924329281,-0.145617290586233
I,ATA,0.65510091983676,0.475620274245739,0.844394169747829
I,ATC,-0.219829867041111,-0.284222893416882,-0.154877861961722
K,AAA,0.00510693431131513,-0.0641316188499332,0.0736503317952156
L,CTA,0.160672744597765,-0.0296174673363566,0.356840013712644
L,CTC,-0.17615432317274,-0.299008215218782,-0.0543130044825375
L,CTG,-0.359038732308149,-0.456406323611736,-0.264067580550909
L,CTT,-0.185133300766093,-0.301108131557703,-0.0712087923660875
L,TTA,-0.0266443885442372,-0.144722274318337,0.0927452161908148
N,AAC,-0.407220337948203,-0.504155175387859,-0.30938455760479
P,CCA,0.00384781591884073,-0.127281389385462,0.138003360107541
P,CCC,0.52904772811532,0.351903334259987,0.712148550152778
P,CCG,-0.0853782288802962,-0.196717870235443,0.0223668628837912
Q,CAA,0.0747738789731014,-0.0105899667367339,0.162294934689999
R,AGA,0.81008414530158,0.579965201020241,1.0481945514679
R,AGG,1.14204759403467,0.773639816045761,1.54779457449913
R,CGA,1.07126597071886,0.846886043250561,1.30998014807701
R,CGC,0.184934069892764,0.109625477902591,0.260093751549721
R,CGG,1.32132131258249,1.08361856639385,1.56831898391247
S,TCA,0.395443751016259,0.270241249352694,0.52292588353157
S,TCC,0.0498173347090356,-0.0421939112246037,0.14300366602838
S,TCG,0.689618835425377,0.537477479875088,0.852185042202472
T,ACA,0.434537008699775,0.325273763388395,0.552677972614765
T,ACC,0.169110998060927,0.088374550268054,0.247779031097889
T,ACG,0.60133994101882,0.484213615208864,0.718659670650959
V,GTA,-0.0774913830135833,-0.146811121329665,-0.00812426246702677
V,GTC,0.259414902320504,0.175710997357965,0.34455688148737
V,GTG,0.378097399863601,0.294563376158476,0.46164340749383
Y,TAC,-0.266376441822946,-0.389921890944242,-0.141512852534652
Z,AGC,-0.139511140367304,-0.263614590466022,-0.0212772395461799
