AA,Codon,Posterior,0.025%,0.975%
A,GCA,-0.0101800943757356,-0.232593036442995,0.212044277414679
A,GCC,0.259609478564549,0.0311301120556891,0.493878620862961
A,GCG,-0.0323423736724638,-0.244408656656742,0.16514148786664
C,TGC,0.239160653121262,-0.355941136926413,0.858541318774221
D,GAC,-0.420067518603802,-0.612103694677353,-0.232919213920832
E,GAA,-0.00869966430360473,-0.20442361459136,0.17897816337645
F,TTC,-0.900702781105042,-1.23276291191578,-0.58225329220295
G,GGA,1.40940492349863,0.905164884030819,2.01649222970009
G,GGC,0.23231144663239,0.051920320186764,0.422048319131136
G,GGG,0.949309345948696,0.586824850738049,1.36907231807709
H,CAC,-0.345990205730393,-0.70577594190836,-0.00507783588254829
I,ATA,1.57593890211582,0.745720109343529,2.65203186869621
I,ATC,-0.279056694591967,-0.507476542890072,-0.0468085379339755
K,AAA,0.0322470392033872,-0.230913930013776,0.269237016886473
L,CTA,1.12586675974764,0.365764758735895,2.12207930088043
L,CTC,0.122592677942618,-0.250658445805311,0.508043950796127
L,CTG,-0.556936995512247,-0.80700910538435,-0.316476529091597
L,CTT,0.357294644983508,-0.0301013386342674,0.770243540406226
L,TTA,0.943779696141183,0.472618275135756,1.45143854320049
N,AAC,-0.849564865887165,-1.1655705332756,-0.553403709828854
P,CCA,-0.780488156615198,-1.40627257525921,-0.231919911876321
P,CCC,0.147922824665192,-0.587480521202087,0.851774597167969
P,CCG,-1.3664302446723,-1.94800006747246,-0.880602802336216
Q,CAA,0.696709093296528,0.404100003838539,1.02590872347355
R,AGA,2.64000508984327,1.32824169397354,4.49827290773391
R,AGG,1.86375953487456,0.879991982877254,3.21316053271293
R,CGA,1.83410605704784,1.11661316454411,2.71904175281525
R,CGC,0.381630709739029,0.177765686810017,0.593773789703846
R,CGG,1.92298395380974,1.27330476939678,2.70490580201149
S,TCA,0.582079338788008,0.13359517455101,1.07947347462177
S,TCC,-0.11754391393025,-0.46392936706543,0.206936482712626
S,TCG,0.173097853557163,-0.183489805087447,0.536232829093933
T,ACA,1.12722189893723,0.593287900090218,1.75435765981674
T,ACC,-0.0665814055180173,-0.332344656437635,0.174144022166729
T,ACG,0.25382789935093,-0.0386174050159752,0.548682157695293
V,GTA,-0.0165672106326716,-0.323330759257078,0.299506094306707
V,GTC,0.280149772497073,-0.0347868346609175,0.610882574319839
V,GTG,-0.0903582502786143,-0.332728524506092,0.146187866851687
Y,TAC,-0.386451541418361,-0.675386571884155,-0.106088007986546
Z,AGC,-0.776826147063077,-1.26800644993782,-0.327105878293515
