AA,Codon,Posterior,0.025%,0.975%
A,GCA,-0.455900241470337,-0.563348875939846,-0.35237423479557
A,GCC,-1.01784182755947,-1.12620015144348,-0.90689239948988
A,GCG,-1.22955693068504,-1.32672662734985,-1.13460761010647
C,TGC,-0.135006998148502,-0.328748454898596,0.0646346885710955
D,GAC,0.840220243144035,0.733171500265598,0.946729870140553
E,GAA,-0.602885799455643,-0.705106630921364,-0.496818909794092
F,TTC,0.779451769995689,0.668911045789719,0.893791824579239
G,GGA,-0.00103154081118992,-0.190334367007017,0.192173512652517
G,GGC,-0.415462259829044,-0.513424667716026,-0.317973539233208
G,GGG,0.0280800589322146,-0.124875834770501,0.174098506197333
H,CAC,0.679616407501697,0.534049953520298,0.836298458278179
I,ATA,1.20448475079536,0.965349407494068,1.45688677728176
I,ATC,0.483580708396435,0.397067046165466,0.568493737280369
K,AAA,-1.07704551701546,-1.18355989158154,-0.971973872184753
L,CTA,0.96198435356617,0.73917735517025,1.17872858047485
L,CTC,0.450035504382849,0.316959965974092,0.585552558302879
L,CTG,-0.786281912374496,-0.887094339728355,-0.684068661928177
L,CTT,0.401878811281919,0.268820244073868,0.541561935842037
L,TTA,-0.068583921713326,-0.209151181206107,0.0658022047951818
N,AAC,0.258238546475768,0.129486359283328,0.385770358890295
P,CCA,0.0482661319469436,-0.131163342669606,0.237067953497171
P,CCC,-0.222312908935051,-0.437833336740732,-0.00414667160948721
P,CCG,-0.856057559227943,-1.00280511379242,-0.698552291095257
Q,CAA,0.298807412308455,0.186474745720625,0.407353239506483
R,AGA,1.5585405166626,1.23395203053951,1.9102295845747
R,AGG,1.17665641458035,0.762891851365566,1.57395683526993
R,CGA,0.6878648511976,0.426944857090712,0.942728133499622
R,CGC,-0.48152768881321,-0.573773297667503,-0.386504970490932
R,CGG,0.0749898247402613,-0.117741091921926,0.286325873434544
S,TCA,-0.195511109505175,-0.372157444059849,-0.0143088795011863
S,TCC,-0.150862563640159,-0.289741507917643,-0.0116015929030254
S,TCG,-0.817291218948364,-0.971559092402458,-0.665254083275795
T,ACA,-0.274148382818117,-0.448774314671755,-0.0927162498235702
T,ACC,-1.22398206410408,-1.33640418350697,-1.10337025225163
T,ACG,-1.17098371107578,-1.31420547962189,-1.0323802113533
V,GTA,0.465269365417957,0.340658690035343,0.591865754127503
V,GTC,-0.39280356143713,-0.514127634465694,-0.27468634173274
V,GTG,-0.878510586094856,-0.981967116892338,-0.777478542923927
Y,TAC,0.535202472245693,0.375325094163418,0.684746301174164
Z,AGC,-0.256451673380053,-0.402107583731413,-0.10357804633677
