AA,Codon,Posterior,0.025%,0.975%
A,GCA,0.144305068657547,0.074638781324029,0.214446413144469
A,GCC,0.417318613803387,0.34045208543539,0.494708271324635
A,GCG,0.291042043173313,0.22427192889154,0.356099665164948
C,TGC,-0.109007377098061,-0.294326750934124,0.0621942745521665
D,GAC,-0.377994398587942,-0.460904906690121,-0.298659025132656
E,GAA,-0.149640309493616,-0.22901314869523,-0.0709590679034591
F,TTC,-0.608059689640999,-0.71372624784708,-0.508230246603489
G,GGA,1.49176180996895,1.25596557557583,1.73907262384892
G,GGC,0.16452019944936,0.100450632534921,0.23176904283464
G,GGG,0.815235819244385,0.671784675121307,0.973475578427315
H,CAC,-0.484655344760418,-0.618442787230015,-0.357038102298975
I,ATA,1.5001584414959,1.15409012436867,1.86366107165813
I,ATC,-0.388247082400322,-0.456733014434576,-0.320044653862715
K,AAA,-0.0540095485592552,-0.122699577361345,0.0151841331040487
L,CTA,0.524354625168443,0.246763621643186,0.817533205449581
L,CTC,-0.37225620919168,-0.514333054423332,-0.235979079827666
L,CTG,-0.713881959152222,-0.830373765528202,-0.602873647212982
L,CTT,-0.153072349707078,-0.30074330791831,-0.00488368718652039
L,TTA,0.145640088756871,-0.00718940243823454,0.307022858411074
N,AAC,-0.684316359162331,-0.803388197720051,-0.566837595403194
P,CCA,-0.261288309597224,-0.443179031461477,-0.0799652909860015
P,CCC,0.647338651752472,0.377578318119049,0.931237567961216
P,CCG,-0.480747411513329,-0.644246776401997,-0.326313330978155
Q,CAA,0.380325767719746,0.282768471539021,0.484005011618137
R,AGA,1.55200161278248,1.08849198818207,2.04789509177208
R,AGG,2.8185516140461,2.11160864233971,3.57787494063377
R,CGA,1.64765213737488,1.29350285232067,2.0181639790535
R,CGC,0.350761339527369,0.27752440944314,0.429130358994007
R,CGG,1.5386404791832,1.28350313007832,1.78342844545841
S,TCA,0.660741637957096,0.499437511712313,0.825867803394795
S,TCC,0.104138151306851,0.0153852950781584,0.19517898671329
S,TCG,0.74011715335846,0.605742304027081,0.875753267109394
T,ACA,0.73858034453392,0.567173548042774,0.912692324817181
T,ACC,0.110710786905908,0.0390309680253267,0.184174106270075
T,ACG,0.668869153439999,0.552707377076149,0.793871383368969
V,GTA,0.0832659965144354,0.0103492434602231,0.162417416647077
V,GTC,0.428381391179562,0.337056279182434,0.51509218364954
V,GTG,0.394863231611252,0.321478408575058,0.468925038725138
Y,TAC,-0.342242826586962,-0.472801361232996,-0.209531783685088
Z,AGC,-0.630899336862564,-0.797810274362564,-0.475381111353636
