AA,Codon,Posterior,0.025%,0.975%
A,GCA,0.0660130941074745,-0.0965114174410701,0.228753453865647
A,GCC,0.337477919371426,0.168637100979686,0.500701141357422
A,GCG,0.281396026321314,0.123302726633847,0.426434614509344
C,TGC,-0.313777505644131,-0.732340724766254,0.0800766004249454
D,GAC,-0.284381407009065,-0.424024586379528,-0.14949452765286
E,GAA,-0.0773201591484089,-0.221836801245809,0.0634967735037208
F,TTC,-0.57474656368494,-0.794003610312939,-0.361362837255001
G,GGA,1.51232244479656,1.12803252637386,1.96275950372219
G,GGC,0.137254325199174,0.0206957125570625,0.25586506202817
G,GGG,0.872890643024445,0.623297113180161,1.15708082020283
H,CAC,-0.406018875878304,-0.656172467768192,-0.153611423820257
I,ATA,2.60049491405487,1.56326813101769,4.0549547791481
I,ATC,-0.398189891803265,-0.567672102153301,-0.233105629682541
K,AAA,-0.0494288320770524,-0.232738564163446,0.143639674037695
L,CTA,0.69744435566375,0.127222860231996,1.33956513404846
L,CTC,-0.339839434135472,-0.625596316158772,-0.0421634884551165
L,CTG,-0.675782898807526,-0.915046656131744,-0.454692611843347
L,CTT,0.0295444133564895,-0.320908427983522,0.389700833708048
L,TTA,0.287521917878733,-0.0607282924465835,0.656443706154823
N,AAC,-0.575556916105747,-0.800585998594761,-0.365037333965302
P,CCA,-0.574908294302691,-0.970567545294762,-0.206165277957916
P,CCC,0.338255049227827,-0.146971436962485,0.848142577707768
P,CCG,-0.683902704358101,-1.05726603865623,-0.359785430133343
Q,CAA,0.470467050123215,0.262525099515915,0.70276764780283
R,AGA,2.40013158562183,1.20669410526752,3.86797882318497
R,AGG,2.18465608739853,1.25071404874325,3.38450047373772
R,CGA,1.66159518074989,1.07243153750896,2.36296411752701
R,CGC,0.319492049754411,0.169423538446426,0.471439401805401
R,CGG,1.61557654840946,1.1601505368948,2.10016246438026
S,TCA,0.921294833779335,0.507980400323868,1.37801056206226
S,TCC,0.110480677801941,-0.113794671185315,0.342869675904512
S,TCG,0.52838278106153,0.263299027085304,0.801615303754806
T,ACA,0.911133703422546,0.555388836562633,1.32985485196114
T,ACC,0.151342256265087,-0.0210449556820095,0.331692747026682
T,ACG,0.531186786484718,0.299115749448538,0.755766081809998
V,GTA,-0.0990265299849532,-0.282807922363281,0.0766801781952382
V,GTC,0.432767101812363,0.220677334815264,0.663672332465649
V,GTG,0.249650964343525,0.0811962351202965,0.420026018470526
Y,TAC,-0.30178939044904,-0.513723453879356,-0.0900277670472859
Z,AGC,-0.380429631757509,-0.662118579447269,-0.115107194520533
