AA,Codon,Posterior,0.025%,0.975%
A,GCA,-0.344755202257633,-0.436552903801203,-0.252362267673016
A,GCC,-0.787675502967835,-0.881115002930164,-0.691861636936665
A,GCG,-0.856782908058166,-0.948861110210419,-0.766980807483196
C,TGC,0.0297962543942482,-0.143047758191824,0.21312787272036
D,GAC,0.758129438388348,0.659194326400757,0.857741859555244
E,GAA,-0.702078374183178,-0.796336345374584,-0.605390124022961
F,TTC,0.931759808909893,0.828217509388924,1.03651117086411
G,GGA,0.0707491877449283,-0.0714692834764719,0.215480364859104
G,GGC,-0.466808360743523,-0.556983380019665,-0.377244647592306
G,GGG,-0.0207273611989993,-0.150100841745734,0.111255583539605
H,CAC,0.61512028721571,0.478260789066553,0.755266410112381
I,ATA,1.14730609636307,0.985349632799625,1.31307515799999
I,ATC,0.52913762537241,0.450234597176313,0.608284762501716
K,AAA,-1.10520763670206,-1.20514539778233,-1.00949554741383
L,CTA,0.960341107857227,0.788811445236206,1.133527302742
L,CTC,0.33286588703692,0.215528521686792,0.450461486726999
L,CTG,-0.754124114310741,-0.846649719774723,-0.658089672029018
L,CTT,0.171108339505107,0.0566221277229488,0.285862608253956
L,TTA,-0.229588515621796,-0.33958260640502,-0.116042318753898
N,AAC,0.413067439994216,0.306443930417299,0.522879011929035
P,CCA,0.0930894922908381,-0.0542484284378588,0.246101205796003
P,CCC,-0.328491846893728,-0.496857307106256,-0.160735082626343
P,CCG,-0.530953817778826,-0.659063781797886,-0.396198859065771
Q,CAA,0.25270301630944,0.156636084243655,0.348368268460035
R,AGA,1.03010856491327,0.826067964732647,1.24037037193775
R,AGG,1.50746029635668,1.21452104151249,1.79076930582523
R,CGA,0.404404886604846,0.215418353304267,0.589801813662052
R,CGC,-0.311883400896192,-0.405767280608416,-0.221083601936698
R,CGG,0.099765191673782,-0.0813502695411444,0.269790388643742
S,TCA,-0.279985079751909,-0.425357049703598,-0.139629985764623
S,TCC,-0.0454240147508813,-0.174943223968148,0.0870367402210832
S,TCG,-0.477324836310744,-0.63392084389925,-0.327153933048248
T,ACA,-0.489355269375443,-0.624125801026821,-0.353688907623291
T,ACC,-0.967863103437424,-1.07475937306881,-0.857247491180897
T,ACG,-0.917214768755436,-1.04669297337532,-0.790112373232842
V,GTA,0.560197842371464,0.45783284381032,0.662879809737205
V,GTC,-0.0877523838989411,-0.193143831193447,0.0167234117165205
V,GTG,-0.525448901945353,-0.617320311069488,-0.432913808524609
Y,TAC,0.570847263801098,0.434554916620255,0.710661831498146
Z,AGC,-0.271379095220566,-0.397973351925612,-0.143653335049748
