AA,Codon,Posterior,0.025%,0.975%
A,GCA,0.0293170247588056,-0.0776104820892215,0.138158144429326
A,GCC,0.213889410094544,0.103329386375844,0.32391015663743
A,GCG,-0.023557656433983,-0.120846102386713,0.0741657134145498
C,TGC,-0.0817188755180076,-0.283324012160301,0.112215224280953
D,GAC,-0.342605211409926,-0.436550384759903,-0.24995185919106
E,GAA,-0.102625251694257,-0.195971278473735,-0.0126510042930022
F,TTC,-0.850953771138191,-0.987663303315639,-0.715931765735149
G,GGA,1.27406809526682,1.06954864561558,1.47929374575615
G,GGC,0.249135693138838,0.167138745635748,0.332113556563854
G,GGG,0.920793192505836,0.763988530635834,1.07853249907494
H,CAC,-0.515590228638053,-0.676035815477371,-0.360250613093376
I,ATA,2.11103865971565,1.64802175760269,2.61282980442047
I,ATC,-0.400326854473352,-0.489560906589031,-0.308760115504265
K,AAA,-0.0674084715420144,-0.174875915795565,0.0404431189410387
L,CTA,0.331778377622974,0.0326330128125846,0.640255677700042
L,CTC,-0.297755803746893,-0.479986652731895,-0.122149330563843
L,CTG,-0.790624642908573,-0.93397058993578,-0.654129020869732
L,CTT,-0.00286236844168234,-0.19492902494967,0.184442107379436
L,TTA,0.41559439644143,0.21361443027854,0.623914760351181
N,AAC,-0.81507170419693,-0.957962669432163,-0.675323133170605
P,CCA,-0.435105826074071,-0.684972606599331,-0.194537923485041
P,CCC,0.799130414527655,0.446724836528301,1.16397633552551
P,CCG,-1.02344583414793,-1.24487787485123,-0.813936671614647
Q,CAA,0.574931353884935,0.437210090458393,0.722226911783218
R,AGA,2.4169766667366,1.8719658434391,3.0319175183773
R,AGG,2.07874466629028,1.45814732015133,2.77695853114128
R,CGA,1.98792347874641,1.62174310684204,2.38301602005959
R,CGC,0.276289066250622,0.185431986302137,0.371408025175333
R,CGG,1.51318020067215,1.25457564294338,1.77901875674725
S,TCA,0.592680627033114,0.390688887983561,0.794839186966419
S,TCC,0.0557224085029633,-0.0918734196573496,0.203685402870178
S,TCG,0.522021359452605,0.339859061688185,0.709249053895473
T,ACA,0.869067579889298,0.658087112009525,1.08429425060749
T,ACC,-0.0246691172713912,-0.147635001316667,0.093933623842895
T,ACG,0.377739802542701,0.227465886995196,0.526302655041218
V,GTA,0.0827921490217239,-0.0272200614679605,0.199521078541875
V,GTC,0.3161668706581,0.20047604739666,0.438307099044323
V,GTG,0.114412483373081,0.0238656802568585,0.204557836800814
Y,TAC,-0.457274912798405,-0.603248517215252,-0.318429923802615
Z,AGC,-0.67323618594408,-0.887373681366444,-0.4770617172122
