AA,Codon,Posterior,0.025%,0.975%
A,GCA,0.110039435392711,0.0472567405551672,0.172678131982684
A,GCC,0.394084605810046,0.320126866549253,0.469206634163856
A,GCG,0.387864198863506,0.31644177660346,0.460749800503254
C,TGC,-0.154139520989053,-0.32604708969593,0.0154411653522401
D,GAC,-0.22282421862781,-0.299810866266489,-0.146910241991282
E,GAA,-0.164201979880966,-0.244038267806172,-0.087576466985047
F,TTC,-0.261713678096235,-0.347198064625263,-0.175257194787264
G,GGA,0.770782550024986,0.63436081558466,0.915481022000313
G,GGC,0.190901496386528,0.127551240101457,0.256606762111187
G,GGG,0.701992595618963,0.576707701385021,0.827798114717007
H,CAC,-0.310889712692797,-0.428628820180893,-0.198516924679279
I,ATA,0.622083666294813,0.442460679262877,0.806058982014656
I,ATC,-0.244870248495042,-0.308860385417938,-0.180194260925055
K,AAA,-9.44196118131003e-05,-0.0659791510552168,0.0658417895436287
L,CTA,0.188093128259364,0.00765228492673486,0.372575132548809
L,CTC,-0.209000883513782,-0.323520389944315,-0.0976036980748177
L,CTG,-0.379456729662418,-0.469767525792122,-0.290312200784683
L,CTT,-0.202733298025839,-0.313538455963135,-0.0934131672605872
L,TTA,-0.0415637334227576,-0.157535193488002,0.0706346422433852
N,AAC,-0.409107634273171,-0.501574620604515,-0.320166085660458
P,CCA,0.00374848844937151,-0.119900249689817,0.129343164339662
P,CCC,0.546412982183695,0.376006040722132,0.727648785710335
P,CCG,-0.0545307457658189,-0.161121226847172,0.0511844503693282
Q,CAA,0.0566142715318811,-0.0266856708098203,0.141434875130653
R,AGA,0.807335689222813,0.589819011092186,1.03816047608852
R,AGG,1.09797118183374,0.75366528481245,1.46182243824005
R,CGA,1.12843947989941,0.910189369320869,1.36018039286137
R,CGC,0.191510683745146,0.122741837799549,0.264205101132393
R,CGG,1.40596888893843,1.18280740082264,1.64728490710258
S,TCA,0.408326331883669,0.288792680948973,0.531711229681969
S,TCC,0.074006165116356,-0.0151792256860062,0.162285342440009
S,TCG,0.741924409127235,0.597073501348495,0.894415536522865
T,ACA,0.447546843189001,0.33833569958806,0.556150245666504
T,ACC,0.191903023060411,0.116803121939301,0.266170454025269
T,ACG,0.642459074276686,0.534508349001408,0.752972359955311
V,GTA,-0.0759255615453818,-0.142782139778137,-0.00868916274048396
V,GTC,0.281534630709887,0.200550343096256,0.364771370589733
V,GTG,0.416795921522379,0.336534064263105,0.496222926676273
Y,TAC,-0.320204416403174,-0.440477231889963,-0.200863019376993
Z,AGC,-0.172714742607478,-0.291097110509872,-0.0559038036502899
