AA,Codon,Posterior,0.025%,0.975%
A,GCA,-0.33722969673872,-0.43598311021924,-0.235667853057384
A,GCC,-0.725276528453827,-0.826105722784996,-0.624917171895504
A,GCG,-0.787456057167053,-0.881012235581875,-0.691258724033832
C,TGC,0.0692157526823808,-0.130992331728339,0.261575438082218
D,GAC,0.72558273961544,0.619852240383625,0.834906806051731
E,GAA,-0.764034726190567,-0.866951280832291,-0.652555695176125
F,TTC,0.886319061803818,0.776784560084343,1.00120313465595
G,GGA,0.12538115838464,-0.0379977465607226,0.288754012435675
G,GGC,-0.448197896230221,-0.549710784852505,-0.344421562552452
G,GGG,0.0722671009447513,-0.0699934303760529,0.213921957463026
H,CAC,0.545874066579342,0.400505437701941,0.688127338886261
I,ATA,1.09928520345688,0.933475399017334,1.27365076839924
I,ATC,0.482116045629978,0.396513033658266,0.56977746039629
K,AAA,-1.11893585786819,-1.22146833539009,-1.01342451274395
L,CTA,0.981385641384125,0.798351652920246,1.16611402928829
L,CTC,0.28022017980516,0.153607749938965,0.404742703586817
L,CTG,-0.778619904494286,-0.88058929592371,-0.679430009424686
L,CTT,0.131301604948094,0.00803158703492955,0.259167053550482
L,TTA,-0.254523601447046,-0.370785515755415,-0.142655732855201
N,AAC,0.41532313991785,0.300082440674305,0.533010652661324
P,CCA,0.0930886619662488,-0.0651635758578777,0.262738707661629
P,CCC,-0.310465864237398,-0.483180345594883,-0.141337241977453
P,CCG,-0.488467863816023,-0.623905561864376,-0.351672302931547
Q,CAA,0.246027037516236,0.140942432358861,0.35391229018569
R,AGA,1.01355976474285,0.784514847397804,1.23214435577393
R,AGG,1.43844660992622,1.14239769876003,1.73529515564442
R,CGA,0.487278341123462,0.281547729671001,0.692036032676697
R,CGC,-0.292616118222475,-0.393958161026239,-0.192052898928523
R,CGG,0.159267047089036,-0.0363141961395741,0.343910947442055
S,TCA,-0.255250700025633,-0.411508400738239,-0.105369661189616
S,TCC,0.000951383739371158,-0.136495282500982,0.133836886286736
S,TCG,-0.412560523203015,-0.577782729268074,-0.248002648353577
T,ACA,-0.464565238803625,-0.609071910381317,-0.321484437584877
T,ACC,-0.931053254985809,-1.04660971462727,-0.814275903999805
T,ACG,-0.835599876213074,-0.971266098320484,-0.706456765532493
V,GTA,0.571061189067364,0.458924401551485,0.684119676053524
V,GTC,-0.0336423431320763,-0.149503218755126,0.0764869801700115
V,GTG,-0.449004122436047,-0.553756187856197,-0.342861008644104
Y,TAC,0.469192939025164,0.321637650579214,0.614849615097046
Z,AGC,-0.343119900038838,-0.479529679566622,-0.201427194848657
