AA,Codon,Posterior,0.025%,0.975%
A,GCA,0.107955057672597,0.043361203931272,0.17333047054708
A,GCC,0.357731626015902,0.282936523854733,0.433419997990131
A,GCG,0.346497520756722,0.276145707070827,0.417433120310307
C,TGC,-0.179200952266363,-0.355981572717428,0.00101272296305982
D,GAC,-0.204756323637068,-0.283395417779684,-0.124479499086738
E,GAA,-0.127065120867081,-0.212283276766539,-0.0439758471213281
F,TTC,-0.232867130166292,-0.323460287600756,-0.139536967501044
G,GGA,0.730893752086163,0.575775399804115,0.890722014009953
G,GGC,0.180593484359235,0.110927961580455,0.252878919243813
G,GGG,0.629813709831238,0.503985349833965,0.763518606126308
H,CAC,-0.26692119769156,-0.393371448665857,-0.149272828549147
I,ATA,0.659136683022976,0.464068456739187,0.85412218272686
I,ATC,-0.216575666347146,-0.282090216875076,-0.151348070055246
K,AAA,0.00709735697826509,-0.060823206230998,0.074691791087389
L,CTA,0.167159131558456,-0.0166747760027647,0.367102176696062
L,CTC,-0.168954884110857,-0.287363262474537,-0.049160033185035
L,CTG,-0.358557548987865,-0.457477220892906,-0.264108717441559
L,CTT,-0.170862147614802,-0.291268044710159,-0.0535164620727301
L,TTA,-0.0208000420346832,-0.13223557472229,0.0945205321535469
N,AAC,-0.410291946232319,-0.506733705103397,-0.316145656257868
P,CCA,0.00404270574952488,-0.131018270552158,0.140340266749263
P,CCC,0.538326774901152,0.36122151017189,0.710314606130123
P,CCG,-0.0803652268347767,-0.193495028093457,0.0359268422238529
Q,CAA,0.061145599633329,-0.0255432543344796,0.147634749114513
R,AGA,0.832643964838982,0.605274105072022,1.07782932817936
R,AGG,1.18676602122784,0.825270810723305,1.55901583731174
R,CGA,1.05467457244396,0.834823596477509,1.30160050094128
R,CGC,0.180346902145445,0.106020217761397,0.253433680534363
R,CGG,1.34462100100517,1.11731060445309,1.59875386953354
S,TCA,0.39509065849185,0.269722773134708,0.520898987352848
S,TCC,0.0501892608320988,-0.0442913458682597,0.141493569687009
S,TCG,0.696857340502739,0.544796527922153,0.862446267902851
T,ACA,0.438448801094294,0.325400272011757,0.55700091868639
T,ACC,0.174695064233243,0.0979460790753365,0.25313795208931
T,ACG,0.589150214087963,0.478608040511608,0.704338049888611
V,GTA,-0.0812484940552095,-0.152199448272586,-0.00999964589718727
V,GTC,0.24940332005024,0.168532110378146,0.33714933693409
V,GTG,0.368432448709011,0.282667244970798,0.456337489932776
Y,TAC,-0.252271763582528,-0.384351187944412,-0.125767470151186
Z,AGC,-0.121961075597911,-0.246206429228187,-0.000496947581996198
