AA,Codon,Posterior,0.025%,0.975%
A,GCA,0.186002931939589,-0.0725563617423177,0.455521235615015
A,GCC,0.314276926069055,0.0509566850028932,0.572504071891308
A,GCG,0.0234044864277384,-0.191925404220819,0.231232948228717
C,TGC,0.239919553337106,-0.35247720927,0.865650045871735
D,GAC,-0.271695578989596,-0.476389720290899,-0.058143974468112
E,GAA,-0.0959385541933239,-0.311044512689114,0.11311376709491
F,TTC,-0.506528946517408,-0.887717033922672,-0.143445296958089
G,GGA,0.943024925637245,0.505165956914425,1.44042535126209
G,GGC,0.137634658277512,-0.0740536982193589,0.358995595574379
G,GGG,0.71270503417775,0.336084762960672,1.13490916788578
H,CAC,-0.197084082817379,-0.659815894067287,0.241538805514574
I,ATA,1.09247217590299,0.282458237558603,2.09015702605248
I,ATC,-0.540986376854777,-0.824161624908447,-0.287226954847574
K,AAA,-0.028121018251928,-0.331866647303104,0.247491874918342
L,CTA,0.319569654605375,-0.467765659093857,1.24930963814259
L,CTC,-0.437096808459214,-0.880416329205036,-0.0352782159112393
L,CTG,-0.709167131182551,-1.13817590475082,-0.342714261263609
L,CTT,0.255127294736897,-0.300738929212093,0.906108663976192
L,TTA,0.0774962163459437,-0.404277689009905,0.535229140520096
N,AAC,-0.935707547008991,-1.33518916070461,-0.571333231031895
P,CCA,0.378980769210914,-0.213053588569164,1.05660889744759
P,CCC,0.755956451389473,0.106371503323317,1.5207821816206
P,CCG,-0.680562682618946,-1.1048029512167,-0.281163109838963
Q,CAA,0.596794735813141,0.28953685760498,0.941160318255425
R,AGA,12.6791001449585,9.64139149188995,15.8951755523682
R,AGG,8.46637822475433,6.11142690181732,10.219845533371
R,CGA,1.39819607119858,0.542017650604248,2.94766007065773
R,CGC,0.128291246975589,-0.174760074168444,0.419194028526545
R,CGG,0.957909101858735,0.376281639933586,1.54532029926777
S,TCA,0.277614052560064,-0.278087095916271,0.854044708609581
S,TCC,-0.289928671998539,-0.753210099041462,0.142616909742356
S,TCG,0.283663680632878,-0.250704753026366,0.87426619976759
T,ACA,1.30898637570143,0.654683910310268,2.068133944273
T,ACC,0.020677941130201,-0.294566977024078,0.311538653820753
T,ACG,0.310404186227779,-0.0426655874587595,0.661977224051953
V,GTA,0.26531995543589,-0.0483553814701736,0.627122391760349
V,GTC,0.26427669226944,0.000712440947245345,0.543215842545033
V,GTG,0.152924361925392,-0.0703243097290397,0.376979728788137
Y,TAC,-0.284448578634104,-0.609051184356213,0.0461385664530099
Z,AGC,-0.17605386075743,-0.67350841909647,0.25940106138587
