AA,Codon,Posterior,0.025%,0.975%
A,GCA,-0.435158763000509,-0.57466497272253,0.123839851282536
A,GCC,-0.769565612859884,-0.926234942674637,-0.228316560387611
A,GCG,-1.02483117963074,-1.1987825512886,-0.0417755596339704
C,TGC,-0.0830953835409338,-0.318333645910025,0.227892752364276
D,GAC,0.673790102759842,-0.0827338432893157,0.849124497175217
E,GAA,-0.594414262159448,-0.746719589829445,0.218759870529171
F,TTC,0.619422737643588,-0.201862137019634,0.80030375123024
G,GGA,-0.0140129515043473,-0.418041889369488,0.267813147604465
G,GGC,-0.343175519083883,-0.470621204376221,0.25281105786562
G,GGG,-0.0537648824788179,-0.457119698822498,0.174206777662039
H,CAC,0.627683306909943,-0.0571725720539689,0.851561912894249
I,ATA,0.602466503084358,-0.549082937836647,1.01014279723167
I,ATC,0.48611886890037,-0.155680011212826,0.665670780837535
K,AAA,-0.975572276490219,-1.18828707933426,0.261025021225214
L,CTA,0.901359591743187,0.30523050352931,1.20232374668121
L,CTC,0.455336729077523,-0.547311452031136,0.688762594759464
L,CTG,-0.76697787184203,-0.967552176117897,0.216497170925139
L,CTT,0.448010349531635,-0.264222749322653,0.661974947154522
L,TTA,-0.0782381290824276,-0.248677814751863,0.252135676890609
N,AAC,0.119482485970465,-0.0663539366796613,0.400353924185033
P,CCA,-0.0298735162719695,-0.204007923603058,0.268355764448642
P,CCC,0.0381410693263813,-0.197720206156373,0.280063246935606
P,CCG,-0.870904464349151,-1.04293571710587,-0.525244955718517
Q,CAA,0.39463070766977,-0.0580256658606231,0.526858159899712
R,AGA,1.32163992532092,-0.0225890898145735,1.65222054719925
R,AGG,1.62341289911773,0.0433397544547916,2.06579204201698
R,CGA,0.953969518203661,0.0931401891633868,1.20502393841743
R,CGC,-0.29007982499192,-0.438904470205307,0.0378698183223595
R,CGG,0.601793910987582,-0.127826515585184,0.835668390989303
S,TCA,-0.285908396498079,-0.522674125432968,-0.00264858753798893
S,TCC,-0.173406333111105,-0.359311719983816,-0.0121123556979002
S,TCG,-0.383277682991128,-0.571283942461014,0.0267059470061211
T,ACA,-0.186418689999083,-0.369038296490908,0.0216548573225733
T,ACC,-0.963027136663761,-1.1413290053606,0.0614021915942414
T,ACG,-0.692159409938843,-0.878770020604134,0.0871688315644836
V,GTA,0.37870729691647,0.0598804126493633,0.506549027562141
V,GTC,-0.138102788553073,-0.270438999682665,0.109830016456544
V,GTG,-0.579556420288887,-0.736300431191921,0.312846114486455
Y,TAC,0.45195029977035,-0.0813083419576287,0.629073902964592
Z,AGC,-0.445357465296006,-0.604604223370552,0.0310867281630633
