AA,Codon,Posterior,0.025%,0.975%
A,GCA,0.174565240979707,-0.346422243863344,0.306270257383585
A,GCC,0.361607410799223,-0.127577133476734,0.521771393716335
A,GCG,0.566586757739633,-0.393906808644533,0.753515449166298
C,TGC,-0.0221676752893851,-0.348281651735306,0.247002025321126
D,GAC,-0.143542426097114,-0.316855762153864,0.598869074881077
E,GAA,-0.300121207872033,-1.11773406863213,-0.131263916194439
F,TTC,0.0428649035508395,-0.132135437428951,0.874660545587539
G,GGA,0.941444006647309,0.603274418413639,1.38170513808727
G,GGC,0.0963244358203141,-0.491335321962833,0.222366658225656
G,GGG,0.826202171486616,0.561536231637001,1.19456809461117
H,CAC,-0.318801908274682,-0.549561215937138,0.356471429020166
I,ATA,1.372819262743,0.82455488294363,2.29283385276794
I,ATC,-0.217326503225975,-0.405622424930334,0.428295977413654
K,AAA,-0.135995672876517,-1.38463376760483,0.0673220066353676
L,CTA,0.290608852379302,-0.079516670666635,0.874377122521398
L,CTC,-0.335003646425722,-0.585360254347324,0.72728777527809
L,CTG,-0.373689806117862,-1.31599849462509,-0.160083746910095
L,CTT,-0.466776367593743,-0.686922024190426,0.271603050082922
L,TTA,-0.209991894946447,-0.536952631175518,-0.0250631581526251
N,AAC,-0.146750233430546,-0.41352788284421,0.0546773557551205
P,CCA,0.100107913877135,-0.172605165466666,0.268858774751425
P,CCC,0.111389222894207,-0.108294809982181,0.344045785814524
P,CCG,0.231601273209116,-0.0402367456816137,0.407338727265596
Q,CAA,-0.082287590315046,-0.212740388512611,0.3679844930768
R,AGA,0.478467257396504,0.147283019497991,1.84188795089722
R,AGG,0.91894978556484,0.407150360196829,2.51668856739998
R,CGA,0.477503589904308,0.224962158873677,1.33998921215534
R,CGC,0.163625199788995,-0.117004824243486,0.319158208370208
R,CGG,0.721817946606874,0.469491381198168,1.44704065024853
S,TCA,0.394341708582151,0.152366997674108,0.635140365362167
S,TCC,0.169421558814606,0.0311309693846852,0.404905687272549
S,TCG,0.581421846228791,0.234176821261644,0.784602804481983
T,ACA,0.189209622149472,-0.0171699035912752,0.366630381345748
T,ACC,0.179279840835184,-0.809376609325409,0.345826722681522
T,ACG,0.402232048685066,-0.357225926965475,0.5928790807724
V,GTA,0.0866458343984043,-0.0273746977560222,0.420753237605094
V,GTC,0.332186679535266,0.10825734063983,0.463510379940271
V,GTG,0.480575082762219,-0.385157168656588,0.646932473778725
Y,TAC,-0.199285004144313,-0.384276185184717,0.320507875829935
Z,AGC,-0.034584700783058,-0.477895876020193,0.113572415523231
