AA,Codon,Posterior,0.025%,0.975%
A,GCA,0.116398826486245,-0.450983285903931,0.240182520449161
A,GCC,0.211241159914155,-0.35834189131856,0.3482097864151
A,GCG,0.0765906954337726,-0.93156503289938,0.226226882636547
C,TGC,-0.190479645082014,-0.537373721599579,0.0372803257778284
D,GAC,-0.191315077215701,-0.345945926010609,0.558391745388508
E,GAA,-0.194993485251119,-1.00098103880882,-0.0529246570542455
F,TTC,-0.393253961579222,-0.576929575204849,0.417417687177658
G,GGA,1.71773319955468,1.18326886594296,2.22896307706833
G,GGC,0.0572862026682589,-0.521593299508095,0.167163643240929
G,GGG,0.958534416615963,0.69203953742981,1.30735414326191
H,CAC,-0.321833197319787,-0.54749343842268,0.410763094574213
I,ATA,3.45344431142807,2.45987604260445,4.59655497074127
I,ATC,-0.354865991519671,-0.542294910550117,0.285498659312725
K,AAA,-0.389321711053327,-1.6224119335413,-0.166017982363701
L,CTA,0.801066666829213,0.310639449208975,1.4179525077343
L,CTC,-0.376960349658271,-0.658805529773235,0.732967314124106
L,CTG,-0.783980908679962,-1.70067586004734,-0.550368024408817
L,CTT,-0.157036456896926,-0.435684847086668,0.616265930235385
L,TTA,0.36586127906547,-0.0757512820884585,0.644125796854496
N,AAC,-0.44123956769621,-0.748890420794487,-0.267122670263053
P,CCA,-0.160742542483767,-0.491868164390326,0.0496832620352507
P,CCC,0.437282330732932,0.0968826957046986,0.731475876271725
P,CCG,-0.464274724433571,-0.869230245053768,-0.270732239633799
Q,CAA,0.269728261958621,0.131077561154962,0.72657499462366
R,AGA,2.87064638540745,2.19857906699181,3.67246839404106
R,AGG,3.02090667686462,2.08219659328461,4.194302713871
R,CGA,1.07460779573917,0.736364287137985,1.88096459805965
R,CGC,0.183350053206703,-0.140747458860278,0.323355527222156
R,CGG,0.928276698333025,0.645782087743282,1.55857672095299
S,TCA,0.613932604273851,0.245674399286509,0.852607880532741
S,TCC,0.0342302587424372,-0.107023642584681,0.171023070439696
S,TCG,0.263569395152258,-0.195173598453402,0.442959352582693
T,ACA,0.699852355702361,0.454522351175547,0.943994824588299
T,ACC,-0.0913871916295666,-1.16194960772991,0.0645192475989461
T,ACG,0.256480401172244,-0.563075153529644,0.43404878526926
V,GTA,0.13134843713328,0.016869608964771,0.454566306620835
V,GTC,0.203609446147524,-0.0681845689192414,0.325244597345591
V,GTG,0.0943706017069519,-0.818319016695023,0.234247438982129
Y,TAC,-0.212417549453489,-0.370001843571663,0.334704677760599
Z,AGC,-0.336573202563915,-0.820284026861191,-0.159667205438018
