AA,Codon,Posterior,0.025%,0.975%
A,GCA,0.287768184713228,0.093448599614203,0.504003529250622
A,GCC,0.781985919034481,0.478988473117352,1.12075874507427
A,GCG,0.30613572743563,0.0940628670156002,0.530105966329575
C,TGC,1.47788128986657,0.417771863937378,2.80525475144386
D,GAC,-0.577592621317506,-0.861827413737774,-0.316267246007919
E,GAA,-0.448370795318484,-0.67115990370512,-0.232692338898778
F,TTC,-1.74937161679268,-2.69437739849091,-1.02596002817154
G,GGA,1.98828755288124,1.2731752961874,2.81196388602257
G,GGC,0.199030933490008,-0.00726785421138629,0.41155910640955
G,GGG,1.39228647558689,0.895727802813053,1.95484579205513
H,CAC,-0.0956440768688102,-0.55932511985302,0.338630263507366
I,ATA,1.18012380338758,0.524451248347759,1.94074212908745
I,ATC,-0.469432028889749,-0.795646253228188,-0.167388121038675
K,AAA,-0.080513645013317,-0.327786830812693,0.165024199709296
L,CTA,-0.283109620339307,-0.902965146303177,0.316774719208479
L,CTC,-0.76657187089622,-1.32402427196503,-0.275582786649466
L,CTG,-1.21156873500347,-1.75759381949902,-0.76743112206459
L,CTT,-0.253670590850248,-0.890772469341755,0.325924954563379
L,TTA,-0.421618028932199,-1.06189263761044,0.104213007725775
N,AAC,-0.988321132409573,-1.45410822629929,-0.569372425973415
P,CCA,-0.0785626514126692,-0.620983725786209,0.484468357264996
P,CCC,0.413555451230118,-0.267294469475746,1.17893231809139
P,CCG,-0.913174050611258,-1.38306585550308,-0.492226633429527
Q,CAA,0.692333918577433,0.367536232620478,1.0631600022316
R,AGA,2.11352044682503,1.34992122352123,3.05952641367912
R,AGG,3.63393065810204,1.9930839240551,5.35891617536545
R,CGA,3.44637142524719,2.29173523187637,4.70823615789414
R,CGC,0.428389207039936,0.104468581266701,0.782302123308182
R,CGG,2.10487256815433,1.27117346227169,3.0396509706974
S,TCA,1.28424777395725,0.547035372257233,2.2557942211628
S,TCC,-0.0927190203997015,-0.456764161586761,0.273113735020161
S,TCG,0.820455870845541,0.249990942701697,1.52831639349461
T,ACA,0.960983236992359,0.530340027809143,1.45118941664696
T,ACC,0.579024452482164,0.270244318246841,0.943538452684879
T,ACG,1.32692147214413,0.787317229807377,1.95313525497913
V,GTA,0.167602482413361,-0.0512495991773903,0.393860123306513
V,GTC,0.548265817973018,0.253715910762548,0.879273714125156
V,GTG,0.644311204212904,0.336592061072588,0.986873871088028
Y,TAC,-1.02858204542398,-1.60508154332638,-0.482455533742905
Z,AGC,-0.93940281842649,-1.55669575035572,-0.382863834500313
