AA,Codon,Posterior,0.025%,0.975%
A,GCA,-0.464251737397909,-0.55801852196455,-0.371809624880552
A,GCC,-1.07096588418484,-1.16341418325901,-0.977944113314152
A,GCG,-1.23373991203308,-1.31957919597626,-1.14821002781391
C,TGC,-0.0907598080083422,-0.264783914387226,0.090603963844478
D,GAC,0.8315247615695,0.737759977579117,0.925086750090122
E,GAA,-0.586525889438391,-0.672033271193504,-0.500146706402302
F,TTC,0.846402542412281,0.746315923333168,0.9497140660882
G,GGA,0.124347256299052,-0.035179087985307,0.277401411533356
G,GGC,-0.377690877205133,-0.460456892848015,-0.294479520618916
G,GGG,0.0642460472779985,-0.0674802439287305,0.193060293793678
H,CAC,0.740451159381866,0.607426698505878,0.872165948152542
I,ATA,1.27113075613976,1.06027390360832,1.48600111305714
I,ATC,0.485282545495033,0.410458247363567,0.560834245383739
K,AAA,-1.12409708390236,-1.22180443108082,-1.02508842945099
L,CTA,1.07053106632233,0.883813624083996,1.25802942216396
L,CTC,0.487825432354212,0.366676495969296,0.611283014714718
L,CTG,-0.761559020113945,-0.854018847644329,-0.66741701066494
L,CTT,0.47196856637001,0.34093941450119,0.595386841893196
L,TTA,-0.0784956079056314,-0.200231527537107,0.0437056503258644
N,AAC,0.261348049783707,0.152450457960367,0.375206454843283
P,CCA,-0.0159605336746899,-0.179679392278194,0.148912094533443
P,CCC,-0.323463719209284,-0.520600871741772,-0.126351460814476
P,CCG,-0.944158549451828,-1.08483792841434,-0.80838557779789
Q,CAA,0.302747315560281,0.205154141038656,0.401991961896419
R,AGA,1.65579030413628,1.35612835586071,1.9621117413044
R,AGG,1.25275873607397,0.862066946923733,1.64300645291805
R,CGA,0.597699164614081,0.381469962745905,0.80466663390398
R,CGC,-0.518983065319061,-0.60537396222353,-0.433067530393601
R,CGG,0.0870722858312438,-0.0804654682055116,0.26094586700201
S,TCA,-0.282682511592284,-0.43740164861083,-0.131429569795728
S,TCC,-0.187148232548869,-0.312484039366245,-0.0637548213824632
S,TCG,-0.815758576059341,-0.952605363726616,-0.677908492088318
T,ACA,-0.316727550501376,-0.479639536887407,-0.153008464351296
T,ACC,-1.23332008709908,-1.3397152453661,-1.12891760468483
T,ACG,-1.14925530823469,-1.27206617593765,-1.02681246995926
V,GTA,0.474756870216131,0.364218580722809,0.587108436226845
V,GTC,-0.392931861802936,-0.493998845666647,-0.288803033530712
V,GTG,-0.847609402322769,-0.936148005723953,-0.761260442435741
Y,TAC,0.553317710280418,0.424795892089605,0.685478122532367
Z,AGC,-0.151435590755229,-0.287496099621057,-0.0100417888956145
