AA,Codon,Posterior,0.025%,0.975%
A,GCA,0.147677617489919,0.0832857688888907,0.213222660124302
A,GCC,0.450106524163485,0.373876671493053,0.525936464965343
A,GCG,0.291319349235296,0.227812913432717,0.353647841513157
C,TGC,-0.138964194277667,-0.313994830101728,0.0304297666996716
D,GAC,-0.372454705709219,-0.450222776085138,-0.296534829586744
E,GAA,-0.159388930179179,-0.23574349693954,-0.0852655233815313
F,TTC,-0.656449151414633,-0.752508069574833,-0.559104511141777
G,GGA,1.36534525974989,1.16295993328094,1.57478320002556
G,GGC,0.145022682892531,0.0839766496792436,0.206288753077388
G,GGG,0.79146024762392,0.659071737527847,0.932441118359566
H,CAC,-0.526312755763531,-0.650532393157482,-0.403950118273497
I,ATA,1.41874612495899,1.10307233631611,1.75131357014179
I,ATC,-0.388812464433908,-0.454820612818003,-0.323506873846054
K,AAA,-0.0303436098755876,-0.0981754468753934,0.0361170378513634
L,CTA,0.402395413395017,0.160924282297492,0.654194538295269
L,CTC,-0.408142788121104,-0.539619837701321,-0.27549347653985
L,CTG,-0.739971507966518,-0.85003195554018,-0.634920488297939
L,CTT,-0.21725073302887,-0.360486432164907,-0.0716165879741311
L,TTA,0.155331866406068,0.000124317487779991,0.306530283391475
N,AAC,-0.688499010425806,-0.799941815435886,-0.579868794977665
P,CCA,-0.208360998280789,-0.370747193694115,-0.0455072397366166
P,CCC,0.734993571037054,0.483279493451118,0.994461007416248
P,CCG,-0.412554419794679,-0.558798313140869,-0.273138910531998
Q,CAA,0.378337251576781,0.282407962530851,0.478342575579882
R,AGA,1.43369177467823,1.02153069972992,1.88102869987488
R,AGG,2.6758252269268,1.98581063449383,3.41775966286659
R,CGA,1.73861053085327,1.43266712129116,2.0627387046814
R,CGC,0.372664241021872,0.301516727358103,0.442641019821167
R,CGG,1.50899670004845,1.2777522623539,1.73280637860298
S,TCA,0.724146442377567,0.573530004918575,0.884227885305881
S,TCC,0.121997527860716,0.0383877529762685,0.211057084053755
S,TCG,0.729985568034649,0.603033463656902,0.860881760716438
T,ACA,0.773188062649965,0.613112702965736,0.94069946706295
T,ACC,0.115596388356993,0.0436724433675408,0.186495349556208
T,ACG,0.650254823303223,0.542812471091747,0.760119386017322
V,GTA,0.0785861546181346,0.00637195971794426,0.152265425398946
V,GTC,0.430250946718454,0.344861431419849,0.517536698281765
V,GTG,0.3779824852705,0.310249502956867,0.448693404346704
Y,TAC,-0.354445587041974,-0.472653284668922,-0.235608187690377
Z,AGC,-0.721741429013014,-0.880867220461369,-0.566931399703026
