AA,Codon,Posterior,0.025%,0.975%
A,GCA,0.219220018225163,0.125743195787072,0.317076648771763
A,GCC,0.451263961571455,0.35343846231699,0.548511055111885
A,GCG,0.289787143719196,0.205524361878633,0.37532268166542
C,TGC,-0.211103914515104,-0.435398983210325,0.00221499374601966
D,GAC,-0.314862720498443,-0.398153042793274,-0.231133482605219
E,GAA,-0.217738664759696,-0.307842185348272,-0.131595892831683
F,TTC,-0.616183133524656,-0.724117581546307,-0.507667352259159
G,GGA,1.05775215967894,0.866632160544395,1.25639853179455
G,GGC,0.112541047110409,0.0415055436082184,0.185707908123732
G,GGG,0.741205296009779,0.599729958176613,0.890181322395801
H,CAC,-0.598548234438896,-0.76079820394516,-0.449387247860432
I,ATA,1.33552263396978,0.979476135969162,1.7085775077343
I,ATC,-0.371428189194202,-0.454988718032837,-0.292722418904305
K,AAA,-0.111600070735969,-0.214320536702871,-0.00947570786811413
L,CTA,0.301044747780274,0.0293083394411951,0.596052239835262
L,CTC,-0.425910668694973,-0.582547801733017,-0.273054913431406
L,CTG,-0.712389104527235,-0.839273634552956,-0.585942032933235
L,CTT,-0.157781967496451,-0.327189002931118,0.0137454859213902
L,TTA,0.210610414893681,0.0324392976239324,0.384350553900003
N,AAC,-0.683376576530933,-0.813905970752239,-0.55952453315258
P,CCA,-0.303701746361144,-0.494584750384092,-0.122384328953922
P,CCC,0.68006932528615,0.406509643793106,0.958519704639912
P,CCG,-0.431765278968215,-0.600565858185291,-0.272005174309015
Q,CAA,0.4043424564749,0.288517932593822,0.523801647126675
R,AGA,1.26973804438114,0.824036377668381,1.74411078393459
R,AGG,3.56782530097961,2.57493188381195,4.6966323018074
R,CGA,1.61301965560913,1.27762216031551,1.97172013819218
R,CGC,0.353321499797702,0.265310392528772,0.444370064884424
R,CGG,1.57626883804798,1.30533831119537,1.85564585030079
S,TCA,0.616121744710207,0.459330502897501,0.791739699244499
S,TCC,0.103297913684322,-0.00321237542084418,0.212545977532864
S,TCG,0.718326635247469,0.564341226220131,0.877593013644218
T,ACA,0.758126697444916,0.560061214864254,0.967093816399574
T,ACC,0.105023770273029,0.00951330671086908,0.199378057196736
T,ACG,0.520297631955147,0.391211445629597,0.650012409687042
V,GTA,0.00952558871159527,-0.0880616566166282,0.10284148324281
V,GTC,0.43575530308485,0.329918382316828,0.546103499829769
V,GTG,0.339743625208735,0.254064154624939,0.42470905482769
Y,TAC,-0.438752258357406,-0.565502162277699,-0.315801142156124
Z,AGC,-0.630944658207893,-0.818886621296406,-0.446635165065527
