AA,Codon,Posterior,0.025%,0.975%
A,GCA,-0.351996621310711,-0.44886000752449,-0.254185714572668
A,GCC,-0.756215050399303,-0.852178807556629,-0.657208000123501
A,GCG,-0.836517451393604,-0.933400084078312,-0.740364040434361
C,TGC,0.0120572852422731,-0.175517725199461,0.201942441239953
D,GAC,0.752289340269566,0.650242492556572,0.85275651961565
E,GAA,-0.722099258935451,-0.822703751921654,-0.616149704158306
F,TTC,0.88527672547102,0.779599054157734,0.994615134596825
G,GGA,0.124327716635826,-0.027106689941138,0.277005615830421
G,GGC,-0.425865334111452,-0.522807569801807,-0.327591288089752
G,GGG,0.0621262347547417,-0.0870314763858914,0.200240759924054
H,CAC,0.560899698585272,0.418305204808712,0.702748794853687
I,ATA,1.11522815513611,0.947863110899925,1.28189236819744
I,ATC,0.503813794666529,0.417671720683575,0.588508470356464
K,AAA,-1.11471736041307,-1.21765876710415,-1.01344719231129
L,CTA,1.00482797372341,0.827927513420582,1.18274772167206
L,CTC,0.315454990668595,0.190444632619619,0.441913357377052
L,CTG,-0.775128458285332,-0.873975509405136,-0.678366814553738
L,CTT,0.166820913839829,0.0431078376248479,0.287485191226005
L,TTA,-0.2388124096632,-0.354727869480848,-0.124129048362374
N,AAC,0.401349421426654,0.287917867302895,0.51413903683424
P,CCA,0.105016065120119,-0.0544560096226633,0.264945991337299
P,CCC,-0.302921640448458,-0.473958513140678,-0.129114597290754
P,CCG,-0.487878679215908,-0.624940793216229,-0.358024094998837
Q,CAA,0.211289591478743,0.11203935649246,0.312925964593887
R,AGA,1.02121453722715,0.810658541321754,1.23166111409664
R,AGG,1.40985921787024,1.10915400087833,1.7045655220747
R,CGA,0.481380597363412,0.294008355587721,0.669677104055881
R,CGC,-0.337746702036262,-0.434721974283457,-0.238837172836065
R,CGG,0.137684807396942,-0.0555330250412226,0.32757693529129
S,TCA,-0.263952658692142,-0.416315264254808,-0.117438383027912
S,TCC,-0.0190766002239554,-0.152786302939057,0.119202713109553
S,TCG,-0.452179384285212,-0.612722408771515,-0.293900822848082
T,ACA,-0.504635250678658,-0.642415450513363,-0.364772057533264
T,ACC,-0.982970095062256,-1.09900270402431,-0.866850511729717
T,ACG,-0.877854081344605,-1.01201753616333,-0.745667290687561
V,GTA,0.578718771237135,0.471327324956656,0.686534370481968
V,GTC,-0.0515567782349681,-0.157870686426759,0.0547027886845171
V,GTG,-0.477871564906836,-0.578021328151226,-0.376843699812889
Y,TAC,0.48107020098567,0.337587583810091,0.62723253518343
Z,AGC,-0.316281076920032,-0.445881025493145,-0.178993825614452
