AA,Codon,Posterior,0.025%,0.975%
A,GCA,0.0415562924362358,-0.104485733620822,0.187068078666925
A,GCC,0.230954700235894,0.0770575674250722,0.380509735643864
A,GCG,-0.00988142521153713,-0.144744618982077,0.124459486268461
C,TGC,-0.234273195732984,-0.553335891664028,0.0747242437675594
D,GAC,-0.207422729505369,-0.32896468564868,-0.0852587085217238
E,GAA,-0.0207217894308719,-0.13760530166328,0.0959559245035052
F,TTC,-0.835477061867714,-1.01525014340878,-0.657272784411907
G,GGA,1.43779383150339,1.07994649708271,1.81953740119934
G,GGC,0.150338261353062,0.0369465787895024,0.262250139564276
G,GGG,0.835247626125812,0.603714744746685,1.08047230839729
H,CAC,-0.456819240624458,-0.675040759146214,-0.2466532304883
I,ATA,1.67554373706579,1.07736904621124,2.40543684959412
I,ATC,-0.400351820313931,-0.530427172780037,-0.272269061952829
K,AAA,-0.0322987195859151,-0.182648187875748,0.113826338760555
L,CTA,0.104100188242114,-0.251076024770737,0.4907091550529
L,CTC,-0.12867910409445,-0.379436706751585,0.133118431642651
L,CTG,-0.690057357943058,-0.882934507727623,-0.503500731289387
L,CTT,0.360021978253238,0.070324676297605,0.67893984913826
L,TTA,0.375120395698477,0.0939665270969272,0.662451569736004
N,AAC,-0.86316262254715,-1.06576456725597,-0.669283784925938
P,CCA,-0.580153441473097,-0.929545363783836,-0.252278164029122
P,CCC,0.534157099893154,0.0707785764709115,1.02229862213135
P,CCG,-1.05870347493887,-1.38793002665043,-0.77601390182972
Q,CAA,0.506978350308537,0.329763644933701,0.69079937338829
R,AGA,2.12743441121578,1.40013073384762,2.99557941555977
R,AGG,3.1636928176403,1.9048508644104,4.81071096658706
R,CGA,1.94252301381826,1.41016112864017,2.50481386780739
R,CGC,0.27880064372709,0.134921288862824,0.425782156735659
R,CGG,1.67803745034933,1.28090720176697,2.13176025152206
S,TCA,0.708914334744215,0.406632147729397,1.03148562312126
S,TCC,0.111117018575793,-0.108819572627544,0.337648337334394
S,TCG,0.400055795529624,0.169369941949844,0.643817637860775
T,ACA,1.28356825525761,0.909604831039906,1.68956982195377
T,ACC,0.0496318262435971,-0.109914190322161,0.200924096629023
T,ACG,0.427686729732901,0.229956761747599,0.636849151551723
V,GTA,-0.0155917088600156,-0.187854627147317,0.161451962590217
V,GTC,0.399707625694573,0.21584034152329,0.595178784430027
V,GTG,0.0638709017376983,-0.0764528222382069,0.20422008484602
Y,TAC,-0.280831900063727,-0.462297141551971,-0.103726701065898
Z,AGC,-0.744936170832813,-1.06950279772282,-0.444545394927263
