AA,Codon,Posterior,0.025%,0.975%
A,GCA,0.115139037066662,0.0492621948011219,0.179879667982459
A,GCC,0.374978542405367,0.299205569177866,0.449158471822739
A,GCG,0.376188360843062,0.303474262356758,0.449792130291462
C,TGC,-0.137929685917008,-0.318906641751528,0.03587958374992
D,GAC,-0.219560520204157,-0.297733423858881,-0.143059987202287
E,GAA,-0.151815542355739,-0.234970663115382,-0.0690667008981109
F,TTC,-0.233447742242366,-0.322383879870176,-0.14537108130753
G,GGA,0.734056727147102,0.583536960184574,0.888786819577217
G,GGC,0.169216811317578,0.103635266795754,0.238635899499059
G,GGG,0.642132505083084,0.514558824896812,0.782893630862236
H,CAC,-0.276389001720399,-0.3965930595994,-0.15302292406559
I,ATA,0.64884178468585,0.466688567399979,0.834847059845924
I,ATC,-0.230570205961168,-0.295749963074923,-0.163621304929256
K,AAA,0.00448530527397525,-0.064408784545958,0.0723518650978803
L,CTA,0.149304691552939,-0.036469698138535,0.340427588671446
L,CTC,-0.194378565685265,-0.315967752784491,-0.0749493569135666
L,CTG,-0.363677179086208,-0.459792999923229,-0.270494502782822
L,CTT,-0.19804655530029,-0.31177891343832,-0.0829845402389765
L,TTA,-0.0333322651902592,-0.152528605610132,0.0837542505934834
N,AAC,-0.401666396123171,-0.495855516195297,-0.310472393035889
P,CCA,-0.00336653666414168,-0.136199627444148,0.132240606099367
P,CCC,0.529327516329288,0.357277413457632,0.708145634829998
P,CCG,-0.0822426016606783,-0.193105011805892,0.0262242807075381
Q,CAA,0.0841530219034674,-0.00296416515484452,0.16895391009748
R,AGA,0.811944702881575,0.593581758439541,1.05687535703182
R,AGG,1.20303925450444,0.856038153171539,1.58517888784409
R,CGA,1.04895972540379,0.838808524608612,1.28204813599586
R,CGC,0.206740336589515,0.135174694657326,0.281072936207056
R,CGG,1.3563731044054,1.12034329473972,1.60869806706905
S,TCA,0.39966850759685,0.275090328603983,0.525593458116054
S,TCC,0.0616126261217109,-0.0301790635101497,0.149987490847707
S,TCG,0.726350107765198,0.573008218407631,0.883996275067329
T,ACA,0.457313633882999,0.349337761104107,0.57164608091116
T,ACC,0.200203321690857,0.122770544700325,0.278841516375542
T,ACG,0.609328506940603,0.495219600945711,0.725624717772007
V,GTA,-0.0847384786351235,-0.154424138739705,-0.0148437281604857
V,GTC,0.261459916910529,0.178902250528336,0.34608678817749
V,GTG,0.386944327476621,0.303889078646898,0.471284068375826
Y,TAC,-0.260131528842449,-0.384725277870894,-0.137867146357894
Z,AGC,-0.141453430685784,-0.262788373976946,-0.0239966531284154
