AA,Codon,Posterior,0.025%,0.975%
A,GCA,-0.368061861354113,-0.464321256428957,-0.274713147431612
A,GCC,-0.77624360653162,-0.87203636020422,-0.677159205079079
A,GCG,-0.855186490952969,-0.94536656588316,-0.760011805593968
C,TGC,0.0352674112026858,-0.154029396176338,0.224153130501509
D,GAC,0.734964620161057,0.638820594549179,0.836935877799988
E,GAA,-0.716858445584774,-0.816638022661209,-0.616885484755039
F,TTC,0.871082625341415,0.766284954547882,0.976775293052196
G,GGA,0.129592070025358,-0.015853173751384,0.277402018755674
G,GGC,-0.424986198663712,-0.51590873748064,-0.33392368927598
G,GGG,0.0300997667089796,-0.102428415417671,0.166780062019825
H,CAC,0.560372058814764,0.423177497088909,0.698055218160152
I,ATA,1.06285062150955,0.896172028779983,1.22631379365921
I,ATC,0.467286554205418,0.386116071045399,0.547489900887012
K,AAA,-1.14809262831211,-1.24855259358883,-1.04649274945259
L,CTA,1.01072119710445,0.829300639033318,1.1945598334074
L,CTC,0.345579375118017,0.226632523909211,0.468909844011068
L,CTG,-0.745860450220108,-0.838595008850098,-0.650327098369598
L,CTT,0.204578099104064,0.0876342132687569,0.323034454882145
L,TTA,-0.244611314048618,-0.352020980417728,-0.132555655390024
N,AAC,0.37696287291944,0.264526057988405,0.493456740677356
P,CCA,0.112899876132634,-0.0409812765195966,0.265360477566719
P,CCC,-0.237226473466092,-0.411285755783319,-0.0628904966637494
P,CCG,-0.469845473966002,-0.599868151545525,-0.340767596662045
Q,CAA,0.202205760741234,0.104600832611322,0.299484176933765
R,AGA,0.999600762331486,0.7856570571661,1.22545201778412
R,AGG,1.43587015203238,1.14425372481346,1.71736352741718
R,CGA,0.453473784027994,0.250131399184465,0.649214823544025
R,CGC,-0.296105402678251,-0.392662708461285,-0.200735479593277
R,CGG,0.108178125920043,-0.077807155624032,0.29147797524929
S,TCA,-0.290535113366693,-0.434944575279951,-0.146425110846758
S,TCC,-0.0552588549094242,-0.188623220100999,0.0800230979919433
S,TCG,-0.524966886675358,-0.683145906031132,-0.372359950840473
T,ACA,-0.507742630246282,-0.642720572650433,-0.373189736157656
T,ACC,-0.960372449159622,-1.06930941939354,-0.852891087532043
T,ACG,-0.893599152183533,-1.01900459229946,-0.766133725643158
V,GTA,0.570495551627874,0.46513866186142,0.674986389279365
V,GTC,-0.0855806127088319,-0.188128843903542,0.0173024557530879
V,GTG,-0.513011365306377,-0.607519139349461,-0.415775159001351
Y,TAC,0.518104601964354,0.38356788828969,0.656276474893093
Z,AGC,-0.330034654313326,-0.462419963628054,-0.198653887957335
