AA,Codon,Posterior,0.025%,0.975%
A,GCA,0.12256677560645,0.0573837218806148,0.188168916851282
A,GCC,0.384756670698524,0.310519476979971,0.458809345960617
A,GCG,0.385160001182556,0.312486365437508,0.45584656521678
C,TGC,-0.155942872839914,-0.331898587942123,0.021523658838123
D,GAC,-0.209903202933073,-0.286364891380072,-0.132658265531063
E,GAA,-0.155345308775455,-0.237506824359298,-0.0729901567101479
F,TTC,-0.223453545488417,-0.310036183893681,-0.135386776551604
G,GGA,0.729456195282936,0.590151420235634,0.885842525959015
G,GGC,0.168309498355538,0.103527367115021,0.233961104601622
G,GGG,0.667562000226975,0.539529128372669,0.794335593283176
H,CAC,-0.275440295676887,-0.391329480707645,-0.15795335508883
I,ATA,0.692135797846317,0.512233202159405,0.879539969563484
I,ATC,-0.208495254050195,-0.271391643583775,-0.145781372860074
K,AAA,0.0206198173021676,-0.0480602881871164,0.0873173659667373
L,CTA,0.144716722628719,-0.049375699646771,0.335670188814401
L,CTC,-0.218326605194062,-0.34079686999321,-0.101002796925604
L,CTG,-0.386969802999496,-0.484679294377565,-0.292773408442736
L,CTT,-0.227671048042923,-0.343921168893576,-0.112528769113123
L,TTA,-0.0302040914562047,-0.146199987083673,0.0825229341164229
N,AAC,-0.385932902348042,-0.479331623762846,-0.295980869233608
P,CCA,-0.00749732932079896,-0.134590688347816,0.122377899847925
P,CCC,0.476511908337474,0.30267129689455,0.648172330856323
P,CCG,-0.0919537597526854,-0.200386885553598,0.0134844443993643
Q,CAA,0.0900059708523197,0.00860180123709143,0.174465967342257
R,AGA,0.83817972252965,0.596973392367363,1.07755394279957
R,AGG,1.17902379904985,0.830340747535229,1.56276295483112
R,CGA,1.0835485383153,0.862564380466938,1.3240580201149
R,CGC,0.182499257265031,0.108285866305232,0.254640883207321
R,CGG,1.40092982450724,1.16975968182087,1.64602064192295
S,TCA,0.41267038115859,0.291414569318295,0.536565679311752
S,TCC,0.0783198421192634,-0.0122504807077348,0.170616594329476
S,TCG,0.780637931752205,0.630433392524719,0.940904450416565
T,ACA,0.461097860306501,0.353891255706549,0.571136645972729
T,ACC,0.188000070408732,0.115251405350864,0.262781113386154
T,ACG,0.62555565699935,0.513900844752789,0.738084246218204
V,GTA,-0.0803496892303483,-0.145691913738847,-0.0114655391080305
V,GTC,0.280569879245758,0.199157684668899,0.365666714310646
V,GTG,0.408458636575937,0.330458861589432,0.49079058393836
Y,TAC,-0.284187001570314,-0.403467807918787,-0.166162542253733
Z,AGC,-0.13154051567452,-0.249676942452788,-0.0156173960538581
