AA,Codon,Posterior,0.025%,0.975%
A,GCA,0.0707872479908634,-0.0539041218347847,0.191160164028406
A,GCC,0.297474749532342,0.170284710451961,0.426468228548765
A,GCG,0.00159942576709363,-0.11069929022342,0.107334177754819
C,TGC,-0.246777566054171,-0.524359273910523,0.0148620219435541
D,GAC,-0.320325516468286,-0.416864378750324,-0.22193325906992
E,GAA,-0.0886767172674008,-0.194524235650897,0.0142777311615646
F,TTC,-0.826826621162891,-0.975326785445213,-0.67815767377615
G,GGA,1.52970066776276,1.25184278488159,1.82371674776077
G,GGC,0.14316458406007,0.0528569810092449,0.23758975379169
G,GGG,0.765805088752508,0.593970923125744,0.94518196284771
H,CAC,-0.539488391089439,-0.713901111483574,-0.368272411078215
I,ATA,1.55089507249594,1.15182066261768,1.9878539532423
I,ATC,-0.291547662766278,-0.394547825306654,-0.188009044528008
K,AAA,-0.0136951448934077,-0.138823932781816,0.106044374033809
L,CTA,0.741896136025339,0.336167854815722,1.1694893181324
L,CTC,-0.263960545618716,-0.45939610004425,-0.0709332283586265
L,CTG,-0.707823549306393,-0.868574616312981,-0.559476980566979
L,CTT,0.125769671836977,-0.0988902915269136,0.341468953341245
L,TTA,0.523700388269126,0.295930949598551,0.749241726100445
N,AAC,-0.8699803560853,-1.04257542788982,-0.708505274355412
P,CCA,-0.642107400423288,-0.918914107978344,-0.371985573321581
P,CCC,0.854381055496633,0.440143898874521,1.27290625274181
P,CCG,-1.10864565198421,-1.35220631957054,-0.874984048306942
Q,CAA,0.613777232581377,0.459659516066313,0.772820273041725
R,AGA,2.41699211938381,1.75507279038429,3.15720157623291
R,AGG,2.54936746759415,1.76583572924137,3.43494207262993
R,CGA,1.79585655596256,1.40487395524979,2.23510628342628
R,CGC,0.352147991064191,0.246531166136265,0.464548869431019
R,CGG,1.65919463276863,1.33197945654392,2.02679761052132
S,TCA,0.600228804507852,0.389273780584335,0.814983658492565
S,TCC,0.126008714704108,-0.0341552908532321,0.291712988168001
S,TCG,0.377206295292079,0.20542006790638,0.559998187422752
T,ACA,1.04592298914194,0.783464667201042,1.32171694040298
T,ACC,-0.0627307488933438,-0.200399770587683,0.0703428253531455
T,ACG,0.345342618975788,0.174191386252642,0.513231834769249
V,GTA,-0.0340214409504883,-0.14971833191812,0.0818898376077413
V,GTC,0.261673877430707,0.141460799053311,0.388742369413376
V,GTG,0.128257309246899,0.0270139122381806,0.229928956180811
Y,TAC,-0.361052413909137,-0.515977950394154,-0.211644890159369
Z,AGC,-0.66120754942894,-0.898463489115238,-0.429699030518532
