AA,Codon,Posterior,0.025%,0.975%
A,GCA,-0.425577172893286,-0.503875510394573,-0.347024504840374
A,GCC,-0.881781837880611,-0.961806942522526,-0.802984239161015
A,GCG,-1.01375146584511,-1.09174520969391,-0.940611031651497
C,TGC,-0.0272302533692231,-0.175957361236215,0.117776703648269
D,GAC,0.810140716218948,0.733034482598305,0.887473197281361
E,GAA,-0.692307550048828,-0.770787480473518,-0.612626995146275
F,TTC,0.903781607103348,0.816134956479073,0.991874994337559
G,GGA,0.0531961617652985,-0.0711279928684235,0.176202915608883
G,GGC,-0.421346168780327,-0.491344140470028,-0.349135503172875
G,GGG,0.0184692439256929,-0.088640626706183,0.124962028488517
H,CAC,0.686977333384752,0.575471921265125,0.798291516304016
I,ATA,1.13494631602764,0.980327589809895,1.28373734354973
I,ATC,0.502892554461956,0.435939364135265,0.570809102058411
K,AAA,-1.07207058317661,-1.15630069673061,-0.988542027771473
L,CTA,1.0220871499896,0.865123374760151,1.17516674399376
L,CTC,0.390550383773446,0.289077609032392,0.494713871181011
L,CTG,-0.74232849521637,-0.822855839133263,-0.660278534889221
L,CTT,0.206313203945942,0.106708035059273,0.308015702664852
L,TTA,-0.245132323423773,-0.341157308220863,-0.145555322244763
N,AAC,0.432501834791899,0.339043331891298,0.523910540342331
P,CCA,0.112326834807273,-0.0167370629031211,0.238370892032981
P,CCC,-0.426479212829471,-0.572790624201298,-0.283690661936998
P,CCG,-0.677149166125059,-0.78746025711298,-0.566024369001389
Q,CAA,0.227865876072645,0.144757189229131,0.311748024821281
R,AGA,0.996250852108002,0.790222299098968,1.2024341493845
R,AGG,1.44449596818686,1.15528680086136,1.71239071190357
R,CGA,0.389138199733198,0.224769869819283,0.558301858603954
R,CGC,-0.358079104721546,-0.435218754410744,-0.278587920963764
R,CGG,0.0676647334286719,-0.0922410676255822,0.227908631414175
S,TCA,-0.362494653485715,-0.490169306099415,-0.236026286706328
S,TCC,-0.0640383088244678,-0.173159225285053,0.0444862031377852
S,TCG,-0.639383877527714,-0.765823394060135,-0.514996331930161
T,ACA,-0.493160030519962,-0.61243242919445,-0.368106024712324
T,ACC,-1.06061325302124,-1.15111599862576,-0.968178418278694
T,ACG,-1.02983427592516,-1.13911357820034,-0.919333942234516
V,GTA,0.577801046943665,0.48822780251503,0.666796231269836
V,GTC,-0.18150865130648,-0.263408678770065,-0.0999383417889476
V,GTG,-0.637424718093872,-0.713436485826969,-0.563121120631695
Y,TAC,0.609557008564472,0.500597134232521,0.719127401709556
Z,AGC,-0.241645134446025,-0.357775992155075,-0.129270467162132
