AA,Codon,Posterior,0.025%,0.975%
A,GCA,0.147889199437201,0.0901098435744643,0.206740703806281
A,GCC,0.440776046448946,0.373660673201084,0.509281292557716
A,GCG,0.478740384364128,0.414484359323978,0.54529765099287
C,TGC,-0.109689359426105,-0.26474329456687,0.0406723897904156
D,GAC,-0.25301028675437,-0.319780024886131,-0.184913940355182
E,GAA,-0.170121515403688,-0.245266523957253,-0.0993388298898936
F,TTC,-0.244134851281345,-0.321129860728979,-0.167343706637621
G,GGA,0.793710843384266,0.660711582005024,0.932924282550812
G,GGC,0.16618657002002,0.108998754806817,0.223889240995049
G,GGG,0.676347569870949,0.565729789435863,0.790586748719215
H,CAC,-0.358638636809587,-0.468882422894239,-0.250561039149761
I,ATA,0.628877707952261,0.454023425281048,0.810945425927639
I,ATC,-0.229189116922021,-0.287552228569984,-0.173639355972409
K,AAA,-0.0173790332762232,-0.0789729040116072,0.0436573969200253
L,CTA,0.136691039537266,-0.0331297378055751,0.312368060648441
L,CTC,-0.250089132091403,-0.355511339008808,-0.144723898172379
L,CTG,-0.389793544527888,-0.476236160844564,-0.306605007499457
L,CTT,-0.229392648848146,-0.331598984450102,-0.128013791888952
L,TTA,-0.0293090534748882,-0.134507578611374,0.0740976950153708
N,AAC,-0.421585852134228,-0.507820323109627,-0.338414638489485
P,CCA,-0.00751251560149358,-0.121450668387115,0.105306404456496
P,CCC,0.615721078914404,0.460482163727283,0.775804606080055
P,CCG,0.0363247012212603,-0.0616205955855548,0.132262139394879
Q,CAA,0.0731736839604346,-0.00237986560096033,0.152027219906449
R,AGA,0.832681437820196,0.609080736339092,1.07382099032402
R,AGG,1.15790975627899,0.823722079396248,1.52753246724606
R,CGA,1.13398088482618,0.93134408891201,1.34330888986588
R,CGC,0.216398803801835,0.153158452734351,0.282844108343124
R,CGG,1.42791964945793,1.22509871721268,1.6460140645504
S,TCA,0.458836196821928,0.345175702869892,0.575687322020531
S,TCC,0.0820622465704553,0.00242179112974554,0.163004419952631
S,TCG,0.871074130535126,0.730509550869465,1.01088279783726
T,ACA,0.435848308980465,0.336057693511248,0.539711597561836
T,ACC,0.238223727723956,0.168362685292959,0.306352223455906
T,ACG,0.714024769806862,0.610470646619797,0.819825667142868
V,GTA,-0.0818604194555373,-0.142460122331977,-0.0225583358667792
V,GTC,0.337880067548156,0.264523626118898,0.414531365036964
V,GTG,0.491947936397791,0.419126174598932,0.565689426660538
Y,TAC,-0.345137957781553,-0.452760415524244,-0.23622487410903
Z,AGC,-0.194763832987985,-0.30437098518014,-0.0844966739416123
