AA,Codon,Posterior,0.025%,0.975%
A,GCA,0.158312269979529,0.0831689326092601,0.231827726960182
A,GCC,0.313713449969888,0.237511668726802,0.390491320192814
A,GCG,0.129615717328293,0.0654405746608973,0.195260059460998
C,TGC,-0.299184836278856,-0.466312421858311,-0.13772964887321
D,GAC,-0.320325391584635,-0.387960445135832,-0.252106132358313
E,GAA,-0.201271670952439,-0.274254573136568,-0.126165141537786
F,TTC,-0.696312921392918,-0.789475318789482,-0.603897732496262
G,GGA,1.46261759860516,1.28769046664238,1.63753263950348
G,GGC,0.185589096975327,0.127767188102007,0.242789873480797
G,GGG,0.890613433742523,0.772902880609035,1.01250993609428
H,CAC,-0.557331994110346,-0.676797138154507,-0.441697444021702
I,ATA,1.99393287196159,1.6893994808197,2.31675592064857
I,ATC,-0.374633078324795,-0.441737609356642,-0.307349220663309
K,AAA,-0.160659844091348,-0.243456973135471,-0.0772189727053047
L,CTA,0.579637709958851,0.322203187644482,0.844257877767086
L,CTC,-0.352427502211928,-0.489733763039112,-0.216096530109644
L,CTG,-0.855230057537556,-0.963854438066483,-0.750309380888939
L,CTT,-0.00663463142820078,-0.148757260292768,0.136864763498306
L,TTA,0.447862141168118,0.294121781736612,0.598329307138919
N,AAC,-0.776360569047928,-0.878842316567898,-0.676196596026421
P,CCA,-0.394723140120506,-0.554787366092205,-0.238536335900426
P,CCC,0.77825541844368,0.55599145591259,1.0046667098999
P,CCG,-0.742622666496038,-0.882225257158279,-0.606023685634136
Q,CAA,0.541371469920874,0.442775823920965,0.645957830548286
R,AGA,2.93326704025269,2.44654697775841,3.41882686018944
R,AGG,3.33610668635368,2.69563230276108,4.10951098203659
R,CGA,2.10254477880001,1.80831528902054,2.39554058909416
R,CGC,0.26147050370872,0.187298791855574,0.334243681281805
R,CGG,1.78128575062752,1.54360499083996,2.03036794662476
S,TCA,0.807978946101666,0.657448524236679,0.958678415417671
S,TCC,0.0369076164512153,-0.0544600808992982,0.128354808688164
S,TCG,0.602221145164967,0.474049872905016,0.735201595723629
T,ACA,1.06205833727121,0.897191631793976,1.23207524120808
T,ACC,0.0304038644327697,-0.0507137736305594,0.111623313091695
T,ACG,0.543996790981293,0.435271992534399,0.65509038567543
V,GTA,0.0749997967258416,-0.000569325304240919,0.151122178137302
V,GTC,0.3627261726439,0.283282361924648,0.443610446155071
V,GTG,0.231999614056945,0.168361322209239,0.297189953923225
Y,TAC,-0.358326276767254,-0.459301467984915,-0.263967860490084
Z,AGC,-0.71660382745266,-0.872702930867672,-0.557638518512249
