AA,Codon,Posterior,0.025%,0.975%
A,GCA,-0.484004457837343,-0.58522637784481,-0.38287091255188
A,GCC,-1.05570511586666,-1.15181809663773,-0.955483460426331
A,GCG,-1.26841013154984,-1.36010101735592,-1.17549116313458
C,TGC,-0.0996986420875415,-0.285782171785831,0.0932108154520388
D,GAC,0.812046318674087,0.712108428776264,0.916662369668484
E,GAA,-0.613213089710474,-0.707574552297592,-0.520856589078903
F,TTC,0.781977157223225,0.675618153810501,0.89071042984724
G,GGA,0.152386585608902,-0.0173569183796644,0.326529309153557
G,GGC,-0.396945976284146,-0.486097060889006,-0.308278974145651
G,GGG,0.0494782042763934,-0.0840839112177491,0.184386042505502
H,CAC,0.722279119861126,0.584717498719692,0.865919750928879
I,ATA,1.20775955592394,0.981912559270859,1.43611652553082
I,ATC,0.467267799299955,0.384605269134045,0.547565811872482
K,AAA,-1.07323282623291,-1.17069836556911,-0.972588795423508
L,CTA,0.935218324387074,0.72742830067873,1.1409315854311
L,CTC,0.448945554721355,0.324606969952583,0.574949869513512
L,CTG,-0.818324345386028,-0.917504051327705,-0.718217799067497
L,CTT,0.402077039256692,0.268146010488272,0.538051982223988
L,TTA,-0.104741216504274,-0.23133697733283,0.024407437071204
N,AAC,0.274338823544234,0.159248780831695,0.392755451798439
P,CCA,0.0256199817534101,-0.146566986292601,0.199158319085836
P,CCC,-0.32250065563207,-0.528834517300129,-0.112123300693929
P,CCG,-0.896105721199512,-1.03507774174213,-0.747075271606445
Q,CAA,0.290586884641647,0.187834614887834,0.394305239617825
R,AGA,1.72428905453682,1.40563477575779,2.040147960186
R,AGG,1.19456176826954,0.818670651316643,1.58498524129391
R,CGA,0.675245492827892,0.440705226361752,0.910651284456253
R,CGC,-0.490164532214403,-0.583339996635914,-0.397623196989298
R,CGG,0.105501786830125,-0.0779219314455986,0.287329240143299
S,TCA,-0.254326022259006,-0.426791605353355,-0.0850641625002028
S,TCC,-0.142807250040887,-0.276012423634529,-0.00832915826467821
S,TCG,-0.857849613642693,-1.00381382107735,-0.711536630988121
T,ACA,-0.276762188279442,-0.445307609438896,-0.108971612155437
T,ACC,-1.23756556780338,-1.35234424173832,-1.12856096625328
T,ACG,-1.13135841002464,-1.26233169138432,-0.997122970223427
V,GTA,0.453366782692075,0.335421355813742,0.568893590569496
V,GTC,-0.411864871019125,-0.51924369931221,-0.303831181675196
V,GTG,-0.879083460247517,-0.975519387423992,-0.786444279551506
Y,TAC,0.548203857052326,0.410160288214684,0.68865817040205
Z,AGC,-0.241097139799112,-0.385063578188419,-0.0952513387426736
