AA,Codon,Posterior,0.025%,0.975%
A,GCA,0.155872478683665,0.088842423632741,0.222203932702541
A,GCC,0.43581462328434,0.364022119343281,0.508229134976864
A,GCG,0.309558340063691,0.244059837982059,0.374045049399137
C,TGC,-0.132751321746316,-0.314269845187664,0.0394756426103412
D,GAC,-0.361498889186978,-0.440146221220493,-0.285706408321858
E,GAA,-0.143142683598725,-0.221837616711855,-0.0664185740053654
F,TTC,-0.609265641516447,-0.713151133060455,-0.511720049381256
G,GGA,1.32942950923443,1.11237618029118,1.54935825169086
G,GGC,0.154817099958658,0.0907241908833385,0.22065270319581
G,GGG,0.800768976175785,0.663188478350639,0.943488192558289
H,CAC,-0.51405245450139,-0.643634988367558,-0.386476205289364
I,ATA,1.49506046482325,1.16160220503807,1.83717679083347
I,ATC,-0.377173771613836,-0.444053453952074,-0.310437974333763
K,AAA,-0.0553456675528258,-0.124809653125703,0.0123885822482406
L,CTA,0.542255829365552,0.274555603414774,0.822958463430405
L,CTC,-0.369729586443305,-0.510413156449795,-0.235736617818475
L,CTG,-0.689138415777683,-0.804210390150547,-0.579519662261009
L,CTT,-0.153165115312964,-0.307789540290832,-0.00314943042467355
L,TTA,0.178974482587501,0.0226760113146156,0.329490792006254
N,AAC,-0.697455116379261,-0.815565654635429,-0.585805836319923
P,CCA,-0.242747452825634,-0.417801830917597,-0.0735697943717242
P,CCC,0.747487302327156,0.48795383349061,1.01582934856415
P,CCG,-0.45097691603899,-0.599539498984814,-0.304471750557423
Q,CAA,0.38600181851089,0.286424369364977,0.485292457789183
R,AGA,1.36690556927919,0.940821862220764,1.84262057244778
R,AGG,2.77493021807671,2.10496592521667,3.49325328469276
R,CGA,1.65584113118649,1.33073414266109,2.00074542760849
R,CGC,0.356444130408764,0.282103797793388,0.430143795907497
R,CGG,1.4989699161768,1.267517760396,1.74847999513149
S,TCA,0.706263331180811,0.546921135485172,0.872513926029205
S,TCC,0.0993539038296236,0.0123315702658147,0.18519446477294
S,TCG,0.770488094842434,0.637196245789528,0.906646665930748
T,ACA,0.740943889057636,0.582736428081989,0.907928982377052
T,ACC,0.118015860371385,0.0429966329596937,0.190650748461485
T,ACG,0.637499486929178,0.523286114633083,0.754610015451908
V,GTA,0.0879774710977101,0.0131002685287967,0.163104170560837
V,GTC,0.439988719427586,0.356113094836473,0.527903021872044
V,GTG,0.395288798111677,0.325801137834787,0.466838420927525
Y,TAC,-0.35128457955718,-0.477371539920568,-0.230471272021532
Z,AGC,-0.642961439192295,-0.803468655049801,-0.491876137256622
