AA,Codon,Posterior,0.025%,0.975%
A,GCA,0.131487230611575,0.0287413253914565,0.232452409341931
A,GCC,0.401661771562696,0.296925752609968,0.511638616025448
A,GCG,0.309273744449019,0.213286474347115,0.404375220835209
C,TGC,-0.170280982226355,-0.407097838073969,0.0612361078150569
D,GAC,-0.332090909782052,-0.431337890774012,-0.231597274169326
E,GAA,-0.149897519059433,-0.251118312776089,-0.0473642409779132
F,TTC,-0.55446262934804,-0.684916777908802,-0.429002071917057
G,GGA,1.17296663326025,0.943268696963787,1.41777891218662
G,GGC,0.148697257773532,0.0643221285194158,0.236601415649056
G,GGG,0.675825874453783,0.521630927920341,0.834723970293999
H,CAC,-0.494180889153481,-0.664019702374935,-0.325612419098616
I,ATA,1.85293164608479,1.36303482949734,2.37926294803619
I,ATC,-0.334518021279573,-0.430262346565723,-0.240438317507506
K,AAA,-0.0389920793146335,-0.153042114153504,0.0708849765360355
L,CTA,0.648695317938924,0.266004611551762,1.05417687296867
L,CTC,-0.26528839557693,-0.454495793581009,-0.0731791015714407
L,CTG,-0.694595523560047,-0.848383115231991,-0.547878776490688
L,CTT,-0.160546195598316,-0.360451981425285,0.0465612096711993
L,TTA,0.387432944639772,0.163200052827597,0.620385153591633
N,AAC,-0.559663274353743,-0.69922770857811,-0.423254223912954
P,CCA,-0.0881122903867146,-0.31227293536067,0.142596861347556
P,CCC,0.69724229297936,0.388242461532354,1.01984907090664
P,CCG,-0.406173307111859,-0.595618331432343,-0.22701947838068
Q,CAA,0.508192772093415,0.369510266184807,0.657138335704803
R,AGA,1.42116420246363,0.874921850860119,2.0378718495369
R,AGG,2.88518620746136,1.98872391581535,3.94045783877373
R,CGA,1.5343065074563,1.15677254498005,1.9543795645237
R,CGC,0.430226338982582,0.325982443988323,0.53903630822897
R,CGG,1.65880956640244,1.34973172843456,2.00001818537712
S,TCA,0.636916688099504,0.410630145668983,0.87604338824749
S,TCC,0.00924400673759119,-0.134854940697551,0.154571631923318
S,TCG,0.644588289958239,0.458119469881058,0.83908264786005
T,ACA,0.593759765124321,0.37720542550087,0.823593005537987
T,ACC,0.13730193735229,0.00477312359726057,0.265262544900179
T,ACG,0.636317747998238,0.463894408196211,0.813138550519943
V,GTA,0.0632236206261749,-0.0605271752923727,0.187258926033973
V,GTC,0.494574329787493,0.369219548255205,0.628852581977844
V,GTG,0.375791678538918,0.269510971754789,0.486846765130758
Y,TAC,-0.417442418709397,-0.574275089800358,-0.26628724783659
Z,AGC,-0.488830775763094,-0.708067661523819,-0.275123728811741
