AA,Codon,Posterior,0.025%,0.975%
A,GCA,0.0781177983417467,-0.0270955380052328,0.184297154098749
A,GCC,0.331607157421112,0.203986370936036,0.463625874370337
A,GCG,0.202072306814976,0.0858443604782224,0.324686254560947
C,TGC,-0.232627144048922,-0.531636868417263,0.0733018511906266
D,GAC,-0.248236962449551,-0.353309701383114,-0.141623670607805
E,GAA,-0.199419334959984,-0.309523636102676,-0.0963743830099702
F,TTC,-0.628233387291431,-0.799963188171387,-0.461812321841717
G,GGA,0.931404435265064,0.729976813495159,1.1431365519762
G,GGC,0.133301837003052,0.0196010166779161,0.247594613581896
G,GGG,0.704572669100761,0.527943474054337,0.882845167815685
H,CAC,-0.311718857389502,-0.50164709687233,-0.123756777867675
I,ATA,1.15705097951889,0.883212730288506,1.44923457503319
I,ATC,-0.320850740417838,-0.440684507787228,-0.197032070159912
K,AAA,-0.0909084017205401,-0.202946435660124,0.0251911888364702
L,CTA,0.348705276379734,0.127617771178484,0.577614134550095
L,CTC,-0.378694826504588,-0.538991521298885,-0.212288594245911
L,CTG,-0.717147507798672,-0.868159101903439,-0.567542870342731
L,CTT,-0.187107929399516,-0.361500830948353,-0.0180796131491661
L,TTA,0.174512252314878,-0.0353060718625784,0.380122008174658
N,AAC,-0.716804646503925,-0.895813727378845,-0.542939671874046
P,CCA,-0.220282618006598,-0.423261217027903,-0.0257476142141967
P,CCC,0.45434573264569,0.196397137641907,0.727964536845684
P,CCG,-0.486362498730421,-0.67077063024044,-0.315155316144228
Q,CAA,0.350264383485913,0.21211079210043,0.488616073131561
R,AGA,1.35098639125824,1.06889033019543,1.66528450250626
R,AGG,1.20727648229599,0.937807972729206,1.48733449578285
R,CGA,1.5692143102169,1.27281418740749,1.89379717409611
R,CGC,0.306279496560991,0.173954675719142,0.45277373790741
R,CGG,1.70179819517136,1.35426812469959,2.08308478593826
S,TCA,0.81522184728384,0.554484042525291,1.07775599360466
S,TCC,0.165899117574818,0.00622734166681767,0.335110146552324
S,TCG,0.767057015573978,0.51708747446537,1.02704826593399
T,ACA,0.637458485245705,0.441480243206024,0.840292491018772
T,ACC,0.208684765279759,0.0829813305288553,0.338896476477385
T,ACG,0.531473848247528,0.356910760700703,0.720471735298634
V,GTA,0.0691957490044577,-0.0456783590838313,0.185523343458772
V,GTC,0.416305124878883,0.254847478121519,0.57706041187048
V,GTG,0.284236511158943,0.154377273842692,0.418554831296206
Y,TAC,-0.295910075522959,-0.469408874213696,-0.121590661816299
Z,AGC,-0.680858283960819,-0.931339111924171,-0.451286441087723
