AA,Codon,Posterior,0.025%,0.975%
A,GCA,0.175264208204672,0.0829781303182244,0.268280657380819
A,GCC,0.308584787744284,0.206742810085416,0.41252011731267
A,GCG,0.176656332664192,0.0834589531645179,0.267373371869326
C,TGC,-0.293460720362375,-0.519175183773041,-0.0591898838058114
D,GAC,-0.244386069189012,-0.347753237187862,-0.143722750246525
E,GAA,-0.162516598639637,-0.257024355977774,-0.0704500267282128
F,TTC,-0.6188281052351,-0.77030873298645,-0.478514125943184
G,GGA,0.789211685729027,0.636364731192589,0.93951705545187
G,GGC,0.0995918115729495,0.00727893606526777,0.19506119787693
G,GGG,0.521112523472309,0.396992950886488,0.654143339395523
H,CAC,-0.501559805548191,-0.708779595792294,-0.313441233336925
I,ATA,0.888986614441872,0.699850817024708,1.0857472717762
I,ATC,-0.306561824274063,-0.411592860519886,-0.206032451987267
K,AAA,-0.0728555739280453,-0.171496535092592,0.0236268685664982
L,CTA,0.297041167015769,0.110768931359053,0.482301943749189
L,CTC,-0.345550225132704,-0.485413358360529,-0.208868070691824
L,CTG,-0.624361424362659,-0.754340429604053,-0.4987868309021
L,CTT,-0.164825122204307,-0.312568048387766,-0.01775963017717
L,TTA,0.132730345800595,-0.0336285867728293,0.307922460883856
N,AAC,-0.590488667333126,-0.733622154593468,-0.456319042295217
P,CCA,-0.135197555976124,-0.305662087351084,0.0358743862248957
P,CCC,0.592625660845637,0.350613530725241,0.846605463325977
P,CCG,-0.338013742604852,-0.492081490159035,-0.181461642310023
Q,CAA,0.332009179252386,0.20893381126225,0.449860835075378
R,AGA,1.01422000424862,0.816674900054932,1.22817504405975
R,AGG,1.55869559531212,1.26409215927124,1.84423191547394
R,CGA,1.36884647276402,1.13486261367798,1.63995429575443
R,CGC,0.291809772589803,0.175712595134974,0.41617386341095
R,CGG,1.17263429849148,0.947790302336216,1.41701005101204
S,TCA,0.686517979431152,0.472312336415052,0.918745854496956
S,TCC,0.0372792449063767,-0.109288430213928,0.177762233838439
S,TCG,0.553816778469086,0.35986444875598,0.757042491436005
T,ACA,0.747185830426216,0.55827574878931,0.940264567732811
T,ACC,0.183964821053389,0.0630671693012118,0.303556069731712
T,ACG,0.565659196424484,0.405042201280594,0.729556287825108
V,GTA,0.115768932183692,0.0152972391108051,0.223855814710259
V,GTC,0.350112890768051,0.222403448447585,0.479211284965277
V,GTG,0.35613574681282,0.234905292466283,0.48515530154109
Y,TAC,-0.364297523972392,-0.52355367988348,-0.202433021739125
Z,AGC,-0.513219805788994,-0.720427969098091,-0.318671045452356
