AA,Codon,Posterior,0.025%,0.975%
A,GCA,0.220077172552049,0.109865201823413,0.332602141052485
A,GCC,0.512860148644447,0.376192232221365,0.670071992278099
A,GCG,0.319136030751467,0.199089451879263,0.442056762427092
C,TGC,-0.297649067048705,-0.625662894546986,0.0172887437511236
D,GAC,-0.386485770726204,-0.519934016466141,-0.257289784401655
E,GAA,-0.150784848544234,-0.266793865710497,-0.041146532446146
F,TTC,-0.616243198084831,-0.811970438063145,-0.431938598304987
G,GGA,0.809008742082119,0.609299755096436,1.01921998560429
G,GGC,0.113837004092312,0.00854319934733212,0.219865798205137
G,GGG,0.594542109262943,0.430575431138277,0.779787249863148
H,CAC,-0.408599673417211,-0.621533203125,-0.192569097131491
I,ATA,1.05407227041721,0.772188518941402,1.36386635899544
I,ATC,-0.335793563434482,-0.470829619467258,-0.209137078374624
K,AAA,-0.203410288008302,-0.321711140871048,-0.0890225782990455
L,CTA,0.143307010015508,-0.0866007477045059,0.38120855987072
L,CTC,-0.203816612822581,-0.399543029814959,-0.0135552679654209
L,CTG,-0.724320492601395,-0.894878573715687,-0.559554459154606
L,CTT,-0.172948757951212,-0.370099341124296,0.0193563088309022
L,TTA,0.222665337156481,-0.0181150154210627,0.472119656950236
N,AAC,-0.741169421851635,-0.954352210462093,-0.530458053946495
P,CCA,-0.0393743163710213,-0.267532160878181,0.189538372308016
P,CCC,0.502738090119511,0.213345758244395,0.825130185484886
P,CCG,-0.519919670689106,-0.716689926385879,-0.329798455536365
Q,CAA,0.446259288185835,0.285208337008953,0.621426221728325
R,AGA,1.35792968177795,1.0381382972002,1.71783529818058
R,AGG,1.40866469285488,1.07099393010139,1.79056856632233
R,CGA,1.6796963300705,1.31153574585915,2.1099732875824
R,CGC,0.263850804543495,0.117152013070881,0.41962046250701
R,CGG,1.35274605045319,1.04443239569664,1.7109193444252
S,TCA,0.60184821280241,0.357578982412815,0.867607715725899
S,TCC,0.0519087253423448,-0.102836179174483,0.216491951420903
S,TCG,0.668391775208712,0.427064734697342,0.960608984529972
T,ACA,0.714022900164127,0.49385771676898,0.945315366983414
T,ACC,0.208035855194647,0.0635839350521565,0.357234771549702
T,ACG,0.601075264322758,0.404702766984701,0.803782717883587
V,GTA,0.0838028469634271,-0.0486314943991601,0.218632428720593
V,GTC,0.303420190260373,0.139698770269752,0.464637423306704
V,GTG,0.345469350120425,0.187815354391932,0.506825570762158
Y,TAC,-0.418092440140247,-0.614611054956913,-0.234957812726497
Z,AGC,-0.683215356302261,-0.949636699259281,-0.439382087439298
