AA,Codon,Posterior,0.025%,0.975%
A,GCA,-0.465416539797187,-0.574416579306126,-0.359748601913452
A,GCC,-1.03748746904135,-1.14145217239857,-0.933620171248913
A,GCG,-1.23319073944092,-1.33254785835743,-1.13570108413696
C,TGC,-0.101978071075799,-0.296424401551485,0.096523361094296
D,GAC,0.8256439016819,0.719005487859249,0.930717206001282
E,GAA,-0.606516565930843,-0.712070265412331,-0.502920208871365
F,TTC,0.785810076451302,0.668678849935532,0.90126091837883
G,GGA,0.0200559219798513,-0.172141031548381,0.208584531396627
G,GGC,-0.385469809445739,-0.47945308983326,-0.288627720624209
G,GGG,-0.00520154250494088,-0.151881545037031,0.141158244758844
H,CAC,0.73016742593646,0.582209165394306,0.883705089986324
I,ATA,1.18184642595053,0.932656182348728,1.42773706316948
I,ATC,0.491704431509972,0.404858610033989,0.580531685054302
K,AAA,-1.06865149649382,-1.17523384094238,-0.962905851006508
L,CTA,0.991453891193867,0.777334694564342,1.21296731829643
L,CTC,0.485311172875762,0.347211071848869,0.620960278809071
L,CTG,-0.768007475209236,-0.872449359297752,-0.664075811207295
L,CTT,0.425320704221725,0.284674174338579,0.56350270062685
L,TTA,-0.039715572278927,-0.174826294928789,0.0987386034801602
N,AAC,0.228974003395438,0.104980143345892,0.353456874936819
P,CCA,0.0409357176755857,-0.133651978522539,0.222878156229854
P,CCC,-0.260213773729163,-0.475907123088837,-0.0415852802805603
P,CCG,-0.876859229922295,-1.02933875620365,-0.721444922685623
Q,CAA,0.282981600902975,0.173267332091928,0.391360095143318
R,AGA,1.51313583378792,1.17508414685726,1.848526725173
R,AGG,1.04643620059192,0.625595031678677,1.44993268847466
R,CGA,0.656130112713575,0.406484737992287,0.89299868196249
R,CGC,-0.504037676113844,-0.60235799998045,-0.40972300991416
R,CGG,0.0666221264664891,-0.12889796718955,0.259451289474964
S,TCA,-0.192661163744016,-0.378940338641405,-0.0143344219774009
S,TCC,-0.161332251063909,-0.298859068006277,-0.0217038167640567
S,TCG,-0.796822716701031,-0.947932358086109,-0.641121488809586
T,ACA,-0.235381115700374,-0.407308591902256,-0.0568211588077248
T,ACC,-1.21445508297682,-1.33483700752258,-1.10013920068741
T,ACG,-1.116139597857,-1.25226044356823,-0.978158706426621
V,GTA,0.449216223332286,0.32636316716671,0.574522994458675
V,GTC,-0.378478285908699,-0.492311785370111,-0.265077712386847
V,GTG,-0.871502596700191,-0.970884092152119,-0.771457125246525
Y,TAC,0.556673445689678,0.407919921725988,0.707525324821472
Z,AGC,-0.257321539401202,-0.412287890166044,-0.0977978026494386
