AA,Codon,Posterior,0.025%,0.975%
A,GCA,0.152734317962797,-0.0059720189194195,0.308004454523325
A,GCC,0.351243727950007,0.198101201280952,0.5000398889184
A,GCG,0.376460814587772,0.224859373643994,0.525840306282043
C,TGC,-0.228651316627892,-0.627948935329914,0.147593351081014
D,GAC,-0.292386592533812,-0.42835890352726,-0.156888934969902
E,GAA,-0.325001883161487,-0.488610669225454,-0.172068433463574
F,TTC,-0.64884520187676,-0.856923159956932,-0.449671299755573
G,GGA,1.52154899610281,1.13025084733963,1.97045194804668
G,GGC,0.110621314468706,-0.021068034786731,0.240660932660103
G,GGG,0.755445037740469,0.522629231214523,1.0102194994688
H,CAC,-0.56418981653899,-0.839434388279915,-0.298723735660315
I,ATA,2.49369241634607,1.54725497663021,3.67370244860649
I,ATC,-0.395238867723942,-0.539084918797016,-0.255994030833244
K,AAA,-0.0704160424612288,-0.241702581197023,0.085702370852232
L,CTA,0.65500260333023,0.101802891306579,1.27720020115376
L,CTC,-0.544650933521986,-0.807440721988678,-0.283253266662359
L,CTG,-0.793936192721128,-1.0258307993412,-0.578530178964139
L,CTT,-0.108266695003144,-0.420317380875349,0.222059839218854
L,TTA,0.385199432009156,0.0406081274151802,0.74364692568779
N,AAC,-0.613884091514349,-0.817132793366909,-0.422824215143919
P,CCA,-0.0245325039781812,-0.38173431456089,0.326982913166284
P,CCC,0.680203788124025,0.222200640663505,1.16639975309372
P,CCG,-0.580695667639375,-0.870116716623306,-0.322796360403299
Q,CAA,0.460299595761299,0.266645629703999,0.668828491866588
R,AGA,2.12731872330904,1.12700787186623,3.49531681537628
R,AGG,5.76169703390598,2.98810429573059,9.91447868347168
R,CGA,1.97532881299257,1.28808043301105,2.77756816744804
R,CGC,0.176159736569534,0.0372225903905928,0.309518051147461
R,CGG,1.64118622983694,1.18529871702194,2.15049885511398
S,TCA,0.75707367797792,0.428027240931988,1.11418760120869
S,TCC,-0.0121634594875562,-0.199507283419371,0.176442217826843
S,TCG,0.710360967278481,0.449289344251156,0.991497810184955
T,ACA,0.863000540697575,0.526436969637871,1.23516757190227
T,ACC,0.172226315702964,0.0202817008830607,0.321517825126648
T,ACG,0.685104784631729,0.462554635852575,0.903848229348659
V,GTA,0.110611931023137,-0.0585697079077363,0.283034352958202
V,GTC,0.57707996532321,0.387990801036358,0.77995538264513
V,GTG,0.486094665500522,0.331016515940428,0.644262216985226
Y,TAC,-0.402272080925666,-0.613295024633408,-0.205508384108543
Z,AGC,-0.424943739068706,-0.752353581786156,-0.112186912633479
