AA,Codon,Posterior,0.025%,0.975%
A,GCA,0.148615323715657,0.078031212836504,0.220028242841363
A,GCC,0.429325401729345,0.352908777445555,0.509190541505814
A,GCG,0.291767300650477,0.222027531638742,0.35883968397975
C,TGC,-0.130433039357753,-0.314417442679405,0.0432222088798879
D,GAC,-0.369137045818567,-0.450111698359251,-0.288361310213804
E,GAA,-0.148005547022913,-0.231168506294489,-0.069136530160904
F,TTC,-0.611847561144829,-0.717715092003345,-0.509935161471367
G,GGA,1.47479853901863,1.2403451025486,1.71681397557259
G,GGC,0.148619641315285,0.0845666561275721,0.213280702009797
G,GGG,0.847872418642044,0.702614024281502,1.00332824885845
H,CAC,-0.520033964568377,-0.655658258497715,-0.38863372951746
I,ATA,1.53443191580772,1.17757745683193,1.90531754493713
I,ATC,-0.39304076204896,-0.465161705762148,-0.322652999311686
K,AAA,-0.0582645391652775,-0.127993557602167,0.0107240779092535
L,CTA,0.489751490754192,0.213021833077073,0.782901012897491
L,CTC,-0.40501482732296,-0.547959202528,-0.260329600423575
L,CTG,-0.734086473023891,-0.850958672165871,-0.617397601902485
L,CTT,-0.176675015910299,-0.334254394471645,-0.0215516562573612
L,TTA,0.116393870069948,-0.0425101482309401,0.276490800827741
N,AAC,-0.662315277522802,-0.776493255794048,-0.546574793756008
P,CCA,-0.255525810786244,-0.437676686793566,-0.0809088906273247
P,CCC,0.682926769092679,0.414145433157682,0.964003543555737
P,CCG,-0.465569039702415,-0.625643754005432,-0.313933405280113
Q,CAA,0.392074589887261,0.289956560730934,0.496865008771419
R,AGA,1.60786327873468,1.14836173653603,2.09820662736893
R,AGG,3.0123214807272,2.28333748579025,3.83619790673256
R,CGA,1.66832584762573,1.34255894720554,2.02762880325317
R,CGC,0.364010962003469,0.288544245064259,0.43859301880002
R,CGG,1.53681163270473,1.28675465881825,1.79291880428791
S,TCA,0.658441761249304,0.497186568379402,0.827861131727695
S,TCC,0.110226477725012,0.0209321810398251,0.198820174112916
S,TCG,0.724204664504528,0.585047873854637,0.860184872150421
T,ACA,0.712669178944826,0.542483624815941,0.888236375153064
T,ACC,0.106976044463081,0.0315671161748469,0.18386941626668
T,ACG,0.630485116291046,0.518984165787697,0.748974250257015
V,GTA,0.0910228149748407,0.0148163572885096,0.168592609465122
V,GTC,0.418944368058443,0.330960536748171,0.511800140142441
V,GTG,0.391574749606848,0.31789863333106,0.465400882810354
Y,TAC,-0.357662979912758,-0.484716121852398,-0.234978992119432
Z,AGC,-0.629309544914961,-0.792962230741978,-0.470221259444952
