AA,Codon,Posterior,0.025%,0.975%
A,GCA,-0.34848487058226,-0.467778472602367,-0.227821203693748
A,GCC,-0.70887765750885,-0.877446281909943,-0.551957193017006
A,GCG,-0.899060795928165,-1.05907283723354,-0.715719193220139
C,TGC,0.0729269504384339,-0.201271948963404,0.372904021292925
D,GAC,0.692450197683834,0.571518377959728,0.830477750301361
E,GAA,-0.667937910016021,-0.803525158762932,-0.477725565433503
F,TTC,0.755492427099124,0.624370436370373,0.895586352050304
G,GGA,0.0791819924974581,-0.245789181813598,0.32383204549551
G,GGC,-0.291329868236184,-0.397891647368669,-0.183697034418583
G,GGG,0.0172216843964285,-0.285183878988028,0.222056514769792
H,CAC,0.56160898899734,0.377102541923523,0.771383939683437
I,ATA,0.519837907254975,0.0601837588474154,0.92380236685276
I,ATC,0.497857004442811,0.388544623553753,0.625822767615318
K,AAA,-1.10694817819027,-1.23773184418678,-0.949859432876111
L,CTA,0.984339141403954,0.616535429656506,1.26537556350231
L,CTC,0.433293393144943,0.260399580746889,0.621593227982521
L,CTG,-0.793033850605763,-0.944461742043495,-0.604241631925108
L,CTT,0.290398379073758,0.100231911614537,0.466494097560644
L,TTA,-0.100186871607271,-0.262261045724154,0.0663855342194438
N,AAC,0.211845334032155,0.0713436845690012,0.379472866654396
P,CCA,-0.023901421158712,-0.202129872143269,0.141603634133935
P,CCC,0.0138463069125602,-0.167491224035621,0.185870456323027
P,CCG,-0.712154006849974,-0.86540679037571,-0.543120114505292
Q,CAA,0.372030555290682,0.248917140811682,0.484782467037439
R,AGA,1.37286981452079,0.865455295145512,1.62613459825516
R,AGG,1.74940749024646,1.1937986344099,2.10044961571693
R,CGA,0.973659215040039,0.567119216918946,1.18350556790829
R,CGC,-0.260795361459162,-0.382652074843645,-0.152409886568785
R,CGG,0.68147864457611,0.204266719520092,0.90801812261343
S,TCA,-0.140064973462106,-0.340495321899652,0.0272027602419257
S,TCC,-0.0380439147006873,-0.192179207503796,0.116706664301455
S,TCG,-0.228555913207063,-0.432617697119713,-0.0408592806197709
T,ACA,-0.289141496781074,-0.459845100343227,-0.121926961094142
T,ACC,-0.964968883968564,-1.1024202644825,-0.825168105959893
T,ACG,-0.645704639526084,-0.813511481881142,-0.483983267843723
V,GTA,0.43566175327003,0.309941352158785,0.564646829664707
V,GTC,-0.0489289458858509,-0.205506173148751,0.0777599606662988
V,GTG,-0.555869743504748,-0.713829055428505,-0.413854536414146
Y,TAC,0.37081405631392,0.222368305549026,0.540138168632984
Z,AGC,-0.448673696193285,-0.577943606674671,-0.303089049458504
