AA,Codon,Posterior,0.025%,0.975%
A,GCA,0.102112057116731,-0.0361232215538621,0.227359246835112
A,GCC,0.307607396657334,0.140501850098372,0.475080963224173
A,GCG,0.0184347645154452,-0.149222597852349,0.158351384103298
C,TGC,-0.340361150471534,-0.683063647150993,-0.0281295837834482
D,GAC,-0.278752347416431,-0.419625236093998,-0.155185540765524
E,GAA,-0.148783365818919,-0.330972650647163,-0.0125780422706157
F,TTC,-0.720987301469501,-0.899633160233498,-0.548648789525032
G,GGA,1.59489183137417,1.18437713682652,2.12570052742958
G,GGC,0.0469928137597584,-0.0475358634255827,0.144910587742925
G,GGG,0.978652448880672,0.699860444664955,1.37505749166012
H,CAC,-0.456219556561485,-0.692816354334354,-0.259559212625027
I,ATA,3.37894513607025,2.30100143551826,4.66548310518265
I,ATC,-0.432030782011151,-0.575136817991734,-0.309026671946049
K,AAA,-0.174333119216913,-0.364190176129341,-0.0265568757895381
L,CTA,0.605067266086256,0.0918056486174464,1.23543113768101
L,CTC,-0.317443184146611,-0.570304165780544,-0.0541271350346507
L,CTG,-0.847891588848829,-1.09654967486858,-0.63930343836546
L,CTT,0.208819353269369,-0.0828809866681695,0.534161081910133
L,TTA,0.519942964836839,0.229338263347745,0.81067251265049
N,AAC,-0.618335183930397,-0.823863688111305,-0.439535862207413
P,CCA,-0.362985903635481,-0.656698828935623,-0.0702811127528549
P,CCC,0.38118422954632,0.0199321043677628,0.766740733385086
P,CCG,-0.923620982068777,-1.22962705790997,-0.67234660834074
Q,CAA,0.465220115748048,0.299080797284842,0.650419595837593
R,AGA,2.89606519007683,2.08628510832787,3.79978133440018
R,AGG,2.24888596304655,1.37539989948273,3.29597882628441
R,CGA,1.27813590354919,0.88410407602787,1.80008089244366
R,CGC,0.280890977136418,0.169251691550016,0.406328219920397
R,CGG,1.1040081320405,0.762748090922832,1.67838968932629
S,TCA,0.543222990629077,0.302940107882023,0.812986943125725
S,TCC,-0.0187794549561507,-0.195819852128625,0.148618111386895
S,TCG,0.14588496704978,-0.055116068944335,0.34490377753973
T,ACA,1.00956039617658,0.703586782515049,1.32636183202267
T,ACC,-0.0256626284074508,-0.179917449876666,0.111405294388533
T,ACG,0.257435431632734,0.0683652171865106,0.438698647171259
V,GTA,-0.0216382050710068,-0.162119490280747,0.108235788345337
V,GTC,0.30930241150409,0.160224129259586,0.483441775292158
V,GTG,0.0476891225274572,-0.0842077814042568,0.178691214323044
Y,TAC,-0.263067582158465,-0.438645268976688,-0.107362626306713
Z,AGC,-0.37118561513871,-0.599671207368374,-0.171759813651443
