AA,Codon,Posterior,0.025%,0.975%
A,GCA,0.106592211400467,0.0188136156182736,0.205841370671987
A,GCC,0.30585979863056,0.162195287272334,0.475576408207417
A,GCG,0.443618217920326,0.266885317862034,0.608656173944473
C,TGC,-0.192974302964773,-0.518394960463047,0.103675236552954
D,GAC,-0.155874386812648,-0.27953585460782,-0.0533299391157925
E,GAA,-0.22075398611594,-0.419930434972048,-0.0857489103451372
F,TTC,-0.0819267113596455,-0.202172289043665,0.0316810615360736
G,GGA,0.88976044344306,0.583820530772209,1.31078846156597
G,GGC,0.0622758369623756,-0.0246749282348901,0.147531524673104
G,GGG,0.801044840103388,0.559389200806618,1.1481837272644
H,CAC,-0.252237174598069,-0.455088840425015,-0.0831652088090781
I,ATA,1.75263011168242,1.04381344914436,2.57072796821594
I,ATC,-0.219865319588594,-0.344957435131073,-0.123098677024245
K,AAA,-0.0180065913281614,-0.157146190106869,0.0936868513002991
L,CTA,0.208628409025197,-0.156591331586242,0.700266396999359
L,CTC,-0.324455225193757,-0.521212007105351,-0.148520254716277
L,CTG,-0.351211547706276,-0.555300208926201,-0.188206316530705
L,CTT,-0.335824362146214,-0.52098386734724,-0.125692315772176
L,TTA,-0.191187818617455,-0.379992501437664,-0.00903425274882472
N,AAC,-0.224478918431979,-0.38425362482667,-0.0959834875538946
P,CCA,0.0908666869168708,-0.0455266821198165,0.246779667213559
P,CCC,0.132915356660276,-0.012824235484004,0.306073873490095
P,CCG,0.0907849165155709,-0.0469678967259824,0.225833724811673
Q,CAA,-0.0663235033512741,-0.168095187470317,0.0457568053156137
R,AGA,0.403865216209367,0.157151418551803,0.983274443447588
R,AGG,0.78407845338881,0.37458355948329,1.49997048377991
R,CGA,0.437244744406641,0.228276459500194,0.869840012490749
R,CGC,0.126367666424555,0.0391595545224845,0.238970465585589
R,CGG,0.637391674125195,0.385470843315124,1.14387299418449
S,TCA,0.276033166229539,0.125412261858583,0.472544541954994
S,TCC,0.0643700652189975,-0.0540987521409988,0.19089388102293
S,TCG,0.443872620975785,0.247645706683397,0.656577514111995
T,ACA,0.247471777849086,0.117658157646656,0.40569297671318
T,ACC,0.172288574631582,0.0705869501456618,0.288307834416628
T,ACG,0.349732962409034,0.207153103873134,0.509723840653896
V,GTA,0.0250755604287539,-0.066788767836988,0.126202306523919
V,GTC,0.24426996941641,0.132883761450648,0.405711560696363
V,GTG,0.448533371079993,0.30662961602211,0.615758703649044
Y,TAC,-0.141024000583147,-0.292031263560057,0.00304217259981659
Z,AGC,-0.0245914659460641,-0.15493030808866,0.0900520747527478
