AA,Codon,Posterior,0.025%,0.975%
A,GCA,-0.375126404902339,-0.465009574592114,-0.285045068711042
A,GCC,-0.801864952385426,-0.891397847235203,-0.710155887901783
A,GCG,-0.915835021364689,-1.00324647128582,-0.826642273366451
C,TGC,0.00802673543571345,-0.168195331096649,0.184412222355604
D,GAC,0.81615948741436,0.725345501303673,0.906757920980453
E,GAA,-0.706266800057888,-0.799152380228043,-0.613419152796268
F,TTC,0.890444630503655,0.791524401307106,0.990754714608192
G,GGA,0.0950472140404297,-0.0452345999889076,0.235562881454825
G,GGC,-0.428197477412224,-0.513608594238758,-0.342789030075073
G,GGG,0.01559472658596,-0.105925249122083,0.141617483645678
H,CAC,0.632581862324476,0.499816733598709,0.765615545213223
I,ATA,1.11768528057337,0.958409656584263,1.27422615289688
I,ATC,0.530035015678406,0.453618602454662,0.607593670487404
K,AAA,-1.15155675894022,-1.24468046426773,-1.05688602924347
L,CTA,0.967503311061859,0.796515235304832,1.14314538836479
L,CTC,0.320043474635482,0.202256547659636,0.435383073240519
L,CTG,-0.760677826619148,-0.852155680954456,-0.669218429923058
L,CTT,0.167865534077276,0.0545538087375462,0.284699437022209
L,TTA,-0.283426950152218,-0.390427033603191,-0.174249410629272
N,AAC,0.439535128366947,0.335229680687189,0.545386181771755
P,CCA,0.0717055008645462,-0.0719466993585229,0.219069668278098
P,CCC,-0.307549075831845,-0.470788248628378,-0.145781272649765
P,CCG,-0.532444469469786,-0.655823747813702,-0.41120974496007
Q,CAA,0.246232537844777,0.149761126935482,0.34423148855567
R,AGA,1.00121567999125,0.788935439288616,1.22026905715466
R,AGG,1.47311977897882,1.17680762708187,1.76555122435093
R,CGA,0.384877951071411,0.199305035918951,0.566384389996529
R,CGC,-0.369122929364443,-0.458602247387171,-0.280478114634752
R,CGG,0.0615838217021021,-0.117129986174405,0.240329904109239
S,TCA,-0.366098045197129,-0.505261887609959,-0.226501927897334
S,TCC,-0.0519799253051844,-0.17238107547164,0.0715241879224776
S,TCG,-0.526217435508966,-0.670282454788685,-0.381055111438036
T,ACA,-0.50079874740839,-0.630766330659389,-0.368216329813004
T,ACC,-0.973907100069523,-1.07385116517544,-0.870552009344101
T,ACG,-0.945456827139854,-1.06943705976009,-0.82567971944809
V,GTA,0.523365113335848,0.426560387015343,0.623805901408195
V,GTC,-0.119157413939782,-0.214218171313405,-0.0229033735580744
V,GTG,-0.560422833567858,-0.650466948747635,-0.471588732302189
Y,TAC,0.552136187970638,0.4279924698174,0.678156350553036
Z,AGC,-0.285847219622135,-0.41133726388216,-0.160981621965766
