AA,Codon,Posterior,0.025%,0.975%
A,GCA,0.157451107628923,0.057446267735213,0.258714084327221
A,GCC,0.237324531775713,0.139088917523623,0.338092295825481
A,GCG,0.0900040506632478,-0.000184610983342277,0.181314801424742
C,TGC,-0.430696366182715,-0.661399273574352,-0.20524799823761
D,GAC,-0.32191882674098,-0.40655741840601,-0.239912713691592
E,GAA,-0.174352879370749,-0.269085809588432,-0.0843370452523232
F,TTC,-0.883421766793728,-1.00151882171631,-0.767014935612679
G,GGA,1.34741457976103,1.14789659976959,1.56075012385845
G,GGC,0.189211813512445,0.114463860169053,0.263077849894762
G,GGG,0.860791625165939,0.715005913376808,1.01035671830177
H,CAC,-0.572627994740009,-0.727704913914204,-0.418109530210495
I,ATA,2.13449372572899,1.70947980880737,2.56165552139282
I,ATC,-0.46996502802372,-0.551803578436375,-0.387741536647081
K,AAA,-0.164436577305291,-0.272545750439167,-0.0586992330849171
L,CTA,0.644183782359958,0.346132323890924,0.969527082145213
L,CTC,-0.250952844288218,-0.406506230682135,-0.0910326041281223
L,CTG,-0.814239639544487,-0.943189179897308,-0.690647506713867
L,CTT,0.219445673530945,0.0364286848343909,0.404888834804296
L,TTA,0.573977616393566,0.395803564786911,0.755501632392406
N,AAC,-0.913037415039539,-1.04354683160782,-0.78372595757246
P,CCA,-0.33047480732901,-0.546317636966705,-0.119879138469696
P,CCC,0.710046620738506,0.435566660761833,1.00175132751465
P,CCG,-0.920901171731949,-1.1036930680275,-0.743034294247627
Q,CAA,0.624690508174896,0.499792616814375,0.754656647145748
R,AGA,2.70100594382286,2.12965462207794,3.34641178846359
R,AGG,2.62361318831444,1.92801629602909,3.42290368080139
R,CGA,2.25706039245129,1.8724988847971,2.66127052903175
R,CGC,0.303494262239337,0.21607278957963,0.393478143960237
R,CGG,1.81063096888065,1.52450005412102,2.10038133263588
S,TCA,0.773607115757465,0.60297477543354,0.945992457866669
S,TCC,0.101717559973467,-0.00700972247868776,0.210970988124609
S,TCG,0.489759970229864,0.352783463895321,0.627772071957588
T,ACA,0.939599621677399,0.753426991403103,1.13321930468082
T,ACC,-0.00769191707160594,-0.106390555202961,0.0878606058657167
T,ACG,0.475793749856949,0.34450421705842,0.612219205498695
V,GTA,0.0356121998820579,-0.061411156039685,0.132416089251637
V,GTC,0.423620085257292,0.314637178182602,0.536662608385086
V,GTG,0.156570674265176,0.0739693511277437,0.238592957705259
Y,TAC,-0.349631287664175,-0.468230948597193,-0.231343150138855
Z,AGC,-0.601715550380945,-0.780844141542911,-0.428096499294043
