AA,Codon,Posterior,0.025%,0.975%
A,GCA,0.125494704870507,0.0662436185404658,0.186998374015093
A,GCC,0.398765751498938,0.328212611377239,0.469312683492899
A,GCG,0.423266989815235,0.355075074732304,0.493523658812046
C,TGC,-0.136804933421395,-0.306803937256336,0.0290358050726353
D,GAC,-0.257018949437141,-0.330135627835989,-0.185277584567666
E,GAA,-0.161305180843174,-0.241286883875728,-0.0830712188035252
F,TTC,-0.235963164545596,-0.322347693145275,-0.151842449232936
G,GGA,0.757595510470867,0.616329269111156,0.903407338261604
G,GGC,0.169137414969131,0.107842035777867,0.234011946618557
G,GGG,0.677697305113077,0.555390302836895,0.806063571572303
H,CAC,-0.3242065987885,-0.436563037335873,-0.210835236310959
I,ATA,0.648504789286852,0.474388809502125,0.83159708827734
I,ATC,-0.245480169390142,-0.308377183228731,-0.184306633844972
K,AAA,0.0223733912149117,-0.042453957349062,0.0850848658010363
L,CTA,0.182293555115018,-0.00219483128748834,0.367615601420402
L,CTC,-0.198882367989118,-0.31045026704669,-0.0855761596933007
L,CTG,-0.37420187138319,-0.464635539799929,-0.282226649671793
L,CTT,-0.200849849380553,-0.309005086123943,-0.09156266823411
L,TTA,0.000628137329330275,-0.110972277075052,0.109638725407422
N,AAC,-0.425688044852018,-0.516483379900455,-0.339285582304001
P,CCA,0.0165754747631195,-0.108203196339309,0.140871580690145
P,CCC,0.527166762810946,0.361494492739439,0.699392445385456
P,CCG,-0.054563445753391,-0.158356795832515,0.0488248464651405
Q,CAA,0.0611189986653331,-0.0183022065088153,0.142144129797816
R,AGA,0.825211150044203,0.600485193729401,1.0619791328907
R,AGG,1.12463772917986,0.771445402503014,1.50779469013214
R,CGA,1.1359586234808,0.913693405687809,1.36889073848724
R,CGC,0.224047701711953,0.153767873346806,0.293876824527979
R,CGG,1.43209856045246,1.20361667871475,1.67443380653858
S,TCA,0.465075836861134,0.343028494715691,0.590047384798526
S,TCC,0.0761090258180571,-0.0135897496715188,0.164324013143778
S,TCG,0.774058378648758,0.630459094047546,0.920815961062908
T,ACA,0.453587402239442,0.351544518768787,0.565144741535187
T,ACC,0.194702085147798,0.122440460883081,0.267484609782696
T,ACG,0.663102217668295,0.555169025063515,0.774432562291622
V,GTA,-0.0587953436830741,-0.12493878621608,0.00480454752687353
V,GTC,0.298424151432514,0.219457889348269,0.3784199655056
V,GTG,0.436427384591103,0.358314563333988,0.514045412838459
Y,TAC,-0.307397303587198,-0.421593304723501,-0.190975389629603
Z,AGC,-0.162570091098844,-0.279729568213224,-0.0473658040165901
