AA,Codon,Posterior,0.025%,0.975%
A,GCA,-0.338787970364094,-0.430763847380877,-0.240227759256959
A,GCC,-0.71203079032898,-0.810077592730522,-0.611543036997318
A,GCG,-0.776107718586922,-0.87479500323534,-0.679291935265064
C,TGC,0.0488999727425326,-0.148797352612019,0.245641098544002
D,GAC,0.727403569173813,0.628191566467285,0.830261114239693
E,GAA,-0.724573744916916,-0.826833868026733,-0.617985464632511
F,TTC,0.888449334049225,0.778310061991215,1.00075002014637
G,GGA,0.12314879344851,-0.028900283947587,0.276240786910057
G,GGC,-0.435807148528099,-0.533821524679661,-0.338415069133043
G,GGG,0.0653772384058015,-0.0756064414978027,0.205360039323568
H,CAC,0.535968599271774,0.397484584897757,0.677147446572781
I,ATA,1.11692198755741,0.948357735574245,1.29015863239765
I,ATC,0.482259462416172,0.400980772823095,0.565314428508282
K,AAA,-1.12720706250668,-1.23206900060177,-1.02272563874722
L,CTA,1.00416299278736,0.826477752625942,1.18131719827652
L,CTC,0.298065880849957,0.174571515992284,0.42692217156291
L,CTG,-0.764204896140099,-0.861612355709076,-0.667931504547596
L,CTT,0.16582367145298,0.0402443898841739,0.284375606477261
L,TTA,-0.246180926807225,-0.359794314950705,-0.129687495902181
N,AAC,0.39607285066843,0.28157045096159,0.514153011143208
P,CCA,0.110308680917276,-0.0463382764719427,0.2675108499825
P,CCC,-0.302783373410068,-0.466250167042017,-0.133715933561325
P,CCG,-0.508355917084217,-0.643325370550156,-0.370253320783377
Q,CAA,0.25785367808938,0.153382835909724,0.353959365934134
R,AGA,1.011040625,0.793244022130966,1.22416033744812
R,AGG,1.3954363022089,1.12157499194145,1.69238387644291
R,CGA,0.481912742844224,0.2887809433043,0.680929806828499
R,CGC,-0.305165040177107,-0.404289782047272,-0.207886612415314
R,CGG,0.144458417638484,-0.0494466120377183,0.334388443082571
S,TCA,-0.271266488975286,-0.413102140277624,-0.122272875718772
S,TCC,-0.000605245450205257,-0.137702981382608,0.136536150425673
S,TCG,-0.42513256560564,-0.587573163211346,-0.264363181591034
T,ACA,-0.481021604722738,-0.618855181336403,-0.34220457226038
T,ACC,-0.954295346736908,-1.06168791353703,-0.84463224709034
T,ACG,-0.865729804086685,-0.999255795776844,-0.731349544227123
V,GTA,0.562075279986858,0.454012741148472,0.674676990509033
V,GTC,-0.0635563524406054,-0.173113001137972,0.0488623165525496
V,GTG,-0.477267440891266,-0.575330676138401,-0.378913853317499
Y,TAC,0.385933829884231,0.24800836071372,0.528898599743843
Z,AGC,-0.308857479268312,-0.441227152198553,-0.178200468793511
