AA,Codon,Posterior,0.025%,0.975%
A,GCA,0.108628421518952,0.0452128376811743,0.174205944687128
A,GCC,0.349341259539127,0.276546660065651,0.425476348400116
A,GCG,0.339410509544611,0.266457191109657,0.41460073068738
C,TGC,-0.166797643071269,-0.345825815200806,0.011320602730848
D,GAC,-0.204276339451969,-0.28195853754878,-0.126333345100284
E,GAA,-0.152003322206438,-0.231902615353465,-0.0717217093333602
F,TTC,-0.234437418913841,-0.321503631770611,-0.146734334155917
G,GGA,0.734321139192581,0.581395114958286,0.880324478447437
G,GGC,0.175191943019629,0.108217509649694,0.243652473017573
G,GGG,0.637320033478737,0.510760153830051,0.773801256716251
H,CAC,-0.260262889935076,-0.382563361525536,-0.140408227965236
I,ATA,0.644063279390335,0.467444673925638,0.832343772053719
I,ATC,-0.217245425236225,-0.281941429525614,-0.152910041809082
K,AAA,0.0106480586356261,-0.0557328612543643,0.0779004596173763
L,CTA,0.147883243638114,-0.0385846935212612,0.335689562559128
L,CTC,-0.183004252703488,-0.304178509116173,-0.0644925624132156
L,CTG,-0.371471045529842,-0.464195615798235,-0.275005570799112
L,CTT,-0.198353714779291,-0.312196470052004,-0.0781986143440008
L,TTA,-0.0290783948354028,-0.142403948679566,0.0882390776649118
N,AAC,-0.398886076873541,-0.495515449345112,-0.303600399196148
P,CCA,-0.00661881175470698,-0.132582360133529,0.121706105023623
P,CCC,0.528810198009014,0.350196802616119,0.709556858241558
P,CCG,-0.0685828158967284,-0.183743964880705,0.0446752295829357
Q,CAA,0.0541254184131685,-0.0249812009744346,0.139462906494737
R,AGA,0.824036428356171,0.596304702758789,1.06933377683163
R,AGG,1.22882266466618,0.891409321129322,1.58102799057961
R,CGA,1.05479331870079,0.825958992540836,1.28234154880047
R,CGC,0.187250695514679,0.117243294045329,0.260188392549753
R,CGG,1.35522090940475,1.10948021709919,1.6158572614193
S,TCA,0.40583434278965,0.283782824873924,0.531707036495209
S,TCC,0.0510156827412138,-0.0452620559372008,0.145455555617809
S,TCG,0.703688088488579,0.549594412744045,0.862162174284458
T,ACA,0.444134543943405,0.33443751335144,0.555441421270371
T,ACC,0.185015091130137,0.109657362289727,0.261947995424271
T,ACG,0.606171600723267,0.49683453887701,0.721809412539005
V,GTA,-0.0767447075232398,-0.143904174491763,-0.00726758197415618
V,GTC,0.267055099916458,0.181787082925439,0.351353342831135
V,GTG,0.384659043169022,0.30638490319252,0.46627879217267
Y,TAC,-0.197677972527221,-0.322655832767487,-0.0757868016138673
Z,AGC,-0.146402527854367,-0.268399030715227,-0.0290697572287172
