AA,Codon,Posterior,0.025%,0.975%
A,GCA,0.170412244733458,0.00226768443826586,0.345896991342306
A,GCC,0.284645499860775,0.112795019894838,0.4589330509305
A,GCG,-0.0145878851031411,-0.156290436536074,0.128898557275534
C,TGC,-0.373616023773677,-0.759844781458378,-0.016456743981689
D,GAC,-0.299996549630165,-0.428065422177315,-0.167193138599396
E,GAA,-0.0308150133736038,-0.15583480745554,0.0958305967971683
F,TTC,-0.646640519487858,-0.843200908601284,-0.464881430566311
G,GGA,1.01718376522064,0.727935920655727,1.33066400587559
G,GGC,0.120832836261971,-0.00392901161685586,0.250075932964683
G,GGG,0.925993197369576,0.671058842539787,1.20566920936108
H,CAC,-0.425590527415276,-0.687083508074284,-0.16746019013226
I,ATA,2.11254151470661,1.36476887762547,3.0038963675499
I,ATC,-0.269504582233727,-0.415685533732176,-0.135135459527373
K,AAA,0.0229759510971213,-0.125142280012369,0.169370405748487
L,CTA,0.391509985592286,-0.0770681271329522,0.898191203176976
L,CTC,-0.0537628135038744,-0.352281977236271,0.251291137188673
L,CTG,-0.750438067924976,-0.979008148610592,-0.542904272675514
L,CTT,0.0788966978996526,-0.21710570640862,0.385669659078121
L,TTA,0.654545970110595,0.318320128321648,1.0223003834486
N,AAC,-0.761535582256317,-0.963411521911621,-0.570327910780907
P,CCA,-0.276939066156966,-0.588170063495636,0.0403716934844852
P,CCC,1.25301916134357,0.72543673068285,1.82295302450657
P,CCG,-0.779625487446785,-1.06112137138844,-0.52232803851366
Q,CAA,0.548142711812258,0.345372035354376,0.761375775933266
R,AGA,2.14661385009289,1.36878703832626,3.14375993013382
R,AGG,2.35700872814655,1.3956183552742,3.5599445104599
R,CGA,2.29829314370155,1.65142547190189,3.10679547190666
R,CGC,0.248334424838424,0.109851336479187,0.390573475509882
R,CGG,1.47487654020786,1.08138784468174,1.91399505138397
S,TCA,0.868990576076508,0.539009103178978,1.201932066679
S,TCC,0.114108027608466,-0.0899892879649997,0.315450036525726
S,TCG,0.304257465902393,0.0900628631934524,0.523951254785061
T,ACA,1.13606194384098,0.775924481451511,1.50586728751659
T,ACC,0.110927714588674,-0.0472513334825635,0.271850556880236
T,ACG,0.410023291771859,0.22174643240869,0.61091689914465
V,GTA,0.010638579010536,-0.174253021553159,0.195819468796253
V,GTC,0.319107531840086,0.136146964877844,0.520446692407131
V,GTG,0.105461161725846,-0.0388279933482409,0.252632235735655
Y,TAC,-0.314592584890127,-0.51325179040432,-0.129452092573047
Z,AGC,-0.643200166063011,-0.999124659597874,-0.320113577693701
