AA,Codon,Posterior,0.025%,0.975%
A,GCA,0.22370476223217,0.0385991808958352,0.413709473609924
A,GCC,0.738422620809078,0.48767367452383,1.00672581791878
A,GCG,0.455240579984337,0.240343630686402,0.678533369302749
C,TGC,-0.568921041068807,-1.08514272868633,-0.124837103299797
D,GAC,-0.493438814644515,-0.734319815039635,-0.279658852517605
E,GAA,-0.169040629830974,-0.355769025534391,0.0143336398527025
F,TTC,-0.955944903683662,-1.37616444528103,-0.573103947937489
G,GGA,1.15255842614174,0.795663546025753,1.54438585639
G,GGC,0.284988841996569,0.0852444166317582,0.492800026386976
G,GGG,1.14299317066669,0.785384754836559,1.53023567199707
H,CAC,-0.871678804326057,-1.38599278330803,-0.419476922601462
I,ATA,0.671071047197375,0.230520292371511,1.151781219244
I,ATC,-0.638914852461219,-0.905241656303406,-0.385391104221344
K,AAA,0.0350149752558522,-0.188441742956638,0.263457038998604
L,CTA,0.288763314563454,-0.178797188773751,0.779982315003872
L,CTC,-0.293321580293844,-0.675678084790707,0.076549738459289
L,CTG,-1.12552637299299,-1.47181589901447,-0.818425424396992
L,CTT,-0.157288010662651,-0.549444799125195,0.241691625863313
L,TTA,0.473940651124218,-0.036443963740021,1.00394451022148
N,AAC,-1.04354036124945,-1.43729288578033,-0.689077381789684
P,CCA,-0.27064300312948,-0.617438408732414,0.0630474494770167
P,CCC,0.99213526401557,0.371210508793592,1.69949262738228
P,CCG,-0.573379202205688,-0.898249588906765,-0.269323342293501
Q,CAA,0.903059563457966,0.586150945723057,1.25814562141895
R,AGA,2.15969285593033,1.54104325771332,2.95201297998428
R,AGG,2.7892906778574,1.9585804194212,3.77285267710686
R,CGA,3.55194702091217,2.40780059099197,4.83660638332367
R,CGC,0.582339889025688,0.350406368076801,0.836990289390087
R,CGG,3.96373518567085,2.48593430519104,5.92683926820755
S,TCA,0.747476710224152,0.371979696303606,1.18423486053944
S,TCC,0.232032794876292,-0.0359420463442802,0.513349449634552
S,TCG,1.32342591241002,0.749228739738464,2.01868053078651
T,ACA,1.37167807517648,0.836283542215824,1.98446611464023
T,ACC,0.105175016609089,-0.111419267393649,0.319700161367655
T,ACG,0.608124978905916,0.284027054160833,0.962104414403439
V,GTA,0.00436003734985206,-0.196453896164894,0.204755936190486
V,GTC,0.532309760168381,0.254237166792154,0.829282626509666
V,GTG,0.44550355114378,0.187971993535757,0.701662118732929
Y,TAC,-0.725785524848104,-1.09035392701626,-0.405692750215531
Z,AGC,-0.609580973158404,-0.981492932140827,-0.262037795782089
