AA,Codon,Posterior,0.025%,0.975%
A,GCA,-0.413617840260267,-0.494257118552923,-0.329776521027088
A,GCC,-1.0829649715066,-1.16391867399216,-1.00188671052456
A,GCG,-1.21597655017376,-1.29182584285736,-1.14074929058552
C,TGC,-0.236098954317532,-0.384738536179066,-0.090229412354529
D,GAC,0.862795572352409,0.784984901547432,0.940129715204239
E,GAA,-0.578588257020712,-0.656164740025997,-0.502802610397339
F,TTC,0.821624665284157,0.734283548593521,0.910170617699623
G,GGA,0.0930585927263741,-0.0414676282554865,0.229434443637729
G,GGC,-0.412058484387398,-0.483552362769842,-0.342806752026081
G,GGG,-0.0532268970687161,-0.159246522933245,0.0514528076164424
H,CAC,0.692362463098764,0.580728384852409,0.804584254324436
I,ATA,1.22354496495724,1.02727404236794,1.41487088799477
I,ATC,0.480612571150064,0.413157990574837,0.546570312976837
K,AAA,-1.13675897259712,-1.22108123600483,-1.05077120959759
L,CTA,1.10601802015305,0.939680415391922,1.27399189770222
L,CTC,0.471957860559225,0.366697322577238,0.578330729901791
L,CTG,-0.824105786001682,-0.906713919341564,-0.741261194646359
L,CTT,0.413003624215722,0.298260198533535,0.526797741651535
L,TTA,-0.0945772751210239,-0.201057294756174,0.0165986578445882
N,AAC,0.309084941846132,0.209845377132297,0.408250903338194
P,CCA,-0.00380858801401064,-0.141983729600906,0.132423140853643
P,CCC,-0.356965040442348,-0.522605194151401,-0.193686590343714
P,CCG,-0.888570944917202,-1.00074989795685,-0.776491910219193
Q,CAA,0.372102618002892,0.287961232662201,0.454658012092113
R,AGA,1.59634820399284,1.3385731190443,1.86508990228176
R,AGG,1.51427349289656,1.16696281135082,1.88550042212009
R,CGA,0.604677772575617,0.419788400828838,0.798074071109295
R,CGC,-0.497296024209261,-0.575348436832428,-0.419929180294275
R,CGG,0.108089906863663,-0.0422211908735335,0.255145409703255
S,TCA,-0.254787771997601,-0.392628927528858,-0.117687230557203
S,TCC,-0.156043813518935,-0.265360940992832,-0.0467452255077662
S,TCG,-0.809797575736046,-0.929842385649681,-0.688751296699047
T,ACA,-0.336376968223602,-0.474656462669373,-0.193723188713193
T,ACC,-1.25105586926937,-1.34481661617756,-1.15769248008728
T,ACG,-1.2282842813015,-1.33971782624722,-1.11683524549007
V,GTA,0.456372990697622,0.361833354085684,0.549625596404076
V,GTC,-0.350463277265429,-0.438690380007029,-0.26373809799552
V,GTG,-0.85743300961256,-0.933600464463234,-0.781291453540325
Y,TAC,0.629314153569937,0.522609223425388,0.739156721532345
Z,AGC,-0.300832520377636,-0.421882749348879,-0.17983302846551
