AA,Codon,Posterior,0.025%,0.975%
A,GCA,0.140068941648304,0.070185893215239,0.211926361173391
A,GCC,0.454770413249731,0.37590392306447,0.531994570791721
A,GCG,0.273551273950934,0.207834576815367,0.340031073987484
C,TGC,-0.163968611965532,-0.331607481092215,-0.0104104568716139
D,GAC,-0.326507449737191,-0.394051077961922,-0.258731517195702
E,GAA,-0.236458229698241,-0.310373878479004,-0.16308073438704
F,TTC,-0.618332791036367,-0.70827723890543,-0.525992351770401
G,GGA,1.30700391118526,1.13403677940369,1.48157592117786
G,GGC,0.166068940675259,0.110777254402637,0.224398350343108
G,GGG,0.85621606938839,0.736397328972817,0.980235840380192
H,CAC,-0.522789463156462,-0.646543118357658,-0.40478643104434
I,ATA,1.55973789134026,1.23860622048378,1.89548425376415
I,ATC,-0.354818347215652,-0.420266532897949,-0.288713789731264
K,AAA,-0.0399461782269902,-0.118226228840649,0.0379629977047443
L,CTA,0.423469444720726,0.176031338423491,0.689946819841862
L,CTC,-0.321199634610116,-0.453713345527649,-0.183975667506456
L,CTG,-0.695496933531761,-0.802946962416172,-0.59136692583561
L,CTT,-0.0335149805477398,-0.183002518117428,0.11877875328064
L,TTA,0.318997508494556,0.164795263856649,0.477169233560562
N,AAC,-0.744921127784252,-0.851996344327927,-0.639873087406159
P,CCA,-0.0735658814189417,-0.220537334680557,0.0733960574492812
P,CCC,0.830919336098432,0.608777488768101,1.05481838881969
P,CCG,-0.363463273748755,-0.483808898180723,-0.247979277744889
Q,CAA,0.330586846381426,0.238772021606565,0.425763852149248
R,AGA,1.56872324147224,1.15389313697815,2.01307868957519
R,AGG,2.55066706690788,1.84156030714512,3.26664279699326
R,CGA,1.59473698182106,1.32168852388859,1.8910287886858
R,CGC,0.392352377539873,0.316230788081884,0.46786420494318
R,CGG,1.56414070634842,1.35007215440273,1.80338362455368
S,TCA,0.585016489863396,0.440268234163523,0.732603186368942
S,TCC,0.0788581721165763,-0.0103637174703181,0.168745334818959
S,TCG,0.719163958984613,0.586373098194599,0.855781246721744
T,ACA,0.803654518020153,0.6393997579813,0.966350494325161
T,ACC,0.172127696569264,0.0938727233558893,0.250323105603456
T,ACG,0.711742028367519,0.599693138897419,0.826050253212452
V,GTA,0.0251017308623159,-0.0461552692577243,0.0968979272991418
V,GTC,0.417532342350483,0.334680027514696,0.499934529513121
V,GTG,0.361373370951414,0.293447174876928,0.429759718477726
Y,TAC,-0.471360677272081,-0.579072880744934,-0.368561694771051
Z,AGC,-0.478698724800348,-0.632877543568611,-0.330141532421112
