AA,Codon,Posterior,0.025%,0.975%
A,GCA,0.122495851355046,0.0625499242916703,0.184697296097875
A,GCC,0.463758641791344,0.394749686866999,0.535351547598839
A,GCG,0.283060125485063,0.225450643524528,0.341725043207407
C,TGC,-0.0371616177761345,-0.190636586025357,0.114209059625864
D,GAC,-0.391151115322113,-0.461130099743605,-0.321143489331007
E,GAA,-0.163712037232146,-0.232073565945029,-0.0942942498251796
F,TTC,-0.638369983291626,-0.728776305913925,-0.54916534870863
G,GGA,1.38249733924866,1.19266875088215,1.58054324090481
G,GGC,0.161318608671427,0.105052682943642,0.217562879994512
G,GGG,0.885223209226131,0.766735948622227,1.01562114059925
H,CAC,-0.493464658200741,-0.607016545534134,-0.381671644747257
I,ATA,1.47720406172276,1.17818846702576,1.79293304383755
I,ATC,-0.385405995285511,-0.445281568169594,-0.322951794415712
K,AAA,-0.0247699966106942,-0.0877533933147788,0.0370524906553327
L,CTA,0.357933364975452,0.130711027607322,0.59790510982275
L,CTC,-0.385001428627968,-0.507097071409225,-0.263606354594231
L,CTG,-0.684299737131596,-0.781699974834919,-0.587569466233253
L,CTT,-0.160603955816031,-0.29070054218173,-0.0227222285233438
L,TTA,0.170740846670012,0.0313441002741456,0.308855302631855
N,AAC,-0.722592828571796,-0.830845086276531,-0.620601430535316
P,CCA,-0.221850351411576,-0.375782882422209,-0.0660882046446205
P,CCC,0.784179795736074,0.562621858716011,1.0176658064127
P,CCG,-0.45409583748281,-0.588247546553612,-0.321911693364382
Q,CAA,0.326837911000848,0.242772844806314,0.415168286859989
R,AGA,1.51261920537949,1.10762265920639,1.93515045046806
R,AGG,2.30034405963421,1.65916116535664,2.92700788974762
R,CGA,1.73983546090126,1.44590231478214,2.04288328289986
R,CGC,0.359603088667989,0.293693444132805,0.429513210058212
R,CGG,1.49233399448395,1.28884926438332,1.70678426921368
S,TCA,0.705751050555706,0.568782207369804,0.85126259624958
S,TCC,0.106978004404009,0.0284824826288968,0.187439846992493
S,TCG,0.730779381507635,0.611655892431736,0.850906904041767
T,ACA,0.782310692429543,0.636594749987125,0.932488563656807
T,ACC,0.12312444811794,0.0559524107724428,0.18998343385756
T,ACG,0.706984534347057,0.603850221633911,0.813576793670654
V,GTA,0.0866969615829134,0.0177165019791573,0.154566740244627
V,GTC,0.402020663690567,0.327039955556393,0.478066276758909
V,GTG,0.384638452869654,0.320851466059685,0.451277928054333
Y,TAC,-0.406276974213123,-0.515856677293777,-0.301398050040007
Z,AGC,-0.59265244538784,-0.731006640195847,-0.456140233576298
