AA,Codon,Posterior,0.025%,0.975%
A,GCA,-0.47794903011322,-0.564745676517487,-0.395379213243723
A,GCC,-1.03317076132298,-1.11255780756474,-0.95111873447895
A,GCG,-1.22081097269058,-1.2963516741991,-1.144533893466
C,TGC,-0.0965055893284181,-0.246795450523496,0.0538294895552099
D,GAC,0.824505098986626,0.748129488527775,0.903747947514057
E,GAA,-0.609275298595429,-0.682897265255451,-0.530283640325069
F,TTC,0.819680111956596,0.731685209274292,0.909359672665596
G,GGA,0.212573536195979,0.0730964044108987,0.351988558471203
G,GGC,-0.436110136330128,-0.504165856540203,-0.367048905789852
G,GGG,0.0214085524747702,-0.0862369444221258,0.126302962377667
H,CAC,0.717239564204216,0.604421402513981,0.829694175720215
I,ATA,1.27110934689045,1.08317205607891,1.46283548176289
I,ATC,0.492955622196197,0.425305157154798,0.559395815432072
K,AAA,-1.09726130366325,-1.18233380019665,-1.00936893224716
L,CTA,0.965886126255989,0.798528073728085,1.14055933356285
L,CTC,0.452534940266609,0.349852914363146,0.560391819477081
L,CTG,-0.820040437555313,-0.900927013158798,-0.739764866232872
L,CTT,0.377472488117218,0.264791876077652,0.491840856522322
L,TTA,-0.0485173957865569,-0.151062855869532,0.0566204261034727
N,AAC,0.287489857256413,0.189498828724027,0.387237700074911
P,CCA,0.102122105503269,-0.0364276926964521,0.248173467442393
P,CCC,-0.380343710121512,-0.546732346713543,-0.209605916216969
P,CCG,-0.865435421895981,-0.984314395487308,-0.74572854489088
Q,CAA,0.318915769165754,0.232926165685058,0.403418674319983
R,AGA,1.49324892172813,1.22113926410675,1.76977838873863
R,AGG,1.15116526284218,0.815678578615189,1.4909372895956
R,CGA,0.679014365386963,0.484920205175877,0.882268707454205
R,CGC,-0.549183011221886,-0.629159809648991,-0.470963065326214
R,CGG,0.0265425859519302,-0.122482039220631,0.177513827383518
S,TCA,-0.275875298114121,-0.41522713303566,-0.130407962575555
S,TCC,-0.168832451178879,-0.283915524184704,-0.0554742712527513
S,TCG,-0.826461332201958,-0.956845013797283,-0.699856705963612
T,ACA,-0.364830905908346,-0.507458780705929,-0.216192360594869
T,ACC,-1.26043198251724,-1.35776761472225,-1.16676060557365
T,ACG,-1.18112696876526,-1.29641826152802,-1.06901254653931
V,GTA,0.391083248054981,0.293231046944857,0.486352443695068
V,GTC,-0.413030006057024,-0.503067600727081,-0.324131895601749
V,GTG,-0.898155682206154,-0.972408744692802,-0.817533820867538
Y,TAC,0.589094563627243,0.486251867562532,0.698760768771172
Z,AGC,-0.280816634431481,-0.406474201381206,-0.154101204127073
