AA,Codon,Posterior,0.025%,0.975%
A,GCA,0.155116119104624,0.0940080462023616,0.217537235841155
A,GCC,0.425801131272316,0.357784455269575,0.494008456170559
A,GCG,0.284766205477715,0.230377111956477,0.34319439381361
C,TGC,-0.133919899586319,-0.290588589012623,0.0214233861770482
D,GAC,-0.368416079902649,-0.440444253385067,-0.295850133895874
E,GAA,-0.14561352737993,-0.216663775220513,-0.0779115652665496
F,TTC,-0.636618761146069,-0.7271633669734,-0.548412436246872
G,GGA,1.25185985817909,1.0698514521122,1.44203090369701
G,GGC,0.17516586150527,0.120260810665786,0.232633868604898
G,GGG,0.817492129135132,0.697271975874901,0.9416912779212
H,CAC,-0.51207233518362,-0.62538098692894,-0.399251437187195
I,ATA,1.41982576797009,1.12845326960087,1.72968506217003
I,ATC,-0.392988057374954,-0.45431207716465,-0.328419464826584
K,AAA,-0.0441927165000059,-0.106024013087153,0.0164679052773863
L,CTA,0.509853442472219,0.273637373000383,0.756992322206497
L,CTC,-0.372923619526625,-0.492219468206167,-0.252684144675732
L,CTG,-0.688941482591629,-0.787689380347729,-0.593381714820862
L,CTT,-0.133804363855525,-0.269339465349913,-0.00135216862545346
L,TTA,0.122894954927627,-0.00978552792221308,0.258896259218455
N,AAC,-0.706863459968567,-0.817252540588379,-0.604136677086353
P,CCA,-0.297184914692864,-0.453395475447178,-0.144722967222333
P,CCC,0.82599319357872,0.584089551866054,1.07626089453697
P,CCG,-0.474662727117538,-0.609291279315949,-0.339499705284834
Q,CAA,0.36564036989212,0.27382430061698,0.461611925810576
R,AGA,1.61509203989506,1.20417789816856,2.06815001368523
R,AGG,2.79407940177917,2.17757640480995,3.44924317002296
R,CGA,1.62055930552483,1.32620529532433,1.9208916336298
R,CGC,0.39065835660696,0.323646043241024,0.457250931113958
R,CGG,1.56842134804726,1.35843644142151,1.78236376345158
S,TCA,0.72079376938343,0.574071110785007,0.871997959911823
S,TCC,0.112745108012989,0.0304363856557757,0.195766720175743
S,TCG,0.739984983515739,0.61793414503336,0.865596784651279
T,ACA,0.805848093318939,0.652704179286957,0.962536615133286
T,ACC,0.12855009078458,0.0575476612895727,0.199330054968596
T,ACG,0.667595683538914,0.563403494656086,0.773221795260906
V,GTA,0.115951904484257,0.0511522840708494,0.187362952157855
V,GTC,0.435577675068378,0.355715174973011,0.516244919598103
V,GTG,0.402920619106293,0.340273808687925,0.466955690830946
Y,TAC,-0.379398279482126,-0.487539498507977,-0.269685699045658
Z,AGC,-0.607671892762184,-0.747673477232456,-0.476969959586859
