AA,Codon,Posterior,0.025%,0.975%
A,GCA,0.221942550542951,0.149051438271999,0.296639905869961
A,GCC,0.425375563287735,0.350426165014505,0.50043226480484
A,GCG,0.323349814558029,0.256557944417,0.390013334900141
C,TGC,-0.176487609467551,-0.334195496886969,-0.021376185817644
D,GAC,-0.328189526665211,-0.399354523420334,-0.257728446274996
E,GAA,-0.201318640983105,-0.270863588899374,-0.132190336287022
F,TTC,-0.666224418199062,-0.76313913911581,-0.574185641109943
G,GGA,1.25978109247684,1.07580378353596,1.448935303092
G,GGC,0.135985789382458,0.0800258392468095,0.193176158890128
G,GGG,0.750005576610565,0.63502944111824,0.869161352515221
H,CAC,-0.539146002185345,-0.665635718405247,-0.417770278453827
I,ATA,1.60666029782295,1.28506540954113,1.93871983289719
I,ATC,-0.353721988064051,-0.417768140137196,-0.286737005412579
K,AAA,-0.0765860419627454,-0.163900575041771,0.00356043447391132
L,CTA,0.439018780127913,0.197739673778415,0.698553484678268
L,CTC,-0.387149941211939,-0.520055975019932,-0.255244068801403
L,CTG,-0.69362517516613,-0.803338016569614,-0.5926359385252
L,CTT,-0.0892756205849,-0.232873314991593,0.0614398821257055
L,TTA,0.285572582594445,0.141279841586947,0.433448643237352
N,AAC,-0.696459840095043,-0.807285797595978,-0.587503160536289
P,CCA,-0.363732567439973,-0.533268745243549,-0.207502395287156
P,CCC,0.75923217703104,0.515294314920902,1.0040978550911
P,CCG,-0.510128230273724,-0.653785301744938,-0.373124211281538
Q,CAA,0.485588012731075,0.381308211386204,0.59476775676012
R,AGA,1.66569026949406,1.24893623888493,2.13968224525452
R,AGG,2.70833813300133,2.06218382716179,3.36908227801323
R,CGA,1.65664425606728,1.34087289869785,1.95892621576786
R,CGC,0.389315796208382,0.315796784311533,0.462713658064604
R,CGG,1.77693140850067,1.54114114940166,2.00661902427673
S,TCA,0.65806749420166,0.501864613592625,0.814975214004517
S,TCC,0.0699248634526037,-0.0265573719050735,0.168111489340663
S,TCG,0.754464305901527,0.617538158595562,0.893705846369267
T,ACA,0.756646302473545,0.587589743733406,0.920139434933663
T,ACC,0.107238746016701,0.0257136991713196,0.188299162313342
T,ACG,0.634634448480606,0.521251294016838,0.752735547721386
V,GTA,0.0946891115185339,0.0163665895815939,0.176437190547586
V,GTC,0.469364576196671,0.383571713417768,0.557451784610748
V,GTG,0.376775882548094,0.306292828917503,0.448561402410269
Y,TAC,-0.441012549269199,-0.54535835236311,-0.341386935859919
Z,AGC,-0.689458415496349,-0.863373228907585,-0.520123395323753
