AA,Codon,Posterior,0.025%,0.975%
A,GCA,-0.477465062129498,-0.587374797463417,-0.370447275042534
A,GCC,-1.03839572137594,-1.14439071714878,-0.93034308552742
A,GCG,-1.24221704599857,-1.34122711420059,-1.14177339673042
C,TGC,-0.129929570053428,-0.325428859144449,0.0683771826326844
D,GAC,0.853512555205822,0.748194800317287,0.962687665224075
E,GAA,-0.613493874937296,-0.717449283599853,-0.510501496493816
F,TTC,0.763442566001415,0.649214527010918,0.876751489937305
G,GGA,0.0237360816597746,-0.167844946309924,0.215585106238723
G,GGC,-0.37927937437892,-0.478289809823036,-0.283056887239218
G,GGG,0.00729659012796819,-0.145850383490324,0.154319665953517
H,CAC,0.689660553044081,0.542237734794617,0.83800255805254
I,ATA,1.2099227058053,0.970536914467812,1.44433523416519
I,ATC,0.484571367180347,0.394269555062056,0.573829346895218
K,AAA,-1.07088682579994,-1.17287959158421,-0.967800641059876
L,CTA,0.988265905821323,0.769781593978405,1.20445044636726
L,CTC,0.489967505279183,0.354754953831434,0.622349028289318
L,CTG,-0.775412239718437,-0.87652163952589,-0.671237549185753
L,CTT,0.402584481394291,0.255890668183565,0.545427171885967
L,TTA,-0.0669081201253066,-0.204734530299902,0.0739362685009836
N,AAC,0.24643788083978,0.12014082595706,0.377044649422169
P,CCA,0.037972994547686,-0.145750379189849,0.219479225575924
P,CCC,-0.284163078947924,-0.506243005394936,-0.0588732268661261
P,CCG,-0.874511834132671,-1.02786319553852,-0.717967484891415
Q,CAA,0.289004089519382,0.179307514801621,0.399179842323065
R,AGA,1.55271289840937,1.20942278802395,1.88178320527077
R,AGG,1.06245364457965,0.642798702418804,1.48401586413383
R,CGA,0.637070030745864,0.381754264980555,0.89649993032217
R,CGC,-0.531399981492758,-0.628878025710583,-0.427895184606314
R,CGG,0.0286684581720045,-0.162558012083173,0.218798092007637
S,TCA,-0.188487585249531,-0.369681642949581,-0.0157434177352116
S,TCC,-0.131782343102281,-0.271782474964857,0.00866935686208297
S,TCG,-0.801334160900116,-0.954753854870796,-0.648329403996468
T,ACA,-0.250057298571651,-0.432644582539797,-0.0716649919748307
T,ACC,-1.21243116180897,-1.33245708346367,-1.09142971336842
T,ACG,-1.13856010686159,-1.27873729169369,-0.994596803188324
V,GTA,0.45787843118608,0.328606558591127,0.585436624288559
V,GTC,-0.4020358697474,-0.519713364541531,-0.283921897411346
V,GTG,-0.864365730786324,-0.966993726789951,-0.760066655278206
Y,TAC,0.575026317834854,0.424360484629869,0.728076615929603
Z,AGC,-0.259844208494874,-0.420594287663698,-0.0988470172509552
