AA,Codon,Posterior,0.025%,0.975%
A,GCA,0.153261390765756,0.0834582420065999,0.221199209243059
A,GCC,0.427146983939409,0.349926602840424,0.507272623479366
A,GCG,0.295602345862985,0.229347443208098,0.36403871178627
C,TGC,-0.112068266726322,-0.298313096910715,0.0670786593109369
D,GAC,-0.385712916046381,-0.470493889600039,-0.303930319100618
E,GAA,-0.143730391911004,-0.225105870515108,-0.065553249232471
F,TTC,-0.596216440826654,-0.699422654509544,-0.493335046619177
G,GGA,1.47339301698208,1.23774198293686,1.72482963502407
G,GGC,0.145436228784174,0.0822874251753092,0.210715192556381
G,GGG,0.838519454157352,0.690290363132954,0.989445221424103
H,CAC,-0.492604504340887,-0.626742741465569,-0.364702647924423
I,ATA,1.49755988547802,1.14299885630608,1.86913855075836
I,ATC,-0.388645659220219,-0.461695386469364,-0.318987219035626
K,AAA,-0.0573380934918567,-0.126548063755035,0.0120418555568903
L,CTA,0.491479154206254,0.208682266622782,0.779120546579361
L,CTC,-0.406486299622059,-0.544114401936531,-0.264023428410292
L,CTG,-0.726938098359108,-0.84205259680748,-0.615700781345368
L,CTT,-0.15664493908815,-0.310122081637383,0.00237372915144073
L,TTA,0.142830397417136,-0.0156110816635191,0.303791778534651
N,AAC,-0.676108537721634,-0.798600327968597,-0.55818594545126
P,CCA,-0.252902605417138,-0.43730439171195,-0.0681291935965421
P,CCC,0.710304700040817,0.435455752909183,0.988526301085948
P,CCG,-0.466772934374213,-0.626982913911343,-0.316359230130911
Q,CAA,0.388355119940639,0.284176044166088,0.493938134610653
R,AGA,1.53670147703886,1.0905328810215,2.03143369555473
R,AGG,2.96052241225243,2.17528208494186,3.79787856936455
R,CGA,1.68512562787533,1.34547415077686,2.05278142690659
R,CGC,0.380813668391109,0.303807822614908,0.459375106543302
R,CGG,1.5724604924202,1.32510728538036,1.82808584868908
S,TCA,0.658658543998003,0.497094686329365,0.82566963583231
S,TCC,0.095725006305438,0.00600838853279129,0.184944173321128
S,TCG,0.730872418159246,0.592107413709164,0.876763492822647
T,ACA,0.723622270900011,0.551541374623776,0.904606847465038
T,ACC,0.105957947532754,0.026462430274114,0.183304697275162
T,ACG,0.648590802013874,0.530388376116753,0.768887020647526
V,GTA,0.0867925742656633,0.00881834824103862,0.166652969270945
V,GTC,0.434367364698648,0.347821366041899,0.526396024227142
V,GTG,0.386983580780029,0.313240361958742,0.461993174254894
Y,TAC,-0.369192540353537,-0.500915557146072,-0.240151451528072
Z,AGC,-0.627493964129686,-0.799774327874184,-0.463958483934403
