AA,Codon,Posterior,0.025%,0.975%
A,GCA,0.00333366348409327,-0.198566342890263,0.2035584513098
A,GCC,0.269544186290866,0.0581292242743075,0.478953464329242
A,GCG,0.312208191710617,0.0992860464379191,0.512249003350735
C,TGC,-0.520804500866239,-1.05633982419968,-0.0568469453603031
D,GAC,-0.273794674940687,-0.452001732587814,-0.0838691897690297
E,GAA,-0.238236247634885,-0.438337694108486,-0.0401008019223812
F,TTC,-0.449029604730755,-0.710123635828495,-0.193805297091603
G,GGA,1.48331680396795,1.03136570155621,1.99232749044895
G,GGC,0.0330015293282761,-0.125559472292662,0.188794628530741
G,GGG,0.759730388003588,0.458496502041817,1.0668152064085
H,CAC,-0.482980187462398,-0.793203517794609,-0.193476019054652
I,ATA,1.12559185013026,0.477595996856689,1.86105985045433
I,ATC,-0.439375533488393,-0.632431051135063,-0.258979911357165
K,AAA,-0.156794630656799,-0.402396251261234,0.074016212671995
L,CTA,0.163391375271454,-0.446459038555622,0.834860697388648
L,CTC,-0.594400617374852,-0.974904371798038,-0.22618834041059
L,CTG,-0.893173210757971,-1.23996891975403,-0.593866623938084
L,CTT,-0.219718950017711,-0.64593720883131,0.214585636928677
L,TTA,0.233786362027246,-0.230993459001184,0.714758776128292
N,AAC,-0.596762193751335,-0.855242691934109,-0.347455110400916
P,CCA,0.145345217211624,-0.283438179641962,0.592977875471115
P,CCC,1.05811639226824,0.459167460352182,1.74040594100952
P,CCG,-0.295887767078477,-0.628399488329887,0.00539280936354706
Q,CAA,0.374311866678298,0.162420858070254,0.598677481710911
R,AGA,2.59060700581074,1.17711406350136,4.77442178726196
R,AGG,5.13936672207117,2.09105093479157,10.7679377555847
R,CGA,2.29226060183048,1.40835885107517,3.45761438608169
R,CGC,0.482113975515962,0.307278740406036,0.671712353825569
R,CGG,1.52511197482347,1.07444430887699,2.04527882933617
S,TCA,0.528335112619447,0.162830794230103,0.937617421150207
S,TCC,0.0891792542783544,-0.166450820118189,0.349884846061467
S,TCG,0.625814601599425,0.289329570531845,0.994447617232799
T,ACA,0.893712640322745,0.415776293724775,1.43045235872269
T,ACC,0.0774062302811584,-0.169781776145101,0.308720890432596
T,ACG,0.50017076128812,0.206296299397945,0.794395358860493
V,GTA,0.0551157300395695,-0.16586630679667,0.278161437064409
V,GTC,0.433266458151396,0.206079465150833,0.667981338500976
V,GTG,0.41111049759984,0.208639826253057,0.618906629085541
Y,TAC,-0.363834367982042,-0.633572383224964,-0.110840061306954
Z,AGC,-0.521271039787587,-0.942933160066605,-0.140704828873277
