AA,Codon,Posterior,0.025%,0.975%
A,GCA,-0.462749306172878,-0.587960731983185,-0.317422902584077
A,GCC,-0.840972410713928,-1.02167207300663,-0.0821513945236844
A,GCG,-1.08199058477879,-1.20552528202534,-0.876023893058301
C,TGC,-0.102998558709692,-0.326480124890804,0.14376174993813
D,GAC,0.737314346719126,0.398504877090454,0.875864966213703
E,GAA,-0.623679935884732,-0.751795333623886,-0.209126307442785
F,TTC,0.665444165848382,0.357235627621412,0.816976304352283
G,GGA,0.0608027546170375,-0.235143676027656,0.317676101624966
G,GGC,-0.401255245039775,-0.506830625236034,-0.255079432576895
G,GGG,-0.0441718557942553,-0.269288972765207,0.166606477275491
H,CAC,0.633145278206747,0.401479913294315,0.831685824692249
I,ATA,0.595441616001373,0.0643410496413708,1.02149632871151
I,ATC,0.522854459106119,0.39601681008935,0.659174284338951
K,AAA,-1.00431053146012,-1.15784838199615,-0.432127945870163
L,CTA,0.89678168135602,0.424647810310125,1.2267087996006
L,CTC,0.451608120106161,0.105998632311821,0.635657294094562
L,CTG,-0.854922003575228,-1.00854028761387,-0.488900712132454
L,CTT,0.416196684108861,0.242112560197711,0.595988461375236
L,TTA,-0.0804113384921777,-0.249723092466593,0.154717570915818
N,AAC,0.0833262313952686,-0.0734349578619003,0.235637580230832
P,CCA,-0.0825275118339494,-0.280423695594072,0.111715922132134
P,CCC,-0.0481787606558719,-0.231354835629463,0.137267514318228
P,CCG,-0.894416227431665,-1.14120188057423,-0.296416268497707
Q,CAA,0.440500272937713,0.112798046320677,0.566437755525112
R,AGA,1.49125965891783,0.38077904060483,1.79537596106529
R,AGG,1.74923284363598,0.494522146135569,2.12993904948235
R,CGA,1.05661251830123,0.420057593286037,1.30127090811729
R,CGC,-0.257230614350876,-0.384085343778133,-0.145093185082078
R,CGG,0.644002593596512,-0.221426384523511,0.865824864804745
S,TCA,-0.203761437198458,-0.384001416712999,-0.00440088151954169
S,TCC,-0.17551528730928,-0.339261784404516,-0.0259881922975183
S,TCG,-0.420933209078433,-0.654286788403988,-0.226942970231176
T,ACA,-0.200762555332272,-0.378651587665081,0.174509005621076
T,ACC,-1.02352154528648,-1.16736277937889,-0.422256722301248
T,ACG,-0.743167490194901,-0.910081951320171,-0.240135693177581
V,GTA,0.359594981016731,0.18911741040647,0.479070775210857
V,GTC,-0.183007318311644,-0.339303512871265,-0.057445845939219
V,GTG,-0.669877895200253,-0.802749639749527,-0.524503824114801
Y,TAC,0.467673019354348,0.188732974603772,0.639804799854755
Z,AGC,-0.408990449887502,-0.545609453320503,-0.205946652963758
