AA,Codon,Posterior,0.025%,0.975%
A,GCA,0.198974540778529,0.071475400030613,0.332555619627237
A,GCC,0.425556808530539,-0.234145114198327,0.650473767518997
A,GCG,0.616936119396985,0.446973013877869,0.765097911655903
C,TGC,-0.00119231637817375,-0.270763150602579,0.251002077013254
D,GAC,-0.201205531394016,-0.342736077308655,0.131486386060712
E,GAA,-0.271184505342878,-0.659004725515842,-0.12723575681448
F,TTC,-0.00414101437190075,-0.149144479259849,0.330883655697105
G,GGA,0.844968170112371,0.547998608648777,1.19642490744591
G,GGC,0.146279875321011,0.0159194993786514,0.251702320575714
G,GGG,0.814709649961069,0.556374061107636,1.07791382074356
H,CAC,-0.325153002612339,-0.536025370657444,-0.0837222890928388
I,ATA,1.4113677900672,0.813729394972324,2.08409376144409
I,ATC,-0.24984129581498,-0.383963022381067,-0.132270440086722
K,AAA,-0.102284396263184,-0.679098734259605,0.0492198271676897
L,CTA,0.293336413016781,-0.0875215684995055,0.812491297721861
L,CTC,-0.32915184029825,-0.529431787133217,0.0630452221259462
L,CTG,-0.284188754034378,-0.61188867688179,-0.106075062789023
L,CTT,-0.440681038904935,-0.630769781768322,-0.26047922372818
L,TTA,-0.203582122327806,-0.435028520971537,-0.0152629770338535
N,AAC,-0.115017504915985,-0.271089615672827,0.0500563969835639
P,CCA,0.141193483130365,-0.0322778119705617,0.353333970159292
P,CCC,0.176052221418888,-0.000768976531981022,0.35398431867361
P,CCG,0.245488298088516,-0.273149755597115,0.551035046577454
Q,CAA,-0.121620041639567,-0.245623427629471,0.191099267080423
R,AGA,0.32848454594682,0.0397147963754833,1.4361660271883
R,AGG,0.796875750902295,0.369988120347261,2.04720148444176
R,CGA,0.386407563223224,0.147816754877567,1.00388343632221
R,CGC,0.14255548751466,0.0324993051588535,0.287384042888879
R,CGG,0.687647276616096,0.436473728716373,1.53393851518631
S,TCA,0.325728965054266,0.146984876692295,0.501304331421852
S,TCC,0.170977734624827,0.0376356699503958,0.352510053664445
S,TCG,0.621668486520555,0.414663462340832,0.888254977762699
T,ACA,0.191073317145649,-0.190115202218294,0.347695403546095
T,ACC,0.233665149729652,-0.304975380003452,0.389121599495411
T,ACG,0.446700039141998,-0.0263552589341998,0.629764997959137
V,GTA,0.0984465325046568,-0.00980027841869742,0.290214170515537
V,GTC,0.370702514821663,0.241090548038483,0.553683421015739
V,GTG,0.561654573158175,0.4164196357131,0.719323253631592
Y,TAC,-0.213973996615433,-0.400077378749847,0.0760237412527203
Z,AGC,-0.0526459536778268,-0.237605915218592,0.0825181886553764
