AA,Codon,Posterior,0.025%,0.975%
A,GCA,0.0890244289451919,-0.0529822735115886,0.1916513312608
A,GCC,0.204160214992519,-0.568981109559536,0.358037565648556
A,GCG,0.0804068938587501,-0.144850328564644,0.167029005661607
C,TGC,-0.213710243279631,-0.479770166426897,-0.00611043043900289
D,GAC,-0.244994745978434,-0.365065138041973,0.0973429407924349
E,GAA,-0.228569430997968,-0.593034122884273,-0.107308054156602
F,TTC,-0.45319082111294,-0.616692954301834,-0.164288463816051
G,GGA,1.57063438888788,1.12041773796082,2.0694599211216
G,GGC,0.121853687458718,0.00923179136589171,0.203495541587472
G,GGG,0.951696439856663,0.679916787147522,1.25064698755741
H,CAC,-0.443481548672842,-0.645308291912079,-0.213548723980788
I,ATA,3.98240379216671,2.69093386530876,5.63376160860062
I,ATC,-0.303366933078319,-0.435484649240971,-0.182850378379226
K,AAA,-0.1937725568088,-0.723789951205254,-0.0540782110765576
L,CTA,0.875972467520088,0.330323711037636,1.49112285971642
L,CTC,-0.3725739277035,-0.596929427981377,0.0876941667869673
L,CTG,-0.6553329675138,-0.965986838936806,-0.476785854250193
L,CTT,-0.0966468360629893,-0.330061124265194,0.133562116697431
L,TTA,0.385896264425473,0.0555172868072987,0.646853461861609
N,AAC,-0.488807245039195,-0.662935580313206,-0.332692614197731
P,CCA,-0.161017098576494,-0.399032860249281,0.0452068907208738
P,CCC,0.348360399259438,0.102783664688468,0.600364261865616
P,CCG,-0.430400608963892,-1.12432509362698,-0.204930901899934
Q,CAA,0.273561843462288,0.147128700837493,0.611169378459453
R,AGA,2.13078548052311,1.46324361860752,3.03649741411209
R,AGG,2.58465170457363,1.77915649414063,3.89932878017426
R,CGA,1.12230884852409,0.771052065491676,1.71373959183693
R,CGC,0.104042213849609,0.0112422402249649,0.209670710563659
R,CGG,0.944885788464546,0.656589317321777,1.73649781346321
S,TCA,0.580251706595207,0.356299486756325,0.798749139904976
S,TCC,0.0650665480679105,-0.0467986184172332,0.179200405627489
S,TCG,0.281631746520498,0.10969295501709,0.466457871347665
T,ACA,0.747742103914288,0.346784169971943,0.995021006464958
T,ACC,-0.0301917886821586,-0.658466801047325,0.0841208145022392
T,ACG,0.221034691456333,-0.331130986660719,0.373980095237493
V,GTA,0.147108417363081,0.050750941131264,0.304037189483642
V,GTC,0.25603416919983,0.142911810800433,0.386972392350435
V,GTG,0.114874665000848,-0.0588603785261512,0.208601595461369
Y,TAC,-0.222787108918186,-0.370626023411751,0.0810431741178034
Z,AGC,-0.252477952508256,-0.473473519831896,-0.11028655692935
