AA,Codon,Posterior,0.025%,0.975%
A,GCA,-0.412953904390335,-0.494707532227039,-0.329427225142717
A,GCC,-1.08270259234905,-1.1622002363205,-1.00467799901962
A,GCG,-1.21651937608719,-1.29084780216217,-1.14475994706154
C,TGC,-0.235490219825041,-0.38238438218832,-0.0916077112779021
D,GAC,0.863343202424049,0.787302955985069,0.939307324588299
E,GAA,-0.5782387799263,-0.652162697911262,-0.504763163626194
F,TTC,0.821111410927773,0.733388642966747,0.907229939103127
G,GGA,0.0948840622796619,-0.0401081335730851,0.230246941745281
G,GGC,-0.413287778377533,-0.483548866212368,-0.345572351664305
G,GGG,-0.0546708644309198,-0.158154703304172,0.0501256749965251
H,CAC,0.692007249999046,0.581865690648556,0.810724927484989
I,ATA,1.21724529190063,1.03011081218719,1.40850020051003
I,ATC,0.48046369664669,0.412013779580593,0.550635842978954
K,AAA,-1.13533241291046,-1.21718022227287,-1.04662206172943
L,CTA,1.10894241626263,0.932061171531677,1.27770210802555
L,CTC,0.473516249454021,0.370201775431633,0.575807692110539
L,CTG,-0.823968557953835,-0.903894928097725,-0.738277877867222
L,CTT,0.414623200362921,0.305526683479547,0.530051174759865
L,TTA,-0.0944559446362691,-0.208080092445016,0.0142677491530777
N,AAC,0.308570199543238,0.211212037876248,0.406801184266806
P,CCA,8.91562950288062e-05,-0.135862658545375,0.140259208530188
P,CCC,-0.351087410975993,-0.520818324387074,-0.181869860365987
P,CCG,-0.888308602881432,-1.00541620254517,-0.771108834445477
Q,CAA,0.371939755731821,0.288294642418623,0.456310977786779
R,AGA,1.59592785859108,1.3094451546669,1.87060977816582
R,AGG,1.51945885825157,1.20628888607025,1.8553332388401
R,CGA,0.60308245152235,0.421766026318073,0.78588043153286
R,CGC,-0.496288144659996,-0.571054650843143,-0.422483680397272
R,CGG,0.111436118501196,-0.0342222647741437,0.261547849327326
S,TCA,-0.254921212482825,-0.396574579179287,-0.116877902857959
S,TCC,-0.154327943180641,-0.263177010416985,-0.0408551853150129
S,TCG,-0.807766515946388,-0.932762913405895,-0.680513060092926
T,ACA,-0.334829171210527,-0.471303060650826,-0.190245474502444
T,ACC,-1.25219260363579,-1.34949654042721,-1.15571799576282
T,ACG,-1.23148128037453,-1.34199968576431,-1.11899302899837
V,GTA,0.455593903243542,0.366305038332939,0.54731460660696
V,GTC,-0.349641765099764,-0.436170011758804,-0.262847528606653
V,GTG,-0.857039215612411,-0.932197192311287,-0.781595683097839
Y,TAC,0.627083288621902,0.513367833197117,0.735454674065113
Z,AGC,-0.299478194049001,-0.423149421066046,-0.176890817657113
