AA,Codon,Posterior,0.025%,0.975%
A,GCA,0.121509356575459,0.0594123689457774,0.184595543518662
A,GCC,0.463272721028328,0.392950643599033,0.533062934875488
A,GCG,0.283279218125343,0.225692167133093,0.340738137066364
C,TGC,-0.0372703932493227,-0.185194247588515,0.112934343144298
D,GAC,-0.391342804980278,-0.460866995900869,-0.322936497628689
E,GAA,-0.164732433609664,-0.237295573204756,-0.0984745619818568
F,TTC,-0.63818155362606,-0.727335764467716,-0.550422295928001
G,GGA,1.38200215959549,1.20341657996178,1.56829378604889
G,GGC,0.163123928779364,0.105927347019315,0.219640331715345
G,GGG,0.888388248729706,0.773152360320091,1.01633794903755
H,CAC,-0.494337770366669,-0.610446363687515,-0.378539828211069
I,ATA,1.48473203141689,1.18217431604862,1.80077695846558
I,ATC,-0.385192869222164,-0.445849157869816,-0.326112140715122
K,AAA,-0.0258973498197524,-0.0887535767629743,0.0352129289880395
L,CTA,0.3530992099436,0.130777521058917,0.60902564227581
L,CTC,-0.387320960301161,-0.507891051471233,-0.267908863723278
L,CTG,-0.685498251605034,-0.782912620902061,-0.590817385911941
L,CTT,-0.164490430221055,-0.297642827033997,-0.0299604430329054
L,TTA,0.169147585195309,0.0265795602463186,0.307782324403524
N,AAC,-0.721847388625145,-0.827221532166004,-0.618407192826271
P,CCA,-0.224058362911642,-0.383381373435259,-0.069806014560163
P,CCC,0.779188475358486,0.537868794798851,1.03360083401203
P,CCG,-0.454215961426497,-0.591690503060818,-0.327619529515505
Q,CAA,0.32740421076417,0.240399692580104,0.420265158265829
R,AGA,1.50742474167347,1.09902123212814,1.94341026544571
R,AGG,2.29745053277016,1.6923750847578,2.89447526335716
R,CGA,1.74678580589294,1.46798240542412,2.05069531202316
R,CGC,0.360002896285057,0.294301152974367,0.425094553083181
R,CGG,1.48837575793266,1.28390427827835,1.69778942763805
S,TCA,0.706033850467205,0.572230046987534,0.861021426320076
S,TCC,0.105847433517361,0.0252825550734997,0.186494329571724
S,TCG,0.72909907271862,0.605766001343727,0.849356596171856
T,ACA,0.779010743057728,0.627444037795067,0.93080612719059
T,ACC,0.124375649841921,0.0547265534289181,0.194321234896779
T,ACG,0.709550824785233,0.607760468125343,0.817651726305485
V,GTA,0.0878380797364865,0.0239602571353316,0.152364638075233
V,GTC,0.401599469327927,0.326256108283997,0.478009314835072
V,GTG,0.383991301584244,0.32089711278677,0.446334702521563
Y,TAC,-0.402567852276564,-0.512945367395878,-0.292094577103853
Z,AGC,-0.593522477030754,-0.734851239621639,-0.452936328202486
