AA,Codon,Posterior,0.025%,0.975%
A,GCA,0.140655055325478,0.0718701466917992,0.214109217375517
A,GCC,0.455159536981583,0.382621495425701,0.535343220829964
A,GCG,0.274363512504101,0.208409716561437,0.340991170704365
C,TGC,-0.160910641234642,-0.322957430779934,0.000322991853681777
D,GAC,-0.327706807547808,-0.395344357937574,-0.25883474200964
E,GAA,-0.237059940040112,-0.310437154769897,-0.166330993920565
F,TTC,-0.619057455551624,-0.707999217510223,-0.530601935088634
G,GGA,1.3011028283596,1.12998163998127,1.47843469083309
G,GGC,0.166364820545912,0.114715571701527,0.226595434546471
G,GGG,0.85575416097641,0.737444505095482,0.980696000158787
H,CAC,-0.522766604983807,-0.643519900739193,-0.405462342500687
I,ATA,1.56699701981545,1.260729855299,1.88364885151386
I,ATC,-0.354557037502527,-0.421171594411135,-0.287655392289162
K,AAA,-0.0394367408403938,-0.114435365982354,0.0353811599314213
L,CTA,0.421249619194865,0.18138829395175,0.679978856444359
L,CTC,-0.322622526377439,-0.451343961805105,-0.191001660749316
L,CTG,-0.695487163066864,-0.799089632928371,-0.595692920684814
L,CTT,-0.0335266852858695,-0.176008016616106,0.11321975030005
L,TTA,0.317885242208838,0.159809988737106,0.47240756675601
N,AAC,-0.744724322986603,-0.85075615644455,-0.640193900465965
P,CCA,-0.0780503172722922,-0.230555380508304,0.0682791193947197
P,CCC,0.823923766493797,0.594560267031193,1.05989427268505
P,CCG,-0.364233272826672,-0.48813186660409,-0.244062016159296
Q,CAA,0.330945242458582,0.237151593342423,0.427635822445154
R,AGA,1.57158845779896,1.15258667171001,2.00732122659683
R,AGG,2.54702518091202,1.95518479049206,3.16119630932808
R,CGA,1.60108776831627,1.32440574467182,1.87555003464222
R,CGC,0.392287915980816,0.317342963069677,0.462073811888695
R,CGG,1.55888122162819,1.34194374382496,1.78319991528988
S,TCA,0.584646297645569,0.447266584634781,0.724796845018864
S,TCC,0.0755662711129276,-0.011318537290208,0.164619225263596
S,TCG,0.716171133136749,0.580470055341721,0.851709590852261
T,ACA,0.803062472724915,0.639841338992119,0.971577613055706
T,ACC,0.172663389798999,0.0940378107130528,0.24751972258091
T,ACG,0.714711350727081,0.599282425642014,0.82980729341507
V,GTA,0.0255860901693417,-0.0437845167703927,0.0986352927982807
V,GTC,0.417705440688133,0.333753862977028,0.500619991123676
V,GTG,0.361367907422781,0.291100262850523,0.428887848556042
Y,TAC,-0.46718566352129,-0.571724319458008,-0.36518142670393
Z,AGC,-0.480027987211943,-0.633981683850288,-0.328479310870171
