AA,Codon,Posterior,0.025%,0.975%
A,GCA,-0.441513329739403,-0.54926830381155,-0.327455838769674
A,GCC,-0.849825731432438,-0.984229873120785,-0.721955864131451
A,GCG,-1.06051474579498,-1.1828166782856,-0.932787382602692
C,TGC,-0.0325542727509193,-0.250963730365038,0.21838139295578
D,GAC,0.707991929184087,0.609514939785004,0.824503301084041
E,GAA,-0.684667621240672,-0.796195857226849,-0.507473063468935
F,TTC,0.708251096674008,0.583987610042095,0.837675862014294
G,GGA,0.0156381430650945,-0.5060522377491,0.26024127304554
G,GGC,-0.351470768395066,-0.436615756899118,-0.267216788232327
G,GGG,0.00242228549479892,-0.259495758265257,0.191261457279324
H,CAC,0.640450882430281,0.471275662630796,0.82340721487999
I,ATA,0.742624086635011,0.267125146090984,1.0952682107687
I,ATC,0.459165509545803,0.364686437696219,0.600442704558372
K,AAA,-1.06969422965318,-1.19904243052006,-0.887567317485811
L,CTA,0.909924241228448,0.489971070736647,1.19349416196346
L,CTC,0.372180802175403,0.235523962974548,0.52740636318922
L,CTG,-0.915798335737199,-1.05958347022533,-0.52280904352665
L,CTT,0.256870452816639,0.109921787679195,0.394109738618135
L,TTA,-0.2017445865213,-0.34155488088727,-0.0465076996944846
N,AAC,0.0904084537106504,-0.0308991697616875,0.226648361608386
P,CCA,0.0232289679180409,-0.124766037985682,0.191296212747693
P,CCC,-0.0621129117841887,-0.228835427761078,0.0967329626902938
P,CCG,-0.886412507523876,-1.03218183815479,-0.672584538161757
Q,CAA,0.406876234991755,0.284995623677969,0.509036992490292
R,AGA,1.44304306849837,0.747158481180668,1.68581335544586
R,AGG,1.88437380140801,0.973256006836891,2.22152308225632
R,CGA,0.973381839917143,0.388325492292643,1.18330569863319
R,CGC,-0.267477222636342,-0.369146956503391,-0.176434838026762
R,CGG,0.680964836321678,0.334548509120941,0.873774911463261
S,TCA,-0.183041621109238,-0.379364314675331,-0.0292115148622543
S,TCC,-0.0654526048967397,-0.194710464403033,0.0697690913453698
S,TCG,-0.37335693401359,-0.546591566503048,-0.216506998613477
T,ACA,-0.214590598876984,-0.368037789314985,-0.0725273665040734
T,ACC,-1.04601337069897,-1.16297049820423,-0.922428265213967
T,ACG,-0.765335375711322,-0.897053746879101,-0.633265271782875
V,GTA,0.516783760291338,0.409463204443455,0.624553519487381
V,GTC,-0.131813269781333,-0.251968053728342,-0.0178722066804767
V,GTG,-0.601228959730268,-0.703175228834152,-0.498925583809614
Y,TAC,0.483712673805561,0.351210413128138,0.636839592456818
Z,AGC,-0.428862716581428,-0.556097443401814,-0.274133493006229
