AA,Codon,Posterior,0.025%,0.975%
A,GCA,0.150605821295269,0.0572764569893479,0.245986857637763
A,GCC,0.246898198449356,0.13215487934649,0.364161288738251
A,GCG,0.11386208511868,0.0212842599954456,0.20893147289753
C,TGC,-0.319458462506207,-0.599031713604927,-0.0949954753741623
D,GAC,-0.201095556990802,-0.303409411013126,-0.121101466566324
E,GAA,-0.184444255905133,-0.346202336996794,-0.0808810487389564
F,TTC,-0.490124593040475,-0.630279284715652,-0.364250721037388
G,GGA,1.69456452738047,1.29786011278629,2.16950419545174
G,GGC,0.1163053614676,0.0538944357074797,0.185084382817149
G,GGG,0.947346256530285,0.720358945429325,1.24039921760559
H,CAC,-0.456076635094639,-0.640990416705608,-0.289976514130831
I,ATA,3.48857333655357,2.44807230830193,4.60397692918777
I,ATC,-0.306899911957979,-0.451955024152994,-0.214850871637464
K,AAA,-0.134154687599202,-0.320947236567736,-0.0159073286224157
L,CTA,0.802488049976528,0.299722802639008,1.48238401710987
L,CTC,-0.269826133738062,-0.448489639908075,-0.10062866397202
L,CTG,-0.601127087819576,-0.910494084656238,-0.431404476612806
L,CTT,-0.0220949467452016,-0.203761582821608,0.185612570494413
L,TTA,0.408138486989704,0.157389235123992,0.639111788570881
N,AAC,-0.389724790636264,-0.525942644476891,-0.267474561184645
P,CCA,-0.261732763640396,-0.458822782337666,-0.0902931498363616
P,CCC,0.214045708983982,-0.00855039907619357,0.437534937262535
P,CCG,-0.490009082466364,-0.752482455968857,-0.322340767085552
Q,CAA,0.300183102250099,0.185963134095073,0.448391292244196
R,AGA,2.27707364492416,1.70319121479988,2.99693688750267
R,AGG,2.63506772179604,1.85928730666637,3.65480515956879
R,CGA,1.2278983730197,0.906808368861675,1.7353425681591
R,CGC,0.147357442403957,0.0724071007221937,0.238769624009728
R,CGG,0.911898558700085,0.659462304413319,1.30113950371742
S,TCA,0.559157890686393,0.377948008477688,0.7917099237442
S,TCC,0.0238852217100971,-0.0750300707295537,0.117996434681118
S,TCG,0.298585810720734,0.158115230128169,0.462228756397962
T,ACA,0.660194834530354,0.470410557091236,0.87932630777359
T,ACC,0.00233411068997921,-0.105228125117719,0.0962789075449108
T,ACG,0.233669534452632,0.111363025382161,0.355972202122211
V,GTA,0.0962186612135178,0.0116207686951384,0.189564713090658
V,GTC,0.262920232806157,0.16904582194984,0.367395804822445
V,GTG,0.145468433059227,0.0657667180523276,0.228495652601123
Y,TAC,-0.218628906704736,-0.357359692454338,-0.103305055014789
Z,AGC,-0.389409605320543,-0.59139334410429,-0.230999043956399
