AA,Codon,Posterior,0.025%,0.975%
A,GCA,0.173376935720909,0.0754328165203333,0.280155870318413
A,GCC,0.427368110064417,0.300355810672045,0.570638333261013
A,GCG,0.587595864406353,0.443082198500633,0.721221001446247
C,TGC,-0.0750930908616356,-0.349004644155502,0.164756920561194
D,GAC,-0.173116470636931,-0.28796978071332,-0.0770743982866409
E,GAA,-0.212327208522474,-0.417599049210548,-0.087837558798492
F,TTC,-0.0466371481802274,-0.167970644310117,0.0835117042064666
G,GGA,0.930520166707039,0.633528427779675,1.40778478384018
G,GGC,0.108828489376072,0.0304971991572529,0.190270922333002
G,GGG,0.782345209574699,0.55901160389185,1.05130098462105
H,CAC,-0.332325429827208,-0.529194878041744,-0.154687645286322
I,ATA,1.23416784307361,0.726076911389828,1.82093983590603
I,ATC,-0.197464244691283,-0.331060989946127,-0.106422954052687
K,AAA,-0.0446913598148071,-0.223978623375297,0.0746776353567838
L,CTA,0.277400653549249,-0.0467391474172473,0.776780673861503
L,CTC,-0.248120526585169,-0.407722025364637,-0.100408321432769
L,CTG,-0.224454544719245,-0.559336985647678,-0.0720614040270448
L,CTT,-0.290324703738187,-0.434211571514606,-0.132409786060453
L,TTA,-0.0815758925020986,-0.245012162998319,0.071418218500912
N,AAC,-0.124107686121973,-0.258666244894266,-0.00996688201557849
P,CCA,0.0564150519517563,-0.0936527213081717,0.191590990498662
P,CCC,0.184756637562157,0.0437341897748411,0.347697851806879
P,CCG,0.227355696594762,0.0539595264010131,0.372596658021212
Q,CAA,-0.092188917652507,-0.192046191170812,0.0290548289660363
R,AGA,0.357698428195808,0.122748229280114,1.10818570554256
R,AGG,0.655149799621105,0.277400179952383,1.61068784594536
R,CGA,0.447413194364309,0.230241058766842,1.00559582114219
R,CGC,0.143068758818507,0.055463476292789,0.248470322042703
R,CGG,0.646740309387445,0.425439800322056,1.03602646291256
S,TCA,0.316831301087141,0.166911843419075,0.508666118979454
S,TCC,0.0891631484451209,-0.0296746446285397,0.205638126656413
S,TCG,0.584486963312514,0.404297050833702,0.792613054811954
T,ACA,0.206805603106506,0.0911018315702677,0.346176632493734
T,ACC,0.238688234422076,0.137033709511161,0.354119206219911
T,ACG,0.452775708288912,0.320953120291233,0.595216035842895
V,GTA,-0.0101091748243974,-0.0990644033998251,0.0795092564076185
V,GTC,0.326871970268409,0.21508237272501,0.450512866675854
V,GTG,0.505058045531809,0.392003186792135,0.62587224394083
Y,TAC,-0.223862231464637,-0.385633540153503,-0.0807435201480985
Z,AGC,-0.0403277806967599,-0.189160400256515,0.0858363531529903
