AA,Codon,Posterior,0.025%,0.975%
A,GCA,0.301259180212021,0.151220402866602,0.453827546536923
A,GCC,0.46003203818202,0.296989469975233,0.640985605120659
A,GCG,0.317824914716184,0.16497685238719,0.478477425128222
C,TGC,-0.16943623484245,-0.560545907914639,0.218001540377736
D,GAC,-0.274761305680126,-0.428210092335939,-0.122227231226861
E,GAA,-0.166376234795433,-0.302650133520365,-0.0340239932760595
F,TTC,-0.594536119270325,-0.84259672164917,-0.366682405024767
G,GGA,1.08827715778351,0.81150576621294,1.41238321661949
G,GGC,0.139298256596993,0.0150645926361904,0.266772507876158
G,GGG,0.746142572200298,0.524453364312649,0.975819206237793
H,CAC,-0.544731428644061,-0.850153966248035,-0.257085775583982
I,ATA,1.40705063397884,0.987997084856033,1.84889208972454
I,ATC,-0.399853517341614,-0.590621209144592,-0.21171513684094
K,AAA,-0.0780619867548132,-0.227227198332548,0.0770334327593446
L,CTA,0.712113977517188,0.297844159603119,1.14896412193775
L,CTC,-0.638963780498505,-0.908848194777966,-0.386228756606579
L,CTG,-1.0100206692934,-1.26478887200356,-0.774844248592854
L,CTT,-0.262067965560814,-0.554217226803303,0.0199682884849608
L,TTA,0.261101513207598,-0.0903080778196454,0.621313032507896
N,AAC,-1.01932657885551,-1.32636604011059,-0.747709418833256
P,CCA,-0.199684052439697,-0.483965260535479,0.10138783454895
P,CCC,0.849763703228533,0.393873564898968,1.36693027019501
P,CCG,-0.570151253506541,-0.824297760426998,-0.320958354324102
Q,CAA,0.360612280336989,0.164832874760032,0.554327386617661
R,AGA,1.70912641689777,1.26582179367542,2.19778217673302
R,AGG,1.66213079099655,1.2613197773695,2.1303302526474
R,CGA,1.87831455621719,1.43332439959049,2.36319870948792
R,CGC,0.346083624720573,0.171040662378073,0.5248175740242
R,CGG,2.46495577230453,1.85293553173542,3.21919667124748
S,TCA,0.87184404887557,0.484223561733961,1.3245587348938
S,TCC,-0.123891701174193,-0.338456854224205,0.0832030642777683
S,TCG,0.705563370931149,0.343813277035952,1.11504640877247
T,ACA,1.00212107775211,0.707355351746082,1.32467460334301
T,ACC,0.261400736055896,0.0949639316648245,0.433986294269562
T,ACG,0.872856478011608,0.601933267712593,1.16526065766811
V,GTA,0.148760295087636,-0.00983042677398771,0.318710725754499
V,GTC,0.410276970729977,0.210252173990011,0.623515723645687
V,GTG,0.369558622233942,0.187780630961061,0.557195720076561
Y,TAC,-0.43064241502136,-0.683479137718678,-0.190559397265315
Z,AGC,-0.921071212792397,-1.27169989049435,-0.605488005280495
