AA,Codon,Posterior,0.025%,0.975%
A,GCA,-0.464006102830172,-0.572556121647358,-0.354968149960041
A,GCC,-1.03168184283972,-1.1423959851265,-0.923333457112312
A,GCG,-1.2372486751318,-1.33584972918034,-1.13873129785061
C,TGC,-0.107728489500561,-0.297517246007919,0.0885178744792937
D,GAC,0.853097694766521,0.744544287025928,0.960154642164707
E,GAA,-0.593583606827259,-0.698652420938015,-0.48950243294239
F,TTC,0.769530349242687,0.656844489276409,0.888778164982796
G,GGA,0.048761903687063,-0.140808692201972,0.23671483695507
G,GGC,-0.393246441739798,-0.492053293436766,-0.295890992879868
G,GGG,0.0193179807424007,-0.131500648707151,0.169361988082528
H,CAC,0.682829448765516,0.533452527225018,0.834729552268982
I,ATA,1.22280731340647,0.977855505049229,1.45884993076324
I,ATC,0.481994327378273,0.39371819421649,0.57020501345396
K,AAA,-1.08536041138172,-1.1887194275856,-0.977972938120365
L,CTA,0.94455566290617,0.72486467063427,1.16023088693619
L,CTC,0.453338307264447,0.31905799433589,0.587589341402054
L,CTG,-0.773721678173542,-0.879066081345081,-0.66836473941803
L,CTT,0.426118775197864,0.280903969705105,0.570355576276779
L,TTA,-0.0725631528323298,-0.21115849390626,0.0656621698290109
N,AAC,0.256693579418585,0.128720173239708,0.386893801391125
P,CCA,0.0743138656835275,-0.113237464241683,0.264284425228834
P,CCC,-0.272253930183385,-0.501964525878429,-0.04512840770185
P,CCG,-0.848889351260662,-1.00543341040611,-0.69237967133522
Q,CAA,0.310652539223433,0.196752506121993,0.422575744241476
R,AGA,1.52127897980213,1.1859139829874,1.85342824161053
R,AGG,1.07253077777624,0.657952800393105,1.48161399662495
R,CGA,0.623409744730592,0.362205804884434,0.873136264085769
R,CGC,-0.52507468727231,-0.62571310698986,-0.425844392180443
R,CGG,0.0204906207017164,-0.174764401838183,0.211447121948004
S,TCA,-0.168482711057596,-0.352700068056583,0.0144824777962639
S,TCC,-0.145681191045893,-0.286125817894936,3.25089633406601e-05
S,TCG,-0.770977349758148,-0.925347320735455,-0.613360500335693
T,ACA,-0.246441220829985,-0.431526796519756,-0.0710763785988093
T,ACC,-1.2012682033062,-1.3203090429306,-1.08282900154591
T,ACG,-1.14030940740108,-1.27984254956245,-0.996301019191742
V,GTA,0.466795010024309,0.340423873066902,0.59161404967308
V,GTC,-0.385777690401673,-0.499418164044619,-0.269474525749684
V,GTG,-0.863654277646542,-0.964125576615334,-0.760875634849072
Y,TAC,0.585781460094452,0.439720413833857,0.74426141679287
Z,AGC,-0.246551421911275,-0.403688383847475,-0.0871697356924416
