AA,Codon,Posterior,0.025%,0.975%
A,GCA,0.146914724128693,0.0756142511963844,0.217503013461828
A,GCC,0.42489394774437,0.346157198399305,0.5060657158494
A,GCG,0.294179582756758,0.227017357200384,0.361567172408104
C,TGC,-0.128006362072518,-0.313757118582726,0.0506358206272123
D,GAC,-0.385666495278478,-0.468216384202242,-0.30543220937252
E,GAA,-0.155184704337642,-0.237436831742525,-0.0760706096887589
F,TTC,-0.601062787884474,-0.711129292845726,-0.497085887938738
G,GGA,1.44346404726505,1.20697640180588,1.68918086290359
G,GGC,0.152778402805328,0.0901169942691922,0.219109134748578
G,GGG,0.826728674697876,0.674968126416206,0.978311911225319
H,CAC,-0.487428299728036,-0.62303654551506,-0.35326289087534
I,ATA,1.48040109572411,1.12512888014317,1.85361098945141
I,ATC,-0.387009075087309,-0.459648516029119,-0.316802617907524
K,AAA,-0.0505481524752769,-0.12143755722791,0.0184596096165478
L,CTA,0.539822502881289,0.257891358435154,0.839019571244717
L,CTC,-0.377917359441519,-0.518804842233658,-0.23598263822496
L,CTG,-0.726572048294544,-0.841834831237793,-0.612657736241818
L,CTT,-0.175291967493738,-0.332747256010771,-0.0152951151598246
L,TTA,0.150200016490396,-0.0115689103491604,0.316971746087074
N,AAC,-0.68513439488411,-0.804764637351036,-0.566838532686234
P,CCA,-0.280622216160572,-0.467138528078794,-0.0978367926552895
P,CCC,0.704967336526513,0.419035827368498,0.993627782166004
P,CCG,-0.487603570407629,-0.651688194274902,-0.33488503023982
Q,CAA,0.3722073420614,0.268558983504772,0.477626346051693
R,AGA,1.58372521141767,1.12233765423298,2.0861233651638
R,AGG,2.93589933276176,2.1966521859169,3.73900655508041
R,CGA,1.70349517915249,1.36327963471413,2.06106774806976
R,CGC,0.375949090763927,0.298511861264706,0.454439328610897
R,CGG,1.58345007092953,1.3286396920681,1.84436143636703
S,TCA,0.642821234720945,0.485353606194258,0.818837223947048
S,TCC,0.10260003037143,0.0105710893403739,0.195737346634269
S,TCG,0.704992627185583,0.565795694291592,0.849080820381641
T,ACA,0.722763214844465,0.555103635787964,0.902263513207436
T,ACC,0.100341742110148,0.0256873993668705,0.177616137266159
T,ACG,0.652106796479225,0.532729415595531,0.77203872948885
V,GTA,0.0819114131345286,0.00721292804228142,0.161376663297415
V,GTC,0.424532321691513,0.337167067825794,0.512977714836597
V,GTG,0.386983876401186,0.313860130310059,0.463664077222347
Y,TAC,-0.376706870916486,-0.50970263928175,-0.253152897953987
Z,AGC,-0.638820330870152,-0.809970943629742,-0.474061947315931
