AA,Codon,Posterior,0.025%,0.975%
A,GCA,0.132182047954025,-0.0742733551189303,0.335145297646522
A,GCC,0.325590879619494,0.129611011594534,0.524322928488254
A,GCG,0.286281336180423,0.0992085402831435,0.469469767808914
C,TGC,0.365976181370618,-0.0602859945036471,0.838138781487941
D,GAC,-0.474714715063572,-0.660207070410252,-0.285445127636194
E,GAA,-0.30772273975648,-0.494865074753761,-0.134947426617146
F,TTC,-0.601668636459112,-0.856756523251534,-0.360161547362805
G,GGA,1.18589985157251,0.828014472126961,1.59304525852203
G,GGC,0.231170450316626,0.0826231393963099,0.384242282807827
G,GGG,0.851916612362862,0.569435556232929,1.1500262349844
H,CAC,-0.661473901075125,-0.971725952625275,-0.376421312242747
I,ATA,1.88724606285691,0.950967089831829,3.09456222653389
I,ATC,-0.349034140506014,-0.529031266272068,-0.171458840742707
K,AAA,-0.231555041868438,-0.469224926829338,-0.00724002139177184
L,CTA,0.800415294595342,0.16473432816565,1.56376958191395
L,CTC,-0.37977779869595,-0.686124289035797,-0.079436342418194
L,CTG,-0.561257468640804,-0.815680636465549,-0.328113269805908
L,CTT,0.013387826166265,-0.337656030803919,0.385742901265621
L,TTA,0.184691843571125,-0.15783053599298,0.525831435620785
N,AAC,-0.619011637347937,-0.863209576904774,-0.387848830223084
P,CCA,-0.453805751268122,-0.885381706058979,-0.0513853818178181
P,CCC,0.915579994408041,0.29081002175808,1.62087350189686
P,CCG,-0.590810711093247,-0.970987673103809,-0.241370438784361
Q,CAA,0.354066412512958,0.134976360574365,0.591756522655487
R,AGA,1.22778611552147,0.510955931246281,2.14660449624062
R,AGG,5.53919385349751,2.62903320789337,10.3139515399933
R,CGA,1.70099932384491,1.05909851193428,2.47468017935753
R,CGC,0.311456954661757,0.134488628432155,0.487419031560421
R,CGG,1.64838291114569,1.1720962792635,2.2058382332325
S,TCA,0.757250532749295,0.393455725908279,1.1423629283905
S,TCC,0.252587453499209,0.00293886813451537,0.515969137847423
S,TCG,0.876524720227718,0.563767330348492,1.21968084275722
T,ACA,0.678515168767981,0.287570732086897,1.11412845849991
T,ACC,0.167701427336108,-0.0643813250586391,0.399521919339895
T,ACG,0.50916756382538,0.233631838485599,0.788569347560406
V,GTA,0.11395402702823,-0.102975491993129,0.340585784614086
V,GTC,0.573928585888445,0.344146586954594,0.827461451292038
V,GTG,0.250028256467124,0.0747161008417606,0.421763779968023
Y,TAC,-0.405783885231568,-0.657792937755585,-0.146621157601476
Z,AGC,-0.515672067850362,-0.872554367780685,-0.174454288557172
