AA,Codon,Posterior,0.025%,0.975%
A,GCA,-0.456432143133879,-0.551629877090454,-0.36076819896698
A,GCC,-1.03074562112093,-1.12763609290123,-0.935187251865864
A,GCG,-1.22342412552834,-1.31000399291515,-1.13422147035599
C,TGC,-0.200692396940669,-0.37768495157361,-0.0189684426877651
D,GAC,0.872613420641422,0.777542033791542,0.969097132980823
E,GAA,-0.579235188651085,-0.673211695253849,-0.486239348351955
F,TTC,0.782377791941166,0.680494655668735,0.885935837030411
G,GGA,0.16282722082015,-0.00551990448730066,0.335096359997988
G,GGC,-0.395130490136147,-0.479689907282591,-0.310697538405657
G,GGG,0.00921684890723191,-0.124820726178586,0.14251749292016
H,CAC,0.726028305870295,0.588425679504871,0.867874489724636
I,ATA,1.27886728076935,1.06124717891216,1.49563174843788
I,ATC,0.491555780529976,0.414437817037106,0.570922933518887
K,AAA,-1.11222980285883,-1.21161250770092,-1.01234655976295
L,CTA,1.06740583924055,0.869013914465904,1.27187528908253
L,CTC,0.509779514288902,0.386647681891918,0.633235311508179
L,CTG,-0.78568091698885,-0.877167238295078,-0.689602673053742
L,CTT,0.436102637514472,0.309114131331444,0.56435172110796
L,TTA,-0.0336788118205375,-0.154332724958658,0.0902028976008296
N,AAC,0.275805582675338,0.16409792676568,0.390976403653621
P,CCA,-0.0336049428043545,-0.202264696359634,0.129583868011832
P,CCC,-0.360000608882681,-0.563021302223206,-0.151371906325221
P,CCG,-0.890424943089485,-1.02846917212009,-0.753103519976139
Q,CAA,0.360830912271142,0.259552114456892,0.464160399883985
R,AGA,1.53386780329943,1.20550381243229,1.86280438005924
R,AGG,1.26319570995569,0.879408358037472,1.64165989458561
R,CGA,0.600209837216139,0.371441791951656,0.824271774291992
R,CGC,-0.543594628989696,-0.63507793545723,-0.452007180452347
R,CGG,0.0223324171417124,-0.157719136029482,0.202198215946555
S,TCA,-0.182848683343342,-0.346357126533985,-0.0197853588964792
S,TCC,-0.146350719155488,-0.271606743335724,-0.015802448173054
S,TCG,-0.740891551500559,-0.879837667942047,-0.59976087063551
T,ACA,-0.204352208845094,-0.370702676475048,-0.0404057119041682
T,ACC,-1.19109349294901,-1.29879010915756,-1.08151263892651
T,ACG,-1.13304355808496,-1.25663007795811,-1.004521676898
V,GTA,0.427670947536826,0.312725988030434,0.54236595928669
V,GTC,-0.372412201490998,-0.475715190172195,-0.267023159563541
V,GTG,-0.841528056144714,-0.932916009426117,-0.750752344727516
Y,TAC,0.618754258543253,0.486457041651011,0.753259406983852
Z,AGC,-0.238455083777383,-0.379915232211351,-0.0958223830908538
