AA,Codon,Posterior,0.025%,0.975%
A,GCA,0.216567783643678,0.125678084418178,0.309151427447796
A,GCC,0.448544596284628,0.354176380485296,0.542295098304748
A,GCG,0.25825832502991,0.176117645204067,0.339533552527428
C,TGC,-0.159774475879785,-0.392817040532827,0.0647087743505835
D,GAC,-0.426076644194126,-0.522614626586437,-0.333359173685312
E,GAA,-0.206447892289143,-0.303320442140102,-0.110741621628404
F,TTC,-0.564593481391668,-0.679221194982529,-0.450031224638224
G,GGA,1.31584313527346,1.08354734778404,1.566544932127
G,GGC,0.174322737567127,0.0973510947078466,0.2498466078192
G,GGG,0.871332727026939,0.712217132747173,1.03501009345055
H,CAC,-0.614178844624758,-0.792412176728249,-0.438965564221144
I,ATA,1.48736788851023,1.1027713239193,1.91554189622402
I,ATC,-0.306465579125285,-0.392881672084332,-0.223095517605543
K,AAA,-0.061625530147774,-0.165676167234778,0.0385031942278146
L,CTA,0.535129851306044,0.194788975268602,0.891477859020232
L,CTC,-0.35894492912963,-0.534063962101936,-0.189867651462555
L,CTG,-0.737756882977486,-0.877641926705837,-0.605908150970936
L,CTT,-0.211184310356202,-0.387533578276634,-0.0277204596437516
L,TTA,0.122329489049243,-0.0656404614448547,0.315716558694839
N,AAC,-0.689372101861238,-0.839077179133892,-0.551455570757389
P,CCA,-0.156927256691735,-0.368023792654276,0.0666699646040797
P,CCC,0.664134110182524,0.363433323055506,0.971850389242172
P,CCG,-0.502418812358379,-0.683442075550556,-0.324461543560028
Q,CAA,0.369011854162812,0.238726840913296,0.503063182532787
R,AGA,2.284971210742,1.54529335200787,3.12909132242203
R,AGG,2.35268737437725,1.63887333869934,3.16568924188614
R,CGA,1.79818200786114,1.42531822621822,2.21019921898842
R,CGC,0.413328345960379,0.316594740748405,0.515604315698147
R,CGG,1.76572080543041,1.46631736457348,2.08216260075569
S,TCA,0.694445759749413,0.506542536616325,0.892737019062042
S,TCC,0.175633414162791,0.0604594423435628,0.293473349511623
S,TCG,0.65781488122344,0.506383469700813,0.816051366925239
T,ACA,0.7319429004848,0.520431633293629,0.94683685451746
T,ACC,0.111444429103522,0.00926689708139748,0.215775374695659
T,ACG,0.577190768796206,0.439221248030663,0.714509205520153
V,GTA,0.0799547713026739,-0.0234252809546888,0.184070047736167
V,GTC,0.398948319357634,0.285087469220161,0.512088792026043
V,GTG,0.334834798726439,0.241738608106971,0.42863190472126
Y,TAC,-0.440464679840207,-0.579460848867893,-0.30109987333417
Z,AGC,-0.733212019836903,-0.954865176975727,-0.530073353648186
