AA,Codon,Posterior,0.025%,0.975%
A,GCA,0.144059159303084,0.0795497324317694,0.210579294338822
A,GCC,0.425769452941418,0.351872436702251,0.500342383980751
A,GCG,0.28688671631217,0.22459831610322,0.349991719424725
C,TGC,-0.0618185636121308,-0.230935421586037,0.105712798796594
D,GAC,-0.396981797796488,-0.474917551875114,-0.317729327827692
E,GAA,-0.16422385911122,-0.2415626835078,-0.0869991669431329
F,TTC,-0.610027734655142,-0.708729541301727,-0.515368103981018
G,GGA,1.31506328581572,1.10594738423824,1.53457425832748
G,GGC,0.153727407324314,0.091860543191433,0.214503653720021
G,GGG,0.835566546273231,0.696049576997757,0.975372570753097
H,CAC,-0.518128966069222,-0.648664039373398,-0.389664513617754
I,ATA,1.41199354227781,1.09754192233086,1.75178290605545
I,ATC,-0.392925956070423,-0.458645568788052,-0.327251627296209
K,AAA,-0.0369465986549625,-0.106895863637328,0.0314448473043739
L,CTA,0.40505670944564,0.150068320706487,0.662210142612457
L,CTC,-0.420166566303372,-0.553946803510189,-0.288518511503935
L,CTG,-0.719891595435142,-0.827938148379326,-0.61500736027956
L,CTT,-0.183820276440004,-0.325837587565184,-0.0436178372241557
L,TTA,0.111882910657776,-0.034710319340229,0.260098671168089
N,AAC,-0.69810088070035,-0.811588861048222,-0.587573882937431
P,CCA,-0.201400811965426,-0.370516061037779,-0.0289792596828193
P,CCC,0.785660587006807,0.51471301317215,1.05920268595219
P,CCG,-0.451957640853524,-0.604600267112255,-0.307987546920776
Q,CAA,0.33512016236484,0.238945710286498,0.434659330546856
R,AGA,1.5716787360549,1.1074922055006,2.06978471875191
R,AGG,2.63658132181168,1.95563702881336,3.360462641716
R,CGA,1.72521493024826,1.41933465898037,2.06046476364136
R,CGC,0.387438203203678,0.314450100809336,0.462298596650362
R,CGG,1.57783568511009,1.34139967858791,1.81877699494362
S,TCA,0.655617096215486,0.502708224952221,0.819133798778057
S,TCC,0.103684356802038,0.019381788186729,0.191388988867402
S,TCG,0.682350501894951,0.556146430969238,0.813823084533215
T,ACA,0.689635969424248,0.531142248213291,0.855571669340134
T,ACC,0.0955154640637942,0.0222477019298822,0.168093609437346
T,ACG,0.649255822247267,0.539721761643887,0.758148396015167
V,GTA,0.100844896447314,0.024392330320552,0.17771500274539
V,GTC,0.416488370394707,0.333157323300838,0.500792779028416
V,GTG,0.373468554973602,0.305742053687572,0.443597548455
Y,TAC,-0.39819509344101,-0.519010716676712,-0.276163547486067
Z,AGC,-0.646426402556896,-0.80305480659008,-0.493733707070351
