AA,Codon,Posterior,0.025%,0.975%
A,GCA,0.25723505706999,0.0900429528206587,0.431905052810907
A,GCC,0.466187156477571,0.266023913025856,0.670804734528065
A,GCG,0.31988627990298,0.144053287804127,0.508521348237991
C,TGC,-0.230169921568205,-0.684639516472817,0.204906259849667
D,GAC,-0.143337772848699,-0.32862850651145,0.0378327512182294
E,GAA,-0.187257619297877,-0.334432099014521,-0.040253480616957
F,TTC,-0.962656632077694,-1.3448133379221,-0.620287115871907
G,GGA,1.41695303859711,1.0356878310442,1.85130997896194
G,GGC,0.14127850619977,-0.00418006828986108,0.291552875936031
G,GGG,1.02976407684684,0.741873759031296,1.34951647222042
H,CAC,-0.78724726421237,-1.16070752441883,-0.428124054521323
I,ATA,0.914129156142473,0.485077798366547,1.37680779695511
I,ATC,-0.41123008338809,-0.630777107179165,-0.201136657223106
K,AAA,-0.216982963622024,-0.400234273076057,-0.0404628952033819
L,CTA,0.415517007324213,-0.0647426348179579,0.922740341722965
L,CTC,-0.774567024698854,-1.11087363660336,-0.442555426061155
L,CTG,-1.22730027028322,-1.55659154653549,-0.916554211080075
L,CTT,-0.461630724910763,-0.827788271009922,-0.102209144458175
L,TTA,0.0682707782247322,-0.351135242730379,0.509725961089132
N,AAC,-0.996432117718458,-1.31321070194244,-0.691138124465943
P,CCA,-0.225970651749174,-0.580856278538704,0.117798860184848
P,CCC,1.24402302666306,0.563922484219074,2.01136224865913
P,CCG,-0.764035951110721,-1.08451221287251,-0.467569421976805
Q,CAA,0.329867461502552,0.125621363148093,0.551671360433102
R,AGA,2.1962007386446,1.57151764333248,2.8625174343586
R,AGG,1.93117452628613,1.44133201241493,2.5262569963932
R,CGA,2.48235676326752,1.81183825731277,3.21990972161293
R,CGC,0.516649771946669,0.306032332777977,0.732154116034508
R,CGG,2.30223927452564,1.70472191572189,3.0355957865715
S,TCA,1.06656099300683,0.62871368676424,1.55981265306473
S,TCC,-0.0980513027284789,-0.325342958420515,0.128496313840151
S,TCG,1.97733570013046,1.23789811730385,2.86703842282295
T,ACA,0.704078780505061,0.390861039608717,1.04989555776119
T,ACC,0.204857514905915,-0.00842379878740757,0.424096539616585
T,ACG,0.673992383624613,0.378036531060934,1.00403897166252
V,GTA,0.0830091802804785,-0.0848701573908329,0.252586411684751
V,GTC,0.506863860420883,0.281672636419535,0.744435761868953
V,GTG,0.488696151681244,0.276625034213066,0.715009124577045
Y,TAC,-0.575174609301984,-0.893501621484756,-0.272156870365143
Z,AGC,-0.615893986716494,-0.959443654119968,-0.289022912830114
