AA,Codon,Posterior,0.025%,0.975%
A,GCA,-0.345756585589051,-0.441939727216959,-0.252850561589003
A,GCC,-0.768289596045017,-0.865516269207001,-0.675854685902596
A,GCG,-0.849152352833748,-0.940984226763248,-0.759836392104626
C,TGC,-0.0120123181711759,-0.197354044392705,0.175958213582635
D,GAC,0.741020422828197,0.643542730808258,0.837835401296616
E,GAA,-0.726431161212921,-0.824313051998615,-0.627372872829437
F,TTC,0.862284179019928,0.760094876587391,0.964120148122311
G,GGA,0.0909275290162663,-0.0504514029249549,0.231605898961425
G,GGC,-0.448925116896629,-0.540227550268173,-0.357146352529526
G,GGG,0.0719213671788646,-0.0594275209121406,0.202290184050798
H,CAC,0.619763836497068,0.486092761904001,0.760294280946255
I,ATA,1.16469761929512,1.0012141674757,1.32824434936047
I,ATC,0.534652417623997,0.455243527889252,0.612982027232647
K,AAA,-1.14355146824121,-1.24181975126266,-1.0439495831728
L,CTA,0.997995581448078,0.822616305947304,1.16746677756309
L,CTC,0.297415834127367,0.176566928625107,0.418754959851503
L,CTG,-0.777088050639629,-0.869869911670685,-0.682699938118458
L,CTT,0.14602855264715,0.0283215171657503,0.263566578179598
L,TTA,-0.268729302636161,-0.37895045876503,-0.157140167057514
N,AAC,0.432133761444688,0.324971420317888,0.537520778179169
P,CCA,0.090764257150394,-0.0599513836205006,0.242108773812652
P,CCC,-0.276012298524193,-0.447580997645855,-0.108016141317785
P,CCG,-0.494916333213449,-0.624240680038929,-0.365091316401959
Q,CAA,0.235280919472873,0.138064178079367,0.331440962105989
R,AGA,1.08342459810972,0.876994152367115,1.28434875905514
R,AGG,1.24319983321428,0.958179017901421,1.52159998118877
R,CGA,0.530890399217606,0.347099217027426,0.716720774769783
R,CGC,-0.332996023911238,-0.426552855968475,-0.239099806919694
R,CGG,0.147203604118207,-0.0309721996076405,0.330352976173162
S,TCA,-0.299488693581038,-0.448689636588097,-0.155536984279752
S,TCC,-0.0427267065613261,-0.173582217469811,0.090700202807784
S,TCG,-0.518994104138017,-0.678477548062801,-0.359549363702536
T,ACA,-0.505545793294907,-0.644232477247715,-0.368312774598599
T,ACC,-0.941205640268326,-1.05249200463295,-0.828523741662502
T,ACG,-0.932589899158478,-1.0658005207777,-0.800842885673046
V,GTA,0.549614156115055,0.446705911308527,0.658122679591179
V,GTC,-0.0840081629939312,-0.187144131213427,0.0199767529964446
V,GTG,-0.516934604001045,-0.615013997256756,-0.420297084748745
Y,TAC,0.475221605926752,0.341483846306801,0.612677305936813
Z,AGC,-0.291427733425796,-0.422338607907295,-0.156553161144257
