AA,Codon,Posterior,0.025%,0.975%
A,GCA,0.111444343132246,0.0477937116287649,0.173223135247827
A,GCC,0.382105197167397,0.31087696403265,0.454864613711834
A,GCG,0.383702208161354,0.313550890982151,0.452317707985639
C,TGC,-0.12153158472859,-0.297522086650133,0.0490146182477473
D,GAC,-0.212860750743747,-0.28735561221838,-0.137615283578634
E,GAA,-0.149750625673495,-0.230756831169128,-0.068766270019114
F,TTC,-0.217628982643783,-0.301232164353132,-0.131410802900791
G,GGA,0.757831289589405,0.619492982327938,0.900492100417614
G,GGC,0.181405454964936,0.115820292010903,0.245649250224233
G,GGG,0.630857319152355,0.505369709432125,0.759535470604896
H,CAC,-0.313956763640046,-0.433282952010632,-0.199310977011919
I,ATA,0.605200229692459,0.433853293210268,0.794778968393803
I,ATC,-0.248125686873496,-0.309858456999064,-0.187462686747313
K,AAA,0.0189566729141695,-0.0460534132085741,0.0850930199027061
L,CTA,0.154338657608047,-0.0284268191084266,0.343666446954012
L,CTC,-0.18140069539235,-0.296658240258694,-0.0648184437304736
L,CTG,-0.360860373854637,-0.450799626111984,-0.269629120826721
L,CTT,-0.182781683394173,-0.295513087511063,-0.0705624949187041
L,TTA,-0.00971467392434897,-0.121087746322155,0.103763627260923
N,AAC,-0.42171789124608,-0.51219125688076,-0.332277346402407
P,CCA,0.00492844858045028,-0.12219755910337,0.131037475168705
P,CCC,0.50436788084805,0.332294084876776,0.684867124259472
P,CCG,-0.0773218370855706,-0.184868660569191,0.0315060893073678
Q,CAA,0.0687286281539098,-0.0153372799279168,0.151111865788698
R,AGA,0.757569022637606,0.551850554347038,0.983064645528793
R,AGG,1.3909115531683,1.03231850266457,1.78589141964912
R,CGA,1.0017820337534,0.792359408736229,1.22403543889523
R,CGC,0.202991090784967,0.13144451752305,0.275924704968929
R,CGG,1.35023654694557,1.11270634233952,1.57978912591934
S,TCA,0.420176065373421,0.301668254286051,0.548493893444538
S,TCC,0.0723445534925944,-0.0196889056824148,0.162466984242201
S,TCG,0.776400851505995,0.625767657160759,0.930799342691898
T,ACA,0.460516430076957,0.352203194797039,0.57229109108448
T,ACC,0.17778803598918,0.101414576917887,0.252749264985323
T,ACG,0.65789273519516,0.544166615605354,0.771081033349037
V,GTA,-0.0710846443159887,-0.13800502717495,-0.00445555672049524
V,GTC,0.277852129843831,0.196315310150385,0.360859863460064
V,GTG,0.409597877335548,0.328572212159634,0.493732825666666
Y,TAC,-0.256239329854026,-0.376950889825821,-0.138120291009545
Z,AGC,-0.1589548187487,-0.276569737493992,-0.0432982766069472
