AA,Codon,Posterior,0.025%,0.975%
A,GCA,0.0694816088059302,-0.0403382778167725,0.178773447871208
A,GCC,0.269289659918845,0.157216619327664,0.378005611151457
A,GCG,-0.0102109596228918,-0.106600955687463,0.0892750814557075
C,TGC,-0.322412464358052,-0.554920233786106,-0.0903483960777522
D,GAC,-0.236254145254195,-0.333512522280216,-0.136576648056507
E,GAA,-0.155217866435484,-0.258852772414684,-0.0531779262237251
F,TTC,-0.764746285361052,-0.901990951597691,-0.629927460849285
G,GGA,1.50515902922153,1.2634599417448,1.7654356777668
G,GGC,0.188312431076914,0.101825120672584,0.273382274061441
G,GGG,0.766268631732464,0.610388639569283,0.931014567613602
H,CAC,-0.483927952492237,-0.651570820808411,-0.321027265489101
I,ATA,1.88688895273209,1.46419933736324,2.36064673066139
I,ATC,-0.421442625933886,-0.522297018766403,-0.324012371897697
K,AAA,-0.147905933551058,-0.2731356151402,-0.0272817405872047
L,CTA,0.720665672421455,0.380606403946877,1.09576845467091
L,CTC,-0.18007823993452,-0.364768943190575,-0.000177824637467082
L,CTG,-0.689753410094976,-0.827258096635342,-0.555284067988396
L,CTT,0.3503286938807,0.134752491861582,0.576909847557545
L,TTA,0.625561497280002,0.411813099682331,0.84654436558485
N,AAC,-0.842648978602886,-0.985561352968216,-0.699375484883785
P,CCA,-0.535098892768472,-0.776951977610588,-0.295281907171011
P,CCC,1.10997895275354,0.712796373665333,1.53402809202671
P,CCG,-0.954970897901058,-1.18428846299648,-0.744611105322838
Q,CAA,0.687691809624434,0.54530194401741,0.843462513387203
R,AGA,2.05457240204811,1.53322214484215,2.64359061121941
R,AGG,2.15753827931881,1.51936472654343,2.86172441840172
R,CGA,1.60620069189072,1.26334966421127,1.99352827072144
R,CGC,0.289624547834694,0.188448659703135,0.394292399287224
R,CGG,1.43069254442453,1.15787677764893,1.72817522287369
S,TCA,0.679171634966135,0.452139051258564,0.912568771839142
S,TCC,-0.0694307226183992,-0.222709557041526,0.0814407393336293
S,TCG,0.355882961158641,0.176884307712317,0.535053218901157
T,ACA,0.827638943868875,0.608305512368679,1.05620558261871
T,ACC,-0.0409470032205172,-0.173714626953006,0.086438649520278
T,ACG,0.410443930023909,0.246485279873013,0.578587834537029
V,GTA,-0.0125925918132585,-0.143593550100923,0.116501752100885
V,GTC,0.243834253180586,0.114930394664407,0.382799376547336
V,GTG,0.0139073863866673,-0.0908541359007358,0.120810517854989
Y,TAC,-0.410966920365393,-0.564810298383236,-0.260474275797606
Z,AGC,-0.6848346660465,-0.91980998814106,-0.457367350906134
