AA,Codon,Posterior,0.025%,0.975%
A,GCA,-0.353390658479929,-0.450734068453312,-0.254843017458916
A,GCC,-0.758434499883652,-0.853215923905373,-0.65690710246563
A,GCG,-0.836710716032982,-0.931041376292706,-0.74452046751976
C,TGC,0.0130175855172376,-0.166959730535746,0.209956116974354
D,GAC,0.751183825278282,0.648556818068027,0.853392317891121
E,GAA,-0.722296074271202,-0.819826291501522,-0.617172572016716
F,TTC,0.885169193744659,0.77978610098362,0.99379830956459
G,GGA,0.121283557984383,-0.0245973812881857,0.275562781840563
G,GGC,-0.42627779866457,-0.524176052212715,-0.325614465028048
G,GGG,0.0631070981544817,-0.074115638807416,0.201016509532928
H,CAC,0.562349932217598,0.422411400079727,0.705178909003735
I,ATA,1.11308448801041,0.942465613782406,1.27379250526428
I,ATC,0.504351795423031,0.420838491618633,0.589670521020889
K,AAA,-1.11204359264374,-1.21301046013832,-1.01153903901577
L,CTA,1.00703149776459,0.831888914108276,1.18546279370785
L,CTC,0.318971054324508,0.187925245240331,0.438221476227045
L,CTG,-0.771101681828499,-0.87041719853878,-0.67205047160387
L,CTT,0.170275634578057,0.0483002688735724,0.293350000679493
L,TTA,-0.234287583689392,-0.34946568980813,-0.118320318497717
N,AAC,0.400159386861324,0.287579550594091,0.512234225869179
P,CCA,0.109413259033451,-0.0417371055111289,0.270597398281097
P,CCC,-0.303036271460354,-0.471617726236582,-0.129479802399874
P,CCG,-0.488732901954651,-0.617327803373337,-0.35857348293066
Q,CAA,0.209808670334518,0.109855971671641,0.309675316512585
R,AGA,1.0288686416626,0.818147759139538,1.24681679904461
R,AGG,1.42717048418522,1.14642112851143,1.71109013557434
R,CGA,0.487256387037039,0.286632376164198,0.67611221075058
R,CGC,-0.33430889390707,-0.432156318426132,-0.234241541847587
R,CGG,0.137893043779494,-0.0428465656004846,0.332990940660238
S,TCA,-0.260543812711909,-0.413251534104347,-0.113157581537962
S,TCC,-0.0169349746356631,-0.161077144742012,0.116350044123828
S,TCG,-0.450095071345568,-0.616567181050777,-0.295083772391081
T,ACA,-0.50204784771204,-0.645029139518738,-0.35668732970953
T,ACC,-0.981450170469284,-1.10004429221153,-0.861930753290653
T,ACG,-0.878997098875046,-1.01379602253437,-0.738003915548325
V,GTA,0.57933733496666,0.468210278451443,0.687551431357861
V,GTC,-0.049320725916839,-0.153937412798405,0.0555620616301895
V,GTG,-0.47770117405653,-0.577132222056389,-0.374190302938223
Y,TAC,0.481695177510381,0.338417311012745,0.625260154902935
Z,AGC,-0.314169044521451,-0.448917383700609,-0.181898398324847
