AA,Codon,Posterior,0.025%,0.975%
A,GCA,0.1152798736725,0.0516419320367277,0.185554716363549
A,GCC,0.376242246580124,0.304032491147518,0.449346119910479
A,GCG,0.37557847288847,0.300999756157398,0.448758939653635
C,TGC,-0.13766878803061,-0.31104139983654,0.0307440633419901
D,GAC,-0.218679741811752,-0.297568000853062,-0.135765400528908
E,GAA,-0.151305429186672,-0.237424205243587,-0.0723074279725551
F,TTC,-0.231835984393954,-0.319469141960144,-0.145353953540325
G,GGA,0.736888226258755,0.594934304058552,0.884082056581974
G,GGC,0.169630720461905,0.103671796806157,0.23876438178122
G,GGG,0.641078978955746,0.519589902460575,0.772532966732979
H,CAC,-0.27673166705668,-0.400153034925461,-0.160145237669349
I,ATA,0.650204383742809,0.475400000810623,0.842120383679867
I,ATC,-0.23004708276093,-0.298582192510366,-0.166728877648711
K,AAA,0.0030652435011667,-0.0650445638224482,0.0714037319645286
L,CTA,0.146102816316179,-0.043036794103682,0.340164782106876
L,CTC,-0.197925762611441,-0.313020393997431,-0.0743840733543037
L,CTG,-0.367429611617327,-0.463834211975336,-0.271836687624454
L,CTT,-0.201476485698659,-0.311287690699101,-0.0864104494452476
L,TTA,-0.0376029033463597,-0.150063859298825,0.0750879315659405
N,AAC,-0.401023815590143,-0.494737206399441,-0.310522384941578
P,CCA,-0.00811185723327799,-0.133834189176559,0.121796702593565
P,CCC,0.528349394488335,0.356045438349247,0.709837564826012
P,CCG,-0.0819003533723589,-0.188623991236091,0.0242967209778726
Q,CAA,0.0854562438120483,5.653996122419e-05,0.171694717183709
R,AGA,0.805577460789681,0.579527615010738,1.04064387381077
R,AGG,1.18218520739079,0.828713950514793,1.55660512447357
R,CGA,1.04377781994343,0.818693958222866,1.28088909387589
R,CGC,0.204588474617898,0.131544988974929,0.281981905549765
R,CGG,1.36057892105579,1.12993423342705,1.60379537045956
S,TCA,0.398482150357962,0.277112822234631,0.526904991269112
S,TCC,0.0596563338677341,-0.0311541235074401,0.153131510689855
S,TCG,0.723353074777126,0.576385508477688,0.882044263184071
T,ACA,0.456102528321743,0.340274815261364,0.574602492153645
T,ACC,0.199358420208096,0.120952960662544,0.280335607379675
T,ACG,0.61147811216116,0.496380988508463,0.730237609148026
V,GTA,-0.0841917204433266,-0.153342517465353,-0.0127381385536864
V,GTC,0.258569997656345,0.175686981901526,0.340826696902513
V,GTG,0.387402991831303,0.308970677852631,0.465720374882221
Y,TAC,-0.260526654647291,-0.385892841219902,-0.137566951289773
Z,AGC,-0.142540591562912,-0.263554406911135,-0.0246359095908701
