AA,Codon,Posterior,0.025%,0.975%
A,GCA,0.0425589903866174,-0.104242922738194,0.198355451598763
A,GCC,0.23237976786457,0.0851750086992979,0.382644426822662
A,GCG,-0.00998004997676653,-0.142699278518558,0.119599671848118
C,TGC,-0.233754057123046,-0.559013012051582,0.0621567510999739
D,GAC,-0.206932975147944,-0.326863636821508,-0.0913891969248652
E,GAA,-0.0225374471219824,-0.140820401161909,0.091611964814365
F,TTC,-0.834045971632004,-1.02228201627731,-0.658906573057175
G,GGA,1.44322244560719,1.08914402723312,1.83538841307163
G,GGC,0.149978994159488,0.0411056236363947,0.261238989979029
G,GGG,0.831184489655495,0.616076989471912,1.05995071530342
H,CAC,-0.463026664300263,-0.664389066398144,-0.244133315235376
I,ATA,1.69594928500652,1.08738102316856,2.36030469536781
I,ATC,-0.400377204585075,-0.533376879990101,-0.273294927179813
K,AAA,-0.0351259362998157,-0.185769583657384,0.10805613771081
L,CTA,0.0977169559629401,-0.236391798406839,0.454586936533451
L,CTC,-0.126362102148334,-0.369864167273045,0.123484602384269
L,CTG,-0.69005206258297,-0.878519102931023,-0.5159189671278
L,CTT,0.359838682488236,0.0717569569125772,0.651142026484013
L,TTA,0.373534753094614,0.114566652476788,0.653231348097324
N,AAC,-0.865486588048935,-1.07886310517788,-0.671782872080803
P,CCA,-0.58198035081327,-0.898946350812912,-0.267272920161486
P,CCC,0.532772874982562,0.103186731226742,0.970202280580998
P,CCG,-1.06105076260567,-1.35816761255264,-0.78859286904335
Q,CAA,0.507763208329678,0.341438142955303,0.688517847657204
R,AGA,2.06686335055828,1.40899750292301,2.8391942679882
R,AGG,2.98417129120827,1.79274188578129,4.54926779270172
R,CGA,1.93610222210884,1.38648917078972,2.58192933797836
R,CGC,0.271566118164361,0.133319773152471,0.410362363606691
R,CGG,1.66601469800472,1.26398294270039,2.1158514559269
S,TCA,0.709109626072645,0.404758787900209,1.03379043936729
S,TCC,0.114050584872164,-0.103829717636108,0.34240876659751
S,TCG,0.399390007663518,0.158809515833855,0.655379325151444
T,ACA,1.28047211446762,0.917868818342686,1.6833801150322
T,ACC,0.0483915216330555,-0.115819706767797,0.204413049668074
T,ACG,0.427397942399979,0.229543736204505,0.629224362969399
V,GTA,-0.0164863854011533,-0.186459377035499,0.15826498195529
V,GTC,0.401029250818491,0.207695447281003,0.5971037581563
V,GTG,0.0632081884023748,-0.073870306275785,0.204672071710229
Y,TAC,-0.281181655082479,-0.457079108804464,-0.102754379995167
Z,AGC,-0.748311757177115,-1.07930855453014,-0.442433700710535
