AA,Codon,Posterior,0.025%,0.975%
A,GCA,-0.333956099358201,-0.431890773028135,-0.234056235104799
A,GCC,-0.722199056434631,-0.822282701730728,-0.623764808475971
A,GCG,-0.772012833094597,-0.869761352241039,-0.676160405576229
C,TGC,0.0569647256940221,-0.141014998406172,0.258842418342829
D,GAC,0.743698674559593,0.637262246012688,0.852458703517914
E,GAA,-0.770862954866886,-0.872756943106651,-0.666723567247391
F,TTC,0.907901406145096,0.797821848094463,1.01893642544746
G,GGA,0.123493032212617,-0.0308717950712889,0.27434369623661
G,GGC,-0.437027444180846,-0.536812472343445,-0.334324949234724
G,GGG,0.0668223910188362,-0.0823642013594508,0.212179582566023
H,CAC,0.540377912545204,0.403797576576471,0.688927848637104
I,ATA,1.11579324980974,0.944614715874195,1.28140161633492
I,ATC,0.486307084149122,0.401580562442541,0.57316597700119
K,AAA,-1.12312986689806,-1.22564795911312,-1.01486308276653
L,CTA,0.998419093263149,0.811540420353413,1.18109510540962
L,CTC,0.290363524559885,0.159685259312391,0.421982817351818
L,CTG,-0.764503663039207,-0.863524121046066,-0.662635210156441
L,CTT,0.15043626354759,0.0252720042597502,0.272274496406317
L,TTA,-0.252596068850905,-0.370874182134867,-0.131085633859038
N,AAC,0.41778759290278,0.299567990750074,0.534870907664299
P,CCA,0.0977092260203051,-0.0580504069104791,0.258564863353968
P,CCC,-0.285869807392219,-0.457461595535278,-0.111186232045293
P,CCG,-0.466198996397853,-0.603428007662296,-0.328034541755915
Q,CAA,0.237782341252267,0.132080193981528,0.340566523373127
R,AGA,1.01519187533855,0.796556220948696,1.23712576925755
R,AGG,1.44710806317329,1.14045118391514,1.75697426199913
R,CGA,0.448591599565744,0.248321968317032,0.655158774554729
R,CGC,-0.306328119365871,-0.409261365234852,-0.202561140060425
R,CGG,0.16076254605492,-0.0363759503699839,0.360576412081718
S,TCA,-0.249198317986168,-0.401708900928497,-0.0914994414895773
S,TCC,-0.0106700301620706,-0.146462191641331,0.128513474017382
S,TCG,-0.405914850321412,-0.576391018927097,-0.241320960223675
T,ACA,-0.464011786326766,-0.608092248439789,-0.318333408981562
T,ACC,-0.933921114301682,-1.05218161344528,-0.815956424176693
T,ACG,-0.868361160314083,-1.00614072978497,-0.731433516740799
V,GTA,0.573730600106716,0.464923246949911,0.685466632246971
V,GTC,-0.0358984859145914,-0.151226115599275,0.0722110481932758
V,GTG,-0.458192217898369,-0.56055965423584,-0.353344941139221
Y,TAC,0.478009861624241,0.331088710576296,0.630325023829937
Z,AGC,-0.320227966471016,-0.461274966597557,-0.180855632200837
