AA,Codon,Posterior,0.025%,0.975%
A,GCA,0.106358100558724,0.0404382611624896,0.173083552718163
A,GCC,0.356600104960799,0.281786611676216,0.429876306653023
A,GCG,0.33721284827292,0.262561951577663,0.413156075775623
C,TGC,-0.173244494304541,-0.362977761775255,0.0136779876658693
D,GAC,-0.214655918253958,-0.292927335947752,-0.13492380939424
E,GAA,-0.122488669717056,-0.206203266233206,-0.0398634160868824
F,TTC,-0.246715560133755,-0.338832047581673,-0.156633089482784
G,GGA,0.734103444188833,0.587419345974922,0.888870732486248
G,GGC,0.17575143924728,0.107145985029638,0.244130502268672
G,GGG,0.636914427947998,0.506206099689007,0.775787895917892
H,CAC,-0.262554373462498,-0.383082686364651,-0.149096848443151
I,ATA,0.644405031687021,0.469846813380718,0.833848039805889
I,ATC,-0.220190982292593,-0.286448536068201,-0.155675842985511
K,AAA,0.00878163427051627,-0.0592426788061857,0.0772598821669817
L,CTA,0.1541927157096,-0.0340446534566581,0.359287915378809
L,CTC,-0.17663567009588,-0.299004273116589,-0.0535528406500817
L,CTG,-0.3698848184973,-0.468702593445778,-0.274996281415224
L,CTT,-0.187166767004924,-0.305229476839304,-0.0680068459361792
L,TTA,-0.0233256342356031,-0.137577682733536,0.0952615598216653
N,AAC,-0.411644663241506,-0.508519701659679,-0.31816043779254
P,CCA,0.000401642346277731,-0.132378944382071,0.13583723269403
P,CCC,0.516296058395505,0.343363075703382,0.69571547806263
P,CCG,-0.0955771302046022,-0.209393838047981,0.0110047281952572
Q,CAA,0.067675210811841,-0.0179356939624995,0.154283127561212
R,AGA,0.823297353559732,0.592468900978565,1.06735653579235
R,AGG,1.16469162406921,0.800955852866173,1.56845864355564
R,CGA,1.08844610999823,0.857390376925468,1.32858622670174
R,CGC,0.187805538719893,0.113747848011553,0.265935327112675
R,CGG,1.34109367809296,1.1023440092802,1.58720642328262
S,TCA,0.391575977253914,0.26390238031745,0.518349574506283
S,TCC,0.0562235290114618,-0.0391500551253557,0.148626482859254
S,TCG,0.689095903033018,0.529645764827728,0.852681064605713
T,ACA,0.435147712296247,0.321606095135212,0.550611105561256
T,ACC,0.175990526547283,0.0974445059895516,0.258241493999958
T,ACG,0.612530118483305,0.496604583412409,0.733050915598869
V,GTA,-0.0828690970753669,-0.152285074442625,-0.0138823149725796
V,GTC,0.251159413190186,0.169317057356238,0.340134952962398
V,GTG,0.374533325821161,0.292833634465933,0.460366907715797
Y,TAC,-0.257755465932935,-0.387379383295774,-0.132561793550849
Z,AGC,-0.138445518773515,-0.261605460941792,-0.0167564081493766
