AA,Codon,Posterior,0.025%,0.975%
A,GCA,0.0881578755420385,-0.208514589071274,0.379166521131992
A,GCC,0.287615506009798,-0.0102214622544125,0.582719619572163
A,GCG,-0.088982161147974,-0.348996856808662,0.150153125822544
C,TGC,-0.502922745025178,-1.24464307129383,0.0894584050402044
D,GAC,-0.0989258656303966,-0.295491387695074,0.102421854063868
E,GAA,0.0303114160139483,-0.160795538499951,0.214518984407186
F,TTC,-0.760809917823225,-1.11772589087486,-0.427793956547976
G,GGA,0.862975320407748,0.452962236106396,1.33956008255482
G,GGC,0.167200828993228,-0.0523359007202089,0.383532948791981
G,GGG,0.730408427879214,0.365213469415903,1.13881089687347
H,CAC,-0.790729402002506,-1.31740129888058,-0.323714131116867
I,ATA,1.33714967098534,0.495524551719427,2.42577713131905
I,ATC,-0.424080063912645,-0.678570994734764,-0.173974201455712
K,AAA,0.155856453184309,-0.101586684212089,0.40192313939333
L,CTA,0.757562983586371,0.0184533450752497,1.69122185409069
L,CTC,0.19668860394794,-0.242493155226111,0.662852522730827
L,CTG,-0.54113640717417,-0.843303266167641,-0.269830137491226
L,CTT,0.269467103070533,-0.171516517549753,0.75789954662323
L,TTA,0.600059017251851,0.146839332953095,1.05341776609421
N,AAC,-0.791761454439163,-1.13861509561539,-0.477284981310368
P,CCA,-0.507080111806988,-1.10821429789066,0.0707201516255734
P,CCC,1.58100822788793,0.448908448964357,2.92157400846481
P,CCG,-1.10231049813628,-1.63401887714863,-0.624879388511181
Q,CAA,0.506268463591114,0.225112127885222,0.813324894011021
R,AGA,10.8086288336515,3.14824073910713,20.7333635807037
R,AGG,22.6581361397743,9.24758200645447,30.7860862255096
R,CGA,2.0829502409935,1.22654395699501,3.48674415946007
R,CGC,0.394694536630809,0.202950777113438,0.601868316531181
R,CGG,1.29553036017418,0.816753345727921,1.83452450037003
S,TCA,0.896064059971646,0.330251856148243,1.54128201603889
S,TCC,0.0844711268876882,-0.287127603590488,0.473600532859564
S,TCG,0.42127935372456,0.00412602923461237,0.861709310114384
T,ACA,0.987740303600766,0.378262431919575,1.65665614902973
T,ACC,-0.111820261707934,-0.461500196903944,0.21109777726233
T,ACG,0.140300347976064,-0.237253523617983,0.496621277928352
V,GTA,-0.185315834349487,-0.443655689060688,0.0693988554179664
V,GTC,0.217126708411326,-0.0609055793844163,0.507382448017597
V,GTG,0.00493731247404794,-0.21875286474824,0.225626558437943
Y,TAC,-0.372948563521146,-0.6919737175107,-0.0711347779259086
Z,AGC,-0.334101190910619,-0.864261251688003,0.14269437417388
