AA,Codon,Posterior,0.025%,0.975%
A,GCA,-0.334045172375441,-0.436245386302471,-0.23562684096396
A,GCC,-0.73103776807785,-0.828397458791733,-0.628861847519875
A,GCG,-0.785630499720573,-0.884515452384949,-0.689002256095409
C,TGC,0.0551633954305595,-0.143682789802551,0.24762391038239
D,GAC,0.736900624465942,0.629838524758816,0.842099882662296
E,GAA,-0.772801361846924,-0.878887373209,-0.664475034177303
F,TTC,0.894528590869904,0.789321619272232,1.00681658685207
G,GGA,0.148713987582561,-0.00988702909089625,0.302445042878389
G,GGC,-0.431398470616341,-0.52608839571476,-0.330478393286467
G,GGG,0.0697840052176733,-0.0728230269625783,0.212792764976621
H,CAC,0.53278550773859,0.388962655514479,0.681273956596851
I,ATA,1.11165050435066,0.9466563180089,1.27771444320679
I,ATC,0.488867446017265,0.408687822520733,0.574661855399609
K,AAA,-1.12966241898537,-1.23552602529526,-1.02678394317627
L,CTA,1.01068185358047,0.827570790052414,1.19930133521557
L,CTC,0.309293978998065,0.179748857021332,0.437404102832079
L,CTG,-0.759816439676285,-0.860271124541759,-0.653375275433064
L,CTT,0.154513789118419,0.0305791412480176,0.280543206632137
L,TTA,-0.24739671561569,-0.366457518190145,-0.131486605107784
N,AAC,0.414231827533245,0.297277198731899,0.535513345897198
P,CCA,0.0836460148884682,-0.0735192198306322,0.248962963744998
P,CCC,-0.292745232664049,-0.473405351489782,-0.11832058224827
P,CCG,-0.490557232415676,-0.631476294994354,-0.353663839399815
Q,CAA,0.233249652972817,0.128307364881039,0.333561221510172
R,AGA,1.01426472294331,0.799802289903164,1.22594919800758
R,AGG,1.42188124527931,1.11417341530323,1.69984965026379
R,CGA,0.441324131247401,0.242862733453512,0.632014648616314
R,CGC,-0.301960004621744,-0.40074744746089,-0.203894906118512
R,CGG,0.172052272564896,-0.0296145651023835,0.38179380223155
S,TCA,-0.246945035697566,-0.399562273174524,-0.0991136878728866
S,TCC,-0.0174657339499885,-0.154812601208687,0.115363622829318
S,TCG,-0.3934880438447,-0.556040549278259,-0.230097775906324
T,ACA,-0.453070826297998,-0.596748279035091,-0.305264667421579
T,ACC,-0.919800083088875,-1.03598098754883,-0.802390533685684
T,ACG,-0.840506053090096,-0.980431151390076,-0.704395470023155
V,GTA,0.589081735944748,0.482410906255245,0.69851144105196
V,GTC,-0.0358042640855128,-0.150110067427158,0.0748338650912047
V,GTG,-0.451548360991478,-0.555448518693447,-0.347692823410034
Y,TAC,0.473179498666525,0.317246286571026,0.627744396030903
Z,AGC,-0.323341405054927,-0.462497310340405,-0.182998155429959
