AA,Codon,Posterior,0.025%,0.975%
A,GCA,0.106649882170651,0.0414564963430166,0.171887185797095
A,GCC,0.361823832190037,0.285160677880049,0.435172609984875
A,GCG,0.345372333103418,0.276416105777025,0.41930958032608
C,TGC,-0.168992906156321,-0.352105960994959,0.00490804851287978
D,GAC,-0.211425623384118,-0.291002486646175,-0.131067778542638
E,GAA,-0.121109708338929,-0.204272075742483,-0.0403758401982486
F,TTC,-0.238725704416633,-0.32761864066124,-0.150869166478515
G,GGA,0.713068563616276,0.568138980865479,0.864463828504086
G,GGC,0.172552952387929,0.102635978162289,0.243087604641914
G,GGG,0.634098903203011,0.502172370254993,0.769787612557411
H,CAC,-0.257532472993433,-0.380457570403814,-0.141073123365641
I,ATA,0.647784650206566,0.461579779535532,0.841667488217354
I,ATC,-0.221224654921889,-0.287091642618179,-0.160153217986226
K,AAA,0.0122028408732665,-0.0546812432818115,0.0772856876254082
L,CTA,0.143488313736557,-0.0513219838030636,0.334847769141197
L,CTC,-0.190610921390378,-0.310251153260469,-0.0723569722846149
L,CTG,-0.374112483853102,-0.476840115338564,-0.276679011434317
L,CTT,-0.190592632517847,-0.30793885961175,-0.071664996445179
L,TTA,-0.0275280514477359,-0.144196582585573,0.0935638718307018
N,AAC,-0.410377687573433,-0.506634230911732,-0.316162390261888
P,CCA,0.00900460697897361,-0.12835317067802,0.136806573718786
P,CCC,0.519598904424906,0.342538978159428,0.699595566093922
P,CCG,-0.0797786316563514,-0.193082622438669,0.027225064393133
Q,CAA,0.0691468227025849,-0.0180448716972023,0.154206855595112
R,AGA,0.822422370803356,0.595638954639435,1.06581239998341
R,AGG,1.19401432495117,0.849914567172527,1.58880063593388
R,CGA,1.09711975483894,0.883921787142754,1.32552816271782
R,CGC,0.184839337944984,0.109823762439191,0.26031316742301
R,CGG,1.3164718214035,1.06747239530087,1.58468993902206
S,TCA,0.388222091734409,0.258881783485413,0.508293797075748
S,TCC,0.0593532778314693,-0.0333832480013371,0.156811197847128
S,TCG,0.677439372217655,0.526554153859615,0.829814480245113
T,ACA,0.432056087881327,0.3155432716012,0.545757709443569
T,ACC,0.16833159353435,0.0906675599515438,0.248571926355362
T,ACG,0.593491582167149,0.482012821733952,0.713533575832844
V,GTA,-0.0906347132197465,-0.160036094114184,-0.0191574550233781
V,GTC,0.251163654986024,0.168254838138819,0.339245030283928
V,GTG,0.370195625549555,0.288518030196428,0.454148751497269
Y,TAC,-0.255092917713523,-0.388388288766146,-0.130293382331729
Z,AGC,-0.135615342214546,-0.26230715662241,-0.0141583265503868
