AA,Codon,Posterior,0.025%,0.975%
A,GCA,-0.0744397725922434,-0.312103710323572,0.153370883688331
A,GCC,0.097637386081407,-0.139766803011298,0.326634658128023
A,GCG,-0.16515542616602,-0.381550519913435,0.0409568564034999
C,TGC,-0.22783208875467,-0.666733253002167,0.204144705086947
D,GAC,-0.239069567463477,-0.420881843566895,-0.0507024661637843
E,GAA,0.00731296096661536,-0.173929651081562,0.192720342427492
F,TTC,-0.918878335142136,-1.19033523499966,-0.661162745952606
G,GGA,1.2917343334198,0.889831295609474,1.72828166782856
G,GGC,0.319626509615779,0.160005614161491,0.486646494269371
G,GGG,0.736184644508362,0.481299852579832,1.00832762122154
H,CAC,-0.49266992623508,-0.793088226020336,-0.206701874360442
I,ATA,3.48788823609352,1.85726730525494,5.6994721531868
I,ATC,-0.39830557474792,-0.587019012868404,-0.215496557950973
K,AAA,-0.217489737331634,-0.468618032336235,0.0262087124865502
L,CTA,0.371611073217809,-0.195776673778892,1.02294937074184
L,CTC,-0.259497077539701,-0.600471946597099,0.089209240488708
L,CTG,-0.687360101366043,-0.964982551336288,-0.439129824191332
L,CTT,0.253101264222269,-0.150000586733222,0.666651612520218
L,TTA,0.307372841335263,-0.0517791165038943,0.68474912494421
N,AAC,-1.07107533657551,-1.35943183898926,-0.791818058490753
P,CCA,-0.542938820810011,-1.01814583539963,-0.0975065907463429
P,CCC,1.92990772010088,0.925911022722721,3.11919175386429
P,CCG,-0.88617983097434,-1.3082585811615,-0.492850276827812
Q,CAA,0.541914406639338,0.316451250016689,0.790545761585236
R,AGA,3.05785374753475,1.58160268366337,5.12749089002609
R,AGG,2.05068360979557,1.10673501491547,3.28132610321045
R,CGA,3.30832637095451,2.13368637561798,4.58217413425446
R,CGC,0.278817945612967,0.116531885787845,0.459641283750534
R,CGG,1.1089102137208,0.730573171377182,1.54121427834034
S,TCA,0.597433957955986,0.186397721618414,1.06033292710781
S,TCC,-0.132784216339915,-0.397046384215355,0.118319574743509
S,TCG,0.294746896306192,-0.0354537356644869,0.631162694096565
T,ACA,0.613985073751211,0.251644766330719,0.997873525321484
T,ACC,-0.0488396447929204,-0.309237690269947,0.193488216400147
T,ACG,0.274847271125182,-0.0263448246289045,0.574306918680668
V,GTA,-0.223821771947472,-0.46998024135828,0.0365004521794618
V,GTC,0.0527863927084487,-0.19355598166585,0.299350536614657
V,GTG,-0.136507865281653,-0.34768633171916,0.0818087933585048
Y,TAC,-0.184811130889787,-0.426676195114851,0.0595277582295241
Z,AGC,-0.438588477342064,-0.821527644991875,-0.0709067484363913
