AA,Codon,Posterior,0.025%,0.975%
A,GCA,0.107094676713535,0.0372356686741114,0.178648953139782
A,GCC,0.240635010448098,0.162925224006176,0.318973903357983
A,GCG,0.132442712400784,0.0615734028629959,0.204993781074881
C,TGC,-0.0858127334005505,-0.254424643516541,0.0841423017904159
D,GAC,-0.11986506670299,-0.200241737067699,-0.040007167775184
E,GAA,-0.0898668293822557,-0.159005595743656,-0.0230210718233139
F,TTC,-0.293023599043489,-0.386367379128933,-0.198942182958126
G,GGA,0.68715426120162,0.57470935434103,0.804219044744968
G,GGC,0.0795076943432854,0.00880135488696397,0.147437123581767
G,GGG,0.417483134385943,0.325928261131048,0.512324132025242
H,CAC,-0.16445513024501,-0.295898704230785,-0.0321847161278131
I,ATA,0.847506529819965,0.715600845217705,0.981956411898136
I,ATC,-0.124744664363819,-0.201876699924469,-0.0488342564553023
K,AAA,-0.0315959119744935,-0.10374604575336,0.0416859219782053
L,CTA,0.140810348233526,0.0178672338370234,0.263433517515659
L,CTC,-0.228645561820269,-0.328942891210318,-0.12268836107105
L,CTG,-0.411553740167618,-0.509861545264721,-0.314465890824795
L,CTT,-0.120891972731641,-0.229110345989466,-0.00931804224383093
L,TTA,0.12378108442598,-0.000681934037129393,0.250080291181803
N,AAC,-0.368124961072206,-0.464303043484688,-0.273098658025265
P,CCA,-0.0130273540588417,-0.141063759103417,0.116164420545101
P,CCC,0.413670503151417,0.258138661086559,0.577750304341316
P,CCG,-0.131335669852415,-0.247243069857359,-0.0155325887957588
Q,CAA,0.232106837782264,0.134032394364476,0.330061330646276
R,AGA,0.717839815276861,0.568471616506577,0.879389755427837
R,AGG,0.736466720736027,0.583856861293316,0.893445786833763
R,CGA,0.862749238860607,0.70295023471117,1.03663251698017
R,CGC,0.160710016728751,0.06877679862082,0.253173340857029
R,CGG,0.854226003336906,0.695111539959907,1.02102955281734
S,TCA,0.475074261084199,0.319910563528538,0.638949681818485
S,TCC,-0.034226680396327,-0.138874552026391,0.0721462469547986
S,TCG,0.522161732745171,0.366332135349512,0.685635136067867
T,ACA,0.412850799447298,0.297874406725168,0.5313821002841
T,ACC,0.14029221024157,0.0521496734581888,0.230983190611005
T,ACG,0.343823305651546,0.240417080745101,0.453651446849108
V,GTA,0.0375407243802933,-0.0429530918598175,0.11763594597578
V,GTC,0.163415940003965,0.0732305705547333,0.251496084034443
V,GTG,0.170912362788338,0.0840652106329799,0.259174274653196
Y,TAC,-0.251718076405674,-0.364976184815168,-0.142935843393207
Z,AGC,-0.347102607999742,-0.492366542667151,-0.202203949913383
