AA,Codon,Posterior,0.025%,0.975%
A,GCA,-0.341216168037057,-0.436588609218597,-0.244543996080756
A,GCC,-0.713567857813835,-0.812156940996647,-0.616402427852154
A,GCG,-0.777517361807823,-0.871764113008976,-0.682461974024773
C,TGC,0.0440584807605133,-0.147116922959685,0.240964705869555
D,GAC,0.727150374174118,0.624419312179089,0.833106645941734
E,GAA,-0.72524500041008,-0.82836624532938,-0.618674466013908
F,TTC,0.889489311623573,0.781608565151691,0.997263987362385
G,GGA,0.122076357211079,-0.0304349787998945,0.276600835472345
G,GGC,-0.436694005310535,-0.533632992208004,-0.338655633479357
G,GGG,0.0647553078634881,-0.0722623020410538,0.205164469406009
H,CAC,0.536314909958839,0.394398108869791,0.682758030295372
I,ATA,1.11132785559893,0.949264107644558,1.27679097950459
I,ATC,0.48277386329174,0.397100599110127,0.569284987449646
K,AAA,-1.12885208470821,-1.23233183920383,-1.02452577650547
L,CTA,1.00316236821413,0.823954413831234,1.18677149713039
L,CTC,0.296170802408457,0.168666542321444,0.425950933247805
L,CTG,-0.76454916305542,-0.861867335438728,-0.664490985870361
L,CTT,0.163341668080847,0.0431131131947041,0.287575506418943
L,TTA,-0.245857898070849,-0.364327991008759,-0.129561411961913
N,AAC,0.397234701648355,0.286337878555059,0.511086206138134
P,CCA,0.109369979784374,-0.0487740706652403,0.267427035421133
P,CCC,-0.305379512251541,-0.482084653526545,-0.127956987544894
P,CCG,-0.508109145665169,-0.64207201898098,-0.375156878679991
Q,CAA,0.257212734431773,0.159511040896177,0.357277531921863
R,AGA,1.00460467834473,0.795593228936195,1.2136103361845
R,AGG,1.3974164572835,1.098842471838,1.70483039617538
R,CGA,0.486864001187682,0.297421514987946,0.690021398663521
R,CGC,-0.304387918058038,-0.401917358487844,-0.206053991243243
R,CGG,0.14131523687224,-0.0437847440131009,0.333765281736851
S,TCA,-0.274932803219184,-0.427401988208294,-0.121923051960766
S,TCC,-0.00132093769004805,-0.132139566540718,0.13315670453012
S,TCG,-0.427326998889446,-0.585938285291195,-0.265806895494461
T,ACA,-0.477278546053171,-0.615063773095608,-0.334897963702679
T,ACC,-0.955101637101173,-1.06830201148987,-0.840350358188152
T,ACG,-0.864118922913074,-0.99963575899601,-0.72838758379221
V,GTA,0.562545306539535,0.455215208977461,0.667056135833263
V,GTC,-0.0613280694627276,-0.171778578311205,0.0467954535037279
V,GTG,-0.475450846493244,-0.576878094673157,-0.373464589565992
Y,TAC,0.383958670660853,0.244116735458374,0.52444826811552
Z,AGC,-0.307680632865429,-0.442667336016893,-0.170379071310163
