AA,Codon,Posterior,0.025%,0.975%
A,GCA,0.172893972756626,0.000214168256934499,0.341420660167932
A,GCC,0.283774208483286,0.114916412904859,0.449564894288778
A,GCG,-0.0154250118635729,-0.163189972937107,0.124313551187515
C,TGC,-0.362853764656096,-0.761782322824001,0.0159625365398824
D,GAC,-0.300036087733507,-0.431499344855547,-0.168228015303612
E,GAA,-0.0280289387035435,-0.159826783463359,0.106087285280228
F,TTC,-0.647164670488238,-0.843710948526859,-0.453818210959435
G,GGA,1.01056255914569,0.720706462860107,1.32380036711693
G,GGC,0.1211178690939,-0.00611929863225668,0.247341568768024
G,GGG,0.932810382914543,0.659809319674969,1.22700798511505
H,CAC,-0.421313018355519,-0.692459236085415,-0.157860413193703
I,ATA,2.12393211277723,1.38847279250622,3.02243684530258
I,ATC,-0.270570683860034,-0.410788720101118,-0.139351209625602
K,AAA,0.0261003182237324,-0.123709955252707,0.175214571505785
L,CTA,0.418631907379963,-0.0187629751395434,0.941924579441547
L,CTC,-0.0470780264586443,-0.337121771275997,0.250070507079363
L,CTG,-0.742766034293175,-0.952660721540451,-0.543934366106987
L,CTT,0.0839707778392863,-0.202508818730712,0.377344628423452
L,TTA,0.654997318617255,0.323192097991705,1.00850606262684
N,AAC,-0.765438177794218,-0.968273138999939,-0.566528350114822
P,CCA,-0.273618444573984,-0.599838379025459,0.0399766078218817
P,CCC,1.26245159794092,0.724995847046375,1.85972985327244
P,CCG,-0.782279464167356,-1.05621603131294,-0.527995638549328
Q,CAA,0.550020281815529,0.347894448786974,0.767396555840969
R,AGA,2.18279161444902,1.40222875475883,3.1247857272625
R,AGG,2.43655633107424,1.44441607296467,3.66673835515976
R,CGA,2.27273902053833,1.57923542559147,3.05980805754662
R,CGC,0.250318780005351,0.111948180757463,0.386573055386543
R,CGG,1.48885936231613,1.08537911474705,1.90487805306911
S,TCA,0.880702544879913,0.555756431818008,1.23531745970249
S,TCC,0.118270483550662,-0.0867828976362944,0.326673650741577
S,TCG,0.310309642226854,0.0952976830303669,0.535554760694504
T,ACA,1.14012841279507,0.796249413490295,1.51108833551407
T,ACC,0.111368207949097,-0.0458519804291427,0.26736988350749
T,ACG,0.409533627761155,0.22024028673768,0.604134358465671
V,GTA,0.00755829314371931,-0.16550681963563,0.189887502044439
V,GTC,0.320661252615426,0.138591515645385,0.514681802690029
V,GTG,0.102449071782787,-0.0468746471218765,0.253265705704689
Y,TAC,-0.313887251494406,-0.508635434508324,-0.117785881832242
Z,AGC,-0.639702448868565,-0.996424788236618,-0.320316939800978
