AA,Codon,Posterior,0.025%,0.975%
A,GCA,0.111361322040344,0.0464721353724599,0.177251425385475
A,GCC,0.35124889280498,0.278827938437462,0.424088762700558
A,GCG,0.341214452171326,0.268256704509258,0.416215921193361
C,TGC,-0.161709110804442,-0.342742335051298,0.0171984816901385
D,GAC,-0.205382564693689,-0.285014468431473,-0.126756466180086
E,GAA,-0.150392190693133,-0.235957905650139,-0.0695607271045447
F,TTC,-0.23550770656392,-0.324337016046047,-0.147997014597058
G,GGA,0.735012173861265,0.590776151418686,0.88349601328373
G,GGC,0.17500941176638,0.107166102156043,0.244389899075031
G,GGG,0.63774060857892,0.510135246813297,0.76971570700407
H,CAC,-0.259931838716567,-0.381276433169842,-0.139115010201931
I,ATA,0.648858581721783,0.467778421938419,0.836533638834953
I,ATC,-0.217193733939528,-0.282387594133615,-0.151135315746069
K,AAA,0.0117544599413955,-0.0557682269252837,0.0779148312285542
L,CTA,0.151293421652331,-0.0326515163294971,0.342154508084059
L,CTC,-0.180785460968222,-0.29873503446579,-0.0613316288217902
L,CTG,-0.370617729797959,-0.465297394990921,-0.277026519924402
L,CTT,-0.19558434229074,-0.312107802182436,-0.0813980074599386
L,TTA,-0.0282856057949963,-0.142374457418919,0.087115955352783
N,AAC,-0.399615523526072,-0.494761565327644,-0.306509503722191
P,CCA,-0.00535435170914497,-0.135659541189671,0.122097009792924
P,CCC,0.531385973083973,0.354608931392431,0.714935103058814
P,CCG,-0.0685385491168367,-0.180266448110342,0.0407622182741761
Q,CAA,0.0543426361502667,-0.0307764427736402,0.137402246519923
R,AGA,0.831344292289019,0.608665552735329,1.07277756929398
R,AGG,1.22113294684887,0.850307536125183,1.62181633114815
R,CGA,1.04993088783026,0.828608500957489,1.27653934657574
R,CGC,0.186682894045115,0.112793078273535,0.258307036757469
R,CGG,1.36351087081432,1.12909660935402,1.59943856596947
S,TCA,0.409201932445169,0.287249951064587,0.537202781438827
S,TCC,0.0513250325439619,-0.0384723630733788,0.145356114581227
S,TCG,0.706078795975447,0.553771929442883,0.869563123583794
T,ACA,0.442615352210402,0.333219611644745,0.554361222684383
T,ACC,0.186051171769202,0.108880289085209,0.262647416442633
T,ACG,0.605493486779928,0.491378035396338,0.721988375484943
V,GTA,-0.0776578755782636,-0.145346181467175,-0.00994201172143228
V,GTC,0.266277590535581,0.181861282140017,0.349606127291918
V,GTG,0.384021725019813,0.300822703540325,0.47105695605278
Y,TAC,-0.19637286805195,-0.322030881792307,-0.0795697014778853
Z,AGC,-0.146543642255105,-0.263735717535019,-0.0317495928145945
