AA,Codon,Posterior,0.025%,0.975%
A,GCA,-0.337019798398018,-0.435498406738043,-0.239461799710989
A,GCC,-0.717919924402237,-0.819914463162422,-0.621302339434624
A,GCG,-0.783578333890438,-0.8790408462286,-0.684825775027275
C,TGC,-0.00517311112540046,-0.197113646939397,0.185678534209728
D,GAC,0.729496957838535,0.619091901183128,0.83634385317564
E,GAA,-0.742445580101013,-0.85220402777195,-0.638287617266178
F,TTC,0.914704826951027,0.804495105147362,1.02249940037727
G,GGA,0.127149678790277,-0.0254616441205144,0.276944209635258
G,GGC,-0.437450546181202,-0.536343510448933,-0.337396854162216
G,GGG,0.0784189671801505,-0.0672152256593108,0.226536357402802
H,CAC,0.530717157924175,0.388832227885723,0.679683485627174
I,ATA,1.1110020591259,0.948686473071575,1.27353443801403
I,ATC,0.486996695160866,0.400068487226963,0.575568923354149
K,AAA,-1.12170375635624,-1.22328757047653,-1.01803879141808
L,CTA,0.99532285734415,0.813783818483353,1.17176184654236
L,CTC,0.296288244116306,0.172959399595857,0.423515097796917
L,CTG,-0.766857120513916,-0.868307046592236,-0.671831956505776
L,CTT,0.145692465781239,0.0256584378890693,0.269570321589708
L,TTA,-0.254980145715177,-0.379996551573276,-0.137543394416571
N,AAC,0.390605216681957,0.275602679699659,0.508965484797955
P,CCA,0.106376400038566,-0.0511237282305956,0.263444909453392
P,CCC,-0.309070921771973,-0.487901130318642,-0.131793593987823
P,CCG,-0.483984535643458,-0.622385682165623,-0.347579487413168
Q,CAA,0.248009778091311,0.14410145804286,0.351419807225466
R,AGA,1.00526946020126,0.791582299768925,1.22615826129913
R,AGG,1.46517423400879,1.17776165902615,1.75901761949062
R,CGA,0.447313711456954,0.252015978842974,0.642073239386082
R,CGC,-0.280615330536664,-0.382469258457422,-0.180673254281283
R,CGG,0.158412893868651,-0.0422386141493917,0.352770672738552
S,TCA,-0.251769660845958,-0.405009062588215,-0.103461781702936
S,TCC,-0.019520783719711,-0.15802119076252,0.11591016612947
S,TCG,-0.417629969452322,-0.589547342061996,-0.257876274734736
T,ACA,-0.459892617666721,-0.604886989295483,-0.317007388919592
T,ACC,-0.941598832094669,-1.05785999894142,-0.82669545263052
T,ACG,-0.877372518527508,-1.01325935721397,-0.744211336970329
V,GTA,0.552483971941471,0.446045929193497,0.662399603426456
V,GTC,-0.0646471608779406,-0.172277957201004,0.0415220141410827
V,GTG,-0.473794083052874,-0.574723748862743,-0.374215665459633
Y,TAC,0.486828597664833,0.339432123303413,0.636099255084991
Z,AGC,-0.33531096264869,-0.464584615081549,-0.201031580939889
