AA,Codon,Posterior,0.025%,0.975%
A,GCA,0.0331192796932035,-0.158212295547128,0.215873819217086
A,GCC,0.163771096033318,-0.0202348519582301,0.346895857155323
A,GCG,-0.0792520193208096,-0.249436258897185,0.0832899516448377
C,TGC,-0.101853414217688,-0.530734466016293,0.309130470454693
D,GAC,-0.157577846389939,-0.305779214203358,-0.0126733477693051
E,GAA,-0.0929193768533209,-0.246147680282593,0.0565298365429043
F,TTC,-0.715139545062184,-0.950037048757076,-0.487906443327665
G,GGA,1.00449684957266,0.692479455471039,1.34778446257114
G,GGC,0.334468251746148,0.180178108811378,0.491536317020655
G,GGG,0.623266509842873,0.391342420876026,0.870834796130657
H,CAC,-0.577467789023463,-0.883692686259747,-0.283740892261267
I,ATA,2.17678382674456,1.31087330877781,3.28338471651077
I,ATC,-0.362382151217759,-0.530050830543041,-0.202736140787602
K,AAA,0.0490594998541157,-0.135899548232555,0.226959529519081
L,CTA,0.957113838397301,0.302962891757488,1.74313044250011
L,CTC,0.037932746334641,-0.296030633151531,0.3788803383708
L,CTG,-0.683341378802061,-0.928751483559608,-0.457748661190271
L,CTT,0.247970390685138,-0.0932888124138117,0.613186061382294
L,TTA,0.756424881580472,0.365019606053829,1.17835948169231
N,AAC,-0.755410223281384,-0.988015101850033,-0.541490733623505
P,CCA,-0.590513895086292,-0.95923078507185,-0.246164460852742
P,CCC,1.26457025315762,0.621132771670818,1.99617370963097
P,CCG,-0.891161186212301,-1.22042028307915,-0.579246866703034
Q,CAA,0.359237141925411,0.169371725991368,0.561666323244572
R,AGA,2.97308182499409,1.80517388880253,4.40662739276886
R,AGG,3.29739685614109,1.76012522876263,5.14066783189773
R,CGA,1.63909662866592,1.1023495554924,2.25389037132263
R,CGC,0.341831363195181,0.183841851726174,0.503728030622005
R,CGG,2.10617481765747,1.53706877827644,2.77175043225288
S,TCA,0.349560822454575,0.0128648200072348,0.727613291144371
S,TCC,-0.195497289225456,-0.464106057584286,0.0653909729793666
S,TCG,0.219064925219092,-0.0949123688042164,0.535359767079353
T,ACA,0.968635642588139,0.581524182856083,1.38374794125557
T,ACC,0.0825625261440742,-0.135474610701203,0.30310908332467
T,ACG,0.376851481286809,0.12514925673604,0.632011510431766
V,GTA,0.000690796759269517,-0.202894987910986,0.215676245093346
V,GTC,0.413153689871653,0.183445453643799,0.654597207903862
V,GTG,0.0898548353751057,-0.0769544461742043,0.255518107116222
Y,TAC,-0.392467601723224,-0.59015541523695,-0.197360327839851
Z,AGC,-0.461043663946725,-0.801653683185577,-0.147322539240122
