AA,Codon,Posterior,0.025%,0.975%
A,GCA,0.108063978981203,0.0438503365032375,0.173985179141164
A,GCC,0.352497111356258,0.278284692764282,0.426741862297058
A,GCG,0.344169122850895,0.268622352182865,0.418719594925642
C,TGC,-0.126801432253342,-0.306876573711634,0.0505322967655956
D,GAC,-0.206035422490537,-0.284926129132509,-0.128669891506433
E,GAA,-0.139291461896524,-0.221286525949836,-0.0565203839913011
F,TTC,-0.250763017416,-0.341753242909908,-0.161990082636476
G,GGA,0.730268977200985,0.582902912795544,0.87680222094059
G,GGC,0.175805346736312,0.107873027585447,0.244214549660683
G,GGG,0.628115754675865,0.497288635373116,0.764453223347664
H,CAC,-0.255835413242131,-0.377887923270464,-0.136188321560621
I,ATA,0.647701791477203,0.467831858992577,0.839406141638756
I,ATC,-0.220318236368895,-0.286665361374617,-0.153548726439476
K,AAA,0.00815245064838509,-0.0604331367649138,0.0761718383058905
L,CTA,0.15789713562603,-0.0324650291353464,0.355179199576378
L,CTC,-0.180800374113442,-0.298944269120693,-0.0619896102696657
L,CTG,-0.368580245783925,-0.463211905956268,-0.276579394936562
L,CTT,-0.182731699268823,-0.29861331731081,-0.0692467449232938
L,TTA,-0.0207479433442064,-0.136085798963904,0.0952136995270848
N,AAC,-0.394761640930176,-0.490255876630545,-0.300737209618092
P,CCA,-0.00428217199542605,-0.138370303064585,0.12686988376081
P,CCC,0.53717180506587,0.359741029888392,0.720070716738701
P,CCG,-0.0832113026678473,-0.195284624025226,0.0276254693046212
Q,CAA,0.0608920285200264,-0.024860357446596,0.145631531998515
R,AGA,0.839655408716202,0.609336261451244,1.07979829311371
R,AGG,1.15310155758262,0.801762376725674,1.521917578578
R,CGA,1.09562033590078,0.872926576435566,1.32870741486549
R,CGC,0.173952482096851,0.101259729266167,0.250008869916201
R,CGG,1.35226785062552,1.11090921461582,1.60555913150311
S,TCA,0.391021442878246,0.269395671784878,0.518661318719387
S,TCC,0.0614229532401667,-0.0294564289506525,0.154404231905937
S,TCG,0.696915013611317,0.545601300895214,0.858839319646358
T,ACA,0.431254063239694,0.316005974262953,0.545470257103443
T,ACC,0.178772216054797,0.100901349633932,0.256993304938078
T,ACG,0.617622456634045,0.509124699234963,0.731523586809635
V,GTA,-0.0731246608987662,-0.140227605029941,-0.00354878971702431
V,GTC,0.268037638945878,0.183014094084501,0.351428794115782
V,GTG,0.381748173201084,0.303177390992641,0.463740040361881
Y,TAC,-0.263908628632128,-0.388834562897682,-0.139838872104883
Z,AGC,-0.128146191444236,-0.250317458808422,-0.0111151063581929
