AA,Codon,Posterior,0.025%,0.975%
A,GCA,-0.336522765469551,-0.436735048145056,-0.237716556712985
A,GCC,-0.731838681781292,-0.835377152264118,-0.632560542225838
A,GCG,-0.803015132498741,-0.900648722052574,-0.707391871511936
C,TGC,0.0367075567810418,-0.150822348147631,0.229994193091989
D,GAC,0.726580112302303,0.618352822959423,0.83358154296875
E,GAA,-0.756850349843502,-0.860428223013878,-0.649171325564385
F,TTC,0.895513043284416,0.787552517652512,1.00635765194893
G,GGA,0.123614194299314,-0.0331872688606381,0.278029137104749
G,GGC,-0.43172910323441,-0.532347211241722,-0.333463351428509
G,GGG,0.0770917563116416,-0.0695018535479903,0.220204740017652
H,CAC,0.544973677009344,0.402655327320099,0.688640762865543
I,ATA,1.10402451437712,0.940350052714348,1.26860384047031
I,ATC,0.48739572083354,0.401191964000463,0.573953072726726
K,AAA,-1.11618085365295,-1.226107442379,-1.01163522303104
L,CTA,0.988959546256065,0.805975027382374,1.17377263009548
L,CTC,0.288505378594249,0.162241906300187,0.418936870992184
L,CTG,-0.783186324417591,-0.884411585330963,-0.685081207752228
L,CTT,0.144674417110137,0.0227391522377729,0.265664740651846
L,TTA,-0.249432482462376,-0.368583050370216,-0.130565152689815
N,AAC,0.408832995793223,0.291000134497881,0.529861435294151
P,CCA,0.0928173416959769,-0.0641665726900101,0.249772711098194
P,CCC,-0.293083559336979,-0.469216039776802,-0.118235186487436
P,CCG,-0.479517318284512,-0.618614010512829,-0.346237321943045
Q,CAA,0.224749673712254,0.115452641807497,0.332370308786631
R,AGA,1.0301327899456,0.804204578697681,1.2472525537014
R,AGG,1.48212554969788,1.18821974396706,1.79165319502354
R,CGA,0.472241256296635,0.283799843490124,0.664993558824062
R,CGC,-0.300299728669226,-0.39942182675004,-0.200493486225605
R,CGG,0.182737880859166,-0.00762898245593532,0.377414741367101
S,TCA,-0.256429325487651,-0.406681942939758,-0.108427785150707
S,TCC,-0.000822637008967286,-0.140257051214576,0.13914591409266
S,TCG,-0.408573416291177,-0.573357729613781,-0.243956808373332
T,ACA,-0.456733953043818,-0.600045263767242,-0.311714876443148
T,ACC,-0.920067912566662,-1.04029975533485,-0.805487307906151
T,ACG,-0.847962255394459,-0.986399817466736,-0.709221905469894
V,GTA,0.560746555441618,0.450384477525949,0.67355617582798
V,GTC,-0.0515054350488175,-0.165772181004286,0.0583932762034237
V,GTG,-0.465630213373899,-0.565382789075375,-0.362599373608828
Y,TAC,0.491641152486205,0.340397687256336,0.644536028802395
Z,AGC,-0.319413942492008,-0.45636947080493,-0.182511297985911
