AA,Codon,Posterior,0.025%,0.975%
A,GCA,0.107136348975077,0.0418617547489703,0.172408512979746
A,GCC,0.361134727907181,0.285377918928862,0.439875563234091
A,GCG,0.356005336049199,0.282930209487677,0.428650040924549
C,TGC,-0.157201129436569,-0.341308879107237,0.0159829500131307
D,GAC,-0.205331528800726,-0.284724671393633,-0.125185327604413
E,GAA,-0.130150577599755,-0.214870115369558,-0.0499803301878274
F,TTC,-0.239502233591676,-0.3286860473454,-0.151140123233199
G,GGA,0.7350187464118,0.588162408769131,0.888562186062336
G,GGC,0.172286965365708,0.102981256507337,0.240972980111837
G,GGG,0.629257064592838,0.49796320348978,0.765727606415749
H,CAC,-0.266237764593959,-0.386107086390257,-0.146240578591824
I,ATA,0.656029814422131,0.477427268028259,0.847644658386707
I,ATC,-0.220700435134768,-0.285614328831434,-0.156056568399072
K,AAA,0.00514836966645325,-0.0642727693542838,0.0747917799279094
L,CTA,0.161991477765127,-0.031612216308713,0.362560546398163
L,CTC,-0.174754145408195,-0.293941116333008,-0.0554809548892081
L,CTG,-0.356933250173926,-0.453474116325378,-0.260508888214827
L,CTT,-0.182684320253553,-0.297358079254627,-0.0671524008736014
L,TTA,-0.0256763861804453,-0.143932987004519,0.0906190251931548
N,AAC,-0.40620423591435,-0.503749640285969,-0.312165547162294
P,CCA,0.00507267154470228,-0.131539706513286,0.137286809086799
P,CCC,0.522024564498663,0.355950503051281,0.70338848233223
P,CCG,-0.0854493214201169,-0.195698805898428,0.0267836053390056
Q,CAA,0.0755322209269667,-0.0113196203950793,0.166154731810093
R,AGA,0.813892277228832,0.596338881552219,1.06786058247089
R,AGG,1.13490611684322,0.772043007612228,1.52212399840355
R,CGA,1.06907532548904,0.846458187699318,1.29413260817528
R,CGC,0.185524678527564,0.112755708955228,0.260171235352755
R,CGG,1.32035885906219,1.08214455246925,1.57132188975811
S,TCA,0.395518960261345,0.269236371666193,0.52180557847023
S,TCC,0.0510390000233263,-0.0442968996241689,0.147200982645154
S,TCG,0.690826850575209,0.536219803988934,0.848101264238358
T,ACA,0.433011116442084,0.316616846621037,0.54941982626915
T,ACC,0.168547215564549,0.0895567432045937,0.248039964213967
T,ACG,0.599924218344688,0.484204185009003,0.714567221701145
V,GTA,-0.0768424618181751,-0.144284254312515,-0.00809390691574668
V,GTC,0.259818935787678,0.176289615407586,0.344984247535467
V,GTG,0.377789954224229,0.296421217173338,0.461263766139746
Y,TAC,-0.268379998597503,-0.397874313592911,-0.142680608481169
Z,AGC,-0.138620208117517,-0.256824680417776,-0.0198703507427127
