AA,Codon,Posterior,0.025%,0.975%
A,GCA,-0.0108455036342988,-0.226661783829331,0.196414706856012
A,GCC,0.263647699994838,0.0335290436632931,0.494817843288183
A,GCG,-0.0348338286107979,-0.232641123235226,0.152143143489957
C,TGC,0.242858304878772,-0.352461301535368,0.859777745604515
D,GAC,-0.420657244040072,-0.612995000183582,-0.226161479949951
E,GAA,-0.0100611350619882,-0.21123524568975,0.18131939060986
F,TTC,-0.900314996880293,-1.23017201125622,-0.579219368100167
G,GGA,1.40303838881254,0.909043517708778,2.0119508266449
G,GGC,0.230462597114567,0.0430996503680944,0.420210774987936
G,GGG,0.949598114722967,0.574417287111282,1.36915478408337
H,CAC,-0.353215920596739,-0.706885021924972,-0.0161751248408111
I,ATA,1.58436875317097,0.745558243989944,2.59990172982216
I,ATC,-0.280077065994276,-0.519828030467033,-0.053015869203955
K,AAA,0.0283130736412582,-0.23597955442965,0.268908054381609
L,CTA,1.13450697568725,0.284578318893909,2.25919443368912
L,CTC,0.122679772544479,-0.247654895856977,0.507696884870529
L,CTG,-0.559777264165878,-0.81851270198822,-0.328453550487757
L,CTT,0.361002453524653,-0.0306913827545941,0.770978698134422
L,TTA,0.94506976082027,0.495470302551985,1.44499522745609
N,AAC,-0.849005646955967,-1.17661112248898,-0.546124787628651
P,CCA,-0.791944654703559,-1.44227779507637,-0.22977447770536
P,CCC,0.12215898404641,-0.608103381097317,0.837104775011539
P,CCG,-1.37764272068739,-1.99068742394447,-0.868092155456543
Q,CAA,0.704813027393818,0.408705800026655,1.02555519342422
R,AGA,2.74002078533173,1.32586937248707,4.6707936167717
R,AGG,1.80730554952621,0.817517976462841,3.08311647772789
R,CGA,1.81284106656313,1.13186934292316,2.63651047945022
R,CGC,0.383605431195023,0.18094968162477,0.598528149724007
R,CGG,1.98648443223238,1.33953352868557,2.85202063322067
S,TCA,0.579523948891601,0.123919175565243,1.07606432437897
S,TCC,-0.120882257542904,-0.460522272437811,0.202119044214487
S,TCG,0.168386996395953,-0.195029410719872,0.516844783723354
T,ACA,1.11996048700511,0.580581802129746,1.73454499542713
T,ACC,-0.0672997884034165,-0.333340986818075,0.178111455962062
T,ACG,0.248413802765183,-0.0568703295662999,0.546706840395927
V,GTA,-0.0106743154673813,-0.311700355261564,0.317172911763191
V,GTC,0.283643643264554,-0.0306466330774128,0.618432022631168
V,GTG,-0.0889089615536785,-0.329417358338833,0.148861205205321
Y,TAC,-0.387932754625427,-0.674835759401321,-0.110715582221747
Z,AGC,-0.775754950170964,-1.27206104695797,-0.32628308236599
