AA,Codon,Posterior,0.025%,0.975%
A,GCA,-0.440992635530233,-0.531053166091442,-0.349170518666506
A,GCC,-1.01375889517069,-1.10197181403637,-0.923742574453354
A,GCG,-1.22994536910057,-1.31307728588581,-1.14750625491142
C,TGC,-0.164353745332302,-0.32994015365839,-0.00380078392336151
D,GAC,0.85134808216095,0.765295659005642,0.938974234461784
E,GAA,-0.586850645816326,-0.6736961632967,-0.501182417571545
F,TTC,0.780800707995892,0.688304525613785,0.877874544262886
G,GGA,0.193497019180606,0.0406820905394852,0.347222528606653
G,GGC,-0.393502854257822,-0.471932446211576,-0.313579647243023
G,GGG,0.0152763193500221,-0.106504789739847,0.135387704521418
H,CAC,0.685464992713928,0.557958461344242,0.814404581487179
I,ATA,1.42600823647976,1.21410649716854,1.63609450161457
I,ATC,0.507593123298883,0.43560541048646,0.582756766676903
K,AAA,-1.08295779592991,-1.17716991901398,-0.989762972295284
L,CTA,1.04760197159052,0.867939448356628,1.23707483112812
L,CTC,0.456907004588842,0.342879740148783,0.57072144895792
L,CTG,-0.773803054738045,-0.862395329773426,-0.68301387578249
L,CTT,0.418568924206495,0.300435027480125,0.540141512453556
L,TTA,-0.0700253424885872,-0.18891790881753,0.0441962965764105
N,AAC,0.300608065344393,0.193883414939046,0.410925278067589
P,CCA,-0.0123730138415445,-0.165173798426986,0.148625117912889
P,CCC,-0.366970774885267,-0.557486082613468,-0.174579354375601
P,CCG,-0.936092616033554,-1.07084553539753,-0.804901820421219
Q,CAA,0.320974562975764,0.226022296026349,0.417223455011845
R,AGA,1.59615295445919,1.29182286858559,1.89452160000801
R,AGG,1.40925003824234,1.04462433755398,1.78810566365719
R,CGA,0.667852873510122,0.454739262908697,0.886581392586231
R,CGC,-0.442126500433683,-0.526312217116356,-0.360528018325567
R,CGG,0.101428654302341,-0.0635044980794191,0.266054085642099
S,TCA,-0.245774847235391,-0.40507827103138,-0.0890578603371978
S,TCC,-0.112016947221138,-0.228409214690328,0.00741138861048967
S,TCG,-0.800763393318653,-0.938553492724896,-0.669173812866211
T,ACA,-0.244913897416322,-0.403546699136496,-0.0964869271963835
T,ACC,-1.23005622403622,-1.33108366131783,-1.12957215309143
T,ACG,-1.19161693998575,-1.31483913660049,-1.07304713129997
V,GTA,0.433110438555479,0.330223565548658,0.539887377619743
V,GTC,-0.369409087669849,-0.468902867287397,-0.271935381740332
V,GTG,-0.867700663030148,-0.951516090333462,-0.782945401966572
Y,TAC,0.56755928798914,0.443001435697079,0.689363011717796
Z,AGC,-0.252518210736662,-0.389296914637089,-0.118635570630431
