AA,Codon,Posterior,0.025%,0.975%
A,GCA,0.136801062973589,0.0722877344116569,0.20133313536644
A,GCC,0.414444765871763,0.343521212786436,0.484735762327909
A,GCG,0.291827669712901,0.231141958385706,0.353939045220613
C,TGC,-0.0907105687924093,-0.260290578007698,0.0718896461650729
D,GAC,-0.384278494226932,-0.457747818529606,-0.312185576558113
E,GAA,-0.159918530733138,-0.234889053925872,-0.0867740834131837
F,TTC,-0.609111563813686,-0.703836119174957,-0.515949021279812
G,GGA,1.28334657229185,1.08051268160343,1.49043820500374
G,GGC,0.152972360236198,0.0940760996192694,0.212720238417387
G,GGG,0.831101376342773,0.703839845955372,0.968005612492561
H,CAC,-0.489953898972273,-0.615719625353813,-0.371437028795481
I,ATA,1.23179779732227,0.932436375319958,1.55275368690491
I,ATC,-0.403651843255758,-0.46920438632369,-0.340494256466627
K,AAA,-0.0518387042880709,-0.118165247887373,0.0138684499077499
L,CTA,0.426521645005234,0.170161951705813,0.678008145093918
L,CTC,-0.379024506127834,-0.504957701265812,-0.24959335885942
L,CTG,-0.725344841468334,-0.826290984451771,-0.622619062662125
L,CTT,-0.16663524480199,-0.304780313372612,-0.0255596458446235
L,TTA,0.148715230131461,0.00910924579948187,0.295785373449325
N,AAC,-0.716798116838932,-0.82808188945055,-0.608194653689861
P,CCA,-0.212616572306282,-0.376372506469488,-0.0537763867527248
P,CCC,0.786248988229036,0.538091388344765,1.04974358379841
P,CCG,-0.419609727504849,-0.561315159499645,-0.281542075425387
Q,CAA,0.364417580389977,0.273458934575319,0.459880651533604
R,AGA,1.52853124909401,1.10057368278503,1.99272144734859
R,AGG,2.47199860451221,1.86244180798531,3.13291876316071
R,CGA,1.67811852126122,1.36356052458286,2.00115866661072
R,CGC,0.327324165731668,0.259486887603998,0.397205579280853
R,CGG,1.51775254015923,1.29338865578175,1.75265353024006
S,TCA,0.707722320848703,0.558058944344521,0.86720302850008
S,TCC,0.086095843425444,0.00542454482056201,0.170981478318572
S,TCG,0.731301195907593,0.60635330080986,0.862184934318066
T,ACA,0.712686415266991,0.559859293699265,0.872096014022827
T,ACC,0.113957507975493,0.0406048593111336,0.183987586572766
T,ACG,0.685926034730673,0.575989401340485,0.795516903698444
V,GTA,0.0976327369611099,0.0265696383547038,0.168962473794818
V,GTC,0.412213225632906,0.334392026811838,0.493287833034992
V,GTG,0.389479101163149,0.321286417543888,0.459900361299515
Y,TAC,-0.364458173847198,-0.478902953118086,-0.251410183310509
Z,AGC,-0.6340273645401,-0.784787026047707,-0.487492091953754
