AA,Codon,Posterior,0.025%,0.975%
A,GCA,0.195624421560983,0.114681787230074,0.278194078803062
A,GCC,0.476251810389757,0.387804128229618,0.562488570809364
A,GCG,0.338727367702127,0.263004157692194,0.411457172781229
C,TGC,-0.101422554313956,-0.286476138979197,0.0857489621266719
D,GAC,-0.322096670615673,-0.398526461422443,-0.242764030396938
E,GAA,-0.256107574495673,-0.340475682914257,-0.172174645215273
F,TTC,-0.558744723182917,-0.665573099255562,-0.454186195880175
G,GGA,1.23392716058493,1.04099341630936,1.44377134144306
G,GGC,0.150904122789204,0.0833139313384891,0.218130920082331
G,GGG,0.789533776128292,0.657872992753983,0.929476703703404
H,CAC,-0.51907140942812,-0.666168047487736,-0.371224746853113
I,ATA,1.46160873647928,1.10078699886799,1.84369259178638
I,ATC,-0.385783622831106,-0.463578764349222,-0.307291784882545
K,AAA,-0.107675222358723,-0.203005169704556,-0.0135058013489471
L,CTA,0.421385239840858,0.156111574545503,0.698367983102798
L,CTC,-0.306586981086433,-0.450951786339283,-0.164596058428288
L,CTG,-0.663929727274179,-0.776351124048233,-0.555465218424797
L,CTT,-0.11628055082361,-0.274327427893877,0.0374857733957469
L,TTA,0.269122863839194,0.106246852688491,0.435260139405727
N,AAC,-0.68371775457859,-0.80312352180481,-0.566280503571034
P,CCA,-0.22402215378345,-0.409700594842434,-0.0405756144784393
P,CCC,0.739823758846521,0.473252162337303,1.01687871217728
P,CCG,-0.498634417751431,-0.660984666645527,-0.338010349869728
Q,CAA,0.427880358278751,0.312215650081635,0.544762153923511
R,AGA,1.78941116238832,1.28229450285435,2.34529490470886
R,AGG,2.62551587312222,1.89249122738838,3.4253688454628
R,CGA,1.57093253676891,1.24972665607929,1.91243010759354
R,CGC,0.325365291818976,0.240199607983232,0.412992097437382
R,CGG,1.67430004789829,1.41734519302845,1.94213286340237
S,TCA,0.666710050237179,0.48758402839303,0.855551543831825
S,TCC,-0.00190783665980034,-0.111590702272952,0.105617677420378
S,TCG,0.638288187658787,0.48972372636199,0.793744531273842
T,ACA,0.697540965181589,0.520301412045956,0.882133999466896
T,ACC,0.135760070034233,0.0445986637845635,0.226127555221319
T,ACG,0.690040558195114,0.561359076201916,0.821429742872715
V,GTA,-0.0222462085677475,-0.108185015246272,0.0673055240884423
V,GTC,0.403387974086404,0.304326171427965,0.503880356252193
V,GTG,0.357075417166948,0.274251567572355,0.439256884157658
Y,TAC,-0.46113660710156,-0.585183221101761,-0.340306906402111
Z,AGC,-0.55047531953752,-0.7389408826828,-0.36594113111496
