AA,Codon,Posterior,0.025%,0.975%
A,GCA,-0.41989500130415,-0.505241553485394,-0.337414529174566
A,GCC,-0.878271507763863,-0.95929648578167,-0.794650010764599
A,GCG,-0.966701625692844,-1.04333132505417,-0.887157079577446
C,TGC,0.0175377376486969,-0.14824898429215,0.178907109424472
D,GAC,0.75412722607851,0.669498431682587,0.837931880354881
E,GAA,-0.660072018939257,-0.740772823989391,-0.578486785292625
F,TTC,0.956352010977268,0.865159927308559,1.05273779034615
G,GGA,0.0634294295314103,-0.0622623730450869,0.194075904041529
G,GGC,-0.470050830459595,-0.547153264284134,-0.39134491160512
G,GGG,0.0133303739225357,-0.0977083820849657,0.128153276070952
H,CAC,0.64863808734417,0.530107180774212,0.770641292631626
I,ATA,1.13229019767046,0.978364871442318,1.28817411959171
I,ATC,0.575359532469511,0.500755922496319,0.650484964251518
K,AAA,-1.13122378224134,-1.21686799824238,-1.0406790971756
L,CTA,1.00746531877518,0.857262650132179,1.16490096449852
L,CTC,0.398926676866412,0.29161177650094,0.513603790104389
L,CTG,-0.708939779043198,-0.793313430249691,-0.6198855265975
L,CTT,0.270533995105326,0.162651230022311,0.381011636555195
L,TTA,-0.18922305251197,-0.291772948205471,-0.0815598431974651
N,AAC,0.470822715127468,0.372254516929388,0.571794547140598
P,CCA,0.0905058907448722,-0.0438244295306504,0.228411386162043
P,CCC,-0.311565423185006,-0.469722227752209,-0.155611757561565
P,CCG,-0.640768873167038,-0.756138744950295,-0.518726572394371
Q,CAA,0.209015739697963,0.120899795740843,0.298566590994596
R,AGA,0.994629380691051,0.776730750501156,1.19618718028069
R,AGG,1.41094402809143,1.11940783262253,1.68656814396381
R,CGA,0.400009915544093,0.229869611561298,0.571850125491619
R,CGC,-0.298347864499688,-0.38184035718441,-0.218082400038838
R,CGG,0.0306040834625532,-0.135173893719912,0.193916978687048
S,TCA,-0.382138855138421,-0.518307377398014,-0.24453222900629
S,TCC,-0.0514260474589038,-0.170664314553142,0.0671818384900689
S,TCG,-0.625655314964056,-0.76099466085434,-0.49240767210722
T,ACA,-0.499279416912794,-0.627783603966236,-0.370856479555369
T,ACC,-1.03304274314642,-1.12875409722328,-0.934903931617737
T,ACG,-1.01016812207699,-1.12600514292717,-0.893850301206112
V,GTA,0.474635404711962,0.384467294812202,0.566362769901752
V,GTC,-0.139407774869353,-0.228970075398684,-0.0509189474396408
V,GTG,-0.650477390134335,-0.728854769468308,-0.569726376235485
Y,TAC,0.546381620448828,0.428547748178244,0.663092648983001
Z,AGC,-0.259745160060376,-0.37742482945323,-0.140510980784893
