AA,Codon,Posterior,0.025%,0.975%
A,GCA,0.231907741780579,0.150162633508444,0.311894851922989
A,GCC,0.380563246256113,0.298381984978914,0.462499094009399
A,GCG,0.135191661256459,0.065196842327714,0.203212101012468
C,TGC,-0.428439768610895,-0.62569288611412,-0.235472084209323
D,GAC,-0.322266297060251,-0.398269192874432,-0.247684048488736
E,GAA,-0.204478383089602,-0.282225375622511,-0.12617977000773
F,TTC,-0.765480817902088,-0.873548318445682,-0.659644392132759
G,GGA,1.25740364766121,1.08919856548309,1.43087172806263
G,GGC,0.220421132180095,0.157206531986594,0.282625540345907
G,GGG,0.764272568273544,0.641172015666962,0.888001398742199
H,CAC,-0.537583240002394,-0.669130197167397,-0.412094620615244
I,ATA,1.99095118997097,1.6459155857563,2.34758666157722
I,ATC,-0.500793277007341,-0.578358834981918,-0.425829846411944
K,AAA,-0.163053739582561,-0.254484363645315,-0.0725148791447282
L,CTA,0.407209589083679,0.159146063402295,0.670826059579849
L,CTC,-0.355505679954588,-0.50797228962183,-0.212942627444863
L,CTG,-0.875897207999229,-0.994337019324303,-0.761742228269577
L,CTT,-0.0200477868452709,-0.172642690688372,0.14192363359034
L,TTA,0.433077259552479,0.270212514698505,0.598865792155266
N,AAC,-0.88908939948082,-1.00666752755642,-0.772375425696373
P,CCA,-0.501642260298133,-0.690064842998982,-0.322101873159409
P,CCC,0.745630100172758,0.494729962199926,1.00641687810421
P,CCG,-0.870306530439854,-1.03497392833233,-0.715768139064313
Q,CAA,0.597521084678173,0.481448776274919,0.716565206646919
R,AGA,3.24352186455727,2.68380318880081,3.91268739700317
R,AGG,3.40100890669823,2.68379143476486,4.22784276008606
R,CGA,1.7921407053709,1.4964987039566,2.09636599421501
R,CGC,0.194538455999643,0.116435632295907,0.274668654799461
R,CGG,1.82633784422874,1.57978066504002,2.09130544662476
S,TCA,0.830947685432434,0.658357504010201,1.00365327000618
S,TCC,0.00733502145152706,-0.0977947603911161,0.11408818885684
S,TCG,0.513243132907152,0.379510077834129,0.654780459403992
T,ACA,1.16767429692745,0.978400371968746,1.35913353860378
T,ACC,0.000105924464326745,-0.0907406035810709,0.0869892122223972
T,ACG,0.543253741133213,0.420340502262116,0.670019890367984
V,GTA,0.100289553388192,0.0152857776498422,0.187318727374077
V,GTC,0.344049383148551,0.255632182955742,0.435636498779058
V,GTG,0.219092536021769,0.148923408612609,0.290728148818016
Y,TAC,-0.445966652351618,-0.561071883141995,-0.332990143448114
Z,AGC,-0.626463379102945,-0.800735901296139,-0.463146410882473
