AA,Codon,Posterior,0.025%,0.975%
A,GCA,0.145841021696478,0.0849098922684789,0.207020789757371
A,GCC,0.442039393669367,0.37279976606369,0.511530336737633
A,GCG,0.449607092839479,0.384855894744396,0.515162771940231
C,TGC,-0.142401198208766,-0.307381542772055,0.0191452617757021
D,GAC,-0.220388544793427,-0.289890383929014,-0.14881173633039
E,GAA,-0.190511008127779,-0.264799080044031,-0.117670981958509
F,TTC,-0.276932704697549,-0.355547547340393,-0.197791517153382
G,GGA,0.7760762129426,0.643137723207474,0.909743878245354
G,GGC,0.192436008779705,0.131219306960702,0.252756904065609
G,GGG,0.672618785321712,0.555893452465534,0.788475559651852
H,CAC,-0.33415593971163,-0.448490765690804,-0.221792957186699
I,ATA,0.642398559647799,0.459681338071823,0.826910331845284
I,ATC,-0.271782917451859,-0.334341441839933,-0.211896536126733
K,AAA,0.0125733536831909,-0.0506994485855103,0.0767627075314521
L,CTA,0.149022731520743,-0.0185159811750054,0.326756627112627
L,CTC,-0.261297962428629,-0.370830138772726,-0.152489979192615
L,CTG,-0.417702780616283,-0.510842409729958,-0.328707326948643
L,CTT,-0.278763752050698,-0.385823598504066,-0.169716585800052
L,TTA,-0.0748702436092048,-0.184664260223508,0.031281204521656
N,AAC,-0.447433118331432,-0.537696461379528,-0.360720892250538
P,CCA,0.00464840731041004,-0.112627969309688,0.121960983425378
P,CCC,0.517309265387058,0.359315972030163,0.686083899438381
P,CCG,0.012531196802199,-0.0920261288061738,0.115439326688647
Q,CAA,0.0850478066268901,0.00567620618967339,0.161898687854409
R,AGA,0.842063992202282,0.622084736824036,1.08401663303375
R,AGG,1.20488345803022,0.84928377866745,1.59207408130169
R,CGA,1.13678749251366,0.925111557543278,1.35412816405296
R,CGC,0.182843905612826,0.117275569401681,0.249416193366051
R,CGG,1.48517778568268,1.26952597796917,1.71357120275497
S,TCA,0.474582897943258,0.354473692178726,0.592401440441608
S,TCC,0.0759427485253553,-0.00601199470693245,0.157021045312285
S,TCG,0.859188137674332,0.721370202302933,1.00207080245018
T,ACA,0.443676171463728,0.343502128124237,0.549219682812691
T,ACC,0.224770412936807,0.154701773449779,0.295923683047295
T,ACG,0.703359108698368,0.599101941287518,0.809312523901463
V,GTA,-0.0363418090299125,-0.0999611582607031,0.0265615027397869
V,GTC,0.304381709545851,0.22998998016119,0.38018988892436
V,GTG,0.494372504878044,0.420640215277672,0.568729716539383
Y,TAC,-0.303214915683866,-0.413426721096039,-0.194809731468558
Z,AGC,-0.180629715250246,-0.294140856713057,-0.0686304157599807
