AA,Codon,Posterior,0.025%,0.975%
A,GCA,0.303938582903147,0.170297792181373,0.440202025324106
A,GCC,0.620427053952217,0.448612340539694,0.802899226546288
A,GCG,0.487269794476032,0.334284421801567,0.652337656915188
C,TGC,-0.256231645201441,-0.63373046964407,0.105289715342224
D,GAC,-0.372450193437934,-0.531064613163471,-0.23011110983789
E,GAA,-0.172026551140659,-0.29819056391716,-0.0502290894277393
F,TTC,-0.772838265669346,-1.03162006735802,-0.528391465544701
G,GGA,1.20998281393051,0.919170218706131,1.5201179921627
G,GGC,0.138543767096835,0.00140536100079771,0.27275827601552
G,GGG,0.726762185633183,0.513022904098034,0.965980227291584
H,CAC,-0.789108274543285,-1.17669987678528,-0.439753036946058
I,ATA,0.614537668266892,0.32783484607935,0.934153337776661
I,ATC,-0.431895755201578,-0.600456838309765,-0.271376759558916
K,AAA,-0.195216642711591,-0.336530477553606,-0.0605870977044106
L,CTA,0.112473893369583,-0.199749531596899,0.43452984392643
L,CTC,-0.617828294718266,-0.858385841548443,-0.386114960163832
L,CTG,-0.956376472473145,-1.18787935674191,-0.730612130463123
L,CTT,-0.336789016915392,-0.599983344972134,-0.0821599291637539
L,TTA,0.122826809335568,-0.195502220839262,0.43558576181531
N,AAC,-0.740584625172615,-0.966380555927753,-0.522791315615177
P,CCA,-0.175773505532046,-0.382176124304533,0.025663764961064
P,CCC,0.876419479432702,0.491616141051054,1.28893754482269
P,CCG,-0.270229161864705,-0.476373624801636,-0.0781623009592294
Q,CAA,0.477451042509079,0.290245566517115,0.683294408023358
R,AGA,1.24109257247448,0.929022020101547,1.58516028225422
R,AGG,1.58339010727406,1.18011327087879,1.99894732534885
R,CGA,1.7809951002121,1.35442256629467,2.2683963239193
R,CGC,0.338918574658036,0.190551038458943,0.504116505384445
R,CGG,2.14702794685364,1.59713674485683,2.72643201947212
S,TCA,1.21086333403587,0.813522155582905,1.66790785491467
S,TCC,0.0708474390058706,-0.11657998021692,0.257090306282044
S,TCG,0.893645941781998,0.588986286520958,1.24634721279144
T,ACA,0.70506422034502,0.46499809846282,0.966711197793484
T,ACC,0.138484087164802,0.0028311531059444,0.284532114118338
T,ACG,0.902950348889828,0.633445128798485,1.19732245206833
V,GTA,0.099809961975069,-0.0544848170131445,0.251790590584278
V,GTC,0.388804301884025,0.191927401721478,0.583794586360455
V,GTG,0.40435806401372,0.222389094531536,0.59127901494503
Y,TAC,-0.344747455690941,-0.552255354821682,-0.140454417839646
Z,AGC,-0.688154052913189,-1.02480062544346,-0.372295831888914
