AA,Codon,Posterior,0.025%,0.975%
A,GCA,0.300555092799943,0.0986129218712449,0.513610003888607
A,GCC,0.920351215994358,0.592359241843224,1.29078444242477
A,GCG,0.58221446044147,0.319400274008513,0.872744370996952
C,TGC,0.00156062450890313,-0.571954859793186,0.596234138309956
D,GAC,-0.303866673439369,-0.543122996389866,-0.0815526479855179
E,GAA,-0.350509027903154,-0.558669246733189,-0.145150280743837
F,TTC,-0.934115228664875,-1.36464766263962,-0.543442967534065
G,GGA,0.902177741336822,0.539808757603168,1.29747525751591
G,GGC,0.279184435258905,0.0488127378746867,0.523383335769177
G,GGG,1.08811920443773,0.651243416965008,1.58790319263935
H,CAC,-1.04844184153676,-1.76996768712997,-0.454630620032549
I,ATA,1.32551080644131,0.715183374285698,2.0362109541893
I,ATC,-0.341812478445127,-0.594432984292507,-0.0956143854185939
K,AAA,-0.188832497706692,-0.429170868545771,0.0342989133670927
L,CTA,0.184404810130701,-0.341497994214296,0.748353704810143
L,CTC,-0.585574418309517,-0.988293571770191,-0.186705125123262
L,CTG,-1.16500905268192,-1.55480978190899,-0.809385584294796
L,CTT,-0.282333943929162,-0.72854491174221,0.153724167123437
L,TTA,0.15857140591694,-0.357271412014961,0.666843684017658
N,AAC,-0.856854728543758,-1.29231015443802,-0.48027393296361
P,CCA,-0.138043919863097,-0.475853454321623,0.179652266204357
P,CCC,0.790271172247396,0.259621968120337,1.39163434803486
P,CCG,-0.3894846832674,-0.698924358189106,-0.0983889970928429
Q,CAA,0.353640689861402,0.111220635659993,0.614047582447529
R,AGA,2.6298121740818,1.71274712085724,3.64830749034882
R,AGG,5.0677149330616,2.50632075071335,7.78989527225494
R,CGA,2.6908492456913,1.79980924725533,3.98202101588249
R,CGC,0.569907286828756,0.302817087620497,0.849445086717606
R,CGG,2.4363640048027,1.67818498313427,3.29045401215553
S,TCA,1.57618952534199,0.925648161768913,2.36503954529762
S,TCC,0.119217917315045,-0.152607731893659,0.395193368941545
S,TCG,1.8398402782917,1.12087782621384,2.7229642868042
T,ACA,0.722843414711952,0.339080741256475,1.1611538618803
T,ACC,0.250801226743823,-0.00965843293815851,0.520853187143803
T,ACG,0.782416892248392,0.395493105053902,1.22282279133797
V,GTA,-0.0434237783817327,-0.233348855376244,0.143367836624384
V,GTC,0.601727264392376,0.29705663099885,0.956197266280651
V,GTG,0.16378258184297,-0.0452664257958531,0.38327229321003
Y,TAC,-0.764617324444652,-1.20307040214539,-0.379952233284712
Z,AGC,-1.04152101632953,-1.6322971612215,-0.532991649210453
