AA,Codon,Posterior,0.025%,0.975%
A,GCA,-0.386015179759264,-0.477333796024323,-0.294343159347773
A,GCC,-0.749955258643627,-0.839462503790855,-0.657782907783985
A,GCG,-0.882946845126152,-0.966748808324337,-0.797370626032353
C,TGC,-0.0333071970592369,-0.206043682992458,0.136430501565337
D,GAC,0.773494614934921,0.677044256031513,0.868170101940632
E,GAA,-0.706814294576645,-0.799034412205219,-0.612817856669426
F,TTC,0.931779515969753,0.831047478318214,1.03672955930233
G,GGA,0.150749736741078,0.00644365386106074,0.291398770362139
G,GGC,-0.382721864047647,-0.471224285662174,-0.297339048981667
G,GGG,0.114497766235913,-0.0131253635976464,0.240329095348716
H,CAC,0.561047644668818,0.428659385442734,0.693754726648331
I,ATA,1.13515154132843,0.977306139469147,1.29140132963657
I,ATC,0.525589404326677,0.448311918228865,0.607128788530827
K,AAA,-1.16256606980562,-1.25868787169456,-1.06599151194096
L,CTA,1.03613443161249,0.866196720302105,1.20473792254925
L,CTC,0.364026701620221,0.24668573923409,0.483958907425404
L,CTG,-0.738125288546085,-0.829794377088547,-0.643795275688171
L,CTT,0.200665054026805,0.0843204826116562,0.31757967993617
L,TTA,-0.241141389270127,-0.355052497982979,-0.125615361332893
N,AAC,0.36706661875844,0.260425001382828,0.476632739603519
P,CCA,0.0651305728195612,-0.0820520102977753,0.218478640913963
P,CCC,-0.338672601034492,-0.509571786224842,-0.172599276900292
P,CCG,-0.575238830882311,-0.703309816122055,-0.452396839112043
Q,CAA,0.238664723990858,0.139880997687578,0.336742429435253
R,AGA,1.00737269669771,0.795309586822987,1.21586953997612
R,AGG,1.41951418693066,1.12326492369175,1.7291213452816
R,CGA,0.434177704621851,0.246947510167956,0.619959856569767
R,CGC,-0.323184636497498,-0.41772240921855,-0.231613099947572
R,CGG,0.106873101562719,-0.0666061516851187,0.284836569428444
S,TCA,-0.35568176381439,-0.497319643944502,-0.214345701038838
S,TCC,-0.0734766658932303,-0.203425278142095,0.0530463440343737
S,TCG,-0.565204608535767,-0.714296582341194,-0.416769583523274
T,ACA,-0.461234307190776,-0.600264328718185,-0.329908085614443
T,ACC,-0.967506446754932,-1.07285929322243,-0.860716606676579
T,ACG,-0.922031957232952,-1.05138753950596,-0.796651683747768
V,GTA,0.529338518917561,0.425451045483351,0.629639726877212
V,GTC,-0.0891557734146074,-0.190966353192925,0.00737090215552598
V,GTG,-0.543091824871302,-0.631406871974468,-0.453715963661671
Y,TAC,0.548751001250744,0.41552818864584,0.684281954169273
Z,AGC,-0.285162730837613,-0.407010695338249,-0.16160897128284
