AA,Codon,Posterior,0.025%,0.975%
A,GCA,0.175082778132334,0.0793986955657601,0.27097635269165
A,GCC,0.295081099669635,0.196814122051001,0.389281966537237
A,GCG,0.0852082534634334,0.00133961311366875,0.166491141170263
C,TGC,-0.269090455807076,-0.496704927831888,-0.0428839394822718
D,GAC,-0.297874908801913,-0.387152939289808,-0.205944899097085
E,GAA,-0.150360296945053,-0.244115522503853,-0.0573146757669748
F,TTC,-0.8738452455163,-1.00163919329643,-0.751847752928734
G,GGA,1.2482440520525,1.04731566011906,1.46097426116467
G,GGC,0.107351819167675,0.0321064848452806,0.183626351132989
G,GGG,0.786894333660603,0.637982998788357,0.948483283817768
H,CAC,-0.426151071693003,-0.592981988191605,-0.261621546000242
I,ATA,1.79643630440235,1.41767348349094,2.20101180076599
I,ATC,-0.467785062491894,-0.559066012501717,-0.378410060703754
K,AAA,-0.0750074189554754,-0.181290008127689,0.0281012400984763
L,CTA,0.567477571141394,0.263890584558249,0.878638514876365
L,CTC,-0.0816821400179557,-0.248140884190798,0.0956282775849104
L,CTG,-0.729498343914747,-0.860314850509167,-0.604598543047905
L,CTT,0.143047474740857,-0.0379699407145381,0.327827872335911
L,TTA,0.528978551143408,0.342569279670715,0.730092266201973
N,AAC,-0.839067289340496,-0.983978569507599,-0.695557962357998
P,CCA,-0.321121854292694,-0.535764466226101,-0.116211620904505
P,CCC,1.05181956779361,0.735054323077202,1.3789278447628
P,CCG,-0.744386531931162,-0.928232055902481,-0.570472006499767
Q,CAA,0.55296190571785,0.41822954416275,0.68944870531559
R,AGA,2.70002447814941,2.09930773377419,3.35611136555672
R,AGG,4.32327493515015,3.03202412724495,5.92693016529083
R,CGA,2.06696148693562,1.70712379217148,2.44613537788391
R,CGC,0.380840220659971,0.283941478282213,0.47918840944767
R,CGG,1.83886349952221,1.53105591535568,2.15986447930336
S,TCA,0.789063301330805,0.605163662135601,0.985214950144291
S,TCC,0.105960162424787,-0.0100579300429672,0.225858559086919
S,TCG,0.505591980072856,0.357119502872229,0.663172456622124
T,ACA,1.07273165016174,0.842623962461948,1.31423931419849
T,ACC,-0.0782333713763903,-0.189483682438731,0.0290280063170939
T,ACG,0.411142509651184,0.272465287148952,0.557628746330738
V,GTA,0.0842458661910678,-0.0224679359700531,0.197054123133421
V,GTC,0.384877157208323,0.266032879799604,0.50610973238945
V,GTG,0.143539446385205,0.0530898685567081,0.23301456682384
Y,TAC,-0.432248338016868,-0.573455362021923,-0.294844643771648
Z,AGC,-0.588487846016884,-0.781267596781254,-0.403751276433468
