AA,Codon,Posterior,0.025%,0.975%
A,GCA,0.131756836043671,0.0697333853691816,0.195011361688375
A,GCC,0.366122536447644,0.296636263281107,0.43607496842742
A,GCG,0.403898603463173,0.334191212803125,0.470442339777946
C,TGC,-0.106125354678446,-0.269293501973152,0.0609491342678666
D,GAC,-0.231738631238043,-0.305392321944237,-0.157021909952164
E,GAA,-0.16185900349766,-0.241708682850003,-0.0851355597376823
F,TTC,-0.261529325608909,-0.346125286817551,-0.177712827920914
G,GGA,0.722435748445988,0.58209175914526,0.8673080727458
G,GGC,0.147608883843571,0.0856529515236616,0.210864318534732
G,GGG,0.608754758697748,0.487160320580006,0.732832665741444
H,CAC,-0.275997884121537,-0.391248049587011,-0.160587817430496
I,ATA,0.631217249208689,0.45765331313014,0.820799879729748
I,ATC,-0.243236021700501,-0.307269800454378,-0.182033919915557
K,AAA,0.0281583308242732,-0.0377372596412897,0.0937599547207355
L,CTA,0.122105965604065,-0.0572752610780299,0.315589510649443
L,CTC,-0.232754491250962,-0.350357247143984,-0.118411978147924
L,CTG,-0.393478901538253,-0.486203674972057,-0.30293030589819
L,CTT,-0.22606127412878,-0.339075045287609,-0.108335530385375
L,TTA,-0.0335716343926033,-0.146958324685693,0.0804068343713879
N,AAC,-0.379648981240392,-0.469968800246716,-0.291329970210791
P,CCA,0.0211480265561219,-0.103535659052432,0.145476379990578
P,CCC,0.548647672635317,0.38088113963604,0.722985152900219
P,CCG,-0.0275215595404061,-0.133773532137275,0.0764971259981393
Q,CAA,0.0663264299388749,-0.0175958160776645,0.151256515085697
R,AGA,0.829360647809505,0.602549183368683,1.0677634626627
R,AGG,1.19262774810791,0.819297374784946,1.58299481272697
R,CGA,1.09790731803179,0.885753278434277,1.3245079189539
R,CGC,0.197349861566722,0.126471943408251,0.269031316041946
R,CGG,1.39570685942173,1.16958896815777,1.62600157558918
S,TCA,0.45564648527503,0.335113384574652,0.580740249156952
S,TCC,0.0874761802668625,0.000695284320681822,0.18026928640902
S,TCG,0.806990986418724,0.660144293308258,0.959952892363071
T,ACA,0.429882537850738,0.323040378093719,0.543087394535541
T,ACC,0.192907259362936,0.119114137068391,0.268638556450605
T,ACG,0.648939582329988,0.537778708338738,0.760858111083508
V,GTA,-0.061238087875531,-0.1250547491014,0.00546264979057005
V,GTC,0.279428794163465,0.200967212021351,0.360492350161076
V,GTG,0.426405806696415,0.348807928711176,0.505229957401752
Y,TAC,-0.304471237699687,-0.423591302335262,-0.185275923833251
Z,AGC,-0.163010739106056,-0.278555908799171,-0.0519213636405766
