AA,Codon,Posterior,0.025%,0.975%
A,GCA,-0.434575927226851,-0.570487180352211,-0.16124964915216
A,GCC,-0.898419658243656,-1.05512249469757,-0.742589983344078
A,GCG,-1.07741211819947,-1.23055533468723,-0.840212391316892
C,TGC,-0.0336846548243455,-0.273406530916691,0.221738336235285
D,GAC,0.808153473439056,0.667354406416416,0.959331890940666
E,GAA,-0.628977991237771,-0.752447178959846,-0.394292968511584
F,TTC,0.768334089805139,0.606661614775658,0.919441083073616
G,GGA,-0.0271148685833614,-0.325268525630236,0.204202365502715
G,GGC,-0.363793685038108,-0.476424529403448,-0.241296428442002
G,GGG,-0.00152009995495609,-0.236045181378722,0.206599176675081
H,CAC,0.732686997125391,0.525220561027527,0.958266131579876
I,ATA,0.621637105315644,0.122552339173853,1.00802356600761
I,ATC,0.520669659543037,0.40413304194808,0.660532796382904
K,AAA,-1.1229685120109,-1.27776421308517,-0.62685855627061
L,CTA,0.89491090913713,0.483739677071571,1.19259981513023
L,CTC,0.637791371123865,0.417926609516144,0.819373923540115
L,CTG,-0.690013773585041,-0.831101770699024,-0.329662416130307
L,CTT,0.429381740176864,-0.0114419545046985,0.630688078701496
L,TTA,-0.0630441923810038,-0.249602122977376,0.11467471960932
N,AAC,0.160748853979836,0.0235697791446,0.331304414570331
P,CCA,0.0290189102931609,-0.143769261986017,0.208933240175247
P,CCC,0.0560878336543301,-0.142311256751418,0.244104358926415
P,CCG,-0.816295766301523,-0.992479172348976,-0.435588986426592
Q,CAA,0.460303636976611,0.310402949154377,0.578503273427486
R,AGA,1.39506982574803,0.499393029510975,1.67558233737946
R,AGG,1.80863535319408,0.742553320527077,2.1895247220993
R,CGA,0.946797794322867,0.312182761728764,1.16831844449043
R,CGC,-0.328009055263922,-0.465462895482779,-0.212742897868157
R,CGG,0.559892618215154,0.0229315346106887,0.773777045309543
S,TCA,-0.189327114684001,-0.384848275780678,-0.00475181879010058
S,TCC,-0.0253020028383922,-0.17137549072504,0.129856505990028
S,TCG,-0.383326075134799,-0.580857104063034,-0.209719919785857
T,ACA,-0.250449534283852,-0.437875505536795,-0.0884336864575744
T,ACC,-0.962978070697514,-1.0951984077692,-0.763929842412474
T,ACG,-0.686920016501751,-0.84454615265131,-0.522241555154324
V,GTA,0.406252237841929,0.269959136098623,0.530897696316242
V,GTC,-0.133814237689425,-0.282889840751886,-0.00582213766174398
V,GTG,-0.607308123044809,-0.72976068854332,-0.471087341010571
Y,TAC,0.422522155067103,0.258998539298773,0.59699360281229
Z,AGC,-0.490298992610257,-0.633279845118523,-0.324892641603947
