AA,Codon,Posterior,0.025%,0.975%
A,GCA,0.147831769583304,-0.0935681013390421,0.272222580015659
A,GCC,0.257858292813838,0.116213533841074,0.393041279911995
A,GCG,0.134022872584453,-0.142447617650032,0.261828279495239
C,TGC,-0.241582406594756,-0.517485922574997,-0.00284933652146728
D,GAC,-0.32340198477488,-0.46880716457963,-0.195022012293339
E,GAA,-0.202971145845018,-0.399292358011007,-0.0882887151092291
F,TTC,-0.521822049669921,-0.679989729821682,-0.36102003082633
G,GGA,1.51759429993629,1.16928869485855,1.94100903868675
G,GGC,0.119899005444697,0.0243893383536488,0.214752394333482
G,GGG,0.917607412308455,0.671837458014488,1.20926794707775
H,CAC,-0.465454626573157,-0.678880541026592,-0.266008109599352
I,ATA,3.24644236636162,2.32309926152229,4.26204857826233
I,ATC,-0.377560767501593,-0.523176361620426,-0.263713064044714
K,AAA,-0.12999441299735,-0.617148819565773,0.0243115117307752
L,CTA,0.729773830124275,0.227514271810651,1.39802758693695
L,CTC,-0.566550361712696,-0.803026667237282,-0.180132285505534
L,CTG,-0.879250583541393,-1.21028878688812,-0.697015926241875
L,CTT,-0.0832375661647296,-0.355958873033524,0.484782550483933
L,TTA,0.290575699785832,0.0198417468927801,0.571406759321689
N,AAC,-0.485248917708453,-0.666278314590454,-0.342949023842812
P,CCA,-0.400478551118076,-0.61625252366066,-0.189089766889811
P,CCC,0.329313752954878,0.0533867018297315,0.628307442367077
P,CCG,-0.608069853663445,-1.03277677297592,-0.391261183470488
Q,CAA,0.227069401630014,0.102147017605603,0.391116746515035
R,AGA,1.9498272018671,1.41806797981262,2.7268217086792
R,AGG,2.43860484614372,1.66167979240417,3.3665774166584
R,CGA,1.20692646453381,0.871290823817253,1.7836046487093
R,CGC,0.211971221872333,0.108520338870585,0.334914070367813
R,CGG,0.933994346153736,0.673011113703251,1.39830603897571
S,TCA,0.478777044941671,0.262901822477579,0.701593886315823
S,TCC,-0.10319380829245,-0.247497937083244,0.0216753345914185
S,TCG,0.174927018750124,0.0144044869346544,0.352942950278521
T,ACA,0.764821043151617,0.55401564091444,1.00977928340435
T,ACC,-0.0999826535371951,-0.315512217581272,0.0259204275440425
T,ACG,0.225500940059428,0.0533734816126525,0.383351323753595
V,GTA,0.086098912320152,-0.0268258146010339,0.209323487430811
V,GTC,0.236535516260844,0.117937499471009,0.382470726966858
V,GTG,0.0822408592828626,-0.039817722607404,0.186141991615295
Y,TAC,-0.30572117952453,-0.465269605070353,-0.158010851219297
Z,AGC,-0.314356384436041,-0.527241466939449,-0.151549602672458
