AA,Codon,Posterior,0.025%,0.975%
A,GCA,0.175809710509144,-0.0463824511505663,0.303378576040268
A,GCC,0.482437993612885,0.34113687723875,0.647546756267548
A,GCG,0.613450207106606,0.420789218693972,0.77614501863718
C,TGC,-0.078428212242106,-0.362135007977486,0.191645354032516
D,GAC,-0.261139740731567,-0.408430159837008,-0.123974538780749
E,GAA,-0.264453853151202,-0.492900710552931,-0.131733329594135
F,TTC,-0.0932161273283156,-0.238868068903685,0.0630004469305271
G,GGA,0.959812054568529,0.679393275082111,1.33766703307629
G,GGC,0.117974189896962,0.00329146180301905,0.22076280862093
G,GGG,0.772551065695286,0.537290033698082,1.0395444303751
H,CAC,-0.412541230738629,-0.652388294041157,-0.1944187220186
I,ATA,1.36527431207895,0.812762473523617,1.97818967103958
I,ATC,-0.254495579299657,-0.389715376496315,-0.141417062655091
K,AAA,-0.00564853512673835,-0.42519521266222,0.137283520400524
L,CTA,0.311606151864083,-0.0682034432888031,0.805093741416931
L,CTC,-0.510355660627503,-0.703718480467796,-0.285491042584181
L,CTG,-0.453087972408533,-0.79989755153656,-0.294589973241091
L,CTT,-0.471900212009146,-0.6823521733284,0.0195808213204091
L,TTA,-0.229181698370411,-0.425216295570135,-0.0178007527720185
N,AAC,-0.185152222343243,-0.345234238356352,-0.0487421486526728
P,CCA,0.0606820967618682,-0.105471254512668,0.224296370893717
P,CCC,0.105311705129005,-0.0684871632605791,0.296377793699503
P,CCG,0.187957772842608,-0.119257211871445,0.361764907091856
Q,CAA,-0.14027586498087,-0.257657124847174,0.00228638764237983
R,AGA,0.40223338438326,0.139782216027379,1.29900049567223
R,AGG,0.729951820883155,0.310452526062727,1.82113997936249
R,CGA,0.479883622777462,0.252917131781578,1.12676748037338
R,CGC,0.197306586702447,0.0868091588839889,0.340038958191871
R,CGG,0.763846361905336,0.522679221630096,1.31013998091221
S,TCA,0.332421489879536,0.151936802268028,0.522907288372517
S,TCC,0.0697808079942472,-0.0688348930329084,0.195037347823381
S,TCG,0.613340260969428,0.423760738223791,0.828134688735008
T,ACA,0.246334682816826,0.106106166727841,0.410606398433446
T,ACC,0.196920277414704,0.0311192778870464,0.322577855736017
T,ACG,0.415211834286153,0.259455062448978,0.569683438539505
V,GTA,0.0608493018742065,-0.0470722147263587,0.184062020853162
V,GTC,0.332177405148745,0.207181660830975,0.488290358334779
V,GTG,0.514272222849494,0.373658412694931,0.650310964882374
Y,TAC,-0.185378909028447,-0.361236197501421,-0.0192076248582455
Z,AGC,0.00051527111083542,-0.150781771540642,0.140340186655521
