AA,Codon,Posterior,0.025%,0.975%
A,GCA,-0.485033573746681,-0.58597109913826,-0.383011712133884
A,GCC,-1.05508098824024,-1.15215871930122,-0.952044594287872
A,GCG,-1.26809880166054,-1.35955165922642,-1.17306247353554
C,TGC,-0.101766696672372,-0.276850500702858,0.0834385737776757
D,GAC,0.812275147771835,0.715887555480003,0.915175591409206
E,GAA,-0.613436792564392,-0.708350922167301,-0.515857960283756
F,TTC,0.781491136431694,0.673795585334301,0.886790023744106
G,GGA,0.146294614885157,-0.0359575125388801,0.323833926767111
G,GGC,-0.395711694395542,-0.485039971768856,-0.306080888211727
G,GGG,0.0512497942268281,-0.0901819877326488,0.189971295371652
H,CAC,0.724567400085926,0.588010780513287,0.858322831988335
I,ATA,1.20380352835655,0.975079856812954,1.42709196805954
I,ATC,0.465663987624645,0.381799656152725,0.549438983201981
K,AAA,-1.07187604951859,-1.16856512725353,-0.966092093288898
L,CTA,0.932755315160751,0.730302737653255,1.13464266955852
L,CTC,0.447222771984339,0.320814687013626,0.577332630753517
L,CTG,-0.817091685652733,-0.920414088666439,-0.720128744840622
L,CTT,0.403740371417999,0.264932668209076,0.539397522807121
L,TTA,-0.101897113049787,-0.234601217880845,0.0287467914633453
N,AAC,0.273084012272954,0.151486682519317,0.394760110229254
P,CCA,0.0240391472382296,-0.149909522756934,0.201063709706068
P,CCC,-0.317413940803148,-0.525850847363472,-0.102906242385507
P,CCG,-0.895892591309547,-1.04252538979053,-0.754899209737778
Q,CAA,0.292968483749032,0.193461265414953,0.40045897141099
R,AGA,1.7247891936779,1.40018037557602,2.04793429970741
R,AGG,1.18134970748425,0.7851677775383,1.57132824063301
R,CGA,0.679996058356762,0.443502048403025,0.917524325847626
R,CGC,-0.490423153829575,-0.581430368125439,-0.399918559193611
R,CGG,0.105426278621503,-0.0696139430627227,0.284770518541336
S,TCA,-0.253508604755439,-0.426632505655289,-0.0897955235093832
S,TCC,-0.142313141819014,-0.274620116502047,-0.0119979951530695
S,TCG,-0.857858083367348,-1.00516504943371,-0.709032651782036
T,ACA,-0.274872877387702,-0.441756970435381,-0.10548784788698
T,ACC,-1.23626779203415,-1.35394934415817,-1.11844367384911
T,ACG,-1.12997968809605,-1.25927183628082,-0.995080424845219
V,GTA,0.452836239886284,0.33963601142168,0.567979592084885
V,GTC,-0.411072325342894,-0.523844653367996,-0.298133178055286
V,GTG,-0.878293577528,-0.973289877176285,-0.785296903550625
Y,TAC,0.548670104837418,0.415175694227219,0.686767782270908
Z,AGC,-0.240670050058141,-0.384749616682529,-0.0908776750788092
