AA,Codon,Posterior,0.025%,0.975%
A,GCA,0.156901502083242,0.0896322164684534,0.227223594859242
A,GCC,0.435258000004292,0.357851319760084,0.513004097342491
A,GCG,0.309027801287174,0.244642294570804,0.37374113202095
C,TGC,-0.131916178434517,-0.308755698800087,0.0429074761457742
D,GAC,-0.361934047406912,-0.442282153666019,-0.284417664259672
E,GAA,-0.143645930590481,-0.224785809591413,-0.0689726244658231
F,TTC,-0.609210369277,-0.709066705405712,-0.507305447757244
G,GGA,1.33895300221443,1.11828238070011,1.56717921197414
G,GGC,0.153862256787717,0.0923403086140752,0.219218058884144
G,GGG,0.798949172306061,0.654653024673462,0.944852389395237
H,CAC,-0.515208210754394,-0.642596612870693,-0.390925493836403
I,ATA,1.50158460040092,1.17100123763084,1.87025012373924
I,ATC,-0.376438914626837,-0.447088558226824,-0.307516590505838
K,AAA,-0.0562946630918268,-0.126166012510657,0.0118365161353722
L,CTA,0.547545786736161,0.282859120517969,0.816623844206334
L,CTC,-0.367591310855746,-0.503462521731853,-0.236168126389384
L,CTG,-0.690053680205345,-0.801021052896976,-0.581450463831425
L,CTT,-0.155892909570056,-0.299955379217863,0.00330979771679283
L,TTA,0.174578475396745,0.0241725229658186,0.333024963736534
N,AAC,-0.696029359817505,-0.805451875925064,-0.582620467245579
P,CCA,-0.243024874264002,-0.41991641074419,-0.0713522205129266
P,CCC,0.739410086917877,0.481029593199492,1.01283529996872
P,CCG,-0.450944463282824,-0.595401571691036,-0.30610990896821
Q,CAA,0.384124000090361,0.284519308805466,0.485722450911999
R,AGA,1.36307579269409,0.933424831926823,1.84702457487583
R,AGG,2.80851657962799,2.13531329631805,3.58044274449348
R,CGA,1.64746341061592,1.33188735246658,1.98418888151646
R,CGC,0.355790146952867,0.283150068670511,0.431518936902285
R,CGG,1.49876509680748,1.26491535007954,1.7457816183567
S,TCA,0.705912109839916,0.553061638772488,0.872453838586807
S,TCC,0.100397204819578,0.0159803722519428,0.187372987344861
S,TCG,0.772772865462303,0.637562547624111,0.918374793231487
T,ACA,0.737527484405041,0.575064930319786,0.906781336665154
T,ACC,0.117349102892762,0.0407616243697703,0.192071872577071
T,ACG,0.636066428089142,0.523602207005024,0.750368440151215
V,GTA,0.0878502172161359,0.0172143243718892,0.164254637807608
V,GTC,0.439189300560951,0.352886825054884,0.528294230997562
V,GTG,0.394742456841469,0.324853168427944,0.467620570212603
Y,TAC,-0.351630578482151,-0.477486081421375,-0.233534086495638
Z,AGC,-0.642609605717659,-0.802947081625462,-0.492095041275024
