AA,Codon,Posterior,0.025%,0.975%
A,GCA,0.132526891944045,0.032898299023509,0.238417386263609
A,GCC,0.398027142995596,0.28600175306201,0.504976010322571
A,GCG,0.308671846580505,0.208023620396852,0.404839839786291
C,TGC,-0.176363826653245,-0.416365948319435,0.0537484114989639
D,GAC,-0.333365922909975,-0.432867627590895,-0.229941657185555
E,GAA,-0.149618441835657,-0.25290422141552,-0.0478480150923133
F,TTC,-0.55385498456955,-0.680963143706322,-0.429537484794855
G,GGA,1.1844602408886,0.94219082146883,1.44027097225189
G,GGC,0.147216882398725,0.0609982641413808,0.230489904433489
G,GGG,0.672923521900177,0.516169816255569,0.831673124432564
H,CAC,-0.494720730251074,-0.662061601877213,-0.333381703495979
I,ATA,1.85487938351631,1.36529726684093,2.40997757315636
I,ATC,-0.335193285667896,-0.431486887484789,-0.239575764536858
K,AAA,-0.040410043299623,-0.155190212279558,0.0747878888621927
L,CTA,0.645194601988792,0.259576534479857,1.04153054058552
L,CTC,-0.27051306177415,-0.459128329157829,-0.0790451487526297
L,CTG,-0.698404237806797,-0.843794830143452,-0.552240653336048
L,CTT,-0.16769081927822,-0.366114991903305,0.0354902248829604
L,TTA,0.38437858534744,0.163235686346889,0.608310548961163
N,AAC,-0.557831237447262,-0.690842090547085,-0.422237218916416
P,CCA,-0.0855629279275239,-0.317077738791704,0.142753723263741
P,CCC,0.69049433311224,0.37309934720397,1.01620534360409
P,CCG,-0.406579498803616,-0.588897475600243,-0.224640816822648
Q,CAA,0.504664975267649,0.361017892509699,0.651914255321026
R,AGA,1.41517776572704,0.893106019496918,2.0329857468605
R,AGG,2.92894550805092,2.01644595861435,4.066921210289
R,CGA,1.52802963643074,1.15912625491619,1.93417882025242
R,CGC,0.4302718495965,0.328759595006704,0.537832927703857
R,CGG,1.65814694266319,1.33801797330379,1.99920729100704
S,TCA,0.635619034194946,0.405050778388977,0.87863971889019
S,TCC,0.0102026459366615,-0.132815041393042,0.155947880074382
S,TCG,0.642378905856609,0.46096501275897,0.834371857345104
T,ACA,0.594732011818886,0.380017045140266,0.816472952067852
T,ACC,0.136336428139094,0.00327808745205403,0.266226826608181
T,ACG,0.634995789015293,0.459224950522184,0.803180411458015
V,GTA,0.0626130346333568,-0.0593628156930208,0.178864263370633
V,GTC,0.493743171167374,0.36432111337781,0.631359057128429
V,GTG,0.373071101289988,0.268595867604017,0.474879813194275
Y,TAC,-0.418209344667196,-0.567854359745979,-0.267100804299116
Z,AGC,-0.48985869281292,-0.709852115809917,-0.278228100389242
