AA,Codon,Posterior,0.025%,0.975%
A,GCA,-0.354398129922152,-0.441419894248247,-0.265443035215139
A,GCC,-0.803139088475704,-0.889984928071499,-0.716932526230812
A,GCG,-0.901852504181862,-0.988403433561325,-0.81541743427515
C,TGC,0.00986378259090197,-0.161654828116298,0.181423725932836
D,GAC,0.808273807823658,0.720439341664314,0.895469717681408
E,GAA,-0.695457431972027,-0.786410288512707,-0.605679100751877
F,TTC,0.905466614580154,0.809597654640675,1.00191637277603
G,GGA,0.099244285810375,-0.0358800032176077,0.233502313122153
G,GGC,-0.403980433166027,-0.487992665916681,-0.320982505381107
G,GGG,0.0446399823301028,-0.0782757136970758,0.165435709804296
H,CAC,0.607611070811748,0.478350043296814,0.735825397074222
I,ATA,1.11505154961348,0.95539349168539,1.26644929647446
I,ATC,0.524741491556168,0.448247607052326,0.600842486321926
K,AAA,-1.12894964009523,-1.21928187906742,-1.03691624999046
L,CTA,1.03925844522715,0.873442108929157,1.20580651760101
L,CTC,0.420273442777991,0.310664363205433,0.532705487310886
L,CTG,-0.753198434436321,-0.843313683569431,-0.664520919322968
L,CTT,0.216304209123552,0.101486163213849,0.329170054197311
L,TTA,-0.246794634372741,-0.355226439982653,-0.138813755661249
N,AAC,0.443479805552959,0.339581568539143,0.54977346509695
P,CCA,0.0506696291009503,-0.0924788672477007,0.191655922308564
P,CCC,-0.324323292417824,-0.488140768557787,-0.160154623910785
P,CCG,-0.626989079070091,-0.750325238704681,-0.499222965538502
Q,CAA,0.236721148762107,0.143414598330855,0.3326430991292
R,AGA,0.973944656181335,0.76447276622057,1.19011449217796
R,AGG,1.51917528831959,1.22828035354614,1.82414446175098
R,CGA,0.384009157889709,0.201583581417799,0.573996575176716
R,CGC,-0.333219810736179,-0.419923575222492,-0.242754101753235
R,CGG,0.0800428517242019,-0.09626160338521,0.248059647902846
S,TCA,-0.315892429753393,-0.452366083115339,-0.178303950279951
S,TCC,0.0054569883063301,-0.118069612048566,0.133413830399513
S,TCG,-0.514327292644978,-0.654545919597149,-0.373560129106045
T,ACA,-0.478201702898741,-0.610911746323109,-0.34766678661108
T,ACC,-0.967388447022438,-1.07217275500298,-0.863515530526638
T,ACG,-1.01552124048471,-1.13770119547844,-0.894211079180241
V,GTA,0.500375159138441,0.404172796756029,0.59873059540987
V,GTC,-0.14274177200644,-0.235954237729311,-0.0499112715013325
V,GTG,-0.574521671026945,-0.664071527123451,-0.487309885025024
Y,TAC,0.562817746901512,0.440084132552147,0.685894161462784
Z,AGC,-0.268974616403505,-0.387645281851292,-0.144293795153499
