AA,Codon,Posterior,0.025%,0.975%
A,GCA,0.11449029071331,0.0531489432789385,0.175403574481606
A,GCC,0.401391869533062,0.331632500886917,0.473132824897766
A,GCG,0.41529373562932,0.347701112926006,0.486229242384434
C,TGC,-0.136994603914888,-0.302224209159613,0.0297824555076659
D,GAC,-0.252083492010832,-0.324833466112614,-0.181456311419606
E,GAA,-0.168111326938123,-0.244194865971804,-0.0907720092684031
F,TTC,-0.245485063949227,-0.328812853991985,-0.164251236245036
G,GGA,0.75862726495266,0.621656604111195,0.901556807756424
G,GGC,0.15816793967858,0.0964301014319062,0.21952550932765
G,GGG,0.659201207512617,0.543449468910694,0.785483019053936
H,CAC,-0.307286332134902,-0.422278670966625,-0.196558317169547
I,ATA,0.650179362714291,0.47531845420599,0.83666149675846
I,ATC,-0.242502525869012,-0.305765779316425,-0.182363683357835
K,AAA,0.0116204133066532,-0.0537882819771767,0.0721541156992316
L,CTA,0.120722195839786,-0.0596973031759262,0.308689698576927
L,CTC,-0.272289621004462,-0.386906941980124,-0.162264722213149
L,CTG,-0.384278633221984,-0.478767519444227,-0.294725138694048
L,CTT,-0.237218654780684,-0.346020702272654,-0.12635762616992
L,TTA,-0.028938646884515,-0.143260919675231,0.0841629443690181
N,AAC,-0.4285731757164,-0.519614186882973,-0.337906930595636
P,CCA,0.0294779518754338,-0.0947739833965898,0.152632757648826
P,CCC,0.527115446147323,0.363508637994528,0.699694740772247
P,CCG,0.00354940181079055,-0.105056457035244,0.106479214318096
Q,CAA,0.0678237084015287,-0.0108191615669057,0.149100022763014
R,AGA,0.855597695034742,0.626966398954391,1.09594689011574
R,AGG,1.0847903167963,0.731332264840603,1.46722655594349
R,CGA,1.14757919814587,0.919670008122921,1.36620572805405
R,CGC,0.20263724719137,0.13334695212543,0.270696707069874
R,CGG,1.42242559561729,1.2010416328907,1.65702958106995
S,TCA,0.435930483841896,0.318368271738291,0.55837289839983
S,TCC,0.048145405554345,-0.0364203809760511,0.134298450499773
S,TCG,0.775628122127056,0.632472328841686,0.921948774158955
T,ACA,0.437094378983974,0.330642204731703,0.543644542992115
T,ACC,0.191183832387626,0.116766460984945,0.263565098494291
T,ACG,0.719970953524113,0.612254804372787,0.830565474927425
V,GTA,-0.0481608303636793,-0.112584167905152,0.0178163131698966
V,GTC,0.310877471271157,0.233030763268471,0.390255168825388
V,GTG,0.443674292081594,0.366870223730803,0.521147131919861
Y,TAC,-0.314504445718229,-0.424768440425396,-0.201082102954388
Z,AGC,-0.175261190629177,-0.288476115465164,-0.0663251675665379
