AA,Codon,Posterior,0.025%,0.975%
A,GCA,0.0777786119326929,-0.0184251706581563,0.169900922849774
A,GCC,0.247051311510056,0.153039795905352,0.341881680488586
A,GCG,-0.006919641315845,-0.0918611511588097,0.0761507332324981
C,TGC,-0.454871874173731,-0.675615850090981,-0.233934212848544
D,GAC,-0.297755543646216,-0.37494243234396,-0.222075761854649
E,GAA,-0.15405501882555,-0.241211507841945,-0.0701827818527819
F,TTC,-0.695780803048611,-0.800294424593449,-0.590775692462921
G,GGA,1.28509866709709,1.0986127614975,1.47863907217979
G,GGC,0.111744106102339,0.0403677687980235,0.184022971242666
G,GGG,0.847768651938438,0.707786217331886,0.99412941634655
H,CAC,-0.504865902787447,-0.645063054561615,-0.367230680584908
I,ATA,1.9182618966341,1.55069669783115,2.30018561482429
I,ATC,-0.385535305815935,-0.466636036336422,-0.305802293121815
K,AAA,-0.106044833815366,-0.199846186116338,-0.0155969083076343
L,CTA,0.435436548215896,0.163611636683345,0.718235099315643
L,CTC,-0.342247339442372,-0.49709460362792,-0.189960977807641
L,CTG,-0.804582909047604,-0.928867657482624,-0.683916240930558
L,CTT,0.213664358344966,0.0383099406957626,0.388855017721653
L,TTA,0.433253325864673,0.261213275045156,0.603156077861786
N,AAC,-0.947522320950031,-1.07594313919544,-0.819602479040623
P,CCA,-0.383632297123969,-0.586184640228748,-0.189352967217565
P,CCC,0.901689735424519,0.614892487227917,1.20000447630882
P,CCG,-0.819048978173733,-0.993095903098583,-0.651409643888474
Q,CAA,0.57863299909234,0.450576215237379,0.707566221058369
R,AGA,2.68748766407967,2.15555244684219,3.28381959795952
R,AGG,2.60051500544548,1.92091186642647,3.3493878185749
R,CGA,1.97261408445835,1.63432219028473,2.32030643224716
R,CGC,0.336912997829914,0.247025988250971,0.428413950651884
R,CGG,1.67992717068195,1.4263898640871,1.94571716785431
S,TCA,0.69251260073185,0.515546755492687,0.871705870330334
S,TCC,-0.0490983642053374,-0.159637510031462,0.0607056211680174
S,TCG,0.428391909191012,0.290403555333614,0.569062457978725
T,ACA,1.01828562395573,0.82768741697073,1.21714321672916
T,ACC,-0.069654122990607,-0.171864200755954,0.0289363961666822
T,ACG,0.543391135519743,0.404071738570929,0.675662791728973
V,GTA,0.0691678760360679,-0.0249517790507525,0.165693122521043
V,GTC,0.318848991325498,0.219315977022052,0.418629413098097
V,GTG,0.146776005945262,0.0692174911499023,0.228082555159926
Y,TAC,-0.384791801598668,-0.499831906706095,-0.271482989937067
Z,AGC,-0.541792115819454,-0.725378374755383,-0.36883480027318
