AA,Codon,Posterior,0.025%,0.975%
A,GCA,-0.349497578263283,-0.446336173266172,-0.253419970721006
A,GCC,-0.754982765090466,-0.852559916675091,-0.656715212762356
A,GCG,-0.836288099312782,-0.93349466919899,-0.738736718893051
C,TGC,0.0123689971331383,-0.174064198881388,0.206794308125973
D,GAC,0.751537723135948,0.650566932559013,0.859721894562244
E,GAA,-0.722702734959126,-0.824613665044308,-0.620055767893791
F,TTC,0.884203840529919,0.778865015506744,0.990495380759239
G,GGA,0.121972169828476,-0.0318680349737406,0.272139865159988
G,GGC,-0.42593396692276,-0.523428703844547,-0.331005503982306
G,GGG,0.0642602171978193,-0.0783484056591988,0.203374413773417
H,CAC,0.561067406994104,0.419543687999249,0.701805458962917
I,ATA,1.11186029170752,0.950247247517109,1.27739545404911
I,ATC,0.503950257623196,0.41936194524169,0.589942018687725
K,AAA,-1.11484193490744,-1.2183461368084,-1.01182017028332
L,CTA,1.00794704167843,0.822788260877132,1.1844830095768
L,CTC,0.318974676071107,0.193301140889525,0.445700111240149
L,CTG,-0.771403038489819,-0.871031959354877,-0.670363658666611
L,CTT,0.169262416416648,0.049467543233186,0.289335358142853
L,TTA,-0.234525565544888,-0.347215460240841,-0.120742846652865
N,AAC,0.400893209913373,0.285596043616533,0.518625611066818
P,CCA,0.105563765583116,-0.0527786063961685,0.266016095876694
P,CCC,-0.305111315685511,-0.479666557163,-0.131090120971203
P,CCG,-0.489762889027596,-0.62798607647419,-0.357247473299503
Q,CAA,0.211527136135846,0.111126690916717,0.315595310181379
R,AGA,1.02674655259848,0.81755036264658,1.23766933977604
R,AGG,1.41187508023977,1.11680577993393,1.72345384061336
R,CGA,0.480427565547824,0.282631652057171,0.678011494874954
R,CGC,-0.338120850637555,-0.43558656051755,-0.240062590315938
R,CGG,0.125837433580614,-0.0655808266252279,0.314397851377725
S,TCA,-0.261999802867882,-0.410266033560038,-0.107751531898975
S,TCC,-0.0160049215065648,-0.151972585171461,0.120659300871193
S,TCG,-0.450338741511106,-0.612567292153835,-0.28840284794569
T,ACA,-0.505228193104267,-0.650765264034271,-0.361916387081146
T,ACC,-0.983154590463638,-1.09653881788254,-0.866110038757324
T,ACG,-0.878603911459446,-1.01130726635456,-0.745716604590416
V,GTA,0.579390548276901,0.471842233836651,0.687383379042149
V,GTC,-0.0488349913892576,-0.157022496685386,0.0599741862155495
V,GTG,-0.477286948549747,-0.575707483291626,-0.37483478859067
Y,TAC,0.481104197597504,0.331229535490274,0.629132229089737
Z,AGC,-0.313940585998446,-0.444671197235584,-0.180767342075706
