AA,Codon,Posterior,0.025%,0.975%
A,GCA,0.113531783567416,0.0470581086352468,0.179565596953034
A,GCC,0.373695057240129,0.297388927638531,0.448755382746458
A,GCG,0.375805631572008,0.30218990445137,0.448907027393579
C,TGC,-0.140268364249787,-0.317237483710051,0.0313267652876675
D,GAC,-0.219482264117897,-0.298744863271713,-0.141384323313832
E,GAA,-0.151488971310388,-0.234360027685761,-0.0696899961680174
F,TTC,-0.23113870305568,-0.318723344057798,-0.144558199122548
G,GGA,0.73583385874629,0.587384863197803,0.894363555312157
G,GGC,0.169737565157562,0.10459925532341,0.238265498355031
G,GGG,0.640142138284445,0.514577619731426,0.770016004145145
H,CAC,-0.275429514865577,-0.39609397649765,-0.156181826069951
I,ATA,0.652542028355598,0.468512562662363,0.845231352746487
I,ATC,-0.230434784410894,-0.294860560446978,-0.165494609996677
K,AAA,0.00405953256276555,-0.0632899340242147,0.0713237479329109
L,CTA,0.144925527270314,-0.0335750124417245,0.336430360376835
L,CTC,-0.198260095142201,-0.315991687774658,-0.0802472459152344
L,CTG,-0.367569843655825,-0.465587461739778,-0.27470209300518
L,CTT,-0.201370527337678,-0.314552885293961,-0.087308455258608
L,TTA,-0.0380797574610957,-0.153544761613011,0.0749534927308559
N,AAC,-0.400839504662156,-0.498930535465479,-0.305816794931889
P,CCA,-0.00405500348317237,-0.135893023014069,0.12700072452426
P,CCC,0.532917412367463,0.359522691369057,0.714745964109898
P,CCG,-0.0804339717266099,-0.191266672685742,0.0302144540008156
Q,CAA,0.0834185691157356,-0.00280883336672559,0.167741030082107
R,AGA,0.808955742412806,0.583115869760513,1.04253793656826
R,AGG,1.20437779201269,0.845609286427498,1.59223198592663
R,CGA,1.05011467541456,0.830566954612732,1.28364164233208
R,CGC,0.206065442243218,0.134121215343475,0.279482713341713
R,CGG,1.3745450491786,1.13978407979012,1.62056148648262
S,TCA,0.398421631866693,0.273613151907921,0.526424495875835
S,TCC,0.0594442436099986,-0.028922660369426,0.153000817075372
S,TCG,0.724240650528669,0.569698874652386,0.884872332215309
T,ACA,0.457572332936525,0.344257732480764,0.571444162726402
T,ACC,0.199235930350423,0.121291768737137,0.276841773092747
T,ACG,0.610590588229895,0.500393795967102,0.725590053200722
V,GTA,-0.0846439226919742,-0.154308926314116,-0.0164525346364826
V,GTC,0.259038270774484,0.174457207322121,0.341928939521313
V,GTG,0.387087446817756,0.305116932094097,0.468964691460133
Y,TAC,-0.259417083706707,-0.38242876008153,-0.1354960039258
Z,AGC,-0.143004522970878,-0.261661764234304,-0.0280332548543811
