AA,Codon,Posterior,0.025%,0.975%
A,GCA,0.038890257026437,-0.109404971264303,0.182244704663753
A,GCC,0.230792680189863,0.0794230891391635,0.374863911420107
A,GCG,-0.0115081743199953,-0.143185168132186,0.117050592601299
C,TGC,-0.231197756697405,-0.548348180949688,0.073178382590413
D,GAC,-0.207929873001896,-0.329720649123192,-0.0880103331059219
E,GAA,-0.0195378437219773,-0.137690979614854,0.0987537657842039
F,TTC,-0.833353961324692,-1.01599322855473,-0.660395304858685
G,GGA,1.44774154385328,1.07483974397182,1.83856829404831
G,GGC,0.150808884353012,0.0375153206288815,0.267097236961126
G,GGG,0.833965665453672,0.60548350661993,1.07867799401283
H,CAC,-0.459370986955613,-0.675083509087563,-0.241653065383435
I,ATA,1.68761351832151,1.07192115783691,2.38315685987472
I,ATC,-0.402011568769813,-0.53349117487669,-0.274567455053329
K,AAA,-0.0319718704676687,-0.187919857725501,0.114262634702027
L,CTA,0.104028040458541,-0.235730424150825,0.48361115604639
L,CTC,-0.130297174261016,-0.376285208761692,0.118279984593391
L,CTG,-0.692763167583942,-0.882948979735374,-0.506772197782994
L,CTT,0.356221376599162,0.0644206888973713,0.664319404959679
L,TTA,0.367411451848689,0.111617003008723,0.643779896199703
N,AAC,-0.865589260280132,-1.06834021508694,-0.675825791060925
P,CCA,-0.571149667268433,-0.901391494274139,-0.245790066197515
P,CCC,0.54796477985747,0.109166348539293,0.998097123205661
P,CCG,-1.04650018025637,-1.34436291456223,-0.761250281333923
Q,CAA,0.505461340031028,0.331236694008112,0.695844683051109
R,AGA,2.05788647613525,1.3755785048008,2.92731477618217
R,AGG,3.05805283453464,1.86148262023926,4.56794131994247
R,CGA,1.91880159003735,1.39705522358418,2.52305015921593
R,CGC,0.276526224888908,0.132611023634672,0.420750415325164
R,CGG,1.69425057725906,1.28953175544739,2.10795677900314
S,TCA,0.707128350624442,0.407236412167549,1.02554171383381
S,TCC,0.113218841818516,-0.103414401225746,0.336666651815176
S,TCG,0.396617775786668,0.162788252905011,0.636355020105839
T,ACA,1.2797675106287,0.912666228413582,1.68511275053024
T,ACC,0.0482998894523746,-0.11580419652164,0.20377838127315
T,ACG,0.428973040878773,0.232142206281424,0.633747220039368
V,GTA,-0.0138808321692453,-0.178248530626297,0.167388690635562
V,GTC,0.397707380586863,0.207670647278428,0.592037555575371
V,GTG,0.0624593662033421,-0.0788128413259983,0.202234551310539
Y,TAC,-0.284893142074067,-0.470549374073744,-0.101019042730332
Z,AGC,-0.745514752671123,-1.07211427688599,-0.44342462271452
