AA,Codon,Posterior,0.025%,0.975%
A,GCA,-0.333304008749127,-0.431720618903637,-0.234740519151092
A,GCC,-0.71355159702301,-0.816239409148693,-0.612407742440701
A,GCG,-0.786832815527916,-0.885887579619885,-0.687351121008396
C,TGC,0.0287235787703423,-0.163721873983741,0.224879597127438
D,GAC,0.724635021829605,0.618047271668911,0.833641143143177
E,GAA,-0.741343422162533,-0.848123559355736,-0.630839362740517
F,TTC,0.915840565252304,0.801872983574867,1.02766090333462
G,GGA,0.141793764647524,-0.0198250598739833,0.293556220829487
G,GGC,-0.433346775251627,-0.535065276920795,-0.333134187012911
G,GGG,0.0772682279685094,-0.0732229204848409,0.220537860691547
H,CAC,0.547650722801685,0.401330921053886,0.693830028176308
I,ATA,1.12983475761414,0.958927218616009,1.29676959216595
I,ATC,0.48281614022851,0.395624805986881,0.569306315481663
K,AAA,-1.12991178674698,-1.23806588947773,-1.03001021742821
L,CTA,0.996540265524387,0.816109512746334,1.17934131920338
L,CTC,0.30848574077785,0.181856647878885,0.435378323495388
L,CTG,-0.769180988776684,-0.872308537364006,-0.668160127103329
L,CTT,0.156845053582362,0.0341724653728306,0.277183002233505
L,TTA,-0.237390191730857,-0.357488336414099,-0.118310920707882
N,AAC,0.410427756562829,0.295466244965792,0.526027552783489
P,CCA,0.0968543178405577,-0.0624828646890819,0.254662762582302
P,CCC,-0.291344583641551,-0.471021229028702,-0.114645113982261
P,CCG,-0.486336298906803,-0.622379325330257,-0.353395310789347
Q,CAA,0.236282021653652,0.132694154977798,0.34167985022068
R,AGA,0.996948242390156,0.773887072503567,1.21360296308994
R,AGG,1.41706007320881,1.11769104301929,1.72335258424282
R,CGA,0.431297223746032,0.233566292002797,0.626233373582363
R,CGC,-0.293808255562186,-0.397877204418182,-0.192022751644254
R,CGG,0.165918715821755,-0.0283532798755914,0.362129791080952
S,TCA,-0.262117956826836,-0.418129185587168,-0.102652969956398
S,TCC,-0.0174040496815997,-0.158379586413503,0.122447281330824
S,TCG,-0.422384267444909,-0.586094687879086,-0.259165813773871
T,ACA,-0.460597839066386,-0.600501896440983,-0.319604693353176
T,ACC,-0.918869754076004,-1.03677861690521,-0.801273675262928
T,ACG,-0.850467217719555,-0.987841074168682,-0.708158004283905
V,GTA,0.581193726480007,0.473133406043053,0.69205160588026
V,GTC,-0.0332170641168867,-0.142663805186749,0.0756078222766517
V,GTG,-0.458250920838118,-0.562353150546551,-0.357024194300175
Y,TAC,0.469860838851333,0.319451018422842,0.618325543403625
Z,AGC,-0.33487048522681,-0.470414768904448,-0.193639790639281
