AA,Codon,Posterior,0.025%,0.975%
A,GCA,-0.328228543822645,-0.609357200562954,-0.0597306501120331
A,GCC,-0.0330671068550932,-0.321641755849123,0.254022014886141
A,GCG,-0.35612548797339,-0.631540894508362,-0.0948394477367402
C,TGC,-0.0800656947576441,-0.462886889278889,0.286848820000887
D,GAC,-0.25865613094063,-0.434995236247778,-0.0801313729956747
E,GAA,-0.051091115418976,-0.252252931147814,0.141545879468322
F,TTC,-0.894357815152407,-1.20208566486835,-0.597652579843998
G,GGA,1.26018969239593,0.818183623254299,1.75180974006653
G,GGC,0.166613355596954,-0.0221796466968954,0.348834382742643
G,GGG,0.689919189918041,0.38772331699729,1.02362962067127
H,CAC,-0.646082832997106,-1.04004489779472,-0.273293512314558
I,ATA,1.71342712705135,0.830505537986755,2.74451533555984
I,ATC,-0.592430009642243,-0.809842103719711,-0.385285644978285
K,AAA,0.241403138634206,0.00547522419365123,0.473472627997398
L,CTA,0.379044274213369,-0.24725840613246,1.10868945121765
L,CTC,-0.325622524671684,-0.70828693062067,0.0428852873854338
L,CTG,-0.804171370267868,-1.1147520750761,-0.512200602889061
L,CTT,0.0160447198506328,-0.385514685511589,0.453630609810352
L,TTA,0.974253892889619,0.416826698929071,1.64298346042633
N,AAC,-0.673609576317668,-0.948728044331074,-0.418320693075657
P,CCA,-0.721412394248275,-1.1950498521328,-0.265598969161511
P,CCC,1.09850176266967,0.323942156136036,1.97444421350956
P,CCG,-0.95514595361948,-1.39085599482059,-0.550156271457672
Q,CAA,0.484692275677621,0.22352599799633,0.757826791703701
R,AGA,2.67028595677614,1.49736830294132,3.91536736488342
R,AGG,2.73610025410652,1.20280692875385,5.43128851652145
R,CGA,1.54385241855383,0.965752829611301,2.30296959280968
R,CGC,0.40004891435355,0.208096589148045,0.61097277700901
R,CGG,1.62237966271639,1.08525843918324,2.29175548553467
S,TCA,0.46785767862685,0.0561577587388456,0.906005099415778
S,TCC,-0.191157995153867,-0.494670117646456,0.10358460471034
S,TCG,0.277211210287089,-0.0736877208575606,0.636834469437599
T,ACA,0.436016884159355,-0.058034239616245,0.960377675294876
T,ACC,-0.36432290655229,-0.743169619143009,-0.0444307017140091
T,ACG,-0.111473370277286,-0.509138166904449,0.22743363790214
V,GTA,0.116044029977432,-0.184916309639812,0.42781363800168
V,GTC,0.292472660806467,0.0140773004153743,0.583877323567867
V,GTG,-0.165031188726447,-0.373903266340494,0.0349333600141107
Y,TAC,-0.226438909138023,-0.468878836929798,0.00555349636124438
Z,AGC,-0.465701614039065,-0.84349904358387,-0.12880132086575
