AA,Codon,Posterior,0.025%,0.975%
A,GCA,0.106651946865907,0.0408236028626561,0.17129851616919
A,GCC,0.350694999238849,0.274819380044937,0.425553176552057
A,GCG,0.347514972659945,0.274570985138416,0.422696971893311
C,TGC,-0.150111985881949,-0.339204798638821,0.0290599881205706
D,GAC,-0.20371343152374,-0.284639792889357,-0.123651650361717
E,GAA,-0.141287979512257,-0.226557744666934,-0.0582154034636915
F,TTC,-0.252221999512613,-0.339610133320093,-0.163116510212422
G,GGA,0.718771202456951,0.571663376688957,0.875156107544899
G,GGC,0.173247805981338,0.104072054848075,0.243866704776883
G,GGG,0.629650509828329,0.496573285758495,0.76816493421793
H,CAC,-0.268171014557779,-0.387154975533485,-0.146054587140679
I,ATA,0.628309058886766,0.44853457659483,0.821594896912575
I,ATC,-0.218062173956633,-0.283324526250362,-0.1525564648211
K,AAA,0.0123645263707032,-0.0547267933376133,0.0796334136277437
L,CTA,0.154938357998981,-0.0340075549669564,0.347220447659492
L,CTC,-0.190148597039888,-0.309176056087017,-0.0716731032356621
L,CTG,-0.368223888716102,-0.462277288734913,-0.275110829621553
L,CTT,-0.191078298284346,-0.306661716103554,-0.0724868217483163
L,TTA,-0.0357861742074963,-0.14857970289886,0.0795436095446348
N,AAC,-0.407257722380757,-0.501743929088116,-0.314513590931892
P,CCA,0.000217187296731208,-0.130839581415057,0.130414697900414
P,CCC,0.521411262270808,0.344285036623478,0.701942625641823
P,CCG,-0.0822495150981718,-0.193125418946147,0.0262247675564139
Q,CAA,0.0672074648981754,-0.0177223265636712,0.153398407623172
R,AGA,0.84383800508976,0.603879320621491,1.09387583136559
R,AGG,1.20395369495153,0.837105448544025,1.59421623945236
R,CGA,1.10845680117607,0.878794963657856,1.34501219391823
R,CGC,0.181128215729445,0.108674410358071,0.258269484341145
R,CGG,1.3364384688735,1.1008051097393,1.58858124017715
S,TCA,0.398618347355723,0.271806115657091,0.527629791200161
S,TCC,0.0583262771606758,-0.0322052096948028,0.153593514487147
S,TCG,0.700145020592213,0.547017067670822,0.862625120580196
T,ACA,0.436209980934858,0.323981037735939,0.551521441340446
T,ACC,0.168115455128998,0.0916101865470409,0.245884538441896
T,ACG,0.601574486750364,0.485016264766455,0.716534632444382
V,GTA,-0.0864391636710556,-0.155662532895803,-0.0177296187728645
V,GTC,0.249569351500273,0.162834456935525,0.336075492203236
V,GTG,0.374744536605477,0.293264242261648,0.459144090116024
Y,TAC,-0.25241288747862,-0.374705603718758,-0.125312209874392
Z,AGC,-0.127751953306339,-0.246297158300877,-0.00949349515140064
