AA,Codon,Posterior,0.025%,0.975%
A,GCA,-0.513077302896977,-0.598243382573128,-0.430392900109291
A,GCC,-1.08753906230927,-1.1752752661705,-1.00641912519932
A,GCG,-1.2458589222908,-1.32584809064865,-1.17030428051949
C,TGC,-0.135370693106035,-0.288023833185434,0.0249731025658548
D,GAC,0.822569279098511,0.737653510272503,0.90691190212965
E,GAA,-0.6491340914011,-0.728549218177795,-0.577949772775173
F,TTC,0.780130561637878,0.687154741585255,0.877647161483765
G,GGA,0.0485681761174317,-0.0963702462613583,0.194315124303102
G,GGC,-0.400420885717869,-0.475013902783394,-0.325238838791847
G,GGG,-0.0191272678123816,-0.13425712659955,0.096846335940063
H,CAC,0.791688611531258,0.668949082493782,0.908816987276077
I,ATA,1.24186880238056,1.04442545175552,1.44572943747044
I,ATC,0.498327448654175,0.428855539858341,0.574439015984535
K,AAA,-1.09600415165424,-1.18449794650078,-1.0042880743742
L,CTA,1.14153742294312,0.964996714890003,1.33182715177536
L,CTC,0.493452711200714,0.38687541782856,0.605943247675896
L,CTG,-0.776638265180588,-0.863272252678871,-0.688546416163444
L,CTT,0.460445692038536,0.346687730401754,0.576566256582737
L,TTA,-0.0353771090205148,-0.148403400927782,0.0782176332548261
N,AAC,0.266872486639023,0.163437213376164,0.373929832875729
P,CCA,0.0264213439909152,-0.124612165428698,0.172639873996377
P,CCC,-0.327481241807342,-0.510276071727276,-0.150675940141082
P,CCG,-0.903630184721947,-1.03379203379154,-0.772187912464142
Q,CAA,0.336509390515089,0.243267939984798,0.427579115331173
R,AGA,1.62587233972549,1.34891395866871,1.91886709034443
R,AGG,1.30056513307095,0.981146210432053,1.63801196813583
R,CGA,0.755764077866077,0.544871059060097,0.960570764541626
R,CGC,-0.499419595682621,-0.583372654020786,-0.417414266616106
R,CGG,0.126991649117297,-0.0326739831827581,0.280201221257448
S,TCA,-0.32463301230669,-0.482277340441942,-0.17900261990726
S,TCC,-0.182346176434308,-0.304207843542099,-0.0675362104550003
S,TCG,-0.891805890274048,-1.02502885758877,-0.756678238511085
T,ACA,-0.269376158627868,-0.415276393294334,-0.113091795518994
T,ACC,-1.23921628880501,-1.3356389850378,-1.13992276489735
T,ACG,-1.17105095312595,-1.28951961696148,-1.05490953624248
V,GTA,0.45173737808466,0.353882392495871,0.547928692400455
V,GTC,-0.378841570138931,-0.473162671178579,-0.280735227465629
V,GTG,-0.839004868817329,-0.920093984901905,-0.759732876718044
Y,TAC,0.543599612188339,0.426137732714415,0.658151297271252
Z,AGC,-0.290744097545743,-0.422150107473135,-0.161528870463371
