AA,Codon,Posterior,0.025%,0.975%
A,GCA,0.201155807349086,0.126106011494994,0.280465241521597
A,GCC,0.425902998197079,0.343531499058008,0.506074737012386
A,GCG,0.270473813956976,0.198344072699547,0.339498257637024
C,TGC,-0.193077812538806,-0.384580759704113,-0.0135045553557573
D,GAC,-0.322762272846699,-0.400618537515402,-0.246401048451662
E,GAA,-0.13673207314685,-0.20687406770885,-0.0645674301311373
F,TTC,-0.546257587373257,-0.650076778233051,-0.444431827962398
G,GGA,1.33458106307983,1.14693885743618,1.53202282190323
G,GGC,0.134369232012331,0.0758308384567499,0.19522255063057
G,GGG,0.814479588007927,0.682959999144077,0.946213838458061
H,CAC,-0.504391373097897,-0.629968269169331,-0.378708047419786
I,ATA,1.51693293552399,1.17854306399822,1.8730121999979
I,ATC,-0.361222395062447,-0.432978262752295,-0.288126411288977
K,AAA,-0.0635823111452963,-0.149661610275507,0.0211351730395109
L,CTA,0.302818605133239,0.0396795334294438,0.594605894386769
L,CTC,-0.461512853837013,-0.603704245388508,-0.317731364071369
L,CTG,-0.780044222784042,-0.899381439387798,-0.662114804983139
L,CTT,-0.287069672848284,-0.44399604126811,-0.134019901230931
L,TTA,0.133804767122964,-0.0288872487377375,0.304895664006472
N,AAC,-0.695945747745037,-0.812345978617668,-0.587312343716621
P,CCA,-0.280687196549773,-0.453774278610945,-0.103782172687352
P,CCC,0.733246236717701,0.487494690716267,0.996279747784138
P,CCG,-0.520359016489983,-0.668359276652336,-0.369910401105881
Q,CAA,0.42365070618391,0.312407206743956,0.539436396956444
R,AGA,1.4736770731926,1.01974663734436,1.95160642266274
R,AGG,2.70062661066055,1.99844332635403,3.41895151734352
R,CGA,1.36081065123081,1.07222635447979,1.66732503175735
R,CGC,0.35924798963666,0.277621233463287,0.442283141613007
R,CGG,1.41253517479897,1.18280927538872,1.65424519181252
S,TCA,0.62414606667757,0.46152627915144,0.789953030645847
S,TCC,0.0628830815092648,-0.0425143081694841,0.169964091852307
S,TCG,0.734260555493832,0.590456387400627,0.889848202466965
T,ACA,0.662385334420204,0.496517388522625,0.834086537361145
T,ACC,0.142523925979063,0.0575025497935712,0.230813016369939
T,ACG,0.578991512811184,0.463337083160877,0.698643681406975
V,GTA,0.063828851354029,-0.0160461945924908,0.14672555141151
V,GTC,0.481510566663742,0.383110742270946,0.580512510240078
V,GTG,0.343860435968637,0.267547123879194,0.417371720075607
Y,TAC,-0.348394794094563,-0.454167509824038,-0.239612182602286
Z,AGC,-0.535504438710213,-0.705568300187588,-0.360582723468542
