AA,Codon,Posterior,0.025%,0.975%
A,GCA,0.170782429395616,0.105000325292349,0.234156527742744
A,GCC,0.456639753103256,0.386561583727598,0.530809588730335
A,GCG,0.295257355231047,0.23596403375268,0.355117326229811
C,TGC,-0.107246969151639,-0.274824341386557,0.0465157615952194
D,GAC,-0.367988586288691,-0.43828149586916,-0.295981368422508
E,GAA,-0.121911415025964,-0.189716992899776,-0.0561700201593339
F,TTC,-0.608080026292801,-0.701499401032925,-0.513330200314522
G,GGA,1.43526456875801,1.24605833888054,1.63480798602104
G,GGC,0.156284058231115,0.0977698195725679,0.214811808243394
G,GGG,0.857909191536903,0.726639325916767,0.985708369314671
H,CAC,-0.562087504816055,-0.686242021620274,-0.443674319982529
I,ATA,1.45906678564548,1.15783453285694,1.78255399763584
I,ATC,-0.397350461018085,-0.462483509629965,-0.334375956654549
K,AAA,-0.0444021302246714,-0.108630369417369,0.0199112194124609
L,CTA,0.327038862572052,0.0967142872512341,0.57348990291357
L,CTC,-0.410755332940817,-0.534282666444778,-0.291179259866476
L,CTG,-0.727976091861725,-0.828906005620956,-0.626759241521358
L,CTT,-0.205315235693939,-0.341928915679455,-0.0673933669924736
L,TTA,0.113437794916512,-0.0303407456725836,0.253971200436354
N,AAC,-0.691612905132771,-0.796111010015011,-0.587107293307781
P,CCA,-0.243766472577443,-0.407497784495354,-0.0850169878453016
P,CCC,0.749753176283836,0.511674444377422,0.994470757246017
P,CCG,-0.445441352218389,-0.588221529126167,-0.305391362309456
Q,CAA,0.353467073768377,0.264332863688469,0.444389336556196
R,AGA,1.48137197978497,1.08942076563835,1.90512333214283
R,AGG,2.60632128453255,1.99293110370636,3.21195305585861
R,CGA,1.55170387935638,1.27081197798252,1.86144759953022
R,CGC,0.361596163022518,0.290893168002367,0.431129901111126
R,CGG,1.46853599467278,1.25522984564304,1.68886983394623
S,TCA,0.754818657302856,0.606383331120014,0.909181982278824
S,TCC,0.118851545292255,0.0335812370292842,0.200424883887172
S,TCG,0.790207747268677,0.66110320687294,0.920867836475372
T,ACA,0.731362561392784,0.585382443666458,0.886731627583504
T,ACC,0.118551575354859,0.0496120314113796,0.190779779106379
T,ACG,0.666847114443779,0.56309534907341,0.776365560293198
V,GTA,0.0895732489658287,0.0237570746801794,0.161697471514344
V,GTC,0.421719900381565,0.341504103690386,0.50249317586422
V,GTG,0.371900526618958,0.308213632553816,0.433910392969847
Y,TAC,-0.348677392017841,-0.458623205125332,-0.237450448796153
Z,AGC,-0.600547410976887,-0.74342550188303,-0.462117076665163
