AA,Codon,Posterior,0.025%,0.975%
A,GCA,0.0475862248062971,-0.0260696060489863,0.123577314801514
A,GCC,0.308988193142414,0.213287596032023,0.402534359693527
A,GCG,0.202463788466156,0.116506815329194,0.293153867870569
C,TGC,-0.122657592658457,-0.348828573524952,0.0954891176894308
D,GAC,-0.21327775221467,-0.300947278738022,-0.12563448138535
E,GAA,-0.118750104337465,-0.195036066696048,-0.0398724719882011
F,TTC,-0.434554669946432,-0.553646495938301,-0.319280584901571
G,GGA,0.890512794589996,0.749952767789364,1.03581472039223
G,GGC,0.116539323023474,0.0335838913917541,0.197020377591252
G,GGG,0.512347538053989,0.405977255105972,0.625027717649937
H,CAC,-0.363745753741264,-0.518559743463993,-0.217417450249195
I,ATA,0.825641127681732,0.672259904444218,0.982290071249008
I,ATC,-0.21976684743166,-0.301773177087307,-0.137744652107358
K,AAA,0.0420978210841069,-0.036721399333328,0.125429273396731
L,CTA,0.223391308742762,0.078788885101676,0.377707454562187
L,CTC,-0.237899879421294,-0.354319041967392,-0.123462171666324
L,CTG,-0.517997496783733,-0.62862836420536,-0.411133213341236
L,CTT,-0.0776538582189998,-0.198130917549133,0.0493941776454449
L,TTA,0.179612747744704,0.0390550124458969,0.328355219960213
N,AAC,-0.510102989768982,-0.636944855749607,-0.388303860276937
P,CCA,-0.083065130948756,-0.219980702549219,0.053106317576021
P,CCC,0.456045554381609,0.270895237475634,0.655287076532841
P,CCG,-0.284380138470232,-0.405170019716024,-0.154687310382724
Q,CAA,0.360876730597019,0.251435752213001,0.469993495941162
R,AGA,0.963724209785461,0.77877019494772,1.15328523218632
R,AGG,1.10544600887299,0.917228543758392,1.31837986111641
R,CGA,1.22488027327061,1.01548821926117,1.45219332873821
R,CGC,0.19362334022671,0.0946700168773532,0.294918017834425
R,CGG,1.21571586544514,1.00548950135708,1.43541578352451
S,TCA,0.5486943549335,0.376563768833876,0.736381456255913
S,TCC,0.00777722828412388,-0.115151775255799,0.133160432800651
S,TCG,0.570371200400591,0.387264542281628,0.752461609244347
T,ACA,0.535808932965994,0.401089563220739,0.678226910531521
T,ACC,0.15361638982119,0.0616252264007926,0.252327988296747
T,ACG,0.429361846882105,0.304976063221693,0.552006247639656
V,GTA,0.111687975614471,0.0209649754222482,0.206240098178387
V,GTC,0.205709879335016,0.101897837221622,0.311677759885788
V,GTG,0.232384548047185,0.137486659735441,0.335143273323774
Y,TAC,-0.332541917735338,-0.472011514753103,-0.201480737328529
Z,AGC,-0.448591211307049,-0.629705995321274,-0.272943104058504
