AA,Codon,Posterior,0.025%,0.975%
A,GCA,-0.386806134337187,-0.47258298099041,-0.296301132440567
A,GCC,-0.750444989275932,-0.839837643504143,-0.662404491007328
A,GCG,-0.884625665569305,-0.970484061539173,-0.798905584216118
C,TGC,-0.0327172726284298,-0.207591273635626,0.147820195928216
D,GAC,0.773672528505325,0.678778363764286,0.866911388933659
E,GAA,-0.707327398180962,-0.805734939873219,-0.614247162640095
F,TTC,0.931582710576057,0.830733840167522,1.03715750873089
G,GGA,0.152488652959699,0.0134075246518478,0.297120457142592
G,GGC,-0.382783768284321,-0.469760433584452,-0.292211766541004
G,GGG,0.116748855912534,-0.0143339405069128,0.251459443569183
H,CAC,0.561627436804771,0.424318321794271,0.696948534250259
I,ATA,1.13083190441132,0.97108646184206,1.2876659154892
I,ATC,0.524759243512154,0.444447834044695,0.602488081157208
K,AAA,-1.16275732593536,-1.25815083682537,-1.06545474231243
L,CTA,1.02914616303444,0.857002723217011,1.21352222561836
L,CTC,0.36540636972189,0.246689642965794,0.483847799152136
L,CTG,-0.739108118915558,-0.836350837349892,-0.643195424973965
L,CTT,0.198075649043359,0.0878386035561562,0.315200240164995
L,TTA,-0.240782269844413,-0.354290904849768,-0.125761729478836
N,AAC,0.368049583250284,0.257569745182991,0.474832097440958
P,CCA,0.0629235179567186,-0.0869774555787444,0.209885183721781
P,CCC,-0.343419499865174,-0.504677805304527,-0.185885363072157
P,CCG,-0.579928614377975,-0.709060803055763,-0.451865435391665
Q,CAA,0.240947509337962,0.143262679502368,0.340278678387403
R,AGA,1.01634271650314,0.806923484802246,1.22726337015629
R,AGG,1.43485563430786,1.15512042045593,1.72699597477913
R,CGA,0.439673555725813,0.257113054394722,0.625888381898403
R,CGC,-0.320263637465239,-0.410595522075892,-0.228406599909067
R,CGG,0.11344716755416,-0.0681170916184783,0.300923296809196
S,TCA,-0.357568667966127,-0.501619562506676,-0.213086455315351
S,TCC,-0.0766863206437585,-0.20443210862577,0.048542008176446
S,TCG,-0.566263992023468,-0.720606730878353,-0.418684303760529
T,ACA,-0.455817880666256,-0.589775864779949,-0.31458854675293
T,ACC,-0.966078944897652,-1.07622875273228,-0.857416599988937
T,ACG,-0.918340251016617,-1.04528822004795,-0.791957411170006
V,GTA,0.529246807479858,0.431202208250761,0.632456605136395
V,GTC,-0.0884995146272093,-0.190786289796233,0.0167887905146927
V,GTG,-0.543883205223084,-0.635674084722996,-0.453730840981007
Y,TAC,0.546419433784485,0.407908686995506,0.683623059093952
Z,AGC,-0.283352792170644,-0.413049591332674,-0.156594220176339
