AA,Codon,Posterior,0.025%,0.975%
A,GCA,0.176255015145615,0.0841075103729963,0.269508471339941
A,GCC,0.295332186132669,0.202059207856655,0.389849669486284
A,GCG,0.086877384177997,0.00629107760032639,0.166096537932754
C,TGC,-0.268744739587302,-0.491278047859669,-0.0528327347710726
D,GAC,-0.298622910195589,-0.391294106096029,-0.205671508610249
E,GAA,-0.150106759850867,-0.244757637009025,-0.0559943136759102
F,TTC,-0.873208234167099,-0.998872956633568,-0.748421056568623
G,GGA,1.24948152856827,1.04827507138252,1.46871711611748
G,GGC,0.108791265368927,0.0358167266473174,0.183135447651148
G,GGG,0.78333893866539,0.626767888665199,0.94245277941227
H,CAC,-0.422885721474886,-0.586823128163815,-0.25224594771862
I,ATA,1.80411926465034,1.41335330307484,2.22362949848175
I,ATC,-0.465758698022366,-0.556490278244019,-0.377160162478685
K,AAA,-0.0745135347801959,-0.180445524305105,0.0272560914978385
L,CTA,0.580566648757458,0.271684474498034,0.891469457745552
L,CTC,-0.0816874843792233,-0.252614246308804,0.10223449729383
L,CTG,-0.727618923091888,-0.855486845970154,-0.601848228275776
L,CTT,0.147925517042194,-0.0328945100307465,0.329402075707912
L,TTA,0.527790902507305,0.351598425209522,0.715368968248367
N,AAC,-0.841544089841843,-0.986340537667274,-0.699229817092419
P,CCA,-0.316125177229475,-0.532569235563278,-0.105551056563854
P,CCC,1.06665808141232,0.752353930473328,1.40125878155231
P,CCG,-0.738836149334907,-0.919058665633202,-0.559096443653107
Q,CAA,0.552353959834576,0.424228792637587,0.686696900427341
R,AGA,2.66350667119026,2.09129216074944,3.33397170901299
R,AGG,4.222371443367,2.98249993920326,5.52806512117386
R,CGA,2.06207062339783,1.67832246124744,2.44990597367287
R,CGC,0.376321351879835,0.278670711070299,0.47361092120409
R,CGG,1.82870022978783,1.55491493344307,2.13482249975204
S,TCA,0.790347943639755,0.604507778584957,0.980676932632923
S,TCC,0.105330479091544,-0.0141199825331569,0.226523103564978
S,TCG,0.507831161785126,0.355849856138229,0.668582558631897
T,ACA,1.06412246773243,0.835815595090389,1.2959511578083
T,ACC,-0.0806687945297919,-0.190250341594219,0.0275881569832564
T,ACG,0.406133423864841,0.257317720353603,0.547023032605648
V,GTA,0.0842458019585363,-0.0229692855384201,0.198371982201934
V,GTC,0.380920846104622,0.261112508922815,0.497915668040514
V,GTG,0.145398862027749,0.0580305757001042,0.233237365633249
Y,TAC,-0.43019143204093,-0.575664781033993,-0.288304224610329
Z,AGC,-0.58647972317338,-0.783030338585377,-0.39195456802845
