AA,Codon,Posterior,0.025%,0.975%
A,GCA,0.13251877605021,0.068654303252697,0.194888680428267
A,GCC,0.366250806295872,0.295082721114159,0.438711482286453
A,GCG,0.404637212002277,0.336768439412117,0.476193188875914
C,TGC,-0.104347501508382,-0.273058635741472,0.0587258890271187
D,GAC,-0.231035438132286,-0.305985459685326,-0.155411285161972
E,GAA,-0.161302497319132,-0.24234332293272,-0.0809822350740433
F,TTC,-0.261412249338627,-0.345657151937485,-0.177568092569709
G,GGA,0.720583837044239,0.585094285011291,0.864997333288193
G,GGC,0.147500917999446,0.0833485201001167,0.211652582511306
G,GGG,0.606713326251507,0.482956542819738,0.728817744553089
H,CAC,-0.276477777898312,-0.396352097392082,-0.162600655481219
I,ATA,0.63834530659914,0.46280565187335,0.822226020693779
I,ATC,-0.242060035136342,-0.305303049832582,-0.179667013138533
K,AAA,0.0289102356345313,-0.0374392855912447,0.0916826600208879
L,CTA,0.132746505868156,-0.0452505770139396,0.320162848383188
L,CTC,-0.23300790649876,-0.347118560224771,-0.125154650583863
L,CTG,-0.391507155281305,-0.489019034802914,-0.300882778316736
L,CTT,-0.223540722407401,-0.335823625326157,-0.115371675044298
L,TTA,-0.0327985517083488,-0.15009504146874,0.0808805413544178
N,AAC,-0.380379853093624,-0.472640825808048,-0.293300759792328
P,CCA,0.0237976788855754,-0.091455090790987,0.149529896304011
P,CCC,0.551703783452511,0.382081504911184,0.724315781891346
P,CCG,-0.0240041614563688,-0.122943686693907,0.0763121619820595
Q,CAA,0.0654735464942059,-0.0188608267810196,0.149164890497923
R,AGA,0.818686616170406,0.597933664917946,1.05967224538326
R,AGG,1.17677317934036,0.821224917471409,1.56173772513866
R,CGA,1.09649943399429,0.885047064721584,1.31607688069344
R,CGC,0.194836633828282,0.122892362251878,0.263065508753061
R,CGG,1.39114271452427,1.16041547358036,1.6273123562336
S,TCA,0.454822186261415,0.333939512819052,0.586037567257881
S,TCC,0.0896961672789646,0.004196246212814,0.179491076990962
S,TCG,0.80675601849556,0.652770322561264,0.959259809553623
T,ACA,0.424637454503775,0.31803670451045,0.531099551916122
T,ACC,0.191697555808723,0.118788621015847,0.267511858791113
T,ACG,0.646485680317879,0.533493213355541,0.757333706319332
V,GTA,-0.0609968798998918,-0.126694594696164,0.00380792065407151
V,GTC,0.279365097624063,0.197998342290521,0.363624361902475
V,GTG,0.429351907765865,0.349926024675369,0.508424197137356
Y,TAC,-0.304177215996385,-0.420552448928356,-0.186077422648668
Z,AGC,-0.164247799618822,-0.277777978032827,-0.0468809708952904
