AA,Codon,Posterior,0.025%,0.975%
A,GCA,0.253025346969778,0.084936236590147,0.430784182995558
A,GCC,0.461878563693166,0.267520120739937,0.654556280374527
A,GCG,0.315920143266395,0.137076683342457,0.504529359936714
C,TGC,-0.22595997836247,-0.697151650488377,0.198277978226543
D,GAC,-0.145877550972241,-0.328912886232138,0.0421208418905736
E,GAA,-0.187931018070038,-0.33432911336422,-0.0429385807365179
F,TTC,-0.96036653034687,-1.32782775461674,-0.620884135365486
G,GGA,1.41569468765259,1.04073675870895,1.81163935959339
G,GGC,0.139965890402294,-0.00502334530465305,0.288141689449549
G,GGG,1.02840661933422,0.739625841379166,1.34385445713997
H,CAC,-0.794380411922932,-1.1780530333519,-0.44565562531352
I,ATA,0.911798596435785,0.501319439709187,1.3582385122776
I,ATC,-0.413802456339449,-0.630788561701775,-0.221181476488709
K,AAA,-0.21605231594909,-0.400939229130745,-0.0415728820487857
L,CTA,0.416521527425095,-0.0635854350402951,0.92679947912693
L,CTC,-0.766663073551655,-1.10202755630016,-0.445523685961962
L,CTG,-1.21711689240932,-1.54150259494781,-0.920946384966373
L,CTT,-0.451927639952246,-0.810471217334271,-0.105922371894121
L,TTA,0.0843895713226288,-0.333040936291218,0.51970441788435
N,AAC,-0.994695105922222,-1.32977376580238,-0.693850021064281
P,CCA,-0.220812144057449,-0.574943488836288,0.133601783216
P,CCC,1.24980292477608,0.598595687747002,2.01256700158119
P,CCG,-0.761959293878078,-1.09990321397781,-0.463194789737463
Q,CAA,0.327454286617041,0.111702118441463,0.55194316804409
R,AGA,2.13544398937225,1.56818368732929,2.69854672551155
R,AGG,1.94033193097115,1.43577308356762,2.54547291398048
R,CGA,2.45083145256042,1.78641039729118,3.29789094924927
R,CGC,0.511523425233364,0.296944430470467,0.728563866019249
R,CGG,2.33081804971695,1.69754773974419,2.99162639379501
S,TCA,1.0514675894618,0.633587731420994,1.55064333379269
S,TCC,-0.0979403042503254,-0.319725129753351,0.12484547123313
S,TCG,1.95746766910553,1.24462201595306,2.88426930904388
T,ACA,0.7048472889781,0.38072727099061,1.04725861251354
T,ACC,0.206396391075489,-0.000965059382724576,0.41637322679162
T,ACG,0.670292986518145,0.373577995598316,0.979881380498409
V,GTA,0.0848006272283077,-0.0867649478837848,0.250586514919996
V,GTC,0.512334359997511,0.284797029197216,0.769749483466149
V,GTG,0.492186877095699,0.281387117505074,0.723857419192791
Y,TAC,-0.573700232386589,-0.908500997722149,-0.28772105127573
Z,AGC,-0.620814994180202,-0.976582835614681,-0.285352341085672
