AA,Codon,Posterior,0.025%,0.975%
A,GCA,-0.35778256714046,-0.454420932382345,-0.263600994646549
A,GCC,-0.742370031571388,-0.841937099397182,-0.642020742595196
A,GCG,-0.808766477656364,-0.905971096456051,-0.714637675881386
C,TGC,0.047568813146626,-0.143966171890497,0.242227127403021
D,GAC,0.771255406141281,0.667216096818447,0.876283140480518
E,GAA,-0.763104749703407,-0.867590935528278,-0.655161505937576
F,TTC,0.875425437307358,0.765399396419525,0.983556614816189
G,GGA,0.120917918818274,-0.0310890528839082,0.272050000727176
G,GGC,-0.455535837697983,-0.553200075030327,-0.356761177629232
G,GGG,0.0312375707573825,-0.116350118257105,0.167928279936314
H,CAC,0.560794306391478,0.419101697951555,0.707590733468533
I,ATA,1.11161812027693,0.945992182195187,1.27768345177174
I,ATC,0.484810559695959,0.398581660538912,0.572766998410225
K,AAA,-1.10884892294407,-1.21131862401962,-1.00613243579865
L,CTA,0.981097507655621,0.803928482532501,1.15970074236393
L,CTC,0.312383829392493,0.185787910223007,0.43744417950511
L,CTG,-0.781618216228485,-0.881137102842331,-0.684107679128647
L,CTT,0.14332171441541,0.0180677311494947,0.269385872781276
L,TTA,-0.266361072225124,-0.384228742867708,-0.146548923477531
N,AAC,0.420706786003709,0.306924669444561,0.539810112118721
P,CCA,0.0899211609888764,-0.0673907430842519,0.24590786844492
P,CCC,-0.296910049164575,-0.475212848931551,-0.119544327259064
P,CCG,-0.475193533021212,-0.608314380049706,-0.343349169939756
Q,CAA,0.252990233579278,0.151439191773534,0.357243754714727
R,AGA,1.00706809637547,0.791336281597614,1.22437409162521
R,AGG,1.44476492193937,1.14358181357384,1.738844871521
R,CGA,0.428949443475902,0.239426752924919,0.624022358655929
R,CGC,-0.30699576330483,-0.406210967898369,-0.20298938639462
R,CGG,0.104872747768921,-0.0881211509928107,0.29282259568572
S,TCA,-0.260344020886975,-0.410527614504099,-0.112217532098293
S,TCC,-0.037290135008244,-0.171392329409719,0.0927968375384804
S,TCG,-0.424352397370338,-0.585453251004219,-0.26017202064395
T,ACA,-0.472334029585123,-0.614195999503136,-0.326909895241261
T,ACC,-0.931464031267166,-1.04641077518463,-0.817825528979301
T,ACG,-0.894960036289692,-1.03335828781128,-0.755005753040314
V,GTA,0.567794454282522,0.464912457764149,0.675028342008591
V,GTC,-0.0489212684846151,-0.156117443740368,0.0577695548534393
V,GTG,-0.464534706830978,-0.566521644592285,-0.365671126544476
Y,TAC,0.499782496261597,0.352558246254921,0.646047227084637
Z,AGC,-0.292563056375831,-0.427797739207745,-0.156174862012267
