AA,Codon,Posterior,0.025%,0.975%
A,GCA,0.118708965087263,0.0545734258368611,0.185103237628937
A,GCC,0.366405357098579,0.291779249161482,0.441135941445827
A,GCG,0.358720149558783,0.287943059951067,0.432717699557543
C,TGC,-0.16495271763927,-0.353071731328964,0.00801607978064555
D,GAC,-0.230286076845229,-0.310135228186846,-0.149605872482062
E,GAA,-0.127429083330056,-0.211687544733286,-0.0466939971782267
F,TTC,-0.226140944907814,-0.316415011137724,-0.13804979249835
G,GGA,0.731523752266169,0.586565615236759,0.881219832599163
G,GGC,0.185636095900089,0.117400707490742,0.252940230816603
G,GGG,0.662103496831655,0.53508169054985,0.797414967417717
H,CAC,-0.275477390515804,-0.397830009460449,-0.159371228143573
I,ATA,0.650342770326138,0.467638495564461,0.831134420633316
I,ATC,-0.218658023875952,-0.285896786302328,-0.152211578190327
K,AAA,0.00110320218742038,-0.0683576047420502,0.0671295354142785
L,CTA,0.168107867840515,-0.0195260948035866,0.356673456728458
L,CTC,-0.191661719868751,-0.308353793621063,-0.0732512759044768
L,CTG,-0.358423761588335,-0.456980653852224,-0.263018442690373
L,CTT,-0.181224835252878,-0.297111219912767,-0.0658469922840595
L,TTA,-0.0125160797664737,-0.12694936953485,0.105279878154397
N,AAC,-0.413838098028302,-0.508837530016899,-0.319611631333828
P,CCA,0.00710034277909226,-0.124428982660174,0.138836292922497
P,CCC,0.526501614096761,0.349060150235891,0.705618758499622
P,CCG,-0.0886971335196739,-0.200298584252596,0.0183894481044262
Q,CAA,0.0572900367850525,-0.0268087475560606,0.141892941668629
R,AGA,0.830056154423952,0.599125544726849,1.07598466277122
R,AGG,1.16648103969097,0.81576729118824,1.55643258094788
R,CGA,1.10822389451265,0.875598385930061,1.35176410973072
R,CGC,0.188279586866498,0.114858200401068,0.262417547404766
R,CGG,1.40098588750362,1.1699510037899,1.6475421667099
S,TCA,0.396418529048562,0.278051589429379,0.524621669948101
S,TCC,0.0711642014210142,-0.0173931687138975,0.160588913410902
S,TCG,0.701366227966547,0.548987428843975,0.862890881299972
T,ACA,0.440838065734506,0.32797876521945,0.557655464112759
T,ACC,0.173652278942615,0.0964876567944884,0.252153661847115
T,ACG,0.633366397964954,0.5206502571702,0.751607356965542
V,GTA,-0.079741879524861,-0.146956445276737,-0.0131347803166136
V,GTC,0.258036054012179,0.175510507822037,0.342427814751863
V,GTG,0.377146211335063,0.293954513967037,0.46140843629837
Y,TAC,-0.27342111428231,-0.394798527657986,-0.150543377175927
Z,AGC,-0.158002913185093,-0.27792706117034,-0.0439890285022558
