AA,Codon,Posterior,0.025%,0.975%
A,GCA,0.059536903088367,-0.12133368384093,0.243187728524208
A,GCC,0.176180096379622,-0.00530169057892635,0.352689727395773
A,GCG,-0.029791475506212,-0.193920268118382,0.128804075345397
C,TGC,-0.0742379944066081,-0.454578198492527,0.304988765716552
D,GAC,-0.311183671495318,-0.453864462673664,-0.169718603417277
E,GAA,0.0239116148641071,-0.11299689412117,0.158630070835352
F,TTC,-0.729686678481102,-0.947282974421978,-0.516618600487709
G,GGA,1.19449886715412,0.868033961951733,1.55362963080406
G,GGC,0.242484583245963,0.124699920602143,0.364143158495426
G,GGG,0.725205692231655,0.505255125463009,0.964658419787884
H,CAC,-0.538085843198001,-0.807783886790276,-0.280153676122427
I,ATA,2.14827461264133,1.31033915281296,3.16318525671959
I,ATC,-0.420191029843688,-0.580414398014545,-0.258294519037008
K,AAA,-0.0217189018112806,-0.205321102961898,0.155176872014999
L,CTA,0.838345177607611,0.336893649399281,1.4297189027071
L,CTC,0.191877966419682,-0.0941249409690499,0.488530793786049
L,CTG,-0.438981262995303,-0.636962097883224,-0.255739179253578
L,CTT,0.417362180837907,0.101090473681688,0.744902238249777
L,TTA,0.822160304251313,0.487066327780485,1.17049538195133
N,AAC,-0.924132740700245,-1.16421049237251,-0.699889449775219
P,CCA,-0.43514417094987,-0.875238579511642,-0.0183216606266804
P,CCC,0.885807834928948,0.297575245052576,1.50101679563522
P,CCG,-1.15344686686993,-1.53535801172256,-0.804149223864079
Q,CAA,0.584618570527434,0.361533741652966,0.809464836120605
R,AGA,3.72373321688175,2.20913383960724,5.85503091812134
R,AGG,3.95043949766159,2.19361501932144,6.3016388297081
R,CGA,2.08527332921028,1.47247862517834,2.81903565526009
R,CGC,0.387855423137546,0.233069984987378,0.542681731283665
R,CGG,1.34084078714848,0.979081578552723,1.72804580330849
S,TCA,0.616158230188489,0.270943290740252,0.993079268932342
S,TCC,-0.068515090542876,-0.30619555041194,0.157397272065282
S,TCG,0.194296743914025,-0.0638497445732355,0.456051773577928
T,ACA,1.02498169957399,0.666735537350178,1.4123646914959
T,ACC,-0.00376644233278785,-0.190077623352408,0.172962678596377
T,ACG,0.45219744201228,0.227969819679856,0.688776648044586
V,GTA,0.00610006364052188,-0.182022247463465,0.204116763547063
V,GTC,0.175286047055174,-0.00524547268869355,0.367550458014011
V,GTG,0.09686583726385,-0.0637369031086564,0.256706190109253
Y,TAC,-0.418502577273548,-0.642939704656601,-0.208637448772788
Z,AGC,-0.588568236091733,-0.900025567412376,-0.299679584801197
