AA,Codon,Posterior,0.025%,0.975%
A,GCA,0.165591125046089,0.0839792417362332,0.245850503444672
A,GCC,0.281292073245347,0.192722897231579,0.37192565202713
A,GCG,0.215133852040768,0.131831231340766,0.30027434527874
C,TGC,-0.0481536068470246,-0.259816557914019,0.170140014961362
D,GAC,-0.151506222968921,-0.244397730752826,-0.0609417356550694
E,GAA,-0.10796632690337,-0.190776795893908,-0.0278397431597114
F,TTC,-0.446775585538149,-0.568952429294586,-0.327263509482145
G,GGA,0.649792889177799,0.521799126267433,0.784257265925407
G,GGC,0.0916257823255326,0.0107503035105765,0.174424488842487
G,GGG,0.494222783488035,0.373537266254425,0.61333659440279
H,CAC,-0.247946818668535,-0.417664285004139,-0.0770374281331897
I,ATA,0.851144431960583,0.677667309343815,1.03178438842297
I,ATC,-0.340951785933971,-0.43570694476366,-0.248823319002986
K,AAA,-0.0351831559850229,-0.119384620152414,0.0521498608402908
L,CTA,0.132667741556713,-0.0174421115312725,0.297684720158577
L,CTC,-0.287430729226023,-0.4178487226367,-0.160556606575847
L,CTG,-0.653212077391148,-0.77257653772831,-0.536143803596497
L,CTT,-0.134666877060414,-0.271401080489159,0.00207776502356859
L,TTA,0.0861430071959156,-0.0653957299888134,0.246094466745853
N,AAC,-0.535810261654854,-0.675106008350849,-0.405360624939203
P,CCA,-0.0356467773949756,-0.185793101787567,0.11595910731703
P,CCC,0.593204224711657,0.384278436005116,0.813127020001411
P,CCG,-0.272901275913091,-0.408023351430893,-0.137213606759906
Q,CAA,0.217084687912837,0.106074962578714,0.33151703029871
R,AGA,0.928440489017963,0.734609328210354,1.12108803093433
R,AGG,1.09185031775236,0.88288946300745,1.31385853886604
R,CGA,1.08635503511429,0.888544261455536,1.30229552388191
R,CGC,0.186773000368837,0.081865599937737,0.294697421789169
R,CGG,1.21641078510284,0.996259762346745,1.45561203956604
S,TCA,0.482017032980919,0.321890450268984,0.649504032731056
S,TCC,0.0227912028300087,-0.0934258891269565,0.142423656955361
S,TCG,0.640633531528711,0.460892689228058,0.826661837100983
T,ACA,0.557270965200663,0.414827382564545,0.701710817217827
T,ACC,0.184014359470899,0.0827681552618742,0.287845732271671
T,ACG,0.432836632061005,0.306424415111542,0.56072638630867
V,GTA,0.0739763709442357,-0.0221960105933249,0.166159239038825
V,GTC,0.227528654681146,0.120184628851712,0.336019122600555
V,GTG,0.304878659754992,0.19502874687314,0.412222315371036
Y,TAC,-0.280029709915817,-0.41978572756052,-0.144943363964558
Z,AGC,-0.391163437652588,-0.554566052556038,-0.230819996073842
