AA,Codon,Posterior,0.025%,0.975%
A,GCA,-0.478044121825695,-0.589553673565388,-0.369823525100946
A,GCC,-1.03968828539848,-1.14920812547207,-0.932259058952332
A,GCG,-1.24342440109253,-1.34479583203793,-1.14310142695904
C,TGC,-0.129351360115956,-0.3187620267272,0.0803171064704657
D,GAC,0.852821855950356,0.740624535083771,0.963704474270344
E,GAA,-0.612436125302315,-0.71392474770546,-0.510487665235996
F,TTC,0.764067601656914,0.646749131381512,0.880333779752255
G,GGA,0.0225249351115413,-0.172940419986844,0.210059342905879
G,GGC,-0.379620394200087,-0.477146509289742,-0.28140247836709
G,GGG,0.00592414601089258,-0.14715130366385,0.158066406100988
H,CAC,0.689039340031147,0.544577766954899,0.841675038635731
I,ATA,1.21466040110588,0.983842226862907,1.45488370358944
I,ATC,0.484228595030308,0.399501669406891,0.569994275271893
K,AAA,-1.06711350107193,-1.17543974518776,-0.966505193710327
L,CTA,0.983709300088882,0.761235801875591,1.2059257119894
L,CTC,0.489986827015877,0.351117182523012,0.62562320381403
L,CTG,-0.776554802441597,-0.88244421929121,-0.665852144360542
L,CTT,0.401157998424768,0.258534619957209,0.542098638415337
L,TTA,-0.0674230098481959,-0.205521408841014,0.0686692610383035
N,AAC,0.249587028323114,0.123292955011129,0.382594334334135
P,CCA,0.0412241981908555,-0.139973463490605,0.221457046270371
P,CCC,-0.285880918866233,-0.511603935062885,-0.0565861419774592
P,CCG,-0.875001805877686,-1.02930121719837,-0.719699618220329
Q,CAA,0.289702128984034,0.175401756539941,0.406029995530844
R,AGA,1.5339703956604,1.20196661353111,1.87529560923576
R,AGG,1.10360550494194,0.670467819273472,1.56153197288513
R,CGA,0.660986894416809,0.415292405337095,0.913750253617764
R,CGC,-0.528134158194065,-0.631062473356724,-0.429306594282389
R,CGG,0.0257222567407443,-0.172768522426486,0.227267283201218
S,TCA,-0.188675205609971,-0.367718482762575,-0.00380135066807263
S,TCC,-0.131030225646106,-0.269700086116791,0.00313456415897236
S,TCG,-0.80014252897501,-0.949999423325062,-0.647053192555904
T,ACA,-0.247795514428156,-0.431129287183285,-0.0677676986902952
T,ACC,-1.21322200453281,-1.32864846289158,-1.09306488037109
T,ACG,-1.14179769020081,-1.28014716207981,-1.00009231865406
V,GTA,0.456896244060993,0.334497793763876,0.579880295693874
V,GTC,-0.404886186546087,-0.525396427512169,-0.289957899600267
V,GTG,-0.866811426329613,-0.969636039435864,-0.763920071721077
Y,TAC,0.573508112514019,0.427074340730906,0.723235863447189
Z,AGC,-0.261206608968973,-0.421291720867157,-0.106884824484587
