AA,Codon,Posterior,0.025%,0.975%
A,GCA,0.00339648945181398,-0.196629717200994,0.19888725541532
A,GCC,0.26727175267823,0.056254874356091,0.473182280361652
A,GCG,0.312636651569186,0.108508569374681,0.516232423484325
C,TGC,-0.517014952997956,-1.04931620657444,-0.0295765616931021
D,GAC,-0.270969814042188,-0.455786477774382,-0.0818752003833652
E,GAA,-0.23720441643477,-0.446146075427532,-0.035244107339531
F,TTC,-0.453642937506735,-0.709767626225948,-0.188602971285582
G,GGA,1.48790433635712,1.03677889108658,1.99836169183254
G,GGC,0.0329192785369127,-0.128163930401206,0.180687953531742
G,GGG,0.759905341374874,0.464129681885242,1.068840482831
H,CAC,-0.478874970877916,-0.780742599070072,-0.183892535418272
I,ATA,1.1315422480166,0.506346265971661,1.92941670119762
I,ATC,-0.440183098971844,-0.635928979516029,-0.250018260627985
K,AAA,-0.163216726593405,-0.414609418809414,0.0753352133557201
L,CTA,0.177879625707775,-0.418410917371511,0.859575802087784
L,CTC,-0.586626788048266,-0.972924491763115,-0.2164526514709
L,CTG,-0.88644780318737,-1.23896194696426,-0.597789157927036
L,CTT,-0.215408779617539,-0.66124487221241,0.21304606013
L,TTA,0.23678134387557,-0.221638878434896,0.70426242351532
N,AAC,-0.594597862297296,-0.840469981729984,-0.364453569799661
P,CCA,0.152834410089211,-0.283454868197441,0.589661614596844
P,CCC,1.08210420633554,0.42240866497159,1.80899040400982
P,CCG,-0.289165188478469,-0.635227058827877,0.0138261485612021
Q,CAA,0.37640370213706,0.163341703265905,0.595704115927219
R,AGA,2.61059173505306,1.20953940451145,4.95157704353333
R,AGG,3.79645653648376,1.6556159734726,6.23909186124802
R,CGA,2.1609800318718,1.32675428688526,3.19103030562401
R,CGC,0.46945666590929,0.307737851142883,0.6508011251688
R,CGG,1.51078841543198,1.03270639777184,2.04415736198425
S,TCA,0.527281509689859,0.154579945281148,0.957413467764854
S,TCC,0.0878069682046509,-0.166656536981463,0.361428527534008
S,TCG,0.62685652555339,0.297019308805466,0.979637062549591
T,ACA,0.884259412805736,0.4012705296278,1.39391860663891
T,ACC,0.0821365231130869,-0.154560138657689,0.315163308382034
T,ACG,0.50064101725053,0.213340949639678,0.791897615790367
V,GTA,0.0568549551850883,-0.159514470770955,0.284448885917664
V,GTC,0.434107330642641,0.206153496354818,0.66859275996685
V,GTG,0.409108758819103,0.203659891709685,0.614801320433617
Y,TAC,-0.361907906415314,-0.625043644011021,-0.110951683484018
Z,AGC,-0.51442040804103,-0.923180705308914,-0.121884859353304
