AA,Codon,Posterior,0.025%,0.975%
A,GCA,0.15489657753706,0.0832861283794046,0.229412826150656
A,GCC,0.429642680597305,0.350260073691606,0.511617404222488
A,GCG,0.297624430513382,0.228413961082697,0.37099484205246
C,TGC,-0.112708747979929,-0.297458544373512,0.0673747699707747
D,GAC,-0.385250170320272,-0.470632823556662,-0.301399502903223
E,GAA,-0.145154670230672,-0.231121981143951,-0.0644789850339293
F,TTC,-0.596822742784023,-0.703142227232456,-0.488678512722254
G,GGA,1.47545264363289,1.23717893064022,1.71873047947884
G,GGC,0.144964372657239,0.0794188028201461,0.209513407573104
G,GGG,0.840667364597321,0.68484441190958,0.993291914463043
H,CAC,-0.491658228349686,-0.630843706429005,-0.360057887434959
I,ATA,1.48816191182137,1.13876050710678,1.85404563248158
I,ATC,-0.388408393478394,-0.462023834139109,-0.318727423995733
K,AAA,-0.0591804913294036,-0.13041961453855,0.0121688461396843
L,CTA,0.498062970563024,0.225680745020509,0.798626036942005
L,CTC,-0.405512811762094,-0.545578773319721,-0.263512896001339
L,CTG,-0.724987447404861,-0.84538729339838,-0.611338549852371
L,CTT,-0.154031816189835,-0.309435226768255,-0.00726553475251413
L,TTA,0.145155498986749,-0.0157434991328046,0.301918843388557
N,AAC,-0.678037464380264,-0.799966695904732,-0.559947840869427
P,CCA,-0.256400234567979,-0.432628240436316,-0.0864439412951469
P,CCC,0.707309716784954,0.424166402220726,0.998367400467396
P,CCG,-0.466381428682804,-0.622543773055077,-0.310578328371048
Q,CAA,0.387762697428465,0.286351324617863,0.49701516404748
R,AGA,1.57840915145874,1.09375067055225,2.10312770605087
R,AGG,2.87988851380348,2.07439589500427,3.7481810092926
R,CGA,1.65216538133621,1.32481738328934,1.99802621304989
R,CGC,0.377311950778961,0.301077774167061,0.459190212190151
R,CGG,1.57679226336479,1.30355266332626,1.85875242054462
S,TCA,0.659464785933495,0.498783079534769,0.831645703315735
S,TCC,0.0952220098646823,0.00360612777294591,0.185409835726023
S,TCG,0.73054160913229,0.597677074372768,0.875415223836899
T,ACA,0.721617404901981,0.548913300037384,0.897348192334175
T,ACC,0.10690357528184,0.029903580294922,0.182609069347382
T,ACG,0.651730768144131,0.53810468763113,0.776073791086674
V,GTA,0.0871259693552332,0.0123089062049985,0.167333310469985
V,GTC,0.436624827456474,0.347119365632534,0.529265466332436
V,GTG,0.388234427440166,0.313982582837343,0.463060864806175
Y,TAC,-0.368099850082397,-0.496616969257593,-0.245752058923244
Z,AGC,-0.626310639095306,-0.794690443575382,-0.462191766500473
