AA,Codon,Posterior,0.025%,0.975%
A,GCA,-0.45086511939764,-0.55685376226902,-0.344982618838549
A,GCC,-1.02459033867121,-1.12915933430195,-0.919416576623917
A,GCG,-1.22356360888481,-1.3228249579668,-1.12702539265156
C,TGC,-0.116792081509979,-0.308674473315477,0.0810662528499961
D,GAC,0.839186450505257,0.729418456554413,0.949825471639633
E,GAA,-0.59962405782342,-0.702265636622906,-0.495276565104723
F,TTC,0.76897886967659,0.651887188851833,0.88308050185442
G,GGA,0.0218463352847375,-0.166948240622878,0.215994385629892
G,GGC,-0.38704745041728,-0.484864979982376,-0.292536684125662
G,GGG,0.0212575221355117,-0.128532035276294,0.168927390873432
H,CAC,0.7267611140728,0.573754177987576,0.882009753584862
I,ATA,1.19093415168524,0.943405704200268,1.44098199009895
I,ATC,0.490383709740639,0.399818905442953,0.57791346758604
K,AAA,-1.08924262006283,-1.19201673865318,-0.984718024730682
L,CTA,0.996317190313339,0.783708257973194,1.20751612186432
L,CTC,0.441500497457385,0.309974777698517,0.576891000568867
L,CTG,-0.777193199455738,-0.882441405951977,-0.668594159185886
L,CTT,0.41303911164403,0.268763785809279,0.561454083025455
L,TTA,-0.0769317805765566,-0.216488347202539,0.0612283156253394
N,AAC,0.246817400342971,0.117934566549957,0.380275363475084
P,CCA,0.060494974021221,-0.125539898499846,0.246217845007777
P,CCC,-0.290814759689686,-0.510568298399448,-0.0687698708847166
P,CCG,-0.855675187468529,-1.01267138123512,-0.698447248339653
Q,CAA,0.290501149612665,0.17445480749011,0.403912910819054
R,AGA,1.57706016337872,1.23757325410843,1.91911897957325
R,AGG,1.05866494479775,0.644479164481163,1.47099715769291
R,CGA,0.66521424922049,0.403533646464348,0.910990506410598
R,CGC,-0.505913796305656,-0.607645517587662,-0.403466845303774
R,CGG,0.0278698319114446,-0.161024786531925,0.223823322728276
S,TCA,-0.204509629759338,-0.381204029172659,-0.0308855942450464
S,TCC,-0.145771083702132,-0.285069325566292,-0.0090787633787841
S,TCG,-0.811616718828678,-0.96285944879055,-0.660288222134113
T,ACA,-0.272906396796205,-0.457789725810289,-0.0912275750190021
T,ACC,-1.21472766692638,-1.33282261192799,-1.09848609864712
T,ACG,-1.15110059827566,-1.28976836204529,-1.01214932799339
V,GTA,0.46442995941937,0.338621978461742,0.59004470705986
V,GTC,-0.398583002722263,-0.517317968606949,-0.282721547037363
V,GTG,-0.872932490110397,-0.974561029672623,-0.770317775011063
Y,TAC,0.530175202476978,0.384140214323997,0.67639207392931
Z,AGC,-0.274348294739984,-0.431868852674961,-0.119594604894519
