AA,Codon,Posterior,0.025%,0.975%
A,GCA,0.141319554970041,0.0706699771806598,0.211392065882683
A,GCC,0.421582653027773,0.342885434627533,0.499090325832367
A,GCG,0.287140211766958,0.219935540854931,0.355076753348112
C,TGC,-0.120322561391894,-0.307598843425512,0.0540641938336192
D,GAC,-0.376974820959568,-0.459306761622429,-0.292834682762623
E,GAA,-0.151253290853091,-0.230056488513947,-0.0700701965019107
F,TTC,-0.600538208025694,-0.705918250977993,-0.49378622174263
G,GGA,1.47491875128746,1.23081950247288,1.72150775492191
G,GGC,0.149497278517485,0.0835140908136964,0.215783806145191
G,GGG,0.826904399478436,0.677666883170605,0.980867484211922
H,CAC,-0.517733447158337,-0.654802790284157,-0.38535944595933
I,ATA,1.52229110194445,1.16117698550224,1.90849149525166
I,ATC,-0.392233000025153,-0.462690000981092,-0.320495421439409
K,AAA,-0.0474391685237188,-0.11755037009716,0.0200687821954488
L,CTA,0.481389119639248,0.21391487903893,0.772929908335209
L,CTC,-0.368674588027596,-0.512423302233219,-0.230623266100883
L,CTG,-0.723960520136356,-0.840790793299675,-0.610027755796909
L,CTT,-0.165151829281036,-0.325758454203606,-0.00358618100290187
L,TTA,0.152792278760142,-0.0099953795550391,0.318087723106146
N,AAC,-0.676548536270857,-0.79835430085659,-0.558172295987606
P,CCA,-0.272024872822862,-0.451974032074213,-0.0922135064378381
P,CCC,0.718384036970139,0.43964831084013,1.00065788626671
P,CCG,-0.483600516852736,-0.639883868396282,-0.32954647988081
Q,CAA,0.385544859156013,0.282280541956425,0.493872521817684
R,AGA,1.53419334675074,1.06326128840446,2.03174216151237
R,AGG,2.97970275437832,2.27675570845604,3.74657711982727
R,CGA,1.65933819727898,1.32216396927834,2.047832852602
R,CGC,0.365134183984995,0.287567215412855,0.444876492768526
R,CGG,1.58403237636089,1.32488105297089,1.84313960075378
S,TCA,0.669159844326973,0.513541021943092,0.833131235837936
S,TCC,0.102487049897525,0.0139572130749002,0.191514893993735
S,TCG,0.737082673799992,0.598161864280701,0.88040892034769
T,ACA,0.741946058565378,0.572970093786716,0.92701686322689
T,ACC,0.106748286663057,0.0299650384113193,0.184194175899029
T,ACG,0.656895787626505,0.539594869315624,0.775396434962749
V,GTA,0.0833415780085627,0.0101332104299217,0.160070585832
V,GTC,0.431883601528406,0.344554912298918,0.526163336634636
V,GTG,0.392652504363656,0.321208214759827,0.465485120564699
Y,TAC,-0.339973717686534,-0.469870699197054,-0.214784982800484
Z,AGC,-0.615471620512009,-0.783149288594723,-0.452782587707043
