AA,Codon,Posterior,0.025%,0.975%
A,GCA,0.0692371142039148,-0.104451837949455,0.244240556657314
A,GCC,0.361401522970945,0.178752582892776,0.547423227131367
A,GCG,0.170659099929439,0.00729703240795061,0.332605888694525
C,TGC,-0.160734720852486,-0.603424406051636,0.267594440281391
D,GAC,-0.369937864658237,-0.5295888453722,-0.218018890917301
E,GAA,-0.252665817338414,-0.416573733836412,-0.0918458327651024
F,TTC,-0.465604813428223,-0.688682109117508,-0.241212754696608
G,GGA,1.4397568162322,1.01458919942379,1.8869908541441
G,GGC,0.162330883697863,0.0115999057656154,0.311445099115372
G,GGG,1.01233353252411,0.700967879593372,1.34383133947849
H,CAC,-0.762910902687907,-1.09716175198555,-0.459574190527201
I,ATA,3.31720747926235,1.75187862813473,5.39553014039993
I,ATC,-0.325700602904335,-0.490466380864382,-0.16409101113677
K,AAA,-0.0975105793084114,-0.304579092562199,0.0965866113081574
L,CTA,0.411005999819929,-0.125773485004902,1.02675341963768
L,CTC,-0.274841617475655,-0.594005915522575,0.0588470658287404
L,CTG,-0.651604604750872,-0.913612401485443,-0.405080331861973
L,CTT,-0.323216920546372,-0.647208642959595,-0.00442685757298034
L,TTA,0.171078649622135,-0.169133878499269,0.523664711415768
N,AAC,-0.735128957140446,-0.982498362660408,-0.512906384468079
P,CCA,-0.161970608232356,-0.521668007969856,0.209634274244308
P,CCC,0.841069538037479,0.316899764537811,1.39907491207123
P,CCG,-0.543525334639102,-0.849818694591522,-0.253420171141625
Q,CAA,0.371965517079458,0.175061308592558,0.584037306904793
R,AGA,2.17829127774239,1.05800864696503,3.82481560111046
R,AGG,4.66079353222847,2.38705415725708,8.63345160484314
R,CGA,2.02390081617832,1.28122172951698,2.88159001469612
R,CGC,0.489315999120474,0.324846103787422,0.657574811577797
R,CGG,1.69197212054729,1.20329377949238,2.2491357088089
S,TCA,0.475125365631096,0.159203788265586,0.814826413989067
S,TCC,0.213875504424418,-0.0438064350746572,0.48847396299243
S,TCG,0.63713026086092,0.325831572711468,0.964382857084274
T,ACA,0.512780091477558,0.1314338196069,0.920651941001415
T,ACC,-0.0356995522256475,-0.287464375793934,0.201830197498202
T,ACG,0.578445804976672,0.258552751690149,0.899094706773758
V,GTA,0.174544931897763,-0.0358998000621796,0.395371922850609
V,GTC,0.541522079348564,0.326817464828491,0.769835430383682
V,GTG,0.367971862924844,0.198998129367828,0.536078667640686
Y,TAC,-0.385944587177038,-0.592264404892921,-0.186163233593106
Z,AGC,-0.541430859489646,-0.904496900737286,-0.202296017855406
