AA,Codon,Posterior,0.025%,0.975%
A,GCA,-0.481472154068947,-0.583247992396355,-0.381759065389633
A,GCC,-1.0045640958786,-1.10528378784657,-0.904221670329571
A,GCG,-1.2169270925045,-1.3131189852953,-1.12257417738438
C,TGC,-0.147989979894474,-0.341602084040642,0.0433032899163664
D,GAC,0.852108868050575,0.756869226694107,0.951502262055874
E,GAA,-0.593014038074017,-0.687348318099976,-0.502456539869308
F,TTC,0.773918092226982,0.667930756509304,0.877342954277992
G,GGA,0.090348809573258,-0.0914461178705096,0.272133656591177
G,GGC,-0.402620003056526,-0.495853368192911,-0.312528517842293
G,GGG,0.00460937801375985,-0.133434373512864,0.143422657996416
H,CAC,0.67394795011282,0.535071086883545,0.813349056243897
I,ATA,1.27037090094089,1.04781087636948,1.4875658005476
I,ATC,0.489712230753899,0.405559950321913,0.574191734194756
K,AAA,-1.07707400386333,-1.17857392728329,-0.976409895718098
L,CTA,0.968300130915642,0.762248554825783,1.16273881196976
L,CTC,0.452110296773911,0.319161824136972,0.578420996665955
L,CTG,-0.764424872207642,-0.862824845314026,-0.666560201346874
L,CTT,0.405615478360653,0.268105734884739,0.539417430758476
L,TTA,-0.064664396527037,-0.195581460371614,0.0644222624599934
N,AAC,0.250855397851765,0.128361525386572,0.37256897315383
P,CCA,0.0705338575280135,-0.0971523059532046,0.248090228065848
P,CCC,-0.237645982435672,-0.446212682127953,-0.0178964687976984
P,CCG,-0.835739823126793,-0.989823441207409,-0.686299911141396
Q,CAA,0.287870524019003,0.178888108953834,0.393431311845779
R,AGA,1.49185609087944,1.18789438605309,1.79970980286598
R,AGG,1.20049117910862,0.809773667156696,1.58813321888447
R,CGA,0.647165876328945,0.397829234600067,0.87791346758604
R,CGC,-0.511934281671047,-0.60690436065197,-0.415283068269491
R,CGG,0.030626472835656,-0.155796851217747,0.21809925660491
S,TCA,-0.226717936198856,-0.395372533798218,-0.0581049049273133
S,TCC,-0.168422030949721,-0.295663006603718,-0.0363181288354098
S,TCG,-0.802272281384468,-0.946016654372215,-0.650194683670998
T,ACA,-0.232606912453845,-0.39624799489975,-0.0588841642253099
T,ACC,-1.24699093208313,-1.35602387487888,-1.13732452988625
T,ACG,-1.15426892595291,-1.29085413813591,-1.02154167294502
V,GTA,0.455271156716347,0.339519865810871,0.578279680013657
V,GTC,-0.390263127815723,-0.495312303304672,-0.282944441586733
V,GTG,-0.887741199922562,-0.979336315393448,-0.793722276389599
Y,TAC,0.560656008923054,0.423996767401695,0.70139178186655
Z,AGC,-0.292494689461589,-0.438523880392313,-0.150015667453408
