AA,Codon,Posterior,0.025%,0.975%
A,GCA,0.22482359726578,0.106425095535815,0.347325351834297
A,GCC,0.363183305364847,0.248221142590046,0.481534995138645
A,GCG,0.303074920356274,0.199811834841967,0.407412141561508
C,TGC,-0.106288927601071,-0.387175679951906,0.168843159079552
D,GAC,-0.347101009136438,-0.450083301216364,-0.251348155736923
E,GAA,-0.175435301060975,-0.283978702127934,-0.0673409754410386
F,TTC,-0.586161383771896,-0.732043965160847,-0.443879556655884
G,GGA,1.34211472446918,1.07174680531025,1.63727577030659
G,GGC,0.163464841494709,0.0709582574665546,0.255182022601366
G,GGG,0.783828750538826,0.60730959624052,0.963664261996746
H,CAC,-0.501715111494064,-0.67683012932539,-0.330502536147833
I,ATA,1.21630871236324,0.788952332735062,1.65887076556683
I,ATC,-0.434103842222691,-0.540063819289207,-0.326851658523083
K,AAA,-0.111525917916663,-0.242140315100551,0.0158357932697982
L,CTA,0.533805923087243,0.186162769794464,0.912954320013523
L,CTC,-0.311422310990095,-0.492176051437855,-0.132076682895422
L,CTG,-0.577609680306912,-0.722387313842773,-0.4316117413342
L,CTT,0.143572079387994,-0.0786044334992766,0.373716396093369
L,TTA,0.309891817323677,0.0983478972688317,0.520527409017086
N,AAC,-0.655295753526688,-0.822062197327614,-0.498956772685051
P,CCA,-0.472103602843359,-0.735302522778511,-0.230345252528787
P,CCC,0.354391185282718,0.00928212925791741,0.702367264032364
P,CCG,-0.646432744204998,-0.880283439159393,-0.417455767095089
Q,CAA,0.565586506807804,0.407919270545244,0.72573272138834
R,AGA,1.24422825738192,0.750878731906414,1.79534235298634
R,AGG,2.66372583198547,1.75467154383659,3.72287145256996
R,CGA,1.57293149712086,1.15991251766682,2.01185114383698
R,CGC,0.345464345979691,0.240602247789502,0.453562120348215
R,CGG,1.68667681312561,1.36234823763371,2.05262977480888
S,TCA,0.687060247826576,0.464528431743383,0.927291509509087
S,TCC,0.188061147193017,0.0368381775915623,0.350657884776592
S,TCG,0.889768164134026,0.683102241158485,1.11035815179348
T,ACA,0.605232038557529,0.381415183842182,0.840331602096558
T,ACC,0.173634644567315,0.046369643881917,0.299487026035786
T,ACG,0.669268790924549,0.49377174153924,0.850674222409725
V,GTA,0.0496934515702902,-0.0601668547838926,0.167070816457272
V,GTC,0.417024663192034,0.294738105684519,0.545009346306324
V,GTG,0.348166961622238,0.247122026234865,0.448594519495964
Y,TAC,-0.324994041280448,-0.476331162452698,-0.175781992450356
Z,AGC,-0.509341282516718,-0.738371179997921,-0.283989065885544
