AA,Codon,Posterior,0.025%,0.975%
A,GCA,0.15699928625226,0.087491100281477,0.225537118688226
A,GCC,0.407205606162548,0.33373291566968,0.481711842864752
A,GCG,0.282566150188446,0.215801867470145,0.347754434496164
C,TGC,-0.0977254444200822,-0.277266316115856,0.0684981117025018
D,GAC,-0.384511135536432,-0.462464268505573,-0.30370622575283
E,GAA,-0.156269156038761,-0.235463917255402,-0.0797217853367327
F,TTC,-0.604199987637997,-0.705419290065765,-0.498962941765785
G,GGA,1.39167863073349,1.16099365353584,1.62835864722729
G,GGC,0.157223025082052,0.0941754477098584,0.221254105865955
G,GGG,0.836072530913353,0.696667908132076,0.981609661877155
H,CAC,-0.480025185275078,-0.612529242038727,-0.353729840368032
I,ATA,1.4179580925703,1.10139879286289,1.76101628243923
I,ATC,-0.392156995928288,-0.461096088588238,-0.323268964886665
K,AAA,-0.05387745814137,-0.125421867147088,0.0148441433208064
L,CTA,0.515056304188818,0.256781756132841,0.807072600722313
L,CTC,-0.376693670934439,-0.518639716506004,-0.238280490785837
L,CTG,-0.733003887605667,-0.851748204231262,-0.621280941367149
L,CTT,-0.157790807843674,-0.307798972725868,-0.0101365087321028
L,TTA,0.144337629945474,-0.00518580656498671,0.303724108636379
N,AAC,-0.678140782213211,-0.79089479893446,-0.565043665468693
P,CCA,-0.281001715417672,-0.450056623667479,-0.0984534222632646
P,CCC,0.666966729086637,0.402125824987888,0.947218960523606
P,CCG,-0.498301763629913,-0.651240292191505,-0.343980238586664
Q,CAA,0.387193056595325,0.286685425043106,0.492683687061071
R,AGA,1.63454984824657,1.17484585940838,2.10147695541382
R,AGG,2.76621458668709,2.08307622671127,3.51685845851898
R,CGA,1.68164263868332,1.367006534338,2.03499024510384
R,CGC,0.368808120769262,0.290938261896372,0.443094030022621
R,CGG,1.57774601788521,1.3260925590992,1.83638797402382
S,TCA,0.683878965711594,0.524982742965221,0.84564024657011
S,TCC,0.112620077296498,0.0264234464615583,0.203559491410851
S,TCG,0.724267751395702,0.593199230730534,0.857539781928062
T,ACA,0.699013955867291,0.534570297598839,0.868050961196423
T,ACC,0.122514271325781,0.0526080648414791,0.19709894284606
T,ACG,0.652560961544514,0.542038212716579,0.766347356140614
V,GTA,0.0881766169951181,0.0146835273364559,0.16529155485332
V,GTC,0.427130593645573,0.344633287191391,0.513195937871933
V,GTG,0.401700105285645,0.327183464169502,0.472863534837961
Y,TAC,-0.358524369382858,-0.476824405789375,-0.240634274855256
Z,AGC,-0.598411085283756,-0.75197347253561,-0.445831239968538
