AA,Codon,Posterior,0.025%,0.975%
A,GCA,-0.454085503220558,-0.557259483635426,-0.353868163377047
A,GCC,-1.00457326643467,-1.1067696839571,-0.900206887722015
A,GCG,-1.22864920749664,-1.32108963429928,-1.13452444672585
C,TGC,-0.18366387288234,-0.363145381957293,0.00798516846261919
D,GAC,0.838840388011932,0.738912655413151,0.938199596107006
E,GAA,-0.622716271078587,-0.719470272958279,-0.526308582723141
F,TTC,0.765509227895737,0.656788992881775,0.876013831794262
G,GGA,0.0706983899376675,-0.112033022195101,0.246657806634903
G,GGC,-0.391741111570597,-0.488976263999939,-0.29996492266655
G,GGG,0.035383422538032,-0.10742616597563,0.177887791767716
H,CAC,0.689596907913685,0.548830237984657,0.836420392990112
I,ATA,1.30881797819138,1.06627205610275,1.54010992348194
I,ATC,0.494135704183578,0.415689526498318,0.580158744752407
K,AAA,-1.08547951772213,-1.18555397689342,-0.97669273018837
L,CTA,1.02764695453644,0.83523853123188,1.23027903437614
L,CTC,0.476454551041126,0.352056433260441,0.609259030222893
L,CTG,-0.799664819431305,-0.898005920648575,-0.700438691675663
L,CTT,0.410806064677238,0.270963720232248,0.550022523105145
L,TTA,-0.082667968217819,-0.214988166466355,0.0489051236771047
N,AAC,0.27989043135345,0.153683644905686,0.402868971973658
P,CCA,0.0208850176954511,-0.148638535663486,0.198608464002609
P,CCC,-0.278196196747851,-0.494273136556149,-0.0651621455326676
P,CCG,-0.85421581184864,-1.00188619494438,-0.703981493413448
Q,CAA,0.337230923753977,0.232029221206903,0.441031041741371
R,AGA,1.64665842642784,1.33700865805149,1.96492979824543
R,AGG,1.0671063248992,0.670402562618256,1.44233825206757
R,CGA,0.682786960911751,0.447333805263042,0.910157945752144
R,CGC,-0.488935724532604,-0.585563780367374,-0.392480912804604
R,CGG,0.0636042162774966,-0.125634121522307,0.265392012894154
S,TCA,-0.192207460465468,-0.359276031702757,-0.0217951911501585
S,TCC,-0.17269128276259,-0.307580972462893,-0.044734619744122
S,TCG,-0.82337968416214,-0.975899374485016,-0.676258717477321
T,ACA,-0.273014650057536,-0.453353230655193,-0.0993593333289026
T,ACC,-1.21091539132595,-1.32808794081211,-1.0980181902647
T,ACG,-1.15311000277996,-1.29180914759636,-1.0214870005846
V,GTA,0.426608187162876,0.312417805939913,0.549327327311039
V,GTC,-0.380319088113308,-0.492710354924202,-0.268727128952742
V,GTG,-0.86324292473793,-0.96303213685751,-0.764333508908749
Y,TAC,0.558301359879971,0.425826871395111,0.699754919111729
Z,AGC,-0.219509311647931,-0.368305819481611,-0.0679449846968055
