AA,Codon,Posterior,0.025%,0.975%
A,GCA,0.14257306894511,0.0724124331027269,0.211449824646115
A,GCC,0.408313351345062,0.327347245812416,0.485033895820379
A,GCG,0.290261065745354,0.222197910398245,0.358231057971716
C,TGC,-0.0745026941743155,-0.244880720227957,0.0889852046966553
D,GAC,-0.377031022661924,-0.458566652238369,-0.29990665987134
E,GAA,-0.137840870393999,-0.216474347189069,-0.0610146414488554
F,TTC,-0.598480115497112,-0.697656628489494,-0.503334604203701
G,GGA,1.4176018181324,1.19335247278213,1.66018539965153
G,GGC,0.152225189292431,0.0889254106208682,0.217361757159233
G,GGG,0.813326697421074,0.672799864411354,0.960532401502132
H,CAC,-0.491034631371498,-0.617831353843212,-0.3659782782197
I,ATA,1.37303138053417,1.0467862278223,1.72203184664249
I,ATC,-0.394823857474327,-0.464085592329502,-0.327018150687218
K,AAA,-0.0501435930201711,-0.124130660481751,0.0192741834558547
L,CTA,0.448333834467316,0.18411550372839,0.715280468761921
L,CTC,-0.393136029738188,-0.526478815078735,-0.255824380367994
L,CTG,-0.705536915969849,-0.814595252275467,-0.599357002973557
L,CTT,-0.160634182612714,-0.317783094197512,-0.0114856596104801
L,TTA,0.158702357662967,0.000490719125082251,0.312856397032738
N,AAC,-0.70029188555479,-0.81947118639946,-0.579902963340282
P,CCA,-0.243493478941824,-0.424901621043682,-0.0618238208815455
P,CCC,0.704826969391108,0.436936858296394,0.972386939823628
P,CCG,-0.481742400848865,-0.632224318385124,-0.333588427305222
Q,CAA,0.351858305889368,0.257767184823751,0.453546784818172
R,AGA,1.45010102760792,1.01149390041828,1.92657657563686
R,AGG,2.99265249848366,2.29649549722672,3.75081651210785
R,CGA,1.6411514081955,1.31337540745735,1.986956179142
R,CGC,0.354771667891741,0.279420006275177,0.428750475496054
R,CGG,1.54709882602692,1.29503689110279,1.80988591909409
S,TCA,0.655130360639095,0.499408455193043,0.816156950592995
S,TCC,0.115646752396855,0.034613351803273,0.204476119577885
S,TCG,0.74172617688179,0.609485188126564,0.883999520540237
T,ACA,0.739893184530735,0.576126988232136,0.91194854080677
T,ACC,0.103930916498089,0.0260227193124592,0.178831912577152
T,ACG,0.657916515910625,0.541964682936668,0.77936794012785
V,GTA,0.101548007033416,0.0248585863038898,0.178950537368655
V,GTC,0.421763146257401,0.337807494401932,0.507316468656063
V,GTG,0.387010522663593,0.318076895177364,0.462678337842226
Y,TAC,-0.357107884591818,-0.480188945680857,-0.236092152819037
Z,AGC,-0.660931110346317,-0.820320317149162,-0.504357179999351
