AA,Codon,Posterior,0.025%,0.975%
A,GCA,0.200093759432156,0.080750990100205,0.324509311467409
A,GCC,0.452619350939989,0.323617259413004,0.579053854942322
A,GCG,0.361718126428127,0.249337363243103,0.47507786527276
C,TGC,-0.298218417382045,-0.62905774563551,0.0160803217440844
D,GAC,-0.26502313426435,-0.369208460301161,-0.157582947611809
E,GAA,-0.165990057267807,-0.284979568421841,-0.0519415072165429
F,TTC,-0.631815948820114,-0.79198243021965,-0.483077892661095
G,GGA,1.29237025249004,0.99715194106102,1.61368915140629
G,GGC,0.125710246585764,0.0189291354268789,0.229466219991446
G,GGG,0.805576919567585,0.599190302193165,1.02120702564716
H,CAC,-0.436779389554262,-0.624286976456642,-0.247902154177427
I,ATA,1.30438084001541,0.825483880937099,1.82164570093155
I,ATC,-0.327644316071272,-0.43965005427599,-0.220839887484908
K,AAA,-0.174100949182332,-0.321968396753073,-0.0333170960657298
L,CTA,0.205619138391101,-0.132779348269105,0.548117016255856
L,CTC,-0.255827858191472,-0.464494352787733,-0.0386847102083265
L,CTG,-0.701590412914753,-0.863281801342964,-0.540940377116203
L,CTT,0.0229027080190131,-0.214528148248792,0.28250594586134
L,TTA,0.524266862276196,0.258599391579628,0.802922680974007
N,AAC,-0.693024365031719,-0.860281513631344,-0.525093379616737
P,CCA,-0.307465713691013,-0.581243468821049,-0.0370530812069772
P,CCC,0.780207896029949,0.361874283850193,1.20046876966953
P,CCG,-0.586857869279385,-0.823594453930855,-0.363155084848404
Q,CAA,0.283187380454689,0.141888357698917,0.42925963178277
R,AGA,1.11931143151522,0.584634786844254,1.73257639408112
R,AGG,3.87448083748817,2.52530153989792,5.56928548812866
R,CGA,1.63765290560722,1.1651439011097,2.16681907773018
R,CGC,0.336166012993455,0.215241496264935,0.457321018725634
R,CGG,1.57144348406792,1.20531678795815,1.95905913412571
S,TCA,0.565458777987957,0.342854919284582,0.80067827552557
S,TCC,0.191972147725918,0.0302867335267365,0.355673814564943
S,TCG,0.878106800377369,0.647356162965298,1.11045926809311
T,ACA,0.738152546834946,0.469613575190306,1.03187874555588
T,ACC,-0.010049402407496,-0.147560048103333,0.126010032370687
T,ACG,0.667254302072525,0.473980335891247,0.860500130057335
V,GTA,-0.0578746693793433,-0.181975298002362,0.0695634158328176
V,GTC,0.482365863132477,0.329399418830872,0.632803532481194
V,GTG,0.31466594017446,0.189901524037123,0.439264249801636
Y,TAC,-0.424365805482864,-0.596102845668793,-0.258838389068842
Z,AGC,-0.54304924428463,-0.805489940941334,-0.306073692440987
