AA,Codon,Posterior,0.025%,0.975%
A,GCA,-0.332190162971616,-0.429471911489964,-0.233894504234195
A,GCC,-0.761833126163483,-0.857398970425129,-0.664870278537274
A,GCG,-0.819917119598389,-0.912068478763103,-0.724710495769978
C,TGC,0.00568258895267575,-0.184340801462531,0.191450843214989
D,GAC,0.717976667869091,0.619013471901417,0.818747779726982
E,GAA,-0.723829775726795,-0.821032445132732,-0.62457852512598
F,TTC,0.894063905382156,0.788503061234951,1.00041657686234
G,GGA,0.147461519660318,-0.00427492936141789,0.298115567117929
G,GGC,-0.423983053430915,-0.52182497382164,-0.331675323098898
G,GGG,0.0352926703440924,-0.101415981724858,0.1755794595927
H,CAC,0.583565398493409,0.446091707795858,0.726170019805431
I,ATA,1.12058971467018,0.959482683241367,1.28609434664249
I,ATC,0.505668264299631,0.424717036634684,0.589142110943794
K,AAA,-1.10973463448286,-1.20859698355198,-1.00978431403637
L,CTA,0.978213847529888,0.799563951790333,1.15610114037991
L,CTC,0.29356701657325,0.171871120110154,0.415086803585291
L,CTG,-0.787211808669567,-0.879232186079025,-0.692113862931728
L,CTT,0.152868729710171,0.038541192561388,0.266546491533518
L,TTA,-0.263289267425984,-0.374624384939671,-0.15031837373972
N,AAC,0.418139408680797,0.308374943584204,0.530392843484878
P,CCA,0.126979007290283,-0.0284294412005693,0.281122263520956
P,CCC,-0.307760096746683,-0.476728035509586,-0.136467005684972
P,CCG,-0.504363930040598,-0.632921087741852,-0.373292279243469
Q,CAA,0.242760410477966,0.145834201946855,0.343045482039452
R,AGA,0.983880603599548,0.762746864557266,1.20282629132271
R,AGG,1.44649722832441,1.15404486656189,1.72933194637299
R,CGA,0.457684780332446,0.265537778288126,0.652524156868458
R,CGC,-0.297463366648555,-0.394237330555916,-0.204451403021812
R,CGG,0.174371526711587,-0.0094270346686244,0.359507846832275
S,TCA,-0.263483716643415,-0.409471876174211,-0.112096126563847
S,TCC,-0.039456026978117,-0.166505162417889,0.0955586625263094
S,TCG,-0.42664617511332,-0.581874698400497,-0.268851485848427
T,ACA,-0.459291783291101,-0.598284284770489,-0.320356962829828
T,ACC,-0.942756741774082,-1.05291078984737,-0.829040321707726
T,ACG,-0.885931935369968,-1.01799792051315,-0.752057646214962
V,GTA,0.54060300347805,0.432749693095684,0.647147345542908
V,GTC,-0.0947736721547502,-0.201923925057054,0.0111613577930257
V,GTG,-0.512587370687723,-0.611674416065216,-0.414360956847668
Y,TAC,0.528521279931068,0.390876474231482,0.668636387586594
Z,AGC,-0.314179211895913,-0.445066966861486,-0.182014140114188
