AA,Codon,Posterior,0.025%,0.975%
A,GCA,0.10478561501191,0.0411283166147769,0.171614500507712
A,GCC,0.38032595141232,0.306972256302834,0.455928795784712
A,GCG,0.366124127411842,0.294693902879953,0.43715880587697
C,TGC,-0.135538675087912,-0.309680600464344,0.0452418781816958
D,GAC,-0.200256492900103,-0.277549713104963,-0.125041399151087
E,GAA,-0.151562322836742,-0.23290085233748,-0.0738167840987445
F,TTC,-0.237768377625942,-0.324981431663036,-0.153011425212026
G,GGA,0.714093046933413,0.56984887868166,0.864915995299816
G,GGC,0.168690865625441,0.103909306414425,0.235175285115838
G,GGG,0.665018686425686,0.5353311419487,0.79463547617197
H,CAC,-0.2911131395787,-0.409924999624491,-0.176454968377948
I,ATA,0.641829379463196,0.461264571547508,0.827353160083294
I,ATC,-0.230830439148843,-0.295227203518152,-0.169007045030594
K,AAA,0.00265727304516458,-0.0644511472433806,0.0688086573034525
L,CTA,0.171460756780678,-0.0170228987932205,0.370232799649239
L,CTC,-0.178333693030459,-0.292748644202948,-0.0621036770753564
L,CTG,-0.353795879942179,-0.445365343242884,-0.263607839494944
L,CTT,-0.188028978489246,-0.300485710799694,-0.0777238400653006
L,TTA,-0.0151346176845952,-0.126221654191613,0.0971484687179326
N,AAC,-0.412245938062668,-0.505526562035084,-0.320459766685963
P,CCA,-0.0186719564652522,-0.14976949878037,0.109015553630888
P,CCC,0.533220864403248,0.359616437554359,0.705853898823261
P,CCG,-0.0714194371796343,-0.181980725750327,0.0364793362095951
Q,CAA,0.0641570752287249,-0.0212121492717415,0.147930616885424
R,AGA,0.857444371789694,0.614867533743382,1.11224063932896
R,AGG,1.17838414918184,0.837611210346222,1.5666934043169
R,CGA,1.08017773474455,0.859318818151951,1.31144687235355
R,CGC,0.183989479117095,0.11161692161113,0.257121817022562
R,CGG,1.32931223083735,1.10094310939312,1.56445932090282
S,TCA,0.397674301874638,0.273943117260933,0.523170228302479
S,TCC,0.0710153571489034,-0.0193425784818828,0.160987789928913
S,TCG,0.701042504525185,0.553241758048534,0.857265982031822
T,ACA,0.432018779912591,0.322423632442951,0.545815066993237
T,ACC,0.180336099649966,0.103660418465734,0.259656639397144
T,ACG,0.625551165491343,0.51593868881464,0.741372947394848
V,GTA,-0.0672705892995575,-0.136364187300205,0.00101298961963036
V,GTC,0.284770809021592,0.198131224140525,0.372635287046433
V,GTG,0.406919231408834,0.324478159099817,0.489684210717678
Y,TAC,-0.290912988188863,-0.412754844129086,-0.172232492268086
Z,AGC,-0.141957404883392,-0.260375567525625,-0.0253402419853956
