AA,Codon,Posterior,0.025%,0.975%
A,GCA,0.17044090905457,0.0407092153094709,0.307810983806848
A,GCC,0.285758867431432,0.158439614996314,0.422824919968843
A,GCG,0.00896326892924317,-0.107504530996084,0.123270239681005
C,TGC,-0.286032155652373,-0.590539990365505,0.0119810685049742
D,GAC,-0.290690209333599,-0.393489468097687,-0.189309947937727
E,GAA,-0.0465464721391652,-0.153171515464783,0.060824425984174
F,TTC,-0.818093425071239,-0.97773809581995,-0.660626217722893
G,GGA,1.35873008031845,1.07420826554298,1.67798472940922
G,GGC,0.164212322375365,0.0594070530496538,0.267163796722889
G,GGG,0.802215234196186,0.602972684800625,1.01225094199181
H,CAC,-0.624609521484375,-0.831263156235218,-0.426834329217673
I,ATA,1.69512235718966,1.19313440620899,2.26076079010963
I,ATC,-0.456270073667169,-0.572067978978157,-0.343152410537005
K,AAA,-0.0219066036450008,-0.154424367472529,0.108852574042976
L,CTA,0.554498824668629,0.204411775991321,0.920710980892181
L,CTC,-0.0452251471198579,-0.241039831191301,0.149532739818096
L,CTG,-0.55945330504179,-0.702073660492897,-0.417875804752112
L,CTT,0.118261906252608,-0.0879938811063767,0.319792825728655
L,TTA,0.894068111747503,0.644612893462181,1.1567465275526
N,AAC,-0.919847475099564,-1.09319710433483,-0.753262713551521
P,CCA,-0.611547156342864,-0.907094578444958,-0.317651052772999
P,CCC,0.77158116120752,0.353402378410101,1.20623607337475
P,CCG,-1.08008828561306,-1.34741905629635,-0.827829684317112
Q,CAA,0.543679826122522,0.39005695655942,0.707218854129314
R,AGA,3.39267125716209,2.41686081290245,4.5461705327034
R,AGG,3.64511517350674,2.3378391623497,5.00260068178177
R,CGA,1.84404190512896,1.38803953826427,2.30820670127869
R,CGC,0.242005344680697,0.125878999009728,0.356157048046589
R,CGG,1.60694539921284,1.24208690524101,1.96777571439743
S,TCA,0.679848075693846,0.43400776013732,0.947117398679256
S,TCC,0.0351680740964526,-0.133560397103429,0.203283656388521
S,TCG,0.241123722404987,0.0614161138422787,0.426087495684624
T,ACA,0.853899894601107,0.579252085089684,1.13535752296448
T,ACC,-0.142585058995098,-0.294118527323008,0.00195501447888083
T,ACG,0.268832062396686,0.0914562685415149,0.450970035791397
V,GTA,-0.0951023614753096,-0.237397596240044,0.047265904676169
V,GTC,0.254984099426167,0.104913353174925,0.409542179852724
V,GTG,0.00667272720517067,-0.115925552509725,0.129473826289177
Y,TAC,-0.481706388366222,-0.654969282448292,-0.309275262802839
Z,AGC,-0.583277379748225,-0.8371347412467,-0.334942224621773
