AA,Codon,Posterior,0.025%,0.975%
A,GCA,-0.364056830826402,-0.455235020816326,-0.275311817228794
A,GCC,-0.80581550501585,-0.895234082639217,-0.715701399743557
A,GCG,-0.911068757092953,-0.998696652054787,-0.822600765526295
C,TGC,0.0547018282234741,-0.126186811178923,0.233122215420008
D,GAC,0.778542773032188,0.683869916200638,0.876166824996471
E,GAA,-0.731124994850159,-0.821557720005512,-0.636397829651833
F,TTC,0.910684632515907,0.807721698284149,1.01425715088844
G,GGA,0.0917239360444102,-0.0506844175048172,0.23283108137548
G,GGC,-0.393532478576899,-0.47712522149086,-0.30835225507617
G,GGG,0.0832702498474653,-0.043355280905962,0.209766874089837
H,CAC,0.631394080388546,0.501669862866402,0.764754138886928
I,ATA,1.09246736689806,0.935390198230743,1.25240405797958
I,ATC,0.508521554917097,0.431394151598215,0.58619447350502
K,AAA,-1.14722431373596,-1.24312719404697,-1.0501177251339
L,CTA,1.0406506957531,0.870215697586536,1.21179552674293
L,CTC,0.347960400414467,0.236559084430337,0.465685587376356
L,CTG,-0.747955399429798,-0.838781513273716,-0.654323264956474
L,CTT,0.212527561871801,0.0970485789701343,0.329270853847265
L,TTA,-0.189412599466369,-0.298721554875374,-0.07815948035568
N,AAC,0.442996541512013,0.337539741396904,0.549134704470635
P,CCA,0.0347017168629754,-0.109060563705862,0.18017923347652
P,CCC,-0.324715123407543,-0.489305505156517,-0.157627908140421
P,CCG,-0.561991746288538,-0.686093412339687,-0.436247207224369
Q,CAA,0.235136608092487,0.141062682121992,0.331096214056015
R,AGA,1.03593609732389,0.820082388818264,1.24731489121914
R,AGG,1.37721307692528,1.08683885037899,1.65977853536606
R,CGA,0.42317729510814,0.238532498851419,0.603226990997791
R,CGC,-0.343721952483058,-0.435584858804941,-0.254149284958839
R,CGG,0.121145313707391,-0.0530692503787577,0.29974909350276
S,TCA,-0.280017569503188,-0.422945366799831,-0.140126572176814
S,TCC,-0.0664129723317659,-0.188511504232883,0.0598192671313881
S,TCG,-0.584780736839771,-0.736787995696068,-0.432016049325466
T,ACA,-0.520398550188541,-0.657970775663853,-0.382709686458111
T,ACC,-1.01224407149553,-1.11613283753395,-0.906835648417473
T,ACG,-0.922177813136578,-1.05015665590763,-0.793294869363308
V,GTA,0.527726990258694,0.427057778090239,0.628224319219589
V,GTC,-0.110828637378462,-0.212807910889387,-0.00880405767820776
V,GTG,-0.587010753852129,-0.681792125105858,-0.493889658898115
Y,TAC,0.550975784635544,0.421383137255907,0.686662638187408
Z,AGC,-0.331202045746148,-0.454362380504608,-0.203158801421523
