AA,Codon,Posterior,0.025%,0.975%
A,GCA,0.119299100671848,0.0584386724047363,0.180501772090793
A,GCC,0.401692317277193,0.330365119874477,0.473575403541326
A,GCG,0.420352463394403,0.351193901151419,0.492248622328043
C,TGC,-0.170145889320719,-0.338747768104076,-0.000356875857323825
D,GAC,-0.235003354692459,-0.309564878046513,-0.15777746103704
E,GAA,-0.14574526615236,-0.226027964055538,-0.0688992336392403
F,TTC,-0.248307329964638,-0.334604444354773,-0.160754316672683
G,GGA,0.768249674701691,0.628828789293766,0.914329580962658
G,GGC,0.152443090601265,0.0905402965843678,0.214523671194911
G,GGG,0.629072987502813,0.508964546024799,0.754313100874424
H,CAC,-0.322681936478615,-0.439093375951052,-0.209860650077462
I,ATA,0.670305459815264,0.490006214380264,0.857662741839886
I,ATC,-0.232749841806293,-0.294407590478659,-0.169508368521929
K,AAA,0.0205629796969569,-0.044353477936238,0.0845435012131929
L,CTA,0.119942738130385,-0.0570176464505494,0.303359588980675
L,CTC,-0.220175702984259,-0.331387807428837,-0.107861083559692
L,CTG,-0.386371196356416,-0.479555068165064,-0.297329826653004
L,CTT,-0.233267373789242,-0.341396049410105,-0.121749203838408
L,TTA,-0.0729144828748053,-0.184062454849482,0.0367845222353934
N,AAC,-0.429123659729958,-0.523660399019718,-0.339417223632336
P,CCA,0.0414538417005351,-0.0830878252163529,0.162245725467801
P,CCC,0.535750932183862,0.371520988643169,0.707438018918037
P,CCG,-0.0347070263784564,-0.139894951507449,0.0689356593415138
Q,CAA,0.0686664640454906,-0.0140372450696304,0.150455329567194
R,AGA,0.798975064772367,0.574826988577843,1.03345524668694
R,AGG,1.23128760712147,0.88766955435276,1.61012106537819
R,CGA,1.10301819589138,0.88618500828743,1.32913953661919
R,CGC,0.208517349432409,0.137780787423253,0.278595643490553
R,CGG,1.37191198914051,1.15118286013603,1.60134470760822
S,TCA,0.403716707658768,0.28468969091773,0.523369255661964
S,TCC,0.083759995725067,-0.00211934046819806,0.173104134574532
S,TCG,0.829737249267101,0.679273737967014,0.984147472679615
T,ACA,0.464031957036257,0.352668748795986,0.579952250421047
T,ACC,0.215157534193993,0.142494726553559,0.289727813005447
T,ACG,0.638197528851032,0.532568560540676,0.7475471124053
V,GTA,-0.0611710213055354,-0.126029805839062,0.00535970879718654
V,GTC,0.291153608822823,0.210756478831172,0.37356137111783
V,GTG,0.456199827486277,0.377663806080818,0.537858287990093
Y,TAC,-0.305665169346333,-0.422248714417219,-0.189081276208162
Z,AGC,-0.130739573456135,-0.245095890387893,-0.0235431026201697
