AA,Codon,Posterior,0.025%,0.975%
A,GCA,0.113886498963425,0.02035032347776,0.209717248752713
A,GCC,0.36216983718574,0.265089067816734,0.459874679893255
A,GCG,0.0716788992908628,-0.0111014991300181,0.155756304785609
C,TGC,-0.341288780757971,-0.578818298876286,-0.116367584466934
D,GAC,-0.329733815348148,-0.421271012723446,-0.23887508623302
E,GAA,-0.0773074269383135,-0.163967556506395,0.00767438247567041
F,TTC,-0.783893318271637,-0.909005525708199,-0.664992180466652
G,GGA,1.34169141712189,1.13867942392826,1.55287544727325
G,GGC,0.12713486638554,0.0518414486199617,0.200472495704889
G,GGG,0.782905425822735,0.638357795774937,0.935274103283882
H,CAC,-0.525725047957897,-0.678901313245296,-0.378527534753084
I,ATA,1.8080879332304,1.44514636993408,2.20020869970322
I,ATC,-0.416151508265734,-0.496610841155052,-0.334413136541843
K,AAA,-0.125400331415217,-0.229317257553339,-0.0222799297887832
L,CTA,0.47342996877525,0.173595831170678,0.791118715703487
L,CTC,-0.22663752363252,-0.394723764806986,-0.0588276364840567
L,CTG,-0.831346520340443,-0.962851873040199,-0.702156554162502
L,CTT,0.175712935320028,-0.015559260523878,0.369090197235346
L,TTA,0.498090095061064,0.30575635433197,0.683330729603767
N,AAC,-0.820504973614216,-0.953090523183346,-0.688399329781532
P,CCA,-0.403048636917211,-0.620355626940727,-0.187295104190707
P,CCC,0.86802369453311,0.548121078312397,1.19431074261665
P,CCG,-1.00303487120867,-1.19499398171902,-0.813400256633759
Q,CAA,0.570756834876537,0.443662955611944,0.70092815309763
R,AGA,2.83776614203453,2.22240484952927,3.53137857317924
R,AGG,2.59522873399258,1.89167858362198,3.32683366537094
R,CGA,1.94677348666191,1.61652725338936,2.31135414242744
R,CGC,0.335657165440917,0.242459948733449,0.430086454749107
R,CGG,1.66069346559048,1.38568095564842,1.94198050796986
S,TCA,0.628666683548689,0.447383140772581,0.813766849040985
S,TCC,0.0283454705535349,-0.0994860496371985,0.153437230736017
S,TCG,0.493105515271425,0.333477285504341,0.661476963758468
T,ACA,1.16993971818686,0.958132296800613,1.39158492982388
T,ACC,0.0194028735879152,-0.0824020642787218,0.116189246810973
T,ACG,0.477494579309225,0.350436249375343,0.609264911711216
V,GTA,-0.0671674002947024,-0.171753028780222,0.036470980104059
V,GTC,0.383405128394067,0.260595554113388,0.505164788663387
V,GTG,0.112511040480318,0.0211077068932354,0.203949468582869
Y,TAC,-0.449490504306555,-0.58324164301157,-0.320601273328066
Z,AGC,-0.564248177903891,-0.757657735049725,-0.376816380023956
