AA,Codon,Posterior,0.025%,0.975%
A,GCA,-0.463560034966469,-0.544767437875271,-0.382192469388247
A,GCC,-0.891624260413647,-0.975056010484695,-0.809089131653309
A,GCG,-1.00850411525965,-1.08527473211288,-0.931489863991737
C,TGC,0.00483433159010638,-0.150190538540483,0.15996801443398
D,GAC,0.813015099346638,0.731775824725628,0.894349943101406
E,GAA,-0.687457103765011,-0.767044101655483,-0.609724861383438
F,TTC,0.898180846214294,0.806634248793125,0.988397999107838
G,GGA,0.128365280635902,0.00374274761998095,0.258519528061152
G,GGC,-0.431734288990498,-0.50327245593071,-0.358737286925316
G,GGG,0.0461471855406881,-0.0645023938268423,0.156675907224417
H,CAC,0.655487749373913,0.544375497102737,0.764879322052002
I,ATA,1.19991613670588,1.04394531846046,1.35512354075909
I,ATC,0.555161333578825,0.485568730533123,0.625568872690201
K,AAA,-1.07405585774183,-1.16190444231033,-0.988234733045101
L,CTA,1.01467081595659,0.850530086457729,1.17896474897861
L,CTC,0.404466575372219,0.303817085176706,0.507218527793884
L,CTG,-0.759489729833603,-0.841050861775875,-0.678990839421749
L,CTT,0.254742815382034,0.153020187839866,0.357306995242834
L,TTA,-0.22909853092581,-0.330804544687271,-0.13099121004343
N,AAC,0.464157813203335,0.369075257331133,0.559430389106274
P,CCA,0.0398670541604861,-0.0930257653817534,0.174168691411614
P,CCC,-0.392851904521883,-0.545391030609608,-0.244860581308603
P,CCG,-0.621061207044125,-0.733386208117008,-0.504721201956272
Q,CAA,0.274677303606272,0.186267993226647,0.359571100771427
R,AGA,0.994895189344883,0.792437011003494,1.20675922334194
R,AGG,1.48402446159124,1.20783908963203,1.75062039196491
R,CGA,0.493987423440814,0.327260369807482,0.664639990031719
R,CGC,-0.323354118594527,-0.404280576109886,-0.244480259343982
R,CGG,0.0171721543819286,-0.145897262170911,0.175290626659989
S,TCA,-0.371381836177409,-0.503854188323021,-0.242546992376447
S,TCC,-0.14509785792134,-0.255503589659929,-0.0328939707949758
S,TCG,-0.681957307887077,-0.815782257914543,-0.550804233551025
T,ACA,-0.491042085146904,-0.615825890004635,-0.363396716862917
T,ACC,-1.0195129263401,-1.11590483784676,-0.923990279436112
T,ACG,-0.992800795161724,-1.10430338084698,-0.878086276352406
V,GTA,0.474968732148409,0.383783869445324,0.567261101305485
V,GTC,-0.185961781193316,-0.275816125422716,-0.0947566958144308
V,GTG,-0.651955754387379,-0.729289190471172,-0.5709183588624
Y,TAC,0.618773920315504,0.509579253196716,0.734653189778328
Z,AGC,-0.250646857648343,-0.363719753175974,-0.137574577704072
