AA,Codon,Posterior,0.025%,0.975%
A,GCA,0.153551941922493,0.0759771855548024,0.232655069231987
A,GCC,0.317389886677265,0.237008766829967,0.395008704066276
A,GCG,0.094429728818002,0.0246519669424742,0.161308310180902
C,TGC,-0.328400128335506,-0.494668001681566,-0.160678977519274
D,GAC,-0.339502792087197,-0.408942409604788,-0.272085369378328
E,GAA,-0.184090722320229,-0.259078954160213,-0.111036455072463
F,TTC,-0.694641058158875,-0.791170616447926,-0.598202680051327
G,GGA,1.32101520147324,1.14726140797138,1.5006106108427
G,GGC,0.152956539997458,0.0939184460788965,0.211044811457396
G,GGG,0.805416478896141,0.681316834688187,0.927441380918026
H,CAC,-0.522702377557755,-0.645762501657009,-0.399631559848785
I,ATA,1.86000911428928,1.55462508201599,2.18851550221443
I,ATC,-0.378554893475771,-0.449214550852776,-0.307975612580776
K,AAA,-0.14612523540922,-0.233051566034555,-0.0608406345359982
L,CTA,0.644678299379349,0.380955389887094,0.91855246424675
L,CTC,-0.369852979835868,-0.498679807037115,-0.238904777541757
L,CTG,-0.784330779933929,-0.892124216258526,-0.678827761113644
L,CTT,0.0353910542091633,-0.111550614796579,0.180559239909053
L,TTA,0.57568000742197,0.426982814818621,0.730906936526298
N,AAC,-0.969604727470875,-1.08729077577591,-0.853539977967739
P,CCA,-0.335993402594328,-0.51162056773901,-0.163328702375293
P,CCC,0.885777395963669,0.64187675267458,1.13259524106979
P,CCG,-0.773636051249504,-0.925200057029724,-0.626030233502388
Q,CAA,0.485041130834818,0.382899788022041,0.595557048916817
R,AGA,3.20432088160515,2.66157633066177,3.74642209410667
R,AGG,2.8430471600771,2.19808329343796,3.49728071689606
R,CGA,1.99954379992485,1.69429357349873,2.29520297646522
R,CGC,0.188853265795112,0.11319163069129,0.265568967163563
R,CGG,1.91272008206844,1.66027576327324,2.16699761748314
S,TCA,0.821377933394909,0.661231099069118,0.980912786722183
S,TCC,0.071952213905715,-0.0237023167312145,0.16962925195694
S,TCG,0.609227721363306,0.475376455485821,0.744839130342007
T,ACA,1.16126919571161,0.980306269228458,1.35116151273251
T,ACC,-0.0194017010415691,-0.111019637435675,0.071644414588809
T,ACG,0.522831702291966,0.400780231505632,0.645838080346584
V,GTA,0.0985194266367485,0.0131704470375553,0.187524856999516
V,GTC,0.326877367770672,0.239169196039438,0.41698312535882
V,GTG,0.166926766930521,0.0973213175311685,0.237624062970281
Y,TAC,-0.396849856260419,-0.501478724181652,-0.295484843105078
Z,AGC,-0.528697194713354,-0.678407962620258,-0.381381094455719
