AA,Codon,Posterior,0.025%,0.975%
A,GCA,0.167030774745345,0.108146802522242,0.225789356604218
A,GCC,0.444473094505072,0.3786516495049,0.512407968938351
A,GCG,0.472330239588022,0.408637025207281,0.537653090059757
C,TGC,-0.133926307906537,-0.292384328693151,0.0238399163819848
D,GAC,-0.254145406621695,-0.322949013113976,-0.18464653082192
E,GAA,-0.173621332823299,-0.244356251880527,-0.100846204161644
F,TTC,-0.240714784447849,-0.318503378331661,-0.163222222402692
G,GGA,0.729536204266548,0.598896503448486,0.864473380148411
G,GGC,0.172958523562551,0.115964098088443,0.230367702245712
G,GGG,0.654950130057335,0.543033084273338,0.769974943995476
H,CAC,-0.338116798385978,-0.443343076854944,-0.231295354664326
I,ATA,0.575270303988457,0.405825569480658,0.752619887888431
I,ATC,-0.260379630827904,-0.320265229046345,-0.20015585385263
K,AAA,-0.0148324825421705,-0.0782873248681426,0.0476196551695466
L,CTA,0.140901304355233,-0.0326169449836016,0.325946353375912
L,CTC,-0.260499217404425,-0.365110891312361,-0.154785357788205
L,CTG,-0.380022532814741,-0.466896609961987,-0.294117347896099
L,CTT,-0.263515145108104,-0.366307923197746,-0.160066526010633
L,TTA,-0.0428047031775513,-0.150776547566056,0.0649948811158537
N,AAC,-0.44226589217186,-0.529623544216156,-0.358410015702248
P,CCA,0.0375525301140839,-0.0796519255265594,0.1545220118016
P,CCC,0.590227518820763,0.431205784529448,0.749363394081592
P,CCG,0.00167560358524997,-0.0992097198963165,0.0986222237348556
Q,CAA,0.0430862060930724,-0.0328679799102247,0.122210129536688
R,AGA,0.839563958233595,0.615887513756752,1.07219858169556
R,AGG,1.1224158904016,0.797252307832241,1.4825813293457
R,CGA,1.03538042428493,0.830065201222897,1.24288430213928
R,CGC,0.19738880303055,0.131257966533303,0.264894571900368
R,CGG,1.49786148774624,1.28380577266216,1.72004443407059
S,TCA,0.456634156551957,0.343858938664198,0.57443715184927
S,TCC,0.123349083939125,0.0364654310047626,0.208490976691246
S,TCG,0.895851796579361,0.755452917516232,1.03950258791447
T,ACA,0.43941507204473,0.336735070496798,0.54296850413084
T,ACC,0.217177281394601,0.147710893675685,0.288394156843424
T,ACG,0.692561381733418,0.589033389091492,0.799256333708763
V,GTA,-0.0373199732794023,-0.0996648883447051,0.0248689101543277
V,GTC,0.334217294675112,0.258601189404726,0.412360425293446
V,GTG,0.492685229235888,0.420066753029823,0.566769924759865
Y,TAC,-0.351570735782385,-0.461298076808453,-0.246793396398425
Z,AGC,-0.187806353016384,-0.29664977863431,-0.0820278523489833
