AA,Codon,Posterior,0.025%,0.975%
A,GCA,-0.513566338121891,-0.598399941623211,-0.425741373002529
A,GCC,-1.08801146953106,-1.17159177064896,-1.00523024499416
A,GCG,-1.24580112941265,-1.32429567873478,-1.16835931837559
C,TGC,-0.134321765297912,-0.294986162334681,0.0226802908349781
D,GAC,0.823776331055164,0.737292294204235,0.910631027817726
E,GAA,-0.649549338984489,-0.73033063262701,-0.57085717767477
F,TTC,0.781437141799927,0.687401267886162,0.876409034430981
G,GGA,0.0463638791179401,-0.100057599879801,0.193954510241747
G,GGC,-0.3993072437644,-0.47404146566987,-0.324972561001778
G,GGG,-0.0173623292651002,-0.133147880807519,0.0968258654698728
H,CAC,0.790558515524864,0.669486092031002,0.914523616433143
I,ATA,1.24028459880352,1.04246858656406,1.43725591301918
I,ATC,0.498973646974564,0.428589595109224,0.570510973036289
K,AAA,-1.09628593723774,-1.18738393187523,-1.00578673481941
L,CTA,1.13994023059607,0.9587422311306,1.3213072180748
L,CTC,0.493375915247202,0.37900061160326,0.608943393826485
L,CTG,-0.777898218739033,-0.865630143880844,-0.690035602450371
L,CTT,0.461238880908489,0.344621020555496,0.579410366714
L,TTA,-0.0361481473936385,-0.151875743642449,0.0768498301506042
N,AAC,0.263672953256965,0.159749344363809,0.372143169492483
P,CCA,0.0264416856583273,-0.1242531362921,0.182337899878621
P,CCC,-0.326099561726861,-0.508184948563576,-0.148742183297873
P,CCG,-0.903515382575989,-1.03119027912617,-0.774978221952915
Q,CAA,0.335510851180553,0.242374829575419,0.429382352530956
R,AGA,1.63507250268459,1.35761869251728,1.92349764108658
R,AGG,1.30139181627035,0.944177547097206,1.66267153322697
R,CGA,0.749243740099669,0.544087928533554,0.953508472442627
R,CGC,-0.49964094119072,-0.580828464031219,-0.415779639035463
R,CGG,0.12415138685087,-0.0338049805723131,0.282093416154385
S,TCA,-0.32568079264611,-0.474599634855986,-0.176822531968355
S,TCC,-0.182541166251746,-0.3007000669837,-0.0612866016104819
S,TCG,-0.892856011402607,-1.02564522624016,-0.760731211304665
T,ACA,-0.270401081047766,-0.41922657340765,-0.118513222411275
T,ACC,-1.2376360222578,-1.3368076145649,-1.13836827874184
T,ACG,-1.16899253791571,-1.28407992124557,-1.05271782279015
V,GTA,0.451209788453579,0.350309252738953,0.55226419866085
V,GTC,-0.377659987956285,-0.468629471212625,-0.284565126150847
V,GTG,-0.838377526521683,-0.918441143631935,-0.757749402523041
Y,TAC,0.543569273871183,0.43043025881052,0.657905514538288
Z,AGC,-0.286161434539408,-0.41304268091917,-0.156914294138551
