AA,Codon,Posterior,0.025%,0.975%
A,GCA,0.171286849294603,0.110969891399145,0.237196613103151
A,GCC,0.456947640246153,0.387422809004784,0.527794101834297
A,GCG,0.294826603141427,0.237059597298503,0.353320799022913
C,TGC,-0.107809673299493,-0.267784141749144,0.0515511988662179
D,GAC,-0.368258453518152,-0.44105736091733,-0.296320875734091
E,GAA,-0.122206840352248,-0.194021243602037,-0.054662538971752
F,TTC,-0.608888943880796,-0.700962147116661,-0.517046454548836
G,GGA,1.44023588635921,1.24477790892124,1.6460646957159
G,GGC,0.155407092749327,0.0981064889580011,0.211482208967209
G,GGG,0.857355739533901,0.730748139321804,0.990616284310817
H,CAC,-0.560844193845987,-0.682399335503578,-0.441058828681707
I,ATA,1.46120074095726,1.15594735145569,1.77208741009235
I,ATC,-0.398141145795584,-0.462365457415581,-0.335515379905701
K,AAA,-0.0441192426676009,-0.109570772945881,0.0203060207422822
L,CTA,0.326915677227173,0.0905638193711638,0.567992584407329
L,CTC,-0.409660511106253,-0.535874553024769,-0.281835781782866
L,CTG,-0.727088883256912,-0.829485033452511,-0.624452793598175
L,CTT,-0.205903370098444,-0.343317510187626,-0.0692546177655459
L,TTA,0.114215930033285,-0.0238474316429347,0.259631757438183
N,AAC,-0.689008347713947,-0.797350656986237,-0.586946944892407
P,CCA,-0.243737055493938,-0.404544647037983,-0.0825214533135297
P,CCC,0.74819456616044,0.512958075106144,1.00109256207943
P,CCG,-0.445746931272745,-0.584109036624432,-0.30688221976161
Q,CAA,0.353091692507267,0.262429263442755,0.447968207299709
R,AGA,1.46793957457542,1.05181452929974,1.90611279904842
R,AGG,2.60742201752663,1.98566796183586,3.27424541115761
R,CGA,1.56446568003893,1.27178695499897,1.88184826076031
R,CGC,0.361888992568851,0.293196264654398,0.43097373470664
R,CGG,1.47476959779263,1.25800853073597,1.69732039272785
S,TCA,0.756134381181002,0.605711974203587,0.908795712888241
S,TCC,0.11890065507965,0.035963024944067,0.203335306048393
S,TCG,0.790606249308586,0.667048183083534,0.919313724339008
T,ACA,0.732742147147656,0.581467233598232,0.888777373731136
T,ACC,0.117948536203848,0.0460015766322613,0.187102952226996
T,ACG,0.665357030624151,0.559285791218281,0.771664854884148
V,GTA,0.0903476834394052,0.0212630740366876,0.161563277244568
V,GTC,0.420693770951033,0.342932222783565,0.500388644635677
V,GTG,0.372533810424805,0.307612186670303,0.436840251088142
Y,TAC,-0.348896475508809,-0.459185819327831,-0.238022214919329
Z,AGC,-0.604929486638308,-0.750466376543045,-0.462389344722033
