AA,Codon,Posterior,0.025%,0.975%
A,GCA,0.201956211102009,0.123684676736593,0.280244928598404
A,GCC,0.426451153510809,0.347057069092989,0.507167924940586
A,GCG,0.270789602336288,0.199421548470855,0.343044542521238
C,TGC,-0.192026560779888,-0.376054073870182,-0.0123756045009941
D,GAC,-0.324555191558599,-0.403030654788017,-0.246948521211743
E,GAA,-0.136329708213359,-0.209675465896726,-0.0648997155949473
F,TTC,-0.545810578197241,-0.651661676168442,-0.44364130795002
G,GGA,1.3407534873724,1.14837740957737,1.53540788888931
G,GGC,0.133824886150286,0.0717869518324733,0.195790779590607
G,GGG,0.813523285162449,0.684921763837337,0.941410639882088
H,CAC,-0.503347076755762,-0.630775551497936,-0.377734742313623
I,ATA,1.51755005525351,1.18599420487881,1.8607953697443
I,ATC,-0.360839034160972,-0.435328057408333,-0.28707932010293
K,AAA,-0.0628538865061906,-0.148313391208649,0.0178760006092489
L,CTA,0.300943649770436,0.0292086010798812,0.576292793452739
L,CTC,-0.458974446153641,-0.612278063595295,-0.314663202315569
L,CTG,-0.777330603480339,-0.899902111291885,-0.660775938630104
L,CTT,-0.28737781140767,-0.446224027872086,-0.136140367761254
L,TTA,0.135587000730226,-0.0282086227089167,0.29959023296833
N,AAC,-0.693355016744137,-0.809653013944626,-0.579094775021076
P,CCA,-0.280670681926236,-0.463144356757402,-0.105277157202363
P,CCC,0.733005863976479,0.473320657014847,1.00147436857223
P,CCG,-0.520637234470248,-0.678528068959713,-0.368287278711796
Q,CAA,0.423907884612679,0.31087484434247,0.540006726980209
R,AGA,1.45404971785545,1.0122344493866,1.93674072027206
R,AGG,2.70195874607563,1.99305373132229,3.4886058986187
R,CGA,1.37341369659901,1.08089721500874,1.67905530333519
R,CGC,0.36095290440321,0.279258953034878,0.446812196075916
R,CGG,1.41871446175575,1.18741338849068,1.66108785867691
S,TCA,0.625446176975965,0.461393459886312,0.798141784965992
S,TCC,0.0638017079356878,-0.0460821428336203,0.172405861318111
S,TCG,0.738842300337553,0.590919144451618,0.886145378649235
T,ACA,0.66357514346242,0.495414198189974,0.841227301955223
T,ACC,0.140333625299297,0.0544054917991161,0.226512879878282
T,ACG,0.575011266362667,0.458967173099518,0.693560084700584
V,GTA,0.063679118187393,-0.0200659640599042,0.148868297785521
V,GTC,0.480257388794422,0.387333856523037,0.578444151580334
V,GTG,0.343962816768885,0.268006983399391,0.420333201438189
Y,TAC,-0.348952264845371,-0.45658173263073,-0.242165043205023
Z,AGC,-0.540365919965506,-0.716733108460903,-0.371529291570187
