AA,Codon,Posterior,0.025%,0.975%
A,GCA,-0.461287230247259,-0.539183300733566,-0.381921391934157
A,GCC,-0.838873604178429,-0.917626562714577,-0.7605179220438
A,GCG,-1.04000765327215,-1.11361468434334,-0.965362195670605
C,TGC,0.0439395971096852,-0.111331930942833,0.195447237789631
D,GAC,0.808054328560829,0.729716458916664,0.886159452795982
E,GAA,-0.664386776208878,-0.742831681668758,-0.587093253433704
F,TTC,0.907760313177109,0.819362379610538,0.998171490430832
G,GGA,0.0601464560962471,-0.0657143065705895,0.185641229152679
G,GGC,-0.416942029190063,-0.488813832402229,-0.345534013956785
G,GGG,0.0279935014574156,-0.0794416762888432,0.136774303391576
H,CAC,0.722540896850824,0.608095523715019,0.838553233444691
I,ATA,1.12917533763647,0.976288370788097,1.27701992690563
I,ATC,0.520266929811239,0.452208638936281,0.588189063966274
K,AAA,-1.0962817699194,-1.186302536726,-1.0090021520853
L,CTA,1.08849746313095,0.93414901047945,1.24471852779388
L,CTC,0.409661339893937,0.306971158832312,0.51294105052948
L,CTG,-0.739915768301487,-0.820066803693771,-0.657168850302696
L,CTT,0.324795625844598,0.221317746117711,0.430338148027658
L,TTA,-0.207702317355201,-0.306182667613029,-0.109213552623987
N,AAC,0.448418141263723,0.35459444001317,0.547670677304268
P,CCA,0.060569935831146,-0.064607804082334,0.190719237923622
P,CCC,-0.29705556356851,-0.444927983731031,-0.148288628086448
P,CCG,-0.638765999960899,-0.753470098972321,-0.526493956148624
Q,CAA,0.211748615191877,0.128662070259452,0.294200921058655
R,AGA,1.02882368073463,0.825920076668263,1.23201693594456
R,AGG,1.32426053851843,1.05110100805759,1.59132191836834
R,CGA,0.431854646843672,0.263624008744955,0.607457084953785
R,CGC,-0.377940922993422,-0.455960925668478,-0.298527207970619
R,CGG,-0.00315774087844693,-0.16033773906529,0.158951564505696
S,TCA,-0.458653018903732,-0.58974399715662,-0.326313928514719
S,TCC,-0.128496148356493,-0.241077341139317,-0.0163930135779083
S,TCG,-0.680502013158798,-0.809346234798431,-0.552234724164009
T,ACA,-0.484512101751566,-0.611516864597797,-0.359631271660328
T,ACC,-1.03359187841415,-1.12706356048584,-0.939639668166637
T,ACG,-0.994851950979233,-1.10177520513535,-0.888571448624134
V,GTA,0.471404357582331,0.386744972318411,0.562491799890995
V,GTC,-0.212144670889527,-0.297160334140062,-0.125741250067949
V,GTG,-0.64729080260396,-0.72492710351944,-0.572636203467846
Y,TAC,0.621432540559769,0.511857143044472,0.727081237733364
Z,AGC,-0.287145901978016,-0.40382567346096,-0.173782999441028
