AA,Codon,Posterior,0.025%,0.975%
A,GCA,0.166239058297127,0.106932141818106,0.224806287884712
A,GCC,0.409949830448627,0.345302580296993,0.47714626789093
A,GCG,0.49604427947998,0.432775485515594,0.561182507872582
C,TGC,-0.160678240855499,-0.31827748939395,-0.00665305494330836
D,GAC,-0.251461133475602,-0.321275392919779,-0.184046949446201
E,GAA,-0.1877777026847,-0.260761988908052,-0.116104108840227
F,TTC,-0.246884886066616,-0.323009625822306,-0.169758933782578
G,GGA,0.788314386641979,0.655105371773243,0.928124661743641
G,GGC,0.163959642723948,0.108167473226786,0.221221398189664
G,GGG,0.668438557350636,0.554224668443203,0.786244174838066
H,CAC,-0.382502417895198,-0.492758350819349,-0.277457391470671
I,ATA,0.636956169342995,0.468537166714668,0.812117312848568
I,ATC,-0.239399463108182,-0.298139127343893,-0.181651002541184
K,AAA,-0.00491368387442053,-0.0689170531928539,0.0580146513879299
L,CTA,0.0784285325559293,-0.0912319360300899,0.251180577278137
L,CTC,-0.266809962040186,-0.37025478631258,-0.161853428557515
L,CTG,-0.39715173496902,-0.482848934084177,-0.314448416233063
L,CTT,-0.314122461140156,-0.416940979659557,-0.211645398661494
L,TTA,-0.059846569927432,-0.163727582618594,0.0465797732584178
N,AAC,-0.432454545718431,-0.518805238604546,-0.347683955729008
P,CCA,0.0251011546120913,-0.0929482081905007,0.137595607712865
P,CCC,0.504326896938682,0.35155520811677,0.660814686119556
P,CCG,0.0124884756858344,-0.0891813429072499,0.10925199650228
Q,CAA,0.0842197494672626,0.00845780125819147,0.16037381477654
R,AGA,0.798201220804453,0.585796399414539,1.03264288604259
R,AGG,1.27651355899572,0.937803506851196,1.64644432663918
R,CGA,1.0844247604847,0.875536277890205,1.29716482460499
R,CGC,0.228092693498731,0.16261586137116,0.294957593083382
R,CGG,1.50183664152622,1.2873930811882,1.73016307651997
S,TCA,0.517653392994404,0.400921837985516,0.637999016046524
S,TCC,0.113288288693543,0.0301622527185827,0.198308542370796
S,TCG,0.888745515227318,0.749980291724205,1.03367827832699
T,ACA,0.434104354521632,0.332155114412308,0.537385033071041
T,ACC,0.224999966616929,0.15358702391386,0.293918918073177
T,ACG,0.692040913510323,0.591801768541336,0.793310466408729
V,GTA,-0.0343562124314361,-0.0959788706153631,0.0257903405465186
V,GTC,0.350671582347155,0.276009481400251,0.429784682393074
V,GTG,0.488847398793697,0.417158517986536,0.562790083885193
Y,TAC,-0.353930163234472,-0.461262550204992,-0.243855533748865
Z,AGC,-0.162352248588961,-0.274191538989544,-0.0543576366268098
