AA,Codon,Posterior,0.025%,0.975%
A,GCA,0.199286326164007,0.126083908975124,0.272661112993955
A,GCC,0.32036244597435,0.24639609977603,0.396030195057392
A,GCG,0.180979038500041,0.114676998928189,0.246637719124556
C,TGC,-0.354347867387906,-0.524922788143158,-0.185812145471573
D,GAC,-0.346387065979838,-0.417736776173115,-0.277199822664261
E,GAA,-0.150740903444961,-0.219234797358513,-0.0820795392617583
F,TTC,-0.706247592699528,-0.800662596523762,-0.611743052303791
G,GGA,1.46292888915539,1.28644830286503,1.63969664275646
G,GGC,0.125590736280382,0.0693499898537993,0.184712875261903
G,GGG,0.833538617050648,0.714113734662533,0.95380639731884
H,CAC,-0.501038727802038,-0.623035810887814,-0.381281117349863
I,ATA,1.97665825593472,1.6763561040163,2.2939430296421
I,ATC,-0.405519953799248,-0.471468687057495,-0.341169303655624
K,AAA,-0.268346707525849,-0.364763298630714,-0.172921704500914
L,CTA,0.445029384535737,0.206004251539707,0.708012542128563
L,CTC,-0.359384534461796,-0.493749411404133,-0.228783708438277
L,CTG,-0.847580366921425,-0.956171558797359,-0.742773744463921
L,CTT,-0.0871344629362122,-0.232012385502458,0.0573551210574805
L,TTA,0.517248113453388,0.363142993301153,0.672663089632988
N,AAC,-0.845940882599354,-0.958301804959774,-0.737077477574349
P,CCA,-0.291606902222708,-0.462019816786051,-0.125143077224493
P,CCC,0.951831376075745,0.707049098610878,1.19730319678783
P,CCG,-0.737480140441656,-0.887731027603149,-0.595966474711895
Q,CAA,0.523719233351946,0.420848739147186,0.630952076613903
R,AGA,3.25064590802193,2.72691089510918,3.84593793749809
R,AGG,3.56718851027489,2.87990428209305,4.33007470369339
R,CGA,1.89902579834461,1.61185126006603,2.19518782496452
R,CGC,0.298443263575435,0.226175391301513,0.373127283900976
R,CGG,1.83929114201069,1.59453105926514,2.09068036675453
S,TCA,0.89635040179491,0.733899031579494,1.0644059240818
S,TCC,0.0130974619910023,-0.0853466339409351,0.109945167414844
S,TCG,0.637261787927151,0.500843372941017,0.775829879939556
T,ACA,1.14668721386194,0.966285109519958,1.32484251558781
T,ACC,0.00448988885991246,-0.0800378983840346,0.085461164265871
T,ACG,0.620061043721437,0.505269342660904,0.737434658408165
V,GTA,0.100181955431725,0.0205957914702594,0.180199043825269
V,GTC,0.346274903169274,0.264772462099791,0.432711047679186
V,GTG,0.223587782980502,0.155281778797507,0.291729320585728
Y,TAC,-0.4121326939255,-0.510541450977325,-0.315028357505798
Z,AGC,-0.645095071583986,-0.808087715506554,-0.482534489780664
