AA,Codon,Posterior,0.025%,0.975%
A,GCA,-0.425933848202229,-0.505853402614594,-0.346570046246052
A,GCC,-0.996369863772392,-1.0752280652523,-0.916682498157024
A,GCG,-1.19780168123245,-1.26989569962025,-1.12704331576824
C,TGC,-0.128857624846115,-0.277037961781025,0.0153591901063919
D,GAC,0.833399759984016,0.757173706591129,0.908094601333141
E,GAA,-0.610207864260674,-0.683702401816845,-0.537593820691109
F,TTC,0.839007721018791,0.754567238688469,0.928384265303612
G,GGA,0.13733594805474,0.00598919790936634,0.264709686487913
G,GGC,-0.391256214630604,-0.456072892248631,-0.324632798880339
G,GGG,0.0362294413137686,-0.0660576350986957,0.139178982749581
H,CAC,0.790523985290527,0.674356143176556,0.907845592498779
I,ATA,1.40214438381195,1.2250280380249,1.58241913616657
I,ATC,0.483008892691135,0.416257193684578,0.551134362816811
K,AAA,-1.15258130664825,-1.23565946519375,-1.07046839296818
L,CTA,1.08176171636581,0.910823778808117,1.248956990242
L,CTC,0.472936947202682,0.373996471613646,0.575548879802227
L,CTG,-0.822212730526924,-0.902641323208809,-0.74308514893055
L,CTT,0.394276536482573,0.289331149309874,0.50340084284544
L,TTA,-0.069442121367286,-0.168540124595165,0.033414228539914
N,AAC,0.238255626109242,0.143940518796444,0.33647525459528
P,CCA,0.0329772920016534,-0.104329977743328,0.172643297165632
P,CCC,-0.253202167309634,-0.419916785508394,-0.0907534090802073
P,CCG,-0.875001670646667,-0.991379557549953,-0.756694281101227
Q,CAA,0.346193066155911,0.258179170638323,0.430585654824972
R,AGA,1.58204832286835,1.32397874891758,1.84053763449192
R,AGG,1.45876003849506,1.1172366797924,1.7853697091341
R,CGA,0.67613905736208,0.481353815644979,0.866219326853752
R,CGC,-0.487198627793789,-0.563931092619896,-0.412363847345114
R,CGG,0.138509908936452,-0.0030009827169124,0.288111793249846
S,TCA,-0.295817752858996,-0.432915166020393,-0.149806103110313
S,TCC,-0.127485923448988,-0.233854983374476,-0.0158876252360642
S,TCG,-0.822040662717819,-0.942190936207771,-0.701666182279587
T,ACA,-0.297738206487894,-0.439087584614754,-0.157807983830571
T,ACC,-1.23232508530617,-1.31932011246681,-1.14514370560646
T,ACG,-1.14601145884991,-1.24736775755882,-1.0382989525795
V,GTA,0.477809996080399,0.390713701397181,0.56875788718462
V,GTC,-0.311733557099104,-0.395182685554028,-0.227773053199053
V,GTG,-0.81033445956707,-0.884804397821426,-0.737929591536522
Y,TAC,0.600935533392429,0.493945721536875,0.708320903778076
Z,AGC,-0.323620092114806,-0.442032773047686,-0.205692544579506
