AA,Codon,Posterior,0.025%,0.975%
A,GCA,0.129814511865377,0.067568969540298,0.191171531006694
A,GCC,0.406765333676338,0.340064160525799,0.477074403315783
A,GCG,0.274983339488506,0.218371002003551,0.337295465916395
C,TGC,-0.112149622081973,-0.263615924119949,0.0333849443122745
D,GAC,-0.373060414552689,-0.442397460341454,-0.303597341477871
E,GAA,-0.145144926609099,-0.210390593111515,-0.077070727199316
F,TTC,-0.650860904586315,-0.742591208219528,-0.559925189614296
G,GGA,1.34447068920135,1.16098811328411,1.52766998410225
G,GGC,0.151532010281086,0.0963656282052398,0.206588270515203
G,GGG,0.813077095103264,0.696265852451324,0.937112191319466
H,CAC,-0.561202552509308,-0.681119507551193,-0.441701889038086
I,ATA,1.25327506103516,0.988035778701305,1.54314511418343
I,ATC,-0.38817365874052,-0.448123224079609,-0.32678949162364
K,AAA,-0.0164336888912214,-0.0758255122229457,0.0424040495418012
L,CTA,0.382072181224823,0.157980100810528,0.624834524095058
L,CTC,-0.390192139834166,-0.504615624248981,-0.270951711386442
L,CTG,-0.689421638607979,-0.78664007037878,-0.594536997377872
L,CTT,-0.14817749065027,-0.277585687488317,-0.0231253234203904
L,TTA,0.14281036545008,0.01400475371629,0.274844431132078
N,AAC,-0.668713266062737,-0.768807418644428,-0.571729573607445
P,CCA,-0.250555849766103,-0.405418982356787,-0.0938791718333959
P,CCC,0.674089049911499,0.442097694426775,0.921100766956806
P,CCG,-0.467283048009872,-0.597359225153923,-0.33480369746685
Q,CAA,0.345876148408651,0.261950468271971,0.432881781458855
R,AGA,1.52836729521751,1.1491565734148,1.94505326747894
R,AGG,2.3777826918602,1.79754132330418,3.0306831240654
R,CGA,1.6546677959919,1.37188053131104,1.95507124662399
R,CGC,0.354065145671368,0.288951089978218,0.420440644770861
R,CGG,1.46203685302734,1.25442717671394,1.66831030845642
S,TCA,0.743315578937531,0.601415981352329,0.893817213177681
S,TCC,0.0935107615847141,0.0171472516842186,0.173826473578811
S,TCG,0.742398567032814,0.62225199341774,0.862844426929951
T,ACA,0.758536436772347,0.611280325055122,0.910480123758316
T,ACC,0.114721788457967,0.0464915761724114,0.18070254586637
T,ACG,0.649377629125118,0.548133385181427,0.748912490904331
V,GTA,0.0779253471247735,0.0100120029645041,0.144272623211145
V,GTC,0.382864026415348,0.310685385018587,0.461417299509048
V,GTG,0.35929415653944,0.295524590462446,0.423827336728573
Y,TAC,-0.385421815270185,-0.493519993126392,-0.276566195487976
Z,AGC,-0.572990323984623,-0.70911885201931,-0.441238203644752
