AA,Codon,Posterior,0.025%,0.975%
A,GCA,0.19680673750639,0.129892647266388,0.267015153169632
A,GCC,0.409436453855038,0.34005296304822,0.482418762892485
A,GCG,0.282878951430321,0.222860292717814,0.342713563889265
C,TGC,-0.149705442853458,-0.302831069380045,0.011651366762817
D,GAC,-0.314660903120041,-0.379554938524961,-0.249465038999915
E,GAA,-0.238746703970432,-0.306877402961254,-0.165719045698643
F,TTC,-0.696918987965584,-0.789139242470264,-0.603255358338356
G,GGA,1.18695103883743,1.02662704586983,1.35243762135506
G,GGC,0.163421166369319,0.108728364109993,0.216530114412308
G,GGG,0.823494206619263,0.709889306128025,0.935941831767559
H,CAC,-0.582808227181435,-0.709018927812576,-0.454609106481075
I,ATA,1.23502851040363,0.952463513612747,1.52474989891052
I,ATC,-0.404331274628639,-0.472598485648632,-0.335740401595831
K,AAA,-0.101485106363148,-0.177238512039185,-0.0273310193791985
L,CTA,0.584379726317525,0.317095555365086,0.854553373157978
L,CTC,-0.267723992744088,-0.392142276465893,-0.149876440316439
L,CTG,-0.641962441682816,-0.740994492173195,-0.546071811020374
L,CTT,-0.0810709004845412,-0.215212996304035,0.0487478910014034
L,TTA,0.265643927149475,0.124908834509552,0.404715445637703
N,AAC,-0.709841407370567,-0.818597215414047,-0.601874455809593
P,CCA,-0.217217060370371,-0.369290395081043,-0.0638299921527504
P,CCC,0.687576683330536,0.473637288063765,0.929744817316532
P,CCG,-0.498333273506165,-0.629872342944145,-0.370479475706816
Q,CAA,0.380011457967758,0.287449123710394,0.475963892042637
R,AGA,1.72768353741169,1.2868066072464,2.19092648029327
R,AGG,2.29438022880554,1.72163154780865,2.95354974865913
R,CGA,1.57606915960312,1.29598493874073,1.87319082915783
R,CGC,0.372896651631594,0.302538909763098,0.446081653982401
R,CGG,1.57300120410919,1.35748870968819,1.80556882917881
S,TCA,0.642089748585224,0.495008817315102,0.795595678687096
S,TCC,0.0339424439417882,-0.0566167540848255,0.124677073583007
S,TCG,0.717143334126472,0.576694338023663,0.846193286776543
T,ACA,0.721321489334106,0.576959316432476,0.871413871645927
T,ACC,0.18469560341984,0.118064362928271,0.252722190320492
T,ACG,0.637738120651245,0.536811678111553,0.740880258381367
V,GTA,-0.0234933776383703,-0.0932673282921314,0.0452763988636435
V,GTC,0.365386623317003,0.28671016767621,0.445618182420731
V,GTG,0.279033656275272,0.217145395278931,0.342419355362654
Y,TAC,-0.419665598273277,-0.521236051619053,-0.32467285245657
Z,AGC,-0.635480861735344,-0.801943856477737,-0.464928702265024
