AA,Codon,Posterior,0.025%,0.975%
A,GCA,-0.369367125844955,-0.444533728808165,-0.295207046717405
A,GCC,-0.867338334178925,-0.939514456689358,-0.794197127223015
A,GCG,-0.993726736021042,-1.06410701870918,-0.925460122525692
C,TGC,0.0533788595375278,-0.0910836411640048,0.196823362633586
D,GAC,0.796925651311874,0.722379831969738,0.872066570818424
E,GAA,-0.693293847203255,-0.766302508115768,-0.618793243169785
F,TTC,0.974019599318504,0.891549438238144,1.05995301306248
G,GGA,0.0831519142276433,-0.0295635275542736,0.196313149482012
G,GGC,-0.441597520112991,-0.506080663204193,-0.374914792925119
G,GGG,0.0196926653912815,-0.077099928073585,0.117456378228962
H,CAC,0.675867325282097,0.57081093788147,0.783744405210018
I,ATA,1.12961179611683,0.984441648423672,1.2721465587616
I,ATC,0.537517001926899,0.474832357466221,0.600224320590496
K,AAA,-1.07378236963749,-1.15593037009239,-0.992239926755428
L,CTA,1.05377065968513,0.909336645901203,1.2021004229784
L,CTC,0.31088023660779,0.215756451711059,0.404390057176352
L,CTG,-0.763981203818321,-0.840956909954548,-0.688391950726509
L,CTT,0.226464037445188,0.133075075224042,0.321111818403006
L,TTA,-0.175041480405629,-0.264047326147556,-0.0782086247578263
N,AAC,0.401405248081684,0.311406216770411,0.488104292750359
P,CCA,0.0896871898447277,-0.0277953074779361,0.209538787230849
P,CCC,-0.352284497314692,-0.481726320832968,-0.21605375148356
P,CCG,-0.643207343566418,-0.744806373119354,-0.542337058484554
Q,CAA,0.311569127434492,0.230815467238426,0.390838443487883
R,AGA,1.06458316683769,0.846833291649818,1.26611862182617
R,AGG,1.46654024810791,1.20313876569271,1.73241060078144
R,CGA,0.520622674775124,0.37287836894393,0.671246919035912
R,CGC,-0.373655453264713,-0.445373794436455,-0.302431717514992
R,CGG,0.0841224564877397,-0.0604473913088441,0.231150460988283
S,TCA,-0.318430205667019,-0.443108728528023,-0.191438324004412
S,TCC,-0.0678353902258517,-0.168861557170749,0.031640802230686
S,TCG,-0.604076078295708,-0.726894891262054,-0.482685899734497
T,ACA,-0.496170133638382,-0.620166216790676,-0.377390620857477
T,ACC,-1.09296673588753,-1.18323612511158,-1.00552277565002
T,ACG,-1.04032272689342,-1.14483685493469,-0.937691880762577
V,GTA,0.586397901141643,0.503283096849918,0.668655472993851
V,GTC,-0.138940729788318,-0.2192473012954,-0.0593148194253445
V,GTG,-0.560559816730022,-0.631308852136135,-0.48842114135623
Y,TAC,0.638722553348541,0.542420114576817,0.739855422079563
Z,AGC,-0.261326002237201,-0.369591896981001,-0.149697840586305
