AA,Codon,Posterior,0.025%,0.975%
A,GCA,0.25290343426466,0.190046543627977,0.317768487334251
A,GCC,0.377953680306673,0.315015013515949,0.44022154584527
A,GCG,0.328996692031622,0.271886073797941,0.386349269747734
C,TGC,-0.36978892442286,-0.534657062590122,-0.212645276635885
D,GAC,-0.311496405410767,-0.375415010005236,-0.246322195604444
E,GAA,-0.147096893506497,-0.212794206291437,-0.0797761524096131
F,TTC,-0.557210315239429,-0.644926649332046,-0.472336119413376
G,GGA,1.2304566693306,1.07555064558983,1.38403531610966
G,GGC,0.164490804427862,0.114382351376116,0.219537799060345
G,GGG,0.76583455965519,0.66168710142374,0.873688523471356
H,CAC,-0.492071268463135,-0.601454770565033,-0.382200644910336
I,ATA,1.82387199668884,1.53716155290604,2.10059840083122
I,ATC,-0.382321354031563,-0.443137424439192,-0.323558942228556
K,AAA,-0.177479824526608,-0.255325224250555,-0.103380692563951
L,CTA,0.315246230321191,0.112557394616306,0.52086106389761
L,CTC,-0.334667746168375,-0.454589963704348,-0.214954295754433
L,CTG,-0.729455390691757,-0.824087361991406,-0.632239666581154
L,CTT,-0.0932026891568792,-0.212266726791859,0.0308465054724366
L,TTA,0.276703547571599,0.145925231277943,0.409331161528826
N,AAC,-0.620806353318691,-0.707697561383247,-0.536026553809643
P,CCA,-0.167321357889293,-0.300581900030375,-0.0282327156979591
P,CCC,0.614037090110779,0.43180640861392,0.799741616845131
P,CCG,-0.468089583623409,-0.582429690659046,-0.353534003347158
Q,CAA,0.367368248409033,0.276209384202957,0.458964297175407
R,AGA,2.7651611492157,2.31985496282577,3.27986799478531
R,AGG,2.50920417532921,2.03547821640968,3.04072594046593
R,CGA,1.71365528478622,1.48074235022068,1.96014139354229
R,CGC,0.234358708548546,0.171612842008471,0.295928452908993
R,CGG,1.69855678286552,1.48470250070095,1.92813574373722
S,TCA,0.776574736356735,0.626657752692699,0.925953005254269
S,TCC,0.00872527473944283,-0.0746754879131913,0.0922856446355581
S,TCG,0.585844805645943,0.467581337690353,0.70942799448967
T,ACA,0.936980558753014,0.79242596924305,1.08665775954723
T,ACC,0.058972833176743,-0.00686028654454276,0.126009851694107
T,ACG,0.513928930485249,0.419375038892031,0.611101338267326
V,GTA,0.013401757878382,-0.0507200202904642,0.0784831635653973
V,GTC,0.353795577508211,0.281308382749557,0.428466796875
V,GTG,0.289951701718569,0.228154894337058,0.350355449318886
Y,TAC,-0.34740677062273,-0.434424117952585,-0.259293101727962
Z,AGC,-0.636048346304893,-0.781801579892635,-0.489659237861633
