AA,Codon,Posterior,0.025%,0.975%
A,GCA,0.119665938813984,0.0645141366869211,0.176409665495157
A,GCC,0.437302536308765,0.371455024927855,0.501988120377064
A,GCG,0.471478297388554,0.409584817290306,0.533218829333782
C,TGC,-0.16836445249375,-0.321897734701633,-0.0141437276266515
D,GAC,-0.246357013905048,-0.31049721762538,-0.181066699698567
E,GAA,-0.169503806778789,-0.238019501417875,-0.0998360792174935
F,TTC,-0.288396609139442,-0.365085474401712,-0.208797777071595
G,GGA,0.765564592146873,0.640462599694729,0.890652288496494
G,GGC,0.176976156169176,0.122352897375822,0.234545806795359
G,GGG,0.67280799421072,0.565866708755493,0.783945807814598
H,CAC,-0.352495786887407,-0.45359238833189,-0.24794709905982
I,ATA,0.637735260689259,0.469821386039257,0.812360739707947
I,ATC,-0.250070080447197,-0.305971319228411,-0.194944923743606
K,AAA,-0.0162035791394206,-0.0786514328792691,0.0435544369742274
L,CTA,0.107470256982464,-0.0565019532106817,0.283833853155375
L,CTC,-0.193979902580008,-0.294222077727318,-0.0904551608487964
L,CTG,-0.375078769385815,-0.458776767551899,-0.295779167860746
L,CTT,-0.242247954320908,-0.341384932398796,-0.145245473831892
L,TTA,-0.0854206776436651,-0.19000077471137,0.0130411098711193
N,AAC,-0.401057708370686,-0.482022988796234,-0.318937931954861
P,CCA,0.00568456584923406,-0.108750698901713,0.114258944056928
P,CCC,0.552830048584938,0.404586730152369,0.70649887919426
P,CCG,0.0151407981937374,-0.0798794846981764,0.107767945714295
Q,CAA,0.0185882402086361,-0.0537946036085486,0.0941504027694464
R,AGA,0.769901059317589,0.56111673116684,1.01677363812923
R,AGG,1.13644358665943,0.79057175219059,1.49924177825451
R,CGA,1.00222614796162,0.823125909268856,1.19030102789402
R,CGC,0.226350591754913,0.164357024431229,0.295300671458244
R,CGG,1.40913167512417,1.21243363618851,1.61254291534424
S,TCA,0.428615928530693,0.313455307483673,0.542043749988079
S,TCC,0.0842285087883429,0.00143590957159176,0.16293270252645
S,TCG,0.843387042379379,0.710127632319927,0.977941578626633
T,ACA,0.434510784852505,0.3365174241364,0.533936797082424
T,ACC,0.254939544284344,0.18761273175478,0.322873991727829
T,ACG,0.716193605279922,0.616191905736923,0.815632003545761
V,GTA,-0.0868642856912105,-0.148216322809458,-0.0262935751583427
V,GTC,0.312624105536938,0.241380456089973,0.385558643937111
V,GTG,0.440240115213394,0.371192651242018,0.508119557797909
Y,TAC,-0.365834113180637,-0.467608712613583,-0.263205140829086
Z,AGC,-0.181253815606236,-0.286980056762695,-0.0785651562735438
