AA,Codon,Posterior,0.025%,0.975%
A,GCA,-0.358406315031648,-0.45543796941638,-0.260343154519796
A,GCC,-0.743420622682571,-0.842671559751034,-0.643562510609627
A,GCG,-0.810734796011448,-0.906768009066582,-0.713912378251553
C,TGC,0.0476724804534502,-0.146378292143345,0.240875210985541
D,GAC,0.772748369979858,0.669986581802368,0.879635486006737
E,GAA,-0.762657030785084,-0.865291547775269,-0.65795566290617
F,TTC,0.875506068062782,0.769126039743423,0.988155034184456
G,GGA,0.122718523574682,-0.0304420651402324,0.276714785397053
G,GGC,-0.454619050192833,-0.551984940469265,-0.355788574367762
G,GGG,0.0325470299816485,-0.107594493217766,0.169127885252237
H,CAC,0.560836201125383,0.416713754832745,0.703334419429302
I,ATA,1.11047842545509,0.945642420649529,1.27395947575569
I,ATC,0.483167795801163,0.394522296637297,0.569195502996445
K,AAA,-1.10788248955011,-1.20963017344475,-1.00771389603615
L,CTA,0.980374719023705,0.79354782551527,1.16300234496593
L,CTC,0.312048679727316,0.187256759032607,0.434953694790602
L,CTG,-0.781623639774322,-0.880891163647175,-0.682942974567413
L,CTT,0.14279458979545,0.0197909750975668,0.261351816356182
L,TTA,-0.265252663131058,-0.382448730617762,-0.147356333211064
N,AAC,0.41999204018414,0.304794851690531,0.537448327243328
P,CCA,0.0919592481576112,-0.0670011283829808,0.249181783571839
P,CCC,-0.294875466068462,-0.473066318780184,-0.115058111585677
P,CCG,-0.47578087644279,-0.611467078328133,-0.338818484544754
Q,CAA,0.253880430446565,0.154625099524856,0.351845613121986
R,AGA,1.00269234505892,0.784926442801952,1.22569260001183
R,AGG,1.43148876261711,1.12848280668259,1.73013293743134
R,CGA,0.429206328485161,0.23140093870461,0.625819085538387
R,CGC,-0.309046405301988,-0.41057515963912,-0.210387783125043
R,CGG,0.102782719519531,-0.0961933679878712,0.29889356046915
S,TCA,-0.261607277873158,-0.413969016820192,-0.106308496184647
S,TCC,-0.0362749030057642,-0.173622846603394,0.101559746824205
S,TCG,-0.422087740030885,-0.583688347041607,-0.255333038419485
T,ACA,-0.475308148750663,-0.620948848128319,-0.33286129757762
T,ACC,-0.933401999890804,-1.04980989098549,-0.821134698390961
T,ACG,-0.895299613296986,-1.02721812129021,-0.755707670748234
V,GTA,0.567436311775446,0.455513199418783,0.678400331735611
V,GTC,-0.0493167197204024,-0.158911402150989,0.063649352826178
V,GTG,-0.465752813380957,-0.56384569555521,-0.362010380625725
Y,TAC,0.500322686398029,0.354195655882359,0.645990179479122
Z,AGC,-0.293556669167429,-0.427363260090351,-0.159392478689552
