AA,Codon,Posterior,0.025%,0.975%
A,GCA,0.118915529404301,0.0539232013747096,0.183565967902541
A,GCC,0.367129516348243,0.2919044226408,0.443318609148264
A,GCG,0.360042838072777,0.288435816764832,0.431066533923149
C,TGC,-0.163489607767147,-0.34499691799283,0.0172238069120794
D,GAC,-0.231811372849345,-0.308408059924841,-0.151418935135007
E,GAA,-0.127907390338695,-0.209646935388446,-0.0450369535945357
F,TTC,-0.226930112993717,-0.315268179029226,-0.135801040008664
G,GGA,0.730829354375601,0.581044672429562,0.882162036001682
G,GGC,0.184932018943131,0.11621616743505,0.254269843548536
G,GGG,0.661435730487108,0.535455611348152,0.795157061517239
H,CAC,-0.275218464510143,-0.394496669620276,-0.154109400510788
I,ATA,0.649696333628893,0.469753021001816,0.841977086663246
I,ATC,-0.217751453283429,-0.284125421196222,-0.152198719605804
K,AAA,0.0014542548502739,-0.066487193480134,0.0687230030074715
L,CTA,0.171156919398504,-0.0132871862966567,0.371289700269699
L,CTC,-0.190799802616099,-0.306986203044653,-0.0725215997546911
L,CTG,-0.357170489579439,-0.450412923842669,-0.263226617872715
L,CTT,-0.179703589109704,-0.291676454991102,-0.0630753548815847
L,TTA,-0.0124082639598702,-0.126033345237374,0.101464289799333
N,AAC,-0.413486394736171,-0.513140206038952,-0.317489290982485
P,CCA,0.00469666807968097,-0.125830428674817,0.140486507117748
P,CCC,0.523287365281582,0.346347393840551,0.712989461421967
P,CCG,-0.0884427559969597,-0.203006109595299,0.0245109405834228
Q,CAA,0.0563808584170769,-0.0264777780510485,0.145102514326572
R,AGA,0.833887522614002,0.598638258874416,1.07787010669708
R,AGG,1.18454675507545,0.829420952498913,1.56828320622444
R,CGA,1.1045518122673,0.879038272798061,1.3398861438036
R,CGC,0.190296147272736,0.115982230752707,0.263047183305025
R,CGG,1.40449800595045,1.15930127203465,1.66630392670631
S,TCA,0.396081105771661,0.271523224562407,0.528716434538364
S,TCC,0.0698434169319938,-0.0231139895040542,0.161882024258375
S,TCG,0.696329640066624,0.544480729103088,0.857444982230663
T,ACA,0.442198558098078,0.330658885091543,0.556527994573116
T,ACC,0.174423316633701,0.0945618987083435,0.251873650401831
T,ACG,0.631872052407265,0.523328298330307,0.750453922152519
V,GTA,-0.0797729380127072,-0.150465589016676,-0.0106571814743802
V,GTC,0.25946414963156,0.175605238974094,0.343682299554348
V,GTG,0.37801092209816,0.293706948310137,0.459207937121391
Y,TAC,-0.272566963607073,-0.398241782188416,-0.147479021176696
Z,AGC,-0.157815687001485,-0.281208426505327,-0.0398307814262808
