AA,Codon,Posterior,0.025%,0.975%
A,GCA,0.0604048478458753,-0.121055440232158,0.234452111274004
A,GCC,0.178085555131396,0.00269968985230662,0.352894170582294
A,GCG,-0.0275460158975577,-0.19273698143661,0.128351581096649
C,TGC,-0.0739951814132546,-0.452198219299316,0.299644084274769
D,GAC,-0.310359839683026,-0.455183987319469,-0.169187649711967
E,GAA,0.0255072510900674,-0.111561094596982,0.164953645691275
F,TTC,-0.728543950730562,-0.947242829203606,-0.523208864033222
G,GGA,1.19139993895292,0.872822745144367,1.54015144109726
G,GGC,0.242837851858232,0.121404501795769,0.367841187119484
G,GGG,0.723863256919384,0.504285383224487,0.962274466454983
H,CAC,-0.535761560830474,-0.793710616230965,-0.286166498810053
I,ATA,2.13652957382202,1.31805311143398,3.09910660982132
I,ATC,-0.422364627921581,-0.584429462254047,-0.264028648287058
K,AAA,-0.0258582812907604,-0.205552382394671,0.145191998034716
L,CTA,0.833745089995,0.293660581856966,1.43295930325985
L,CTC,0.19503459971252,-0.0929278716444969,0.501394566893578
L,CTG,-0.438472423306108,-0.637884448468685,-0.245813567191362
L,CTT,0.425341566135225,0.117009000293911,0.751623463630676
L,TTA,0.816897390401363,0.489819933474064,1.1698386579752
N,AAC,-0.920430210083723,-1.16242533028126,-0.689003786444664
P,CCA,-0.437517927207169,-0.88048834502697,-0.0138776043895633
P,CCC,0.876726187933236,0.2856494538486,1.51089014112949
P,CCG,-1.1539301142633,-1.53398341834545,-0.797794863581658
Q,CAA,0.585608415222168,0.373052455484867,0.814084580540657
R,AGA,3.89728128392696,2.43418973088264,5.71853566169739
R,AGG,4.03581104750633,2.27462382316589,6.96748516559601
R,CGA,2.11460013260841,1.47376034557819,2.91364765763283
R,CGC,0.393436857321858,0.235276489704847,0.554665637016296
R,CGG,1.34428080171347,0.969695380330086,1.74616487026215
S,TCA,0.611734599209949,0.268643065541983,0.989889742434024
S,TCC,-0.0692828783301315,-0.307797913998365,0.16015565879643
S,TCG,0.191352909788166,-0.065000238828361,0.448434023559093
T,ACA,1.02719691920877,0.678751166164875,1.40919660925865
T,ACC,-0.00399212609391416,-0.188360966742039,0.178503034636378
T,ACG,0.453999435269088,0.224954088404775,0.685512360930443
V,GTA,0.00627969105415086,-0.1880820132792,0.21147531978786
V,GTC,0.174606771260285,-0.0106911167502403,0.36738818064332
V,GTG,0.0996751775819605,-0.0626506719738245,0.264907426387072
Y,TAC,-0.420009022722021,-0.640529581904411,-0.208124558255077
Z,AGC,-0.58643043743968,-0.897848185896873,-0.297122417390347
