AA,Codon,Posterior,0.025%,0.975%
A,GCA,-0.373804606428742,-0.458724064379931,-0.288430305570364
A,GCC,-0.812781292879581,-0.899394328892231,-0.724940820038319
A,GCG,-0.925043758893013,-1.00820732116699,-0.842283681035042
C,TGC,0.0262227276850957,-0.141044086590409,0.189904048666358
D,GAC,0.778271830141544,0.693629734218121,0.862638108432293
E,GAA,-0.741547519481182,-0.829026909172535,-0.653434929251671
F,TTC,0.923804907262325,0.828123730421066,1.01971473693848
G,GGA,0.113499733428409,-0.0241060146596283,0.246501340344548
G,GGC,-0.419340773510933,-0.497949759662151,-0.340243001282215
G,GGG,-0.0319336485493528,-0.149266100674868,0.0865266403183341
H,CAC,0.603667062133551,0.476564269512892,0.72707130163908
I,ATA,1.08777141623497,0.928746224939823,1.24440308511257
I,ATC,0.535490698426962,0.461670630425215,0.609581162035465
K,AAA,-1.13843678768873,-1.22977789640427,-1.04484533071518
L,CTA,1.07621573835611,0.910350216925144,1.23580997288227
L,CTC,0.423571427851915,0.315579718351364,0.534917351603508
L,CTG,-0.714265716183186,-0.799814845621586,-0.625480458140373
L,CTT,0.271822790002823,0.169666814059019,0.378355202823877
L,TTA,-0.211246311293542,-0.314514660835266,-0.109163160063326
N,AAC,0.39615135987401,0.297846336662769,0.49674602150917
P,CCA,-0.00159079890175017,-0.14172161668539,0.13896400295198
P,CCC,-0.341599708333611,-0.500190871953964,-0.184278866648674
P,CCG,-0.632548042136431,-0.754238894581795,-0.513056933879852
Q,CAA,0.257735050643981,0.16770837418735,0.354417320340872
R,AGA,1.03181865022182,0.827097764611244,1.23818961083889
R,AGG,1.31563365943432,1.030619597435,1.5876684576273
R,CGA,0.521105186149478,0.344313917309046,0.698051203787327
R,CGC,-0.318459508699179,-0.403488620370626,-0.229924282804132
R,CGG,-0.0346087414397764,-0.201189615577459,0.132231844961643
S,TCA,-0.36555984775126,-0.501972928643227,-0.229858759045601
S,TCC,-0.0598248587873048,-0.180210995674133,0.0616612385958432
S,TCG,-0.569768088400364,-0.712358929216862,-0.429023020714522
T,ACA,-0.462395446044207,-0.593553930521011,-0.328614616394043
T,ACC,-1.02262210890055,-1.12461973428726,-0.923292541503906
T,ACG,-0.953266628289223,-1.07235240340233,-0.833780126273632
V,GTA,0.47911523219943,0.383590411394835,0.576072010397911
V,GTC,-0.122983925900953,-0.221591198071837,-0.0294562620110811
V,GTG,-0.600761770486832,-0.688281321525574,-0.516110527515411
Y,TAC,0.618424061322212,0.490999457240105,0.741226203739643
Z,AGC,-0.293005756990612,-0.41264333575964,-0.166996837407351
