AA,Codon,Posterior,0.025%,0.975%
A,GCA,0.0161352297563162,-0.0714709250256419,0.101053114794195
A,GCC,0.231424320416152,0.144855972379446,0.320135723054409
A,GCG,0.023790807658743,-0.0555581496097147,0.102604096382856
C,TGC,-0.353508573161066,-0.554444280266762,-0.157732733339072
D,GAC,-0.27481812377125,-0.35045157968998,-0.200877063721418
E,GAA,-0.167176889876276,-0.253928252309561,-0.0844347717240453
F,TTC,-0.818965649724007,-0.92561763972044,-0.710872174799442
G,GGA,1.46405281226635,1.26600686311722,1.66222893595695
G,GGC,0.132247752965894,0.0635822523385286,0.199281406775117
G,GGG,0.870347652494907,0.732442556321621,1.01070753931999
H,CAC,-0.560482039266825,-0.706581602990627,-0.419825922697783
I,ATA,1.90709885880947,1.56955886483192,2.27546181678772
I,ATC,-0.465287910860777,-0.547702023386955,-0.385946696996689
K,AAA,-0.0891724925930664,-0.181367089599371,-0.000533023969910601
L,CTA,0.264676206526061,0.000631504625926029,0.547769060730934
L,CTC,-0.350550954130292,-0.505361232161522,-0.198177637159825
L,CTG,-0.920059031558037,-1.04612455070019,-0.804026331007481
L,CTT,-0.0361467256623033,-0.202489439770579,0.124830727465451
L,TTA,0.428006767265499,0.254593053460121,0.600241838395596
N,AAC,-0.889538782310486,-1.01265326142311,-0.769322010874748
P,CCA,-0.252003951704106,-0.431951747834682,-0.0718075364828112
P,CCC,0.917995333653688,0.655710603296757,1.18038575947285
P,CCG,-0.692539490538836,-0.85397531837225,-0.537682436406612
Q,CAA,0.583459095346928,0.461341059207916,0.70526410639286
R,AGA,2.63857691063881,2.13416907787323,3.18669698834419
R,AGG,2.65650063693523,2.06464337706566,3.36511490941048
R,CGA,1.81896058821678,1.50930009782314,2.15166842937469
R,CGC,0.290023523005843,0.204347797110677,0.373430045694113
R,CGG,1.83088930501938,1.57126545608044,2.09432916045189
S,TCA,0.678926647466421,0.506675520539284,0.858691132068634
S,TCC,-0.0698574396437984,-0.185018849372864,0.0437424993142486
S,TCG,0.419048708426952,0.275449047237635,0.564073845744133
T,ACA,1.04329855809212,0.852858263254166,1.24244935512543
T,ACC,-0.0254725756122618,-0.122826396673918,0.0697841728106141
T,ACG,0.484897260454297,0.358953484892845,0.611462424695492
V,GTA,0.00160998700941092,-0.0891775086522102,0.0923749599605797
V,GTC,0.374198346680403,0.270369578897953,0.478763295710087
V,GTG,0.145198825999536,0.0677401937544346,0.223904751241207
Y,TAC,-0.528238701158762,-0.650283755362034,-0.406250421702862
Z,AGC,-0.618894407624006,-0.799481850862503,-0.442011155933142
