AA,Codon,Posterior,0.025%,0.975%
A,GCA,0.123791588889761,0.0635274279862642,0.184404069930315
A,GCC,0.404902699810266,0.335188695788384,0.47676674425602
A,GCG,0.428638863891363,0.361464251577854,0.497887708246708
C,TGC,-0.149663956276324,-0.316509703546762,0.0157715142704544
D,GAC,-0.234473240062594,-0.305093555152416,-0.166658332571387
E,GAA,-0.140333536898717,-0.215435064211488,-0.0648548794910312
F,TTC,-0.257156879740953,-0.338279836624861,-0.174521810561419
G,GGA,0.741768677556515,0.608420473337173,0.882783733308315
G,GGC,0.165314142908156,0.104365576803684,0.227550128474832
G,GGG,0.718536928939819,0.597277827560902,0.842987900972366
H,CAC,-0.304496952322125,-0.418712645769119,-0.19067335575819
I,ATA,0.678931555944681,0.503607906401157,0.867410233616829
I,ATC,-0.248568506032228,-0.308022726327181,-0.18790576197207
K,AAA,0.016525163347984,-0.0478115000762045,0.0793376313522458
L,CTA,0.0892016535192779,-0.0860990058630705,0.270178965479136
L,CTC,-0.278384094025195,-0.390234557539225,-0.169266629964113
L,CTG,-0.414627722859383,-0.504164330661297,-0.329264914989472
L,CTT,-0.279876246726513,-0.383636057376862,-0.175218775868416
L,TTA,-0.0582027486631137,-0.167099987715483,0.0487212085165083
N,AAC,-0.398669080886245,-0.486478064209223,-0.311673558503389
P,CCA,0.0631962594665347,-0.0580786157399416,0.182073320820928
P,CCC,0.541067550551891,0.381201954185963,0.700400298833847
P,CCG,0.00881073813021649,-0.0945744248107076,0.110048754513263
Q,CAA,0.0544755198500628,-0.0279000013601035,0.134529365971684
R,AGA,0.809191945707798,0.584200650453568,1.04501519203186
R,AGG,1.30789718482494,0.954267072677612,1.7065411657095
R,CGA,1.01120682644844,0.80345813035965,1.23311394453049
R,CGC,0.195013481470197,0.127176743745804,0.263592173159122
R,CGG,1.56038559932709,1.3447398006916,1.79476360082626
S,TCA,0.463508176863194,0.346675702929497,0.586302547156811
S,TCC,0.080077201400866,-0.00460311218630522,0.166650244966149
S,TCG,0.811235558462143,0.669398081302643,0.957365769147873
T,ACA,0.422799059668183,0.318332958966494,0.533049157261848
T,ACC,0.220571463491023,0.148299869894981,0.291345685720444
T,ACG,0.66323211184144,0.557585628330708,0.773497311770916
V,GTA,-0.0396507097108275,-0.101712351478636,0.0247336509637535
V,GTC,0.295576772165298,0.219050816446543,0.374565351009369
V,GTG,0.461081626033783,0.386806512624025,0.537443545460701
Y,TAC,-0.351183912338316,-0.465175765007734,-0.236117410287261
Z,AGC,-0.158529444432142,-0.275978149473667,-0.0442050840705638
