AA,Codon,Posterior,0.025%,0.975%
A,GCA,-0.375188037744164,-0.466440495103598,-0.282835859060288
A,GCC,-0.801654825818539,-0.893776607513428,-0.711757454276085
A,GCG,-0.916272310948372,-1.00248824357986,-0.829964533448219
C,TGC,0.00808491191831636,-0.171526750922203,0.189928776398301
D,GAC,0.815249737858772,0.724967417120933,0.906292822957039
E,GAA,-0.707344121325016,-0.794420437514782,-0.619739255309105
F,TTC,0.890636647450924,0.792918898165226,0.989245104789734
G,GGA,0.0948047693250613,-0.0434452178888023,0.237529245018959
G,GGC,-0.428465183126926,-0.514920462667942,-0.345287331193686
G,GGG,0.0123078434401601,-0.110638940520585,0.13526187799871
H,CAC,0.633963723945618,0.502677972614765,0.770844966173172
I,ATA,1.11247779165506,0.951275339722633,1.2681886613369
I,ATC,0.529510691201687,0.452437042444944,0.608195102214813
K,AAA,-1.15239395093918,-1.24524636566639,-1.05821152031422
L,CTA,0.965917250478268,0.799610105156898,1.14171257019043
L,CTC,0.32023787355721,0.206347550824285,0.436145604401827
L,CTG,-0.761030923712254,-0.850691106915474,-0.66869810372591
L,CTT,0.166242509401865,0.0511021821759641,0.279531539976597
L,TTA,-0.284112884122133,-0.393141415715218,-0.173860872536898
N,AAC,0.439031001424789,0.333660291135311,0.545272146165371
P,CCA,0.0703357909903611,-0.0732365122064948,0.209534454345703
P,CCC,-0.307767646191269,-0.475121063739061,-0.149014760553837
P,CCG,-0.536632866942883,-0.66101795732975,-0.412686531990767
Q,CAA,0.24591225976944,0.150508170202374,0.33951680585742
R,AGA,0.998803319716454,0.787556093931198,1.21002446711063
R,AGG,1.45130652881861,1.16684967577457,1.74233935177326
R,CGA,0.380709829777479,0.194873101264238,0.558121989667416
R,CGC,-0.368955907484889,-0.453353018313646,-0.2823432341218
R,CGG,0.0582320173119293,-0.121019016206264,0.231487473845482
S,TCA,-0.369103425842524,-0.507562164962292,-0.227883417904377
S,TCC,-0.0539256706335644,-0.180068084970117,0.0706347035244107
S,TCG,-0.527927811706066,-0.670126304030418,-0.383741715550423
T,ACA,-0.501206313669682,-0.635929967463017,-0.369135808944702
T,ACC,-0.972022852826118,-1.07204491198063,-0.871042829751968
T,ACG,-0.941812550866604,-1.06081154048443,-0.82199547290802
V,GTA,0.522048593568802,0.425627881288528,0.622440247237682
V,GTC,-0.120942722445459,-0.220362270250916,-0.0195776186417789
V,GTG,-0.560574276745319,-0.648588187992573,-0.472013454884291
Y,TAC,0.55174990221262,0.424934282153845,0.682943850755692
Z,AGC,-0.287180838944763,-0.409671290963888,-0.165655068680644
