AA,Codon,Posterior,0.025%,0.975%
A,GCA,0.124754889252409,0.0634037623181939,0.187742064893246
A,GCC,0.397689011049271,0.328384125232697,0.470387284457684
A,GCG,0.423324274474382,0.354560809582472,0.493364655971527
C,TGC,-0.135563847921716,-0.311682136356831,0.031381897162646
D,GAC,-0.255067946633697,-0.328011859208345,-0.179737465083599
E,GAA,-0.161235126027837,-0.238273859024048,-0.0862029222771526
F,TTC,-0.235515844777226,-0.319119875878096,-0.154714579507709
G,GGA,0.756132371997833,0.616480727493763,0.899792742729187
G,GGC,0.170605435222387,0.109811298549175,0.234364765882492
G,GGG,0.682180666869879,0.558957350254059,0.80840137898922
H,CAC,-0.324545366708934,-0.442714231461287,-0.211411441862583
I,ATA,0.654174632722139,0.475708016008139,0.836452496051788
I,ATC,-0.244876658809185,-0.307307211309671,-0.182781568914652
K,AAA,0.0233922558086058,-0.0429920618422329,0.0853746416047215
L,CTA,0.184314154891989,0.000566721408904417,0.374357094615698
L,CTC,-0.197699961294374,-0.309918284416199,-0.0851080767810345
L,CTG,-0.372804038122296,-0.463768966495991,-0.285298132151365
L,CTT,-0.197968045296613,-0.307009889930487,-0.0892113829031587
L,TTA,0.00231377264955081,-0.111893904581666,0.113337543606758
N,AAC,-0.42616928883791,-0.515404966473579,-0.337224966287613
P,CCA,0.0191949926794699,-0.103719987533987,0.147465879097581
P,CCC,0.528746093180776,0.365430016815662,0.702060800790787
P,CCG,-0.0499745017967527,-0.1524787068367,0.0530247120186686
Q,CAA,0.0612558649554154,-0.0214306381065398,0.144246925786138
R,AGA,0.827807418513298,0.604461424052715,1.06773861050606
R,AGG,1.14753097356558,0.807103544473648,1.54506447911262
R,CGA,1.14076549054384,0.933396577835083,1.36620518267155
R,CGC,0.223092522068322,0.154881152883172,0.294009923189878
R,CGG,1.43832409615517,1.21880000531673,1.67033533751965
S,TCA,0.467118084096909,0.343340258300304,0.588954828679561
S,TCC,0.076641923953619,-0.00943633967544883,0.165553062781692
S,TCG,0.776206749230623,0.630977195501327,0.923447273671627
T,ACA,0.453243670904636,0.344258441776037,0.563115735352039
T,ACC,0.193293182062358,0.119845212623477,0.264103059470653
T,ACG,0.660142294210196,0.550443232059479,0.768558233976364
V,GTA,-0.0575033906818587,-0.124554773792624,0.00619134308071801
V,GTC,0.300017072308064,0.21879943087697,0.381054075062275
V,GTG,0.437742360049486,0.359039837121964,0.515789386630058
Y,TAC,-0.306370182426274,-0.420248639583588,-0.191248573362827
Z,AGC,-0.161135491914698,-0.274587957561016,-0.049734705220908
