AA,Codon,Posterior,0.025%,0.975%
A,GCA,0.158329603263194,0.0563645081594586,0.25553038418293
A,GCC,0.237417645822465,0.141211747378111,0.332555246353149
A,GCG,0.0905689517167193,0.0043406977201812,0.177969089150429
C,TGC,-0.430912632576376,-0.664502418041229,-0.20554025657475
D,GAC,-0.321370755025744,-0.404827956855297,-0.242766382172704
E,GAA,-0.173583139424026,-0.265458954870701,-0.0850234612822533
F,TTC,-0.8827501065135,-1.00228473842144,-0.763532623648644
G,GGA,1.34737406810522,1.14757874011993,1.55058791935444
G,GGC,0.190572970760614,0.118505752459168,0.266765161603689
G,GGG,0.862555279707909,0.716499635577202,1.01212775707245
H,CAC,-0.574751946425438,-0.730123621225357,-0.422390597313643
I,ATA,2.14420561532974,1.72708253264427,2.5776199221611
I,ATC,-0.4700081784904,-0.551689566671848,-0.387375584989786
K,AAA,-0.162418420085905,-0.274147904664278,-0.0569371501915157
L,CTA,0.64271970590055,0.335818345099688,0.960837991535663
L,CTC,-0.255205132247834,-0.416783758997917,-0.0883305162191391
L,CTG,-0.816114334571362,-0.945047831535339,-0.68890110552311
L,CTT,0.217121576002496,0.031632775394246,0.408979783952236
L,TTA,0.572517419740558,0.382173044979572,0.768236108124256
N,AAC,-0.911334873127937,-1.04395246803761,-0.779308287799358
P,CCA,-0.327226684000483,-0.540719954669476,-0.112537138164044
P,CCC,0.70817178619504,0.429846017807722,1.00784715116024
P,CCG,-0.915062169766426,-1.10459846556187,-0.733642002940178
Q,CAA,0.625799561357498,0.500590406358242,0.760427482426167
R,AGA,2.6988897238493,2.13797250390053,3.28879852294922
R,AGG,2.72352729644775,2.01367095708847,3.4988430917263
R,CGA,2.27366217606068,1.90200004279613,2.67112474441528
R,CGC,0.302170631587505,0.216230025142431,0.389768961817026
R,CGG,1.81419056625366,1.5387615352869,2.11027691960335
S,TCA,0.777041412103176,0.605061151087284,0.951997442543507
S,TCC,0.102901762374051,-0.00823776044417173,0.214521767571568
S,TCG,0.493388168805838,0.357863267511129,0.632701875269413
T,ACA,0.9410541913867,0.747415442764759,1.14396821558475
T,ACC,-0.00912336665922885,-0.108344357647002,0.0866156242787838
T,ACG,0.47211393456459,0.339207080006599,0.602364601194858
V,GTA,0.0363755261208791,-0.0598285498097539,0.13362271040678
V,GTC,0.4270268640697,0.318763254582882,0.53847483843565
V,GTG,0.157899174460213,0.0741139765828848,0.238232101500034
Y,TAC,-0.349041719576716,-0.473259411752224,-0.229308904707432
Z,AGC,-0.602134313702583,-0.781273952126503,-0.428202000260353
