AA,Codon,Posterior,0.025%,0.975%
A,GCA,-0.334818387812376,-0.4349101819098,-0.23993069306016
A,GCC,-0.71560500023365,-0.819069595634937,-0.613900421559811
A,GCG,-0.789114965009689,-0.887293094396591,-0.689509128034115
C,TGC,0.0260358912315802,-0.165574777498841,0.217565919086337
D,GAC,0.724563168168068,0.617779073119163,0.827763324975967
E,GAA,-0.742177455830574,-0.853248207271099,-0.636125887930393
F,TTC,0.915350051879883,0.801835907995701,1.02960825264454
G,GGA,0.141704378375644,-0.015118232415989,0.300603292882443
G,GGC,-0.43400962883234,-0.533225952088833,-0.333253870159388
G,GGG,0.0785156833592744,-0.0656314812600613,0.223864226788282
H,CAC,0.546931409525871,0.401828213781118,0.688227024674416
I,ATA,1.12441102833748,0.958760100603104,1.28134271502495
I,ATC,0.481962957215309,0.396027205139399,0.565537238121033
K,AAA,-1.1315282913208,-1.23368396759033,-1.02527991831303
L,CTA,1.00179222328663,0.815145121514797,1.19245218336582
L,CTC,0.312788710150123,0.177933111041784,0.440572395175695
L,CTG,-0.766849114775658,-0.86475887298584,-0.664715504646301
L,CTT,0.158962960611703,0.0355402063578367,0.287070367485285
L,TTA,-0.234461382228136,-0.351344984024763,-0.112580689042807
N,AAC,0.412128801912069,0.297886001318693,0.532951687276363
P,CCA,0.0983138037573523,-0.0646440021693706,0.261775097250939
P,CCC,-0.290538147290982,-0.465736632049084,-0.113283249922097
P,CCG,-0.483933861303329,-0.615745201706886,-0.346110124140978
Q,CAA,0.236399665825441,0.132286020368338,0.345247865468264
R,AGA,0.991656574702263,0.7693329885602,1.20930220484734
R,AGG,1.39804312925339,1.09926392436028,1.70701714754105
R,CGA,0.433899306932092,0.242111109942198,0.629239535331726
R,CGC,-0.294715224391222,-0.397280674427748,-0.19160936512053
R,CGG,0.143001969841775,-0.0614305301569402,0.33947346508503
S,TCA,-0.266350971691404,-0.419256153702736,-0.117592125758529
S,TCC,-0.0207524696278284,-0.155313256010413,0.124875332787633
S,TCG,-0.424886086064577,-0.588201051950455,-0.267657741159201
T,ACA,-0.456337181299925,-0.601219363510609,-0.312327455729246
T,ACC,-0.917367193198204,-1.03638218045235,-0.80360377728939
T,ACG,-0.846418360471725,-0.988374257087708,-0.710457900166512
V,GTA,0.582788051795959,0.469983135908842,0.694732935726643
V,GTC,-0.034374387470014,-0.141713904216886,0.0765983259305358
V,GTG,-0.459751132130623,-0.560542324185371,-0.359006825834513
Y,TAC,0.470028752249479,0.328165391087532,0.614495298266411
Z,AGC,-0.335914472660422,-0.473861416429281,-0.204434324428439
