AA,Codon,Posterior,0.025%,0.975%
A,GCA,-0.322317771467869,-0.612717388570309,-0.0635310905054211
A,GCC,-0.0257312878712226,-0.31240487024188,0.258727980405092
A,GCG,-0.349302743647201,-0.621523131430149,-0.0947737319394946
C,TGC,-0.0806567949937889,-0.459961841255426,0.305526847392321
D,GAC,-0.25686615656279,-0.430449559539556,-0.0731518110260367
E,GAA,-0.050044307686307,-0.243243708088994,0.145473100244999
F,TTC,-0.894067232787609,-1.21679998636246,-0.59173913449049
G,GGA,1.25339629611969,0.823445518314838,1.74299890398979
G,GGC,0.166351341183897,-0.0270498710218817,0.358008442074061
G,GGG,0.684715001934767,0.393356914818287,1.01603610515594
H,CAC,-0.647346948395483,-1.02648636698723,-0.265776717662811
I,ATA,1.68101164362431,0.761734122037888,2.96096947789192
I,ATC,-0.59450683953166,-0.820702664554119,-0.387635322660208
K,AAA,0.240199077933104,0.00924217770807445,0.466898372769356
L,CTA,0.333534158921603,-0.303787682950497,1.09506713747978
L,CTC,-0.336023034771928,-0.713832485675812,0.0219855203758926
L,CTG,-0.816377029657364,-1.12767086625099,-0.534396940469742
L,CTT,0.00898978034786414,-0.402249834686518,0.453624308109284
L,TTA,0.966563824680448,0.426273623108864,1.61727561056614
N,AAC,-0.663466250354052,-0.93342842310667,-0.404915031045675
P,CCA,-0.729874325951934,-1.21688115298748,-0.291601105779409
P,CCC,1.07654296738729,0.304889983683825,1.90311424136162
P,CCG,-0.959074745619297,-1.44176126420498,-0.566494914889335
Q,CAA,0.483437457293272,0.228388695046306,0.760161027312279
R,AGA,2.88969425470829,1.52751300930977,4.66016246080399
R,AGG,3.08629643173218,1.32392430603504,5.22730835676193
R,CGA,1.47099647095203,0.959483571350574,2.07176175713539
R,CGC,0.410681310001016,0.222801325470209,0.622172926366329
R,CGG,1.68782854881287,1.11504666209221,2.3398697078228
S,TCA,0.47817684590749,0.0849611695855856,0.89875719845295
S,TCC,-0.184539344654931,-0.485906979441643,0.100145358406007
S,TCG,0.2792156916451,-0.0641762927174568,0.649764755368233
T,ACA,0.426267480243347,-0.0282538385596126,0.949736022949219
T,ACC,-0.367455332048592,-0.73168620467186,-0.0391471451148391
T,ACG,-0.12013195769632,-0.505248500406742,0.243148509040475
V,GTA,0.121805991115666,-0.174855279177427,0.442728413641453
V,GTC,0.29983364622299,0.0125035530654714,0.579783695936203
V,GTG,-0.164368588101957,-0.376686672121286,0.0347350403666496
Y,TAC,-0.224896107462174,-0.46207567974925,0.0117581904632971
Z,AGC,-0.467464116843417,-0.854457618296146,-0.116749578341842
