AA,Codon,Posterior,0.025%,0.975%
A,GCA,0.106933123757504,0.0409017314203084,0.169985103979707
A,GCC,0.351835121852159,0.2755221106112,0.432256770133972
A,GCG,0.349168046343327,0.277322583645582,0.424221327155828
C,TGC,-0.149516370426165,-0.326163968443871,0.0353512805886567
D,GAC,-0.20375122743845,-0.284808174520731,-0.124687837436795
E,GAA,-0.139799846671056,-0.226912420615554,-0.0571874545887112
F,TTC,-0.252508882260323,-0.34141781181097,-0.164305294677615
G,GGA,0.71808443762064,0.567768640816212,0.873496520519257
G,GGC,0.173017398132384,0.101707429811358,0.246837013214827
G,GGG,0.627070976519585,0.48869349360466,0.768959003686905
H,CAC,-0.266916956520081,-0.38938705176115,-0.14900477193296
I,ATA,0.636277694058418,0.465517268329859,0.825500319898129
I,ATC,-0.217206102848053,-0.28162033110857,-0.151760359480977
K,AAA,0.0127500418972759,-0.0565869639627635,0.0817173123359681
L,CTA,0.151991621324231,-0.0430950335226953,0.351682090014219
L,CTC,-0.193376660565217,-0.31506158336997,-0.0700075423344969
L,CTG,-0.369889546656609,-0.468788747489452,-0.278642711043358
L,CTT,-0.192979009662941,-0.310928409546614,-0.0761150758713484
L,TTA,-0.0378352812551471,-0.15650656670332,0.0815495381131769
N,AAC,-0.407968124866486,-0.504269678890705,-0.315045963972807
P,CCA,0.00242060174591661,-0.125029861181974,0.132246547937393
P,CCC,0.520305222952366,0.351087491959333,0.694053919613361
P,CCG,-0.083060499285374,-0.194460889697075,0.0240671169944108
Q,CAA,0.0681554059525413,-0.0236215266864747,0.156385962292552
R,AGA,0.851895360720158,0.62485820800066,1.0993709653616
R,AGG,1.22681537735462,0.858839721977711,1.62475961744785
R,CGA,1.10566791510582,0.881319445371628,1.34766067266464
R,CGC,0.181621355584264,0.107970759272575,0.25670202895999
R,CGG,1.3688907348156,1.12306395471096,1.6297254294157
S,TCA,0.401491648966074,0.278140721470118,0.531187784671784
S,TCC,0.0609705626269628,-0.0355290709063411,0.155353854969144
S,TCG,0.701819270706177,0.549404984712601,0.859661927819252
T,ACA,0.432006428217888,0.31916431710124,0.540672381222248
T,ACC,0.166554076121747,0.0888602862134576,0.247579808905721
T,ACG,0.598164945554733,0.479284632951021,0.721999233961105
V,GTA,-0.0864071038414724,-0.156312000751495,-0.0160053026396781
V,GTC,0.251700122883916,0.167574448883533,0.338306767493486
V,GTG,0.377315698003769,0.296067878603935,0.459746538847685
Y,TAC,-0.251583362268657,-0.373402302712202,-0.122890513017774
Z,AGC,-0.125842465473153,-0.245307170972228,-0.0047889636131003
