AA,Codon,Posterior,0.025%,0.975%
A,GCA,-0.328278020435572,-0.424925576150417,-0.228651989623904
A,GCC,-0.718553141474724,-0.822852848470211,-0.619991457462311
A,GCG,-0.767139018714428,-0.863925537467003,-0.66905080974102
C,TGC,0.028022040691197,-0.168733892589808,0.223766483739018
D,GAC,0.743700067269802,0.63388794362545,0.849797636270523
E,GAA,-0.776344826805592,-0.880494932830334,-0.66785079985857
F,TTC,0.902277930927277,0.793970009684563,1.01447649896145
G,GGA,0.117457200557501,-0.0334143489599228,0.27348693460226
G,GGC,-0.447085612419248,-0.550299060344696,-0.343669719994068
G,GGG,0.0821764889629867,-0.0635261984542012,0.228821312636137
H,CAC,0.545182898080349,0.395779240131378,0.691025684773922
I,ATA,1.11456431305408,0.947439637780189,1.27806207537651
I,ATC,0.489443639689684,0.404624204337597,0.577573841810226
K,AAA,-1.11806205704212,-1.22127798199654,-1.01524929404259
L,CTA,0.979009689569473,0.795740330219269,1.16199259459972
L,CTC,0.269376070386171,0.145055144652724,0.396755894273519
L,CTG,-0.786896206402779,-0.880511654913425,-0.686842402815819
L,CTT,0.141411244914195,0.0219475078396499,0.264264844357967
L,TTA,-0.2654407016173,-0.381286986172199,-0.152992974594236
N,AAC,0.414744520571828,0.299383062124252,0.533091247081756
P,CCA,0.116962052927493,-0.0467679871246219,0.278878358751535
P,CCC,-0.282736561640352,-0.460355515778065,-0.104662261344492
P,CCG,-0.474065989166498,-0.606373284757137,-0.333747701346874
Q,CAA,0.224745152561925,0.122972559183836,0.326833858340979
R,AGA,1.02277608937025,0.79685812741518,1.24641556739807
R,AGG,1.41351532251835,1.11280730068684,1.71637377738953
R,CGA,0.451721891827881,0.257811085879803,0.652091725170612
R,CGC,-0.302368428592384,-0.40532557964325,-0.200248379260302
R,CGG,0.133573304468655,-0.0556803004816174,0.334909474849701
S,TCA,-0.25974688070314,-0.41504145860672,-0.106105870380998
S,TCC,-0.0206131358826042,-0.154491302371025,0.117200175113976
S,TCG,-0.423628487999737,-0.593302528560162,-0.259038139879704
T,ACA,-0.462883682951331,-0.605412122607231,-0.32473457083106
T,ACC,-0.921755832922459,-1.03719856142998,-0.804668353497982
T,ACG,-0.850535164415836,-0.991047464311123,-0.715573239326477
V,GTA,0.57439165840745,0.462174397706985,0.687267942726612
V,GTC,-0.0413071559578446,-0.150865763053298,0.0721391787752508
V,GTG,-0.446059017378092,-0.549427273869515,-0.341388673335314
Y,TAC,0.480805032455921,0.33541999310255,0.6300770804286
Z,AGC,-0.338539769819379,-0.475387591868639,-0.203954076766968
