AA,Codon,Posterior,0.025%,0.975%
A,GCA,0.111707138993347,-0.189424699917436,0.406530629098415
A,GCC,0.162731364389985,-0.126727532222867,0.436964684724808
A,GCG,-0.0731309233826821,-0.332435265183449,0.171926100552082
C,TGC,0.235434302945326,-0.342981788516045,0.888773758709431
D,GAC,-0.388141170539148,-0.595020838081837,-0.184131612628698
E,GAA,-0.144551799432028,-0.367235342413187,0.062818741239607
F,TTC,-0.937744413208962,-1.27556207478046,-0.619168145954609
G,GGA,1.12820053369999,0.651904058456421,1.66828593313694
G,GGC,0.181043169895193,-0.0365838744677603,0.399444333463907
G,GGG,0.8460878582865,0.453729229420423,1.29022805988789
H,CAC,-0.120161626576618,-0.509971092641354,0.276199632138014
I,ATA,2.53682024185657,1.18003697693348,4.23654811382294
I,ATC,-0.404982498176582,-0.641498337686062,-0.174220370873809
K,AAA,0.0516075270072886,-0.207584965229034,0.296831791847944
L,CTA,0.742145659136237,-0.0310665105003863,1.76946557462215
L,CTC,-0.204926603472774,-0.605617183446884,0.187892622500657
L,CTG,-0.626608902740479,-0.95008289963007,-0.335866183787584
L,CTT,0.36306527147223,-0.130701385810971,0.831130285561085
L,TTA,0.849251313460084,0.351096723973751,1.3751076489687
N,AAC,-0.756899527356029,-1.11250737905502,-0.430578811466694
P,CCA,-0.163207727982448,-0.654653917253017,0.321243788301944
P,CCC,2.35587488729954,1.12474983632565,3.96053287982941
P,CCG,-0.856907759961486,-1.25969561338425,-0.492026320844889
Q,CAA,0.640175115194917,0.350019545853138,0.948286424577236
R,AGA,2.25281142965555,1.10713175535202,3.7512518286705
R,AGG,3.49767538856268,1.55931261777878,6.35006786584854
R,CGA,2.05539598385096,1.21366506516933,3.1006277680397
R,CGC,0.324271987840098,0.100789681263268,0.544893921911716
R,CGG,1.5790690089345,0.998108847439289,2.23567254543304
S,TCA,0.54876816940702,0.154846979305148,0.991663652658462
S,TCC,0.18588039658159,-0.159958073869348,0.54062693119049
S,TCG,0.170197407150135,-0.147055550292134,0.4849035538733
T,ACA,0.590264083227736,0.0843943094834685,1.13765586614609
T,ACC,-0.0510860249016594,-0.403455985337496,0.284125162661075
T,ACG,-0.0947438541646792,-0.448986401408911,0.245649034902453
V,GTA,-0.0293155099187585,-0.244787720963359,0.200233621150255
V,GTC,0.349529262650851,0.0947728533297777,0.621359534561634
V,GTG,0.101918545127871,-0.0868172269314527,0.289898378401995
Y,TAC,-0.216301207888074,-0.526867102086544,0.0875760769471524
Z,AGC,-0.398626708634396,-0.844286234676838,0.0147243875544518
