AA,Codon,Posterior,0.025%,0.975%
A,GCA,0.103890554697998,0.0357314059510827,0.170177767798305
A,GCC,0.355273284870386,0.280982679128647,0.432538374513388
A,GCG,0.335084588393569,0.260939102619886,0.410233385115862
C,TGC,-0.151424123984687,-0.336475202441216,0.0294886167161164
D,GAC,-0.214810305675864,-0.293732167035341,-0.134456207603216
E,GAA,-0.118714115406061,-0.203978068009019,-0.0366304530762136
F,TTC,-0.24312061829865,-0.331215881556273,-0.155925497412682
G,GGA,0.737822364002466,0.589849433302879,0.888913816213608
G,GGC,0.179929796782881,0.110697383247316,0.249503415822983
G,GGG,0.624116277343035,0.491018196195364,0.759190689027309
H,CAC,-0.265035676459596,-0.388349740207195,-0.145875082537532
I,ATA,0.647931002265215,0.466900702565908,0.838727903366089
I,ATC,-0.221230865412951,-0.287588021159172,-0.15815043784678
K,AAA,0.00605915155993134,-0.0622061558999121,0.071432675793767
L,CTA,0.172231281506551,-0.0147069079102948,0.370511685311794
L,CTC,-0.159207207642854,-0.276559038460255,-0.0395803108811379
L,CTG,-0.352302122092247,-0.448067770898342,-0.260754183679819
L,CTT,-0.177777178724168,-0.293747422099113,-0.0640611488372087
L,TTA,-0.0116483849724096,-0.122763569280505,0.10355891790241
N,AAC,-0.41045713750124,-0.509615124762058,-0.318029494583607
P,CCA,-0.0118132634651884,-0.143657886609435,0.121895783953369
P,CCC,0.514753547555208,0.337859737873077,0.698205098509788
P,CCG,-0.0896208454112741,-0.206536185741425,0.0195959541480988
Q,CAA,0.0756588497754307,-0.00964821244124323,0.159858471155166
R,AGA,0.818149097967148,0.582823422551155,1.07166825532913
R,AGG,1.20516612877846,0.838391850888729,1.60090942382812
R,CGA,1.08664832674265,0.86572362780571,1.3228769659996
R,CGC,0.186285149537772,0.113558909669518,0.262540367990732
R,CGG,1.37146284058094,1.13679797053337,1.61540458202362
S,TCA,0.395590748649836,0.270628187060356,0.527208845317364
S,TCC,0.0617746065467771,-0.0313965409994125,0.154418105259538
S,TCG,0.701653005599976,0.54641447365284,0.865811693668365
T,ACA,0.437325927585363,0.327722967416048,0.556316977739334
T,ACC,0.170051056816429,0.0929524973034859,0.24782733656466
T,ACG,0.601363024413586,0.488492460548878,0.716635854542255
V,GTA,-0.0828299152974192,-0.152050667256117,-0.0142729533370584
V,GTC,0.255453114105761,0.171270367875695,0.343784915655851
V,GTG,0.366138533776999,0.279642778635025,0.448400618135929
Y,TAC,-0.260114578127116,-0.386529682576656,-0.142346405237913
Z,AGC,-0.124977609522975,-0.244132755324244,-0.00735276906052613
