AA,Codon,Posterior,0.025%,0.975%
A,GCA,-0.337282702127099,-0.43465520888567,-0.23913544639945
A,GCC,-0.719111206173897,-0.817543345689774,-0.618167658150196
A,GCG,-0.784565522181988,-0.883430480957031,-0.683513359725475
C,TGC,0.000688473366069229,-0.194064155593514,0.192088877037167
D,GAC,0.730047757434845,0.624743105471134,0.83338692933321
E,GAA,-0.74306979060173,-0.846609228849411,-0.634651383757591
F,TTC,0.914482159805298,0.804035764932632,1.025902146101
G,GGA,0.126923396576053,-0.0273434736765921,0.283040152490139
G,GGC,-0.437581879764795,-0.535280428826809,-0.3390565559268
G,GGG,0.0753088699727556,-0.0676765121519566,0.218477744236588
H,CAC,0.532654514351487,0.389452006667852,0.677751988172531
I,ATA,1.10768783282042,0.940296582877636,1.27156962454319
I,ATC,0.487361973184347,0.402652094513178,0.571262504160404
K,AAA,-1.12303989369869,-1.22622043788433,-1.0177731782198
L,CTA,0.995025617063045,0.813656537234783,1.17717560231686
L,CTC,0.296660088077933,0.169847689196467,0.424162417650223
L,CTG,-0.766915247189999,-0.868392896652222,-0.666385947167873
L,CTT,0.146581920378795,0.0261826994363219,0.265845487266779
L,TTA,-0.256227634553611,-0.37172774747014,-0.136184162646532
N,AAC,0.391923577567935,0.276296102255583,0.507436053454876
P,CCA,0.10936259986404,-0.0520018320530653,0.267000859975815
P,CCC,-0.307767953049578,-0.484646501392126,-0.13961169756949
P,CCG,-0.481014859098196,-0.613344234228134,-0.343239323794842
Q,CAA,0.249873943274468,0.147285509109497,0.351269128918648
R,AGA,1.00543171958923,0.789405728876591,1.22499853670597
R,AGG,1.44721200273037,1.1595483481884,1.74819214642048
R,CGA,0.442809037967026,0.240353187546134,0.639011472463608
R,CGC,-0.281021952801943,-0.381557949632406,-0.18461929820478
R,CGG,0.164370402201897,-0.0365729613229632,0.365468729287386
S,TCA,-0.250757122187386,-0.400740104913712,-0.0987266933545471
S,TCC,-0.0191364127853058,-0.149740303680301,0.117513293586671
S,TCG,-0.415566939949989,-0.582583545148373,-0.249232187867165
T,ACA,-0.459378213053942,-0.599472279846668,-0.316567462682724
T,ACC,-0.941448161995411,-1.05548252165318,-0.826044610142708
T,ACG,-0.879375449609756,-1.01724442541599,-0.743503333628178
V,GTA,0.554791987246275,0.444869711995125,0.665780857205391
V,GTC,-0.06228692116114,-0.172668440639973,0.0447473272681236
V,GTG,-0.472006179618835,-0.575322537124157,-0.370990448445082
Y,TAC,0.486758589589596,0.34302054643631,0.635019932687283
Z,AGC,-0.333395804208517,-0.471397206932306,-0.189277116581798
