AA,Codon,Posterior,0.025%,0.975%
A,GCA,0.0358277203111014,-0.158440936729312,0.22303072437644
A,GCC,0.168227779016143,-0.0215026564430445,0.353553331643343
A,GCG,-0.0751081863204094,-0.244081388413906,0.0900901610031724
C,TGC,-0.110563593197013,-0.518555781245232,0.299828116595745
D,GAC,-0.157744846260064,-0.30663548707962,-0.0104442127281803
E,GAA,-0.0905436645289606,-0.246975610405207,0.0578221509233116
F,TTC,-0.712609152001142,-0.94219200015068,-0.490333086997271
G,GGA,0.999230384707451,0.681941369175911,1.32889400720596
G,GGC,0.330063020009547,0.173525508120656,0.488297311216592
G,GGG,0.628337053379416,0.392866020649672,0.8828368678689
H,CAC,-0.577418788330257,-0.888948391377926,-0.288453759998083
I,ATA,2.22079847768545,1.30827601850033,3.43603990674019
I,ATC,-0.362645266123861,-0.523047319054604,-0.203168442100287
K,AAA,0.0486107993792755,-0.139643132314086,0.231038658693432
L,CTA,0.90750999661414,0.247479509189725,1.70137026011944
L,CTC,0.0323696009144398,-0.298542938381433,0.378566925227641
L,CTG,-0.687747772753239,-0.928101946413517,-0.465157695859671
L,CTT,0.235949186487857,-0.0984317265450954,0.570470204949379
L,TTA,0.757141541337967,0.378122461587191,1.15511517822742
N,AAC,-0.757665122276545,-0.988242299854755,-0.53238210529089
P,CCA,-0.598547673760098,-0.986438851058483,-0.236203116551042
P,CCC,1.25651442091689,0.583839824795723,1.95096924304962
P,CCG,-0.897918137210608,-1.26890661418438,-0.578539164364338
Q,CAA,0.357840629481897,0.167119484394789,0.564243103563785
R,AGA,2.73544226686955,1.62421721220016,4.19478954076767
R,AGG,3.4175299814105,1.8300027936697,6.07959078550339
R,CGA,1.63148529363871,1.1247282743454,2.20911262631416
R,CGC,0.341934866067767,0.180683457478881,0.513919349014759
R,CGG,2.07665742073059,1.51832096874714,2.72649492025375
S,TCA,0.348123866630258,-0.000799434407963415,0.712881396710873
S,TCC,-0.195901326202416,-0.474985565245152,0.0630885308608412
S,TCG,0.214011248357552,-0.0930926289409399,0.53308080136776
T,ACA,0.972118211567402,0.582063615322113,1.40530512630939
T,ACC,0.0831833459262867,-0.141386396437883,0.294100810587406
T,ACG,0.379958404297118,0.120869283936918,0.640730142593384
V,GTA,-0.00153545164561692,-0.203120590001345,0.201513374969363
V,GTC,0.408378961349837,0.177207388356328,0.660099673271179
V,GTG,0.0866617087268365,-0.0817087229341269,0.255553166568279
Y,TAC,-0.390848417207971,-0.594028894603252,-0.19275515191257
Z,AGC,-0.466207200457703,-0.80559613108635,-0.151280303671956
