AA,Codon,Posterior,0.025%,0.975%
A,GCA,0.108680855119461,0.0418288636021316,0.175891063734889
A,GCC,0.354253149494529,0.280715612322092,0.429472286999225
A,GCG,0.344632026824355,0.272602411359549,0.418866707384586
C,TGC,-0.129718520887064,-0.310453120619059,0.0484119626693427
D,GAC,-0.206838429240882,-0.285427825897932,-0.126981224492192
E,GAA,-0.139090392388077,-0.224231908470392,-0.0584809978492559
F,TTC,-0.250546849600971,-0.338323403149843,-0.160771130025387
G,GGA,0.729323795288801,0.581299315392971,0.879949101805687
G,GGC,0.174847126283497,0.108526890538633,0.242521408572793
G,GGG,0.630647015118599,0.502420768141747,0.764750921726227
H,CAC,-0.25790272122696,-0.381179671734571,-0.140770705789328
I,ATA,0.651965284788609,0.466157738119364,0.848741783201694
I,ATC,-0.220483352163434,-0.284948940575123,-0.156444203108549
K,AAA,0.00890663333302964,-0.0570970179513097,0.0744779884815215
L,CTA,0.158732319930622,-0.0259254021570086,0.356070548295975
L,CTC,-0.180659302691568,-0.299254485219717,-0.0603703128173948
L,CTG,-0.367806018427014,-0.465896992385387,-0.273358646035194
L,CTT,-0.18302128796177,-0.295648866146803,-0.0647672530263663
L,TTA,-0.0196673578762784,-0.136630704626441,0.0987604234367609
N,AAC,-0.395311139786243,-0.488747774809599,-0.301802145689726
P,CCA,-0.00613542437131473,-0.138000667095184,0.128117300570011
P,CCC,0.537427688738704,0.361244806647301,0.719253715872764
P,CCG,-0.0848195934861069,-0.197104849666357,0.0247127541340887
Q,CAA,0.0589428033479535,-0.0266786618623883,0.147619313374161
R,AGA,0.840638169574738,0.605600129067898,1.08370189070702
R,AGG,1.17696751832962,0.820779249072075,1.56364771723747
R,CGA,1.10299997142553,0.875834308564663,1.34839633107185
R,CGC,0.174610553346574,0.103502351231873,0.247444687411189
R,CGG,1.3451202385664,1.10746236145496,1.59180571734905
S,TCA,0.38973927641809,0.267246472835541,0.517248606681824
S,TCC,0.0608423603260951,-0.0311146682593971,0.15228189304471
S,TCG,0.694557067573071,0.541095922887325,0.848295973241329
T,ACA,0.432946294561028,0.323930534720421,0.546480509638786
T,ACC,0.179871703976393,0.101937171444297,0.258598919212818
T,ACG,0.620529908514023,0.506875519454479,0.740694016218185
V,GTA,-0.0733938562579424,-0.141064251959324,-0.00412247399799531
V,GTC,0.267523318685591,0.185313782468438,0.353144964575767
V,GTG,0.381719360280037,0.300246439874172,0.465122405439615
Y,TAC,-0.264248751157522,-0.384846198558807,-0.142848075181246
Z,AGC,-0.128869292509777,-0.251588211208582,-0.00691101367119729
