AA,Codon,Posterior,0.025%,0.975%
A,GCA,0.481395534774661,0.251865023374558,0.732356876134873
A,GCC,0.744061173987389,0.469598489999771,1.0370095461607
A,GCG,0.574432072275877,0.321089320629835,0.865300816297531
C,TGC,0.052017720558797,-0.501030723750591,0.611032108962536
D,GAC,-0.224301131583657,-0.432954751700163,-0.0219923908822238
E,GAA,-0.207771218466439,-0.395692731440067,-0.0331715190783143
F,TTC,-0.850603626179695,-1.33079397380352,-0.437775281816721
G,GGA,1.74023872072697,1.14081420004368,2.41957669854164
G,GGC,0.2004914861097,-0.0289925996214151,0.430919005721808
G,GGG,0.690110808679462,0.380229584872723,1.0480132073164
H,CAC,-0.893445968796313,-1.52217626869679,-0.33918582201004
I,ATA,1.63526030533314,0.913422706723213,2.50148508548737
I,ATC,-0.352108767999522,-0.642731364071369,-0.0835728280246258
K,AAA,-0.272666633786593,-0.53169928342104,-0.0100167480297384
L,CTA,1.35537510272674,0.505670221149921,2.20500354766846
L,CTC,-0.680698426771164,-1.04552544355392,-0.355988447368145
L,CTG,-1.05486951642036,-1.39790709614754,-0.745050637423992
L,CTT,-0.40531834495021,-0.753903384506702,-0.0527452132664617
L,TTA,0.671238161212485,0.157641671597958,1.22285019159317
N,AAC,-0.980208513200283,-1.42403458952904,-0.579430587589741
P,CCA,-0.108672345717869,-0.527921150624752,0.32933391109109
P,CCC,0.467677593362262,-0.0960941523313522,1.09688923656941
P,CCG,-0.642829333993792,-1.01883427202702,-0.297327297925949
Q,CAA,0.656795498067141,0.354793994128704,1.01158969700336
R,AGA,2.24908802349567,1.45094957947731,3.44006200432777
R,AGG,2.08669781658649,1.35602942109108,3.08474782705307
R,CGA,2.80862461733818,1.79556007683277,3.9410109102726
R,CGC,0.680871724319458,0.422057049721479,0.955216792225838
R,CGG,2.45476381611824,1.63913612365723,3.48495753407478
S,TCA,0.958827792817354,0.423737628757954,1.59679638147354
S,TCC,0.273803202641095,-0.0658506209030747,0.667071175575257
S,TCG,1.82165620930195,0.94508643746376,2.99784517884255
T,ACA,1.07023291487694,0.618203918635845,1.62424519956112
T,ACC,0.28939190823352,0.0354958202689886,0.559249590337277
T,ACG,1.20761832351685,0.716803880035877,1.79088240265846
V,GTA,0.194188266575662,-0.0214834026060998,0.41948609650135
V,GTC,0.411735189207271,0.156589307263494,0.680233208835125
V,GTG,0.628477151417732,0.341821011900902,0.943476195633411
Y,TAC,-0.600023635273427,-1.01226024925709,-0.220418613404035
Z,AGC,-0.938448996266723,-1.61488015651703,-0.348383439332247
