AA,Codon,Posterior,0.025%,0.975%
A,GCA,0.196207292589545,0.0942540450021625,0.300120799988508
A,GCC,0.410653519374132,0.295155469328165,0.532632990181446
A,GCG,0.203651431924105,0.104119058698416,0.307522953301668
C,TGC,-0.570153275369108,-0.909717847406864,-0.25080689266324
D,GAC,-0.19060183766149,-0.294842948019505,-0.089931975863874
E,GAA,-0.0877013447076897,-0.182336449250579,0.00279541774070822
F,TTC,-0.610415712320805,-0.77647649794817,-0.452262090146542
G,GGA,0.812192003297806,0.642277289927006,0.993331599235535
G,GGC,0.122215546862921,0.024533514957875,0.220727466419339
G,GGG,0.627086733019352,0.480242798477411,0.786881905794144
H,CAC,-0.301786959449202,-0.477884658426046,-0.135808227956295
I,ATA,1.12895177378654,0.881826418638229,1.38858373165131
I,ATC,-0.385104215663671,-0.506354264914989,-0.267899072915316
K,AAA,-0.145941603014921,-0.254858431220055,-0.0343257604166865
L,CTA,0.192649789173149,0.00839958710130304,0.392679194360971
L,CTC,-0.401848991000652,-0.5575224801898,-0.249673429131508
L,CTG,-0.626651578986645,-0.769756859540939,-0.488015075773001
L,CTT,-0.185892511797976,-0.344587768614292,-0.0300607976969331
L,TTA,0.216997279477725,0.0249120554421097,0.420019635558128
N,AAC,-0.54491010671854,-0.700272937119007,-0.39548549130559
P,CCA,-0.176362505699508,-0.360805803537369,0.00836423197761179
P,CCC,0.541823118156195,0.289961509406567,0.811599414050579
P,CCG,-0.408806248778105,-0.576724347472191,-0.243948524072766
Q,CAA,0.378189851903915,0.242303900048137,0.5237010627985
R,AGA,1.161453403759,0.918437261879444,1.39715034663677
R,AGG,1.64548080186844,1.33023133575916,1.98196928501129
R,CGA,1.69646575627327,1.38361818194389,2.04575294852257
R,CGC,0.290532868519425,0.176508615165949,0.419126653671265
R,CGG,1.52595274839401,1.24892153739929,1.84359738826752
S,TCA,0.652812742590904,0.430680677294731,0.895253813266754
S,TCC,0.0367190081322049,-0.113054236024618,0.18429150916636
S,TCG,0.673140433096886,0.446910564601421,0.918967568874359
T,ACA,0.709582095360756,0.523269033432007,0.908112946152687
T,ACC,0.172238022496505,0.0458918531425297,0.297510238736868
T,ACG,0.53726357909441,0.365475469827652,0.713198435306549
V,GTA,0.0667186183567064,-0.0308274345472455,0.161986134946346
V,GTC,0.32759045433104,0.204725963994861,0.454849222302437
V,GTG,0.288973263195157,0.176112325116992,0.411585202068091
Y,TAC,-0.260742243306339,-0.417817874997854,-0.106640480086207
Z,AGC,-0.566386399233341,-0.782695522904396,-0.357317905128002
