AA,Codon,Posterior,0.025%,0.975%
A,GCA,-0.425112048655748,-0.505129781365395,-0.344518441706896
A,GCC,-0.882118716788292,-0.962311711907387,-0.801016072928906
A,GCG,-1.01388441069126,-1.08989312946796,-0.936544744670391
C,TGC,-0.0285986605937436,-0.176043635606766,0.123460197821259
D,GAC,0.811015937674046,0.732377836108208,0.886889313161373
E,GAA,-0.692617822742462,-0.770058114826679,-0.611459337174892
F,TTC,0.903172589933872,0.81440339833498,0.991094581782818
G,GGA,0.053673257488411,-0.0705382881686091,0.177636042237282
G,GGC,-0.421734126621485,-0.490807636082172,-0.351046376675367
G,GGG,0.0183396234889607,-0.0865916382521391,0.124554776214063
H,CAC,0.688478825557232,0.572222204506397,0.804931132495403
I,ATA,1.13479496155977,0.980168601870537,1.2868858486414
I,ATC,0.503417818713188,0.439314763247967,0.57204902023077
K,AAA,-1.07235157752037,-1.1556118696928,-0.98578714877367
L,CTA,1.01465206643343,0.858427880704403,1.1667006701231
L,CTC,0.386106745269895,0.284046918898821,0.492325085401535
L,CTG,-0.745428153061867,-0.824361369013786,-0.662227134406567
L,CTT,0.202294375879318,0.102414836734533,0.302965693175793
L,TTA,-0.250756853841245,-0.350329741835594,-0.150139010325074
N,AAC,0.43150088506341,0.336886519193649,0.523500536382198
P,CCA,0.110480530660547,-0.0213234454393387,0.243075602129102
P,CCC,-0.428514061197639,-0.573176397383213,-0.281107879430056
P,CCG,-0.677661286073923,-0.791219253838062,-0.564443108439446
Q,CAA,0.227812887072563,0.145076162740588,0.310675885528326
R,AGA,1.00415702404976,0.807947470247745,1.20891463458538
R,AGG,1.45904220942259,1.17650419771671,1.74252890646458
R,CGA,0.390279157561064,0.226567972823977,0.560914508998394
R,CGC,-0.357965649554133,-0.435601365566254,-0.280979184806347
R,CGG,0.0705185059906658,-0.0812865508720279,0.225226523727178
S,TCA,-0.361399066057801,-0.493764214962721,-0.232671760767698
S,TCC,-0.0628254704596544,-0.172822377085686,0.0475609245710073
S,TCG,-0.639327680206299,-0.765400715172291,-0.511867360770702
T,ACA,-0.49059744336307,-0.614611648023129,-0.36754734069109
T,ACC,-1.05888579630852,-1.15081717669964,-0.96977835893631
T,ACG,-1.02835923638344,-1.13647909462452,-0.918207229673862
V,GTA,0.576806571877003,0.488982911407948,0.665595927834511
V,GTC,-0.181183244200423,-0.267913841456175,-0.0940300326794387
V,GTG,-0.636430063015223,-0.711865702271462,-0.556343990564346
Y,TAC,0.609471561467648,0.500468203425407,0.718917000293732
Z,AGC,-0.242069533611089,-0.358568696677685,-0.12630764618516
