AA,Codon,Posterior,0.025%,0.975%
A,GCA,0.147519752204418,0.0896020323038101,0.206142215058208
A,GCC,0.442167898923159,0.37423741966486,0.509978571534157
A,GCG,0.479916692298651,0.413282489031553,0.546576207876205
C,TGC,-0.109597533249744,-0.262677035480738,0.0422997897490858
D,GAC,-0.253170001895726,-0.321752475947142,-0.185363313928247
E,GAA,-0.170567346281558,-0.245153948292136,-0.101007540337741
F,TTC,-0.243464790323377,-0.318148562312126,-0.162633757665753
G,GGA,0.792586604201794,0.659820836782455,0.929623834788799
G,GGC,0.166409642598033,0.108906655199826,0.222270813211799
G,GGG,0.675663434267044,0.565288272500038,0.791588968038559
H,CAC,-0.357816387954354,-0.467449867725372,-0.253061145544052
I,ATA,0.628604293709993,0.454266074299812,0.809882882237434
I,ATC,-0.230063306409121,-0.288391571491957,-0.175130481272936
K,AAA,-0.0159472743436218,-0.0783683236688375,0.0444330066442489
L,CTA,0.141188416656056,-0.0251955760177225,0.320748093724251
L,CTC,-0.247839273010194,-0.355170834809542,-0.144601222872734
L,CTG,-0.388060737904906,-0.475746364146471,-0.305437171459198
L,CTT,-0.226919005795568,-0.328669250756502,-0.123181851394475
L,TTA,-0.0253019449584996,-0.131906099617481,0.0788657963275909
N,AAC,-0.420453293192387,-0.503323206305504,-0.340825133025646
P,CCA,-0.0069042666772817,-0.122608235105872,0.10720758382231
P,CCC,0.618283120495081,0.462945540249348,0.785305437445641
P,CCG,0.0356552203903267,-0.064259072765708,0.133343322575092
Q,CAA,0.073026432846902,-0.00513997236266732,0.14908912293613
R,AGA,0.821028241598606,0.60541510283947,1.04848770797253
R,AGG,1.13441483695507,0.792781096696854,1.49470593929291
R,CGA,1.13364174816608,0.928804989159107,1.34308460056782
R,CGC,0.216989673289657,0.151134414598346,0.28027058839798
R,CGG,1.42270293750763,1.21476799547672,1.63677819669247
S,TCA,0.457911392679811,0.344845749437809,0.574752919375896
S,TCC,0.0810059598801003,-0.00133321674074977,0.164764039590955
S,TCG,0.870309666073322,0.733949802815914,1.01278508603573
T,ACA,0.434789263194799,0.335574749857187,0.538854652643204
T,ACC,0.237784358291328,0.168491357192397,0.308073700219393
T,ACG,0.714174548995495,0.613729254901409,0.815400367975235
V,GTA,-0.0817790864838747,-0.141675587743521,-0.0219172695651651
V,GTC,0.336403241586685,0.262052860110998,0.412192995846272
V,GTG,0.489887882757187,0.417885875701904,0.564075802266598
Y,TAC,-0.345357074850798,-0.450401398539543,-0.240823727846146
Z,AGC,-0.193806875565927,-0.308031363785267,-0.0846338864415885
