AA,Codon,Posterior,0.025%,0.975%
A,GCA,0.157612679118291,0.0776427797973156,0.235131561011076
A,GCC,0.313757861033082,0.237087960913777,0.391739446669817
A,GCG,0.129011311776889,0.0602972607128322,0.197251190245152
C,TGC,-0.298861259250343,-0.464815278351307,-0.132245076075196
D,GAC,-0.320123456588387,-0.387515265494585,-0.252625454217196
E,GAA,-0.200959427639842,-0.276098658144474,-0.129442359507084
F,TTC,-0.695056932550669,-0.785165719687939,-0.603679376840592
G,GGA,1.46321454327106,1.29533289670944,1.63568209409714
G,GGC,0.185944617761672,0.130601288750768,0.243271972984075
G,GGG,0.890714739227295,0.771507474780083,1.01366213262081
H,CAC,-0.558115335601568,-0.679691654443741,-0.434080213308334
I,ATA,2.00093756985664,1.70248337686062,2.32964298129082
I,ATC,-0.375152709972858,-0.441604006290436,-0.310204068571329
K,AAA,-0.161057819616422,-0.2433927167207,-0.0810378568246961
L,CTA,0.592644848296046,0.358171035349369,0.841405640542507
L,CTC,-0.346783454069495,-0.478909510374069,-0.20827511139214
L,CTG,-0.851092267334461,-0.962793016433716,-0.74937501847744
L,CTT,-0.000348533679629702,-0.142659015581012,0.141724357008934
L,TTA,0.454403674206138,0.297294912487268,0.607454304397106
N,AAC,-0.774477912485599,-0.875817234814167,-0.676267121732235
P,CCA,-0.393482086277008,-0.560143485665321,-0.231990303099156
P,CCC,0.77946718775034,0.554457853734493,1.00695173442364
P,CCG,-0.741860036045313,-0.891622762382031,-0.602043567597866
Q,CAA,0.541630386096239,0.442725484073162,0.645519955456257
R,AGA,2.91978736810684,2.44201284646988,3.46518954634666
R,AGG,3.33836759774685,2.62867993116379,4.08040729761124
R,CGA,2.09576936044693,1.80132121741772,2.38618061542511
R,CGC,0.260864380127192,0.189465584233403,0.332839991897345
R,CGG,1.77841987276077,1.545536211133,2.02581867575645
S,TCA,0.805716349101067,0.653584799170494,0.96171300560236
S,TCC,0.0350443494383573,-0.0563214129768312,0.126297912374139
S,TCG,0.602109761917591,0.473356825113297,0.738136099278927
T,ACA,1.05727278828621,0.890459394454956,1.22041672766209
T,ACC,0.0290085218319945,-0.0526354578323662,0.10912878010422
T,ACG,0.5420809045434,0.433716358989477,0.654729606211185
V,GTA,0.0760414857907468,0.000728710553084967,0.154729077965021
V,GTC,0.362361544290185,0.279520870000124,0.444688729196787
V,GTG,0.23075311024636,0.164975186064839,0.295423945039511
Y,TAC,-0.359004575571418,-0.457084079086781,-0.259088623523712
Z,AGC,-0.7152847230196,-0.875067287683487,-0.560379074513913
