AA,Codon,Posterior,0.025%,0.975%
A,GCA,-0.333597969248891,-0.432201690971851,-0.232788168638945
A,GCC,-0.721272095930576,-0.821484817564487,-0.617856566607952
A,GCG,-0.77326451048851,-0.870979061722755,-0.677398377656937
C,TGC,0.0593074124492014,-0.134238151460886,0.255870798975229
D,GAC,0.745228657913208,0.634132017195225,0.8521797940135
E,GAA,-0.770047597312927,-0.877132195234299,-0.6637217015028
F,TTC,0.907566947042942,0.798469454050064,1.01930363476276
G,GGA,0.12150286832029,-0.0342131112702191,0.278356413543224
G,GGC,-0.438383061027527,-0.53930726647377,-0.337515823543072
G,GGG,0.0675999825547813,-0.0786406993865967,0.208912656828761
H,CAC,0.53733549810648,0.390028524398804,0.682762728631496
I,ATA,1.11444228134155,0.946870735287666,1.27827663719654
I,ATC,0.487441748046875,0.400811842828989,0.575932902097702
K,AAA,-1.12307181816101,-1.22645446062088,-1.01710403859615
L,CTA,1.0004035389185,0.814700590074062,1.18889251351357
L,CTC,0.293491329107434,0.169333545863628,0.42000684812665
L,CTG,-0.761342507410049,-0.859352506697178,-0.668194396793842
L,CTT,0.15446229707991,0.0359331986866891,0.277097024023533
L,TTA,-0.247663827160001,-0.364215169847012,-0.132711543142796
N,AAC,0.415132868278027,0.296770443767309,0.538302218914032
P,CCA,0.0997968035171332,-0.0563076823018491,0.257465558499098
P,CCC,-0.291011565137235,-0.464686555415392,-0.114092063345015
P,CCG,-0.468222140049934,-0.599966010451317,-0.331155657023191
Q,CAA,0.238339387130737,0.133124676346779,0.345117487758398
R,AGA,1.01563596658707,0.790547557175159,1.23960619270802
R,AGG,1.4379180914402,1.13435169756413,1.73567523360252
R,CGA,0.451033283617347,0.254956370592117,0.643869641423225
R,CGC,-0.303369396835566,-0.401875519752502,-0.19885354526341
R,CGG,0.166987874389727,-0.0276080900337547,0.356028816103935
S,TCA,-0.249554472831055,-0.40018275603652,-0.100433686375618
S,TCC,-0.0120497680607666,-0.149716211482882,0.122475981339812
S,TCG,-0.409091891694069,-0.574402134120464,-0.249613745883107
T,ACA,-0.462235158345103,-0.605165569484234,-0.317603515833617
T,ACC,-0.931560664653778,-1.04860987067223,-0.817307783663273
T,ACG,-0.867075858354568,-1.00648970603943,-0.729010525345802
V,GTA,0.576486848694086,0.46674532815814,0.685729245841503
V,GTC,-0.0351719810056893,-0.146001986414194,0.0737402956932781
V,GTG,-0.455785332906246,-0.555764698982239,-0.35367544516921
Y,TAC,0.479237753164768,0.329672814905643,0.627704904973507
Z,AGC,-0.320954334825277,-0.454913709312677,-0.185953167825937
