AA,Codon,Posterior,0.025%,0.975%
A,GCA,0.106045820814819,0.04024642650038,0.173348186165094
A,GCC,0.35599917178452,0.278915163874626,0.432415405660868
A,GCG,0.338357982590795,0.266474542766809,0.413386459648609
C,TGC,-0.174692651926929,-0.354731258749962,0.000123945728955572
D,GAC,-0.215664203023911,-0.296206972002983,-0.13682000823319
E,GAA,-0.123539271597995,-0.205898928269744,-0.0426460081711412
F,TTC,-0.246095716825128,-0.334509713202715,-0.15695992782712
G,GGA,0.734868095242977,0.58789664208889,0.885149118304252
G,GGC,0.175668110495806,0.105371489189565,0.2480956684798
G,GGG,0.635592622709274,0.507095123827457,0.771494004130363
H,CAC,-0.260989111870527,-0.3852634370327,-0.141289305314422
I,ATA,0.648032996216416,0.46751863732934,0.837712669372559
I,ATC,-0.220807364404202,-0.287197864800692,-0.1551607940346
K,AAA,0.00847383381021145,-0.0594381140545011,0.0784365708008408
L,CTA,0.150760850518415,-0.0366581490263343,0.343667566031218
L,CTC,-0.181043444865568,-0.296475283801556,-0.0645010126754644
L,CTG,-0.374500299233198,-0.463704520463944,-0.283955646306276
L,CTT,-0.192266442286409,-0.303878638148308,-0.0824138199910522
L,TTA,-0.0296450314037978,-0.14181453846395,0.0862130193039775
N,AAC,-0.41046102900207,-0.506080056726933,-0.316051090508699
P,CCA,-0.000453730450596322,-0.133111310005188,0.132106866315007
P,CCC,0.523016975712776,0.346699001640081,0.701528987288475
P,CCG,-0.0926724927327072,-0.204761309176683,0.0144984921207651
Q,CAA,0.067023362137123,-0.0220243552234024,0.154649750143289
R,AGA,0.82577328774333,0.595332470536232,1.06788675487041
R,AGG,1.18168508172035,0.818521517515183,1.55682066977024
R,CGA,1.08805577847958,0.862485562264919,1.32504225671291
R,CGC,0.187396673186868,0.112438415363431,0.261452206224203
R,CGG,1.33656991144419,1.10185807645321,1.58450384140015
S,TCA,0.390162152519822,0.268278572708368,0.518458172678947
S,TCC,0.0570791585219638,-0.0338209685869515,0.150853127613664
S,TCG,0.691260480773449,0.538028122484684,0.853553867340088
T,ACA,0.433834850341082,0.31932063922286,0.547031888365745
T,ACC,0.173504499811679,0.094248072989285,0.250128092616796
T,ACG,0.610622099483013,0.493952478468418,0.730222408473492
V,GTA,-0.0846401391884261,-0.153686267137527,-0.015135258436203
V,GTC,0.251353215225041,0.170064011588693,0.335635281354189
V,GTG,0.372307962831855,0.289992479979992,0.458136544376612
Y,TAC,-0.259233617378771,-0.383022663742304,-0.134129528328776
Z,AGC,-0.137993154230341,-0.256775167584419,-0.0231371850240977
