AA,Codon,Posterior,0.025%,0.975%
A,GCA,0.0880905542057578,-0.205566693469882,0.376149141788483
A,GCC,0.28663521313431,0.0148574465885758,0.569006325304508
A,GCG,-0.0900204959244273,-0.333363657444716,0.149492524191737
C,TGC,-0.498719915635604,-1.20880251526833,0.0958575487136833
D,GAC,-0.0961946557364749,-0.29409072175622,0.114761792495847
E,GAA,0.0280937416459383,-0.160466709733009,0.214918031916022
F,TTC,-0.759749416676164,-1.11823164522648,-0.427410550415516
G,GGA,0.862929160144925,0.464365556836128,1.31680452227592
G,GGC,0.164172221300396,-0.0468422152101994,0.373319128900766
G,GGG,0.734724197560549,0.360288988053799,1.13672423064709
H,CAC,-0.79395116100423,-1.34278472363949,-0.324267148971558
I,ATA,1.33521828697473,0.498259121924639,2.42516438961029
I,ATC,-0.425855316209234,-0.680988946557045,-0.17552665360272
K,AAA,0.157258921842149,-0.11158105917275,0.407302749156952
L,CTA,0.786179469627142,0.0394313455559313,1.71715332865715
L,CTC,0.18635767169877,-0.258505038917065,0.649893982708454
L,CTG,-0.551800425243378,-0.838857983052731,-0.296635928750038
L,CTT,0.270046091180739,-0.17287637963891,0.739767318964004
L,TTA,0.5956245221716,0.133650510758162,1.12166577875614
N,AAC,-0.787510643023252,-1.10711767375469,-0.483956106752157
P,CCA,-0.48817691507914,-1.07045136988163,0.0563170250505208
P,CCC,1.66440157654919,0.499662190675735,3.06299040913582
P,CCG,-1.08308095530868,-1.59127848446369,-0.629055759310722
Q,CAA,0.506767545897886,0.223984683677554,0.815158651769161
R,AGA,8.27620809497833,3.63993222117424,15.8314508199692
R,AGG,24.5862634925842,11.6205167770386,39.4002910614014
R,CGA,2.00468205034733,1.16779401302338,3.07522386908531
R,CGC,0.390435800502263,0.192359566688538,0.590213273465633
R,CGG,1.30412335059047,0.816963270306587,1.90057015419006
S,TCA,0.897874452744052,0.320144612342119,1.59133144319057
S,TCC,0.0882480279509793,-0.276531360298395,0.480898424237966
S,TCG,0.422518010795373,0.0153751190053299,0.858699110150337
T,ACA,0.970257313957065,0.413908172398806,1.61744122803211
T,ACC,-0.117255329850976,-0.45966464728117,0.185758331418037
T,ACG,0.131601002898924,-0.234038779139519,0.479383593797683
V,GTA,-0.187713766120924,-0.43654420375824,0.0630616156384347
V,GTC,0.212152084139701,-0.0726819468662143,0.503581005334854
V,GTG,0.000227123402967845,-0.240353864431381,0.219699102640152
Y,TAC,-0.377017888333602,-0.702087344229221,-0.0661862563341861
Z,AGC,-0.329082318267674,-0.842639061808586,0.145400407910347
