AA,Codon,Posterior,0.025%,0.975%
A,GCA,-0.295597898935829,-0.388306775689125,-0.180853893607855
A,GCC,-0.810723313978314,-0.968274886906147,-0.701792171597481
A,GCG,-0.920555219385028,-1.06477817296982,-0.804477205872536
C,TGC,-0.0803946736693324,-0.273961541801691,0.144872704148292
D,GAC,0.56478824217096,0.455094464123249,0.675329644978046
E,GAA,-0.643518022874929,-0.744993163645267,-0.285824877023705
F,TTC,0.782227256801713,0.650151963531971,0.997522503137588
G,GGA,0.334504304009071,-0.213585112988949,0.649220016598701
G,GGC,-0.284008999257162,-0.361130447685719,-0.209999964013696
G,GGG,0.218966300325934,-0.120245173759758,0.439217888563871
H,CAC,0.491756000913348,0.33980857655406,0.68893131762743
I,ATA,0.746369665213674,0.242908108979464,1.13244172632694
I,ATC,0.378333083587885,0.248379547148943,0.51277924478054
K,AAA,-1.05708039863581,-1.16670716702938,-0.665043951570989
L,CTA,0.995885526761413,0.591439962387085,1.33893882334232
L,CTC,0.354251970861852,0.200681927800179,0.565589016675949
L,CTG,-0.949913954539015,-1.15223426818848,-0.443928075581789
L,CTT,0.226258363063692,0.048538935277611,0.380544162541628
L,TTA,-0.0905748352230119,-0.265346146374941,0.119679518975317
N,AAC,0.0530761438116257,-0.0898792279884219,0.185756667330861
P,CCA,-0.00513634212668476,-0.151025911793113,0.135290260612965
P,CCC,0.00166137512739897,-0.145326916128397,0.135467912629247
P,CCG,-0.781855296197999,-0.979729686677456,-0.534059444069863
Q,CAA,0.480605142618786,0.336762080341578,0.61370552778244
R,AGA,1.81021018149434,0.583944907784462,2.35175135135651
R,AGG,2.12898217699847,0.757721589505672,2.55594745874405
R,CGA,1.24421608073532,0.311084251105785,1.53057225942612
R,CGC,-0.195192865933478,-0.312470737099648,-0.115520641766489
R,CGG,0.959099818247324,0.313100957125425,1.1705531001091
S,TCA,0.0380985168920979,-0.125715951994061,0.247987999022006
S,TCC,-0.115199143481354,-0.255938089638948,0.00165987868967931
S,TCG,-0.22716572000942,-0.432990658283234,-0.0824621127918366
T,ACA,-0.0805111999610344,-0.286730115115643,0.21801702529192
T,ACC,-1.06957743171691,-1.21843877732754,-0.949963021278381
T,ACG,-0.72521485779155,-0.903730112314224,-0.594407032430172
V,GTA,0.529545127042645,0.437808574736118,0.627356146275997
V,GTC,-0.110263850432505,-0.296771704405546,-0.0161284558009357
V,GTG,-0.445870943921874,-0.557874186336994,-0.352683336287737
Y,TAC,0.406572120974958,0.282051279395819,0.590377895534037
Z,AGC,-0.441708869038941,-0.560178051888943,-0.286944331228733
