AA,Codon,Posterior,0.025%,0.975%
A,GCA,0.0668448332365813,-0.0746542766690254,0.161025338247418
A,GCC,0.417315189793892,0.2817981146276,0.615788334608078
A,GCG,0.470752781106468,0.331969807296991,0.64516550451517
C,TGC,-0.0292138082426127,-0.286653424799442,0.204741805046797
D,GAC,-0.0557602796408464,-0.166429431736469,0.0872528573498125
E,GAA,-0.248634491931647,-0.614232301712036,-0.122553437203169
F,TTC,-0.100112642914196,-0.322528306394815,0.0426139685325324
G,GGA,0.576647122799879,0.189012105762959,1.11560631394386
G,GGC,0.0511723514984274,-0.0414110188372433,0.132155089080334
G,GGG,0.55996331396997,0.254023721069098,0.893201066553593
H,CAC,-0.188756680758134,-0.400881524384022,-0.0211763376370073
I,ATA,1.23383748198152,0.677781391143799,2.25641340017319
I,ATC,-0.119324276114259,-0.248364558815956,0.0279136856552213
K,AAA,-0.0579199741377774,-0.450805695354938,0.0537981959991157
L,CTA,0.201031855207965,-0.201972294226289,0.677275361120701
L,CTC,-0.2222662347273,-0.434189087897539,-0.0438134430907669
L,CTG,-0.181937599540293,-0.63898591697216,0.0555292387492952
L,CTT,-0.252809615664859,-0.423339381068945,-0.0473723902367059
L,TTA,-0.18261419672429,-0.401304391771555,0.00318289559800166
N,AAC,-0.0816241126580047,-0.219638341292739,0.0956911666318774
P,CCA,0.080580967355919,-0.063657552562654,0.272060539573431
P,CCC,0.135242727168468,-0.00227960686315782,0.306859333068132
P,CCG,0.161258314773068,-0.0628618158400059,0.427700440585613
Q,CAA,-0.146656385615596,-0.323639291524887,-0.00348592280061013
R,AGA,0.042499302810576,-0.552443027496338,1.25328868031502
R,AGG,0.431619223568996,-0.0149280022131279,1.81214720308781
R,CGA,0.211047341985237,-0.123716402240098,1.12586954832076
R,CGC,0.0953189122115902,0.0116060985485092,0.243448555842042
R,CGG,0.376564655259225,0.110887463390827,0.994964528083801
S,TCA,0.117110271258274,-0.129683307558298,0.279040057212114
S,TCC,0.12909136895558,0.0068766392651014,0.326474302262068
S,TCG,0.446599250539299,0.277444102615118,0.689028589427471
T,ACA,0.0779490030119778,-0.252114372700453,0.267850606143475
T,ACC,0.261136436514545,0.123318860866129,0.487276407331228
T,ACG,0.415295283737779,0.26247531697154,0.649708519876003
V,GTA,-0.0270396114804209,-0.162027402594686,0.0615228503942489
V,GTC,0.309841334310174,0.194835792481899,0.518892893195152
V,GTG,0.360845476446487,0.252111988514662,0.488512138277292
Y,TAC,-0.16069450704341,-0.350563453137875,-0.0192893016152085
Z,AGC,-0.0237437621337077,-0.182324213907123,0.116044150292873
