AA,Codon,Posterior,0.025%,0.975%
A,GCA,0.0543253715394065,0.0149130991427228,0.12336057163775
A,GCC,0.193195508317021,0.116480973735452,0.330793055146932
A,GCG,0.168114829601924,0.0948300676420331,0.289889664947986
C,TGC,-0.107203417991049,-0.346736714988947,0.0581617624498903
D,GAC,-0.105051232295064,-0.204501705989242,-0.0354992895387113
E,GAA,-0.112621966071005,-0.447355449199676,-0.0319030693732202
F,TTC,-0.310753546227328,-0.494327815622091,-0.195621708407998
G,GGA,1.08956959891319,0.658011575043201,1.64078190028667
G,GGC,0.035471659460137,-0.002583973511355,0.082563898153603
G,GGG,0.569956584528089,0.347358658909798,0.891704078018665
H,CAC,-0.233501772987843,-0.422538047283888,-0.095755116082728
I,ATA,4.51053032110929,1.97343353629112,9.85852086544037
I,ATC,-0.1878207800515,-0.319263461232185,-0.0892013609409332
K,AAA,-0.0709443516279483,-0.418188418447971,0.0070173358893953
L,CTA,0.35027785202146,-0.341509849578142,1.05500882267952
L,CTC,-0.462651303129969,-0.761294268071651,-0.243891208618879
L,CTG,-0.593960109621286,-0.967493648827076,-0.368655589222908
L,CTT,-0.301655852580327,-0.584479904174805,-0.0278995041735472
L,TTA,-0.0536510230961765,-0.431694599241018,0.236118926852941
N,AAC,-0.174374982507015,-0.31098273396492,-0.0738288380205631
P,CCA,-0.0587308913599525,-0.210472457110882,0.0778634035959839
P,CCC,0.0576028496965495,-0.0860144009813666,0.215047437697649
P,CCG,-0.190084718393115,-0.451735050231218,-0.0480034349486232
Q,CAA,0.143960792072769,0.0471082990057766,0.305104668438434
R,AGA,1.22069109912366,0.450662836432457,2.39724925160408
R,AGG,1.93785168579221,1.05059239268303,3.04178770184517
R,CGA,0.529917789375782,0.234802518039942,1.48253780007362
R,CGC,0.0970321614470333,0.0391790322959423,0.220764583721756
R,CGG,0.407373761121929,0.189986839517951,1.07653156518936
S,TCA,0.227999184231693,0.0727071961387992,0.402532884478569
S,TCC,0.029299908764742,-0.0380512784235179,0.116891050338745
S,TCG,0.280014827838168,0.150229383632541,0.456971559673547
T,ACA,0.354922381626815,0.11253890953958,0.588132132589817
T,ACC,0.0539779057418171,-0.000252614245255244,0.134911708161235
T,ACG,0.211690839843266,0.113310292363167,0.362034590542316
V,GTA,-0.0271761521619443,-0.0806441057473421,0.0160267628729343
V,GTC,0.155948266677931,0.0850171778351068,0.321660307794809
V,GTG,0.106330854169,0.0465757035650313,0.197602013871074
Y,TAC,-0.156492660417594,-0.310045575350523,-0.0597732833586633
Z,AGC,-0.150501121791545,-0.297354786098003,-0.0478433026000858
