AA,Codon,Posterior,0.025%,0.975%
A,GCA,-0.333495938041806,-0.433361019194126,-0.237059235572815
A,GCC,-0.716262301278114,-0.813388414680958,-0.617706596851349
A,GCG,-0.788667111968994,-0.887849441170692,-0.69117583334446
C,TGC,0.0313563439957321,-0.163389936834574,0.226330811530351
D,GAC,0.725101292836666,0.619807936251163,0.833415856957435
E,GAA,-0.742182425713539,-0.848420116305351,-0.636668063700199
F,TTC,0.915314667987823,0.802340289950371,1.0312827706337
G,GGA,0.139064707842428,-0.0211682614404708,0.296264388412237
G,GGC,-0.434792152011394,-0.535600145161152,-0.333208145946264
G,GGG,0.0752548909808327,-0.0709460718557239,0.221511093899607
H,CAC,0.54713349339366,0.400731205940247,0.688748566806316
I,ATA,1.12732221928835,0.960882410407066,1.29543524384499
I,ATC,0.483175504636765,0.395636057853699,0.568576537072658
K,AAA,-1.12990975430012,-1.23691392540932,-1.02803041338921
L,CTA,0.998986416769028,0.814497150480747,1.18308770358562
L,CTC,0.310745920997858,0.185588428750634,0.437785506993532
L,CTG,-0.765827377641201,-0.869095902144909,-0.66470994502306
L,CTT,0.160725372302684,0.0376296426169574,0.28437138646841
L,TTA,-0.235155461187288,-0.35406970307231,-0.118703576922417
N,AAC,0.410459370189905,0.291623930633068,0.529797242581844
P,CCA,0.0991620211750662,-0.0590185262262821,0.260543461889028
P,CCC,-0.289308211278217,-0.465410147607327,-0.113876842148602
P,CCG,-0.484330999031663,-0.620981876552105,-0.348320703208447
Q,CAA,0.23586106980145,0.128147760406137,0.341706923395395
R,AGA,0.999574095332623,0.785193583369255,1.22691080272198
R,AGG,1.42499892457724,1.12416993975639,1.71767858862877
R,CGA,0.428336225070432,0.229495890811086,0.621502281725407
R,CGC,-0.295733623212576,-0.400274219363928,-0.194947303831577
R,CGG,0.170403961736572,-0.0288085793610662,0.364184935390949
S,TCA,-0.262613857190683,-0.416560412943363,-0.109060832113028
S,TCC,-0.0208395176242606,-0.158830966427922,0.118061097338795
S,TCG,-0.424527883008122,-0.595684923231602,-0.258658779412508
T,ACA,-0.45890056412816,-0.599542750418186,-0.312367058545351
T,ACC,-0.917196575272083,-1.03656931817532,-0.796176680922508
T,ACG,-0.850832641148567,-0.987256395816803,-0.712654803693295
V,GTA,0.582552024787664,0.468405745178461,0.696857984364033
V,GTC,-0.035232524229381,-0.145295031368732,0.0743461694568395
V,GTG,-0.459947817480564,-0.563694201409817,-0.359270633757115
Y,TAC,0.471394459044933,0.325015328079462,0.6184919282794
Z,AGC,-0.336135485921055,-0.470069220662117,-0.200873194262385
