AA,Codon,Posterior,0.025%,0.975%
A,GCA,-0.318147389426897,-0.600951525568962,-0.0516027353703978
A,GCC,-0.0219709682490503,-0.315921320021152,0.254063656926155
A,GCG,-0.346351844576476,-0.620659123361111,-0.0896024037152531
C,TGC,-0.080130792048249,-0.457048074901104,0.294637361913919
D,GAC,-0.259854288643872,-0.442888215184212,-0.0717364635318519
E,GAA,-0.0494875361996328,-0.245961472019553,0.138738958165049
F,TTC,-0.892572657501698,-1.21090882718563,-0.597793097794056
G,GGA,1.2552842063725,0.825082448124886,1.74859076142311
G,GGC,0.16461147427441,-0.0200869485735893,0.351799680292606
G,GGG,0.686273726147413,0.378667109459639,1.00964046418667
H,CAC,-0.645636188979156,-1.0407074034214,-0.276679517328739
I,ATA,1.6885604736574,0.774813698232174,2.89680747389793
I,ATC,-0.595893541052937,-0.815451234579086,-0.383135917782784
K,AAA,0.240167984890426,-0.0052951440331526,0.46796431094408
L,CTA,0.350680044524144,-0.286098060756922,1.12171373665333
L,CTC,-0.328740136962067,-0.717463479936123,0.0487929230555891
L,CTG,-0.812289416229725,-1.12595910727978,-0.52643191665411
L,CTT,0.010779899227112,-0.431936086714268,0.450357519835234
L,TTA,0.96661830202085,0.396656413376331,1.62881542742252
N,AAC,-0.671105873653293,-0.944234497845173,-0.418434873968363
P,CCA,-0.722720077902824,-1.20266216099262,-0.283410334587098
P,CCC,1.09830112955594,0.32328335121274,1.98876126110554
P,CCG,-0.959156907093525,-1.40583674311638,-0.555038170516492
Q,CAA,0.48688183908388,0.224836340546608,0.757914747297764
R,AGA,2.74846533743143,1.45812543332577,4.81731768846512
R,AGG,2.4354250262022,1.22975299954414,4.02961550951004
R,CGA,1.54004306924343,0.977114035189152,2.22189635634422
R,CGC,0.405975144214183,0.20607685893774,0.608468768000603
R,CGG,1.61335853489637,1.07648071944714,2.21469297409058
S,TCA,0.479898282722954,0.075905529782176,0.912947565317153
S,TCC,-0.182370820709792,-0.488158048689365,0.0956896498799322
S,TCG,0.285229337820737,-0.0670305360108614,0.648395229876041
T,ACA,0.433730562858924,-0.0618701168335974,0.948415678739548
T,ACC,-0.360995265681122,-0.734904929995537,-0.0401351643726231
T,ACG,-0.109857302195821,-0.505517795681953,0.232585386559367
V,GTA,0.121234565853238,-0.173257108405232,0.434866728633642
V,GTC,0.299979536226191,0.0220562694594264,0.586696484684944
V,GTG,-0.158835188630496,-0.366598503291607,0.0376855141483247
Y,TAC,-0.228679914763113,-0.469858179241419,0.00701986899366562
Z,AGC,-0.468643396549858,-0.832636095583439,-0.122943453863264
