AA,Codon,Posterior,0.025%,0.975%
A,GCA,0.105986380330956,0.0428702497854829,0.172519802674651
A,GCC,0.352287056803703,0.278638712316751,0.426031670719385
A,GCG,0.348267894604802,0.275113899260759,0.422623144090176
C,TGC,-0.151076991011651,-0.331136247515678,0.0247273258864876
D,GAC,-0.2036718921341,-0.28287550508976,-0.12423162125051
E,GAA,-0.139314724982221,-0.223383496329188,-0.0561843061819673
F,TTC,-0.251333658891171,-0.343616300076246,-0.163571637868881
G,GGA,0.722372107833624,0.575517389178276,0.875974342226981
G,GGC,0.17453954626061,0.10640959776938,0.243965385854244
G,GGG,0.632730960810184,0.507014748454094,0.762219971418381
H,CAC,-0.267862004731595,-0.384632170200348,-0.14690721295774
I,ATA,0.632784581071138,0.449532877653837,0.824617628753185
I,ATC,-0.218624295167625,-0.284919168800116,-0.152842681109905
K,AAA,0.0119544004927617,-0.0571594198234379,0.0789918491616845
L,CTA,0.155341643802661,-0.0292193130590022,0.35004114434123
L,CTC,-0.190789388963826,-0.307398081570864,-0.0714345704764129
L,CTG,-0.370407400736213,-0.468847158551216,-0.271954349428415
L,CTT,-0.194968703131378,-0.309425172954798,-0.0762896578758955
L,TTA,-0.0370021252913364,-0.152699826285243,0.0775340648368001
N,AAC,-0.407665944170952,-0.503092254698277,-0.312602309137583
P,CCA,-0.00056450448542314,-0.130814994871616,0.132471144199371
P,CCC,0.518299850323796,0.339449533820152,0.697107301652431
P,CCG,-0.0832050223002472,-0.198206482827663,0.0228516499511897
Q,CAA,0.0682118818679942,-0.0171361121349037,0.157748037949204
R,AGA,0.840790597313642,0.60051059871912,1.09331922233105
R,AGG,1.19357693493366,0.845059987902641,1.59047296643257
R,CGA,1.11334039834738,0.882704798877239,1.34903259277344
R,CGC,0.18274011422731,0.107576023600996,0.25932567641139
R,CGG,1.33129116975069,1.09091560840607,1.57614999115467
S,TCA,0.397842690074444,0.275580067932606,0.524370855093002
S,TCC,0.0614311229910347,-0.0307167150080204,0.154570271447301
S,TCG,0.702685702681541,0.548715664446354,0.861926558613777
T,ACA,0.435198156309128,0.322461139410734,0.553092981874943
T,ACC,0.167574303819984,0.0882188092917204,0.245311656221747
T,ACG,0.603519667458534,0.489032019674778,0.720692540705204
V,GTA,-0.0862079549196213,-0.156942722201347,-0.0159355052281171
V,GTC,0.251264418658614,0.16503967307508,0.338333341479301
V,GTG,0.376018603405356,0.292460191994905,0.462138213217258
Y,TAC,-0.25436902753897,-0.381129383295774,-0.131790934503079
Z,AGC,-0.127035670786496,-0.247422903776169,-0.00588149144314236
