AA,Codon,Posterior,0.025%,0.975%
A,GCA,-0.357091118067503,-0.458037623763084,-0.26051769927144
A,GCC,-0.742207102274895,-0.843638148903847,-0.638938970863819
A,GCG,-0.808669229507446,-0.907902997732162,-0.710233956575394
C,TGC,0.0460654175439588,-0.151625020429492,0.231698925048113
D,GAC,0.773251451683044,0.664257344603538,0.880861753225327
E,GAA,-0.760843867325783,-0.865295572578907,-0.656147161126137
F,TTC,0.874130645060539,0.765603253245354,0.981050416827202
G,GGA,0.12480072312589,-0.0289934262167662,0.279023757576942
G,GGC,-0.453132060825825,-0.551329247653484,-0.358833506703377
G,GGG,0.0361523975152144,-0.105045159719884,0.173416679725051
H,CAC,0.559739260554314,0.420922064781189,0.706617923080921
I,ATA,1.11154532954693,0.93880221247673,1.27397976815701
I,ATC,0.484304518663883,0.395835048705339,0.570069067180157
K,AAA,-1.10904387431145,-1.21539044082165,-1.00285577178001
L,CTA,0.983189041590691,0.803166282176971,1.16069159805775
L,CTC,0.315568113219738,0.187897837907076,0.445469531416893
L,CTG,-0.77996062977314,-0.882070066034794,-0.681591662764549
L,CTT,0.144181246875739,0.0198068015743047,0.267018629610539
L,TTA,-0.264544370156527,-0.383254773169756,-0.14753679074347
N,AAC,0.418394549906254,0.297389649599791,0.541244818270207
P,CCA,0.0910788539790403,-0.0654143590480089,0.253477454930544
P,CCC,-0.291861768341809,-0.462606970965862,-0.121691117808223
P,CCG,-0.472181516885757,-0.60584411919117,-0.336536481976509
Q,CAA,0.25392487822473,0.155137575417757,0.355430249124765
R,AGA,0.999618436455727,0.781067337095738,1.20292389392853
R,AGG,1.42856908683777,1.11618858277798,1.72423795163631
R,CGA,0.438807773864269,0.251052609831095,0.625688962638378
R,CGC,-0.304475666978955,-0.40410910770297,-0.204014478251338
R,CGG,0.0969481015575264,-0.0846720390021801,0.285046677291393
S,TCA,-0.259125214249268,-0.414166084676981,-0.107507228478789
S,TCC,-0.0354587661006539,-0.172211075201631,0.0995264157652855
S,TCG,-0.419424384562671,-0.57502516657114,-0.259023883193731
T,ACA,-0.476772836089134,-0.610877268016338,-0.33757254704833
T,ACC,-0.936150088119507,-1.04638392329216,-0.822211693227291
T,ACG,-0.896509934735298,-1.0326730966568,-0.767423957586288
V,GTA,0.568025126636028,0.46124876961112,0.675418455898762
V,GTC,-0.0517332075831013,-0.158516763523221,0.0523129387758672
V,GTG,-0.464949823081493,-0.568452437222004,-0.36092112287879
Y,TAC,0.500257200497389,0.354941984266043,0.646121323108673
Z,AGC,-0.295015653811395,-0.42386150509119,-0.165060057118535
