AA,Codon,Posterior,0.025%,0.975%
A,GCA,0.0573173465581553,-0.119600118324161,0.237382358685136
A,GCC,0.174163191120152,-0.00336486536543816,0.341507014632225
A,GCG,-0.0313934059091509,-0.193660826608539,0.117192779481411
C,TGC,-0.0679079483651396,-0.454496754705906,0.308231721073389
D,GAC,-0.311230441921949,-0.453087718039751,-0.172498240694404
E,GAA,0.026468074649933,-0.107829480804503,0.159307932108641
F,TTC,-0.730681400644779,-0.949556957185268,-0.521058298647404
G,GGA,1.18929850239754,0.869344615936279,1.534917730093
G,GGC,0.24276168884486,0.129575938358903,0.36458196491003
G,GGG,0.720905283403397,0.507224297523499,0.949534487724304
H,CAC,-0.530129569718987,-0.798186941444874,-0.266522680222988
I,ATA,2.13726520130634,1.34989771842957,3.15481325387955
I,ATC,-0.419379860156775,-0.588607732951641,-0.255775746703148
K,AAA,-0.0249142375584579,-0.207797273248434,0.148608866333962
L,CTA,0.858664865867794,0.32274105399847,1.48662357330322
L,CTC,0.19033206604842,-0.0998328233137727,0.502442899346352
L,CTG,-0.435842459207773,-0.62986142039299,-0.243898745253682
L,CTT,0.422513173455931,0.109063852578402,0.730033621191979
L,TTA,0.820352915596962,0.491759978979826,1.15978267788887
N,AAC,-0.921083794522286,-1.15661064386368,-0.689444240927696
P,CCA,-0.451537854151148,-0.888835483789444,-0.0325789228081702
P,CCC,0.866173762862384,0.21844395250082,1.51622800827026
P,CCG,-1.16917431209087,-1.54170119464397,-0.827887572348118
Q,CAA,0.586235331714153,0.366790939122438,0.810671693086624
R,AGA,3.64626153235435,2.3287933588028,5.33267743587494
R,AGG,4.01966866178513,3.02461882829666,4.97791919708252
R,CGA,2.04323025569916,1.49961209595203,2.63190106749535
R,CGC,0.383452626216412,0.22473082691431,0.546343103051186
R,CGG,1.36844669215679,1.04048130810261,1.78192773461342
S,TCA,0.606257770076394,0.26103116646409,0.975255401432514
S,TCC,-0.0709561688919202,-0.308240851014853,0.162035043165088
S,TCG,0.1857485072418,-0.0639731161296368,0.445593850314617
T,ACA,1.02892339231968,0.682941235601902,1.42172742784023
T,ACC,-5.69687189345132e-06,-0.176836264133453,0.169694669544697
T,ACG,0.4570025105685,0.238987042754889,0.694793063402176
V,GTA,0.00573359352880507,-0.179750845208764,0.200661244243383
V,GTC,0.176455724895583,-0.0146319722523913,0.366319984942675
V,GTG,0.0977966765271326,-0.0630740471184254,0.262571793794632
Y,TAC,-0.415939098717272,-0.632812632620335,-0.206345105543732
Z,AGC,-0.585894901889563,-0.907286503911018,-0.297250770032406
