AA,Codon,Posterior,0.025%,0.975%
A,GCA,0.118316652217135,0.0529523599892855,0.185009591653943
A,GCC,0.366279445469379,0.291548060625792,0.446544706076384
A,GCG,0.358203588575125,0.289239908754826,0.431791320443153
C,TGC,-0.164020298379811,-0.346742195636034,0.0223820939660072
D,GAC,-0.231640619361401,-0.310880974680185,-0.150568729639053
E,GAA,-0.128220282721706,-0.213873444870114,-0.0476415558718144
F,TTC,-0.225820243433118,-0.313605581223965,-0.14116103053093
G,GGA,0.728923139750957,0.586774809658527,0.880036918818951
G,GGC,0.183309575566649,0.115310991182923,0.252628695219755
G,GGG,0.658179456663132,0.533214710652828,0.785451079905033
H,CAC,-0.27727987742275,-0.39817356467247,-0.156745695322752
I,ATA,0.649600752139092,0.466246391832829,0.847297769784927
I,ATC,-0.217863879328966,-0.283744403719902,-0.152610689029098
K,AAA,0.00149201001119491,-0.0658914729952812,0.071453851275146
L,CTA,0.167238637387952,-0.0187065240461379,0.36947882771492
L,CTC,-0.195061393010186,-0.318075934052467,-0.071262552589178
L,CTG,-0.361046329820156,-0.458770623803139,-0.263508887588978
L,CTT,-0.183144114232669,-0.299369619041681,-0.069640232808888
L,TTA,-0.0151056012274523,-0.134459938108921,0.0992236703634263
N,AAC,-0.411666852366924,-0.503527733683586,-0.318582823872566
P,CCA,0.00626111086216915,-0.126591543108225,0.143687282502651
P,CCC,0.521022566771507,0.350805023312569,0.702340938150883
P,CCG,-0.0903894239441535,-0.200559381768107,0.021732164779678
Q,CAA,0.0565785955830641,-0.0252826991025358,0.139278082177043
R,AGA,0.84558445763588,0.620673599839211,1.08631469905376
R,AGG,1.18926474516392,0.835878372192383,1.56774388253689
R,CGA,1.09560042495728,0.887414371967316,1.32040492296219
R,CGC,0.186667607018352,0.116651110723615,0.259500329196453
R,CGG,1.40980379533768,1.17247687280178,1.63820655345917
S,TCA,0.394079658544064,0.276257296651602,0.523086012899876
S,TCC,0.0700313370174787,-0.0204261049162596,0.16659839451313
S,TCG,0.695956530761719,0.547223006188869,0.851308903098106
T,ACA,0.442321722793579,0.330477098375559,0.550724218785763
T,ACC,0.17514855619967,0.0967269819229841,0.251409993320704
T,ACG,0.632673887181282,0.521415330469608,0.748247995972633
V,GTA,-0.0801196539865457,-0.148729387670755,-0.0137884889030829
V,GTC,0.260974994117022,0.178802264109254,0.342684879153967
V,GTG,0.377444187539816,0.29258545935154,0.468743917346001
Y,TAC,-0.273257548135519,-0.401017329096794,-0.154688714072108
Z,AGC,-0.156290762722353,-0.271651966124773,-0.0416662189178168
