AA,Codon,Posterior,0.025%,0.975%
A,GCA,-0.468805517971516,-0.559314309060574,-0.380695451796055
A,GCC,-1.05988211803436,-1.1410975009203,-0.977860489487648
A,GCG,-1.23732641820908,-1.31261893808842,-1.15928670465946
C,TGC,-0.268009359993786,-0.42564655020833,-0.0932972382754087
D,GAC,0.828965445280075,0.748155625164509,0.915274661779404
E,GAA,-0.585137896728516,-0.662087921798229,-0.508608946204186
F,TTC,0.821608565211296,0.728072927892208,0.911583022773266
G,GGA,0.271587226111442,0.129911811649799,0.411617788672447
G,GGC,-0.353262690162659,-0.42603120431304,-0.280161515623331
G,GGG,0.0813988602799858,-0.0339908902533352,0.19485589787364
H,CAC,0.683380082631111,0.568271544575691,0.804426836967468
I,ATA,1.24041646170616,1.04234136044979,1.45050377249718
I,ATC,0.498679865157604,0.42883682847023,0.569821499288082
K,AAA,-1.08028861262798,-1.16934687793255,-0.99053338766098
L,CTA,1.14310997374058,0.970087845623493,1.32654069364071
L,CTC,0.444919570374489,0.331133596599102,0.560404081642628
L,CTG,-0.793829072451592,-0.877878864109516,-0.704543054103851
L,CTT,0.42335413415432,0.304497703909874,0.539901900291443
L,TTA,-0.0911401614668925,-0.200415728241205,0.0222814885899425
N,AAC,0.257188862121105,0.151217327639461,0.358235355466604
P,CCA,0.0707161226623139,-0.0773875346407294,0.224444815516472
P,CCC,-0.311278931425512,-0.48105256780982,-0.136266361549497
P,CCG,-0.899460869860649,-1.02518612146378,-0.768724802136421
Q,CAA,0.309897126173973,0.217035834491253,0.398813449591398
R,AGA,1.70142984333038,1.42335803210735,1.98104808628559
R,AGG,1.14502314147949,0.798422405123711,1.49641913771629
R,CGA,0.688195257902145,0.492611652612686,0.88885603249073
R,CGC,-0.453574849832058,-0.534883952140808,-0.375830399245024
R,CGG,0.0135400475972032,-0.140647060424089,0.171111308410764
S,TCA,-0.313300939916074,-0.464027901738882,-0.16756695471704
S,TCC,-0.236943534999341,-0.356841812282801,-0.119358412735164
S,TCG,-0.837574835944176,-0.965631374716759,-0.708797158300877
T,ACA,-0.217261383872852,-0.363707637786865,-0.0710435848683118
T,ACC,-1.19426068649292,-1.28957877457142,-1.10283274054527
T,ACG,-1.11683922822475,-1.22743117809296,-1.00664910078049
V,GTA,0.41236789277792,0.311068418622017,0.510830353200436
V,GTC,-0.345116691052914,-0.435543748736382,-0.24799016751349
V,GTG,-0.823498491835594,-0.903255185484886,-0.740528735518455
Y,TAC,0.591256336784363,0.47521270737052,0.705306714773178
Z,AGC,-0.229058547264338,-0.353501213341951,-0.0969986291602254
