AA,Codon,Posterior,0.025%,0.975%
A,GCA,0.143656011016294,0.0621532063931227,0.226623687893152
A,GCC,0.351905523735285,0.27545527368784,0.431360956281424
A,GCG,0.253170899671316,0.181654108688235,0.322453570365906
C,TGC,-0.120296828115542,-0.327447794377804,0.0759531058371068
D,GAC,-0.35080620611906,-0.4274683855474,-0.274715809524059
E,GAA,-0.222154237014055,-0.298449143767357,-0.149423167482018
F,TTC,-0.603189224231243,-0.700815026462078,-0.505277678370476
G,GGA,1.06789029624462,0.894122304022312,1.24835783243179
G,GGC,0.113331810956821,0.0514787108637393,0.17335919290781
G,GGG,0.747858822488785,0.620073881745338,0.878465141355991
H,CAC,-0.502979520070553,-0.63324921131134,-0.374516984820366
I,ATA,1.68694197292328,1.33554694354534,2.03624261617661
I,ATC,-0.421688673841953,-0.491623066365719,-0.350048968940973
K,AAA,-0.127369200598635,-0.216564758121967,-0.0376249227672814
L,CTA,0.244889697995258,-0.0101500355638564,0.506686459481716
L,CTC,-0.247632086254482,-0.393957183510065,-0.0968197466805576
L,CTG,-0.70002960729599,-0.811585372686386,-0.592295621335506
L,CTT,-0.195242616658541,-0.346185771375895,-0.0390043009072542
L,TTA,0.328070244833827,0.17301011569798,0.495742597430944
N,AAC,-0.687917048954964,-0.801765030622482,-0.573446434736252
P,CCA,-0.285676833503693,-0.450666981935501,-0.108504754677415
P,CCC,0.573436928915978,0.345046034455299,0.819401024281979
P,CCG,-0.49957155174017,-0.647555576264858,-0.35333412066102
Q,CAA,0.395447496110201,0.291121853142977,0.504738813638687
R,AGA,1.69347197275162,1.21664311885834,2.18990689516068
R,AGG,3.06274851384163,2.33948014974594,3.83002602458
R,CGA,1.57246875109673,1.26466768085957,1.88312978744507
R,CGC,0.293804920768738,0.214013332501054,0.369257484376431
R,CGG,1.85722923798561,1.60812427699566,2.10967662930489
S,TCA,0.677573403811455,0.517216441035271,0.84989634603262
S,TCC,0.101113409610372,0.00418320078169927,0.19904631190002
S,TCG,0.692396291732788,0.551694516837597,0.844672317802906
T,ACA,0.69325150437355,0.527728945016861,0.865403054654598
T,ACC,0.173048865661025,0.0913814768195152,0.259290596097708
T,ACG,0.636964640653133,0.524258664250374,0.753584386408329
V,GTA,0.0669777546251149,-0.0131990080233663,0.150494427978992
V,GTC,0.549283994197845,0.449313934892416,0.651365268230438
V,GTG,0.355818913412094,0.281084165722132,0.434058293700218
Y,TAC,-0.391158545702696,-0.503168423473835,-0.279735104739666
Z,AGC,-0.617204452168941,-0.787412637472153,-0.455268154293299
