AA,Codon,Posterior,0.025%,0.975%
A,GCA,0.149295649705827,0.0850192679092288,0.21270389072597
A,GCC,0.442704320466518,0.374193742126226,0.514746621251106
A,GCG,0.292879520738125,0.231682227179408,0.350690300017595
C,TGC,-0.0166982172921678,-0.177803448215127,0.136007407307625
D,GAC,-0.370773796772957,-0.444493612647057,-0.297157851606607
E,GAA,-0.160030535081029,-0.230648479610682,-0.093404783681035
F,TTC,-0.638513006973267,-0.7268888220191,-0.551093845069408
G,GGA,1.21773771309853,1.03720336556435,1.40487923324108
G,GGC,0.133178608490527,0.0766375225037336,0.19269542619586
G,GGG,0.784501686859131,0.660670775175095,0.916752509772778
H,CAC,-0.488626444792747,-0.601845154166222,-0.375783471018076
I,ATA,1.46141597223282,1.14592174887657,1.78548154830933
I,ATC,-0.397526503956318,-0.459161122888327,-0.335243242233992
K,AAA,-0.0519828269291116,-0.115263577178121,0.0116411054041237
L,CTA,0.322498875900032,0.0935620868578553,0.556383542716503
L,CTC,-0.367989935976267,-0.495233555138111,-0.239207166060805
L,CTG,-0.709984868431091,-0.811387766897678,-0.60744174271822
L,CTT,-0.172372871621908,-0.302579770982265,-0.0294891953468322
L,TTA,0.166577646274323,0.0282781336922199,0.305984971672297
N,AAC,-0.685089561033249,-0.790047280490398,-0.5828763499856
P,CCA,-0.273794729280286,-0.444560372084379,-0.112100640684366
P,CCC,0.737951277112961,0.500999131798744,0.981536297500133
P,CCG,-0.448501590907574,-0.591098739206791,-0.313808541744947
Q,CAA,0.371405459862947,0.28338724821806,0.462320347130299
R,AGA,1.39502114861011,0.98954586237669,1.83837777376175
R,AGG,2.86776600704193,2.23196097612381,3.56209090352058
R,CGA,1.6520912563324,1.37060140967369,1.94885462522507
R,CGC,0.334346229439974,0.267817216366529,0.403047981858254
R,CGG,1.62115595450401,1.40788353383541,1.85375682711601
S,TCA,0.742501773655415,0.595237120985985,0.890315048396587
S,TCC,0.145696230818331,0.0624405882321298,0.233251681923866
S,TCG,0.738780981636047,0.616844660043716,0.864834310114384
T,ACA,0.70005542088747,0.55246034860611,0.855095900595188
T,ACC,0.0976861819095677,0.0288004836533219,0.168460152298212
T,ACG,0.636419015181065,0.536263275146484,0.74614010155201
V,GTA,0.108102877445892,0.037102937232703,0.179513885080814
V,GTC,0.40060561580658,0.324426539242268,0.482176715880632
V,GTG,0.363214100855589,0.300400164723396,0.428364117443562
Y,TAC,-0.379454721361399,-0.490089037269354,-0.269350401312113
Z,AGC,-0.652603210163117,-0.797402064502239,-0.515875539183617
