AA,Codon,Posterior,0.025%,0.975%
A,GCA,-0.424594553571939,-0.504794768989086,-0.344352436810732
A,GCC,-0.882184711432457,-0.962285777926445,-0.805176688730717
A,GCG,-1.01300985178947,-1.08873200416565,-0.937786713242531
C,TGC,-0.0287991568120568,-0.175906774774194,0.113975405320525
D,GAC,0.809406397759914,0.731382018327713,0.88567620664835
E,GAA,-0.692407069206238,-0.769427224993706,-0.61455140709877
F,TTC,0.903816271281242,0.814860504865646,0.989606450498104
G,GGA,0.0520679185044843,-0.0705827282741666,0.174785138294101
G,GGC,-0.420638084703684,-0.493015579134226,-0.350435270369053
G,GGG,0.0192387611526283,-0.0890728319063783,0.127732450142503
H,CAC,0.685160165554285,0.570429609715939,0.79535895138979
I,ATA,1.13401501998901,0.983815377950668,1.27900695800781
I,ATC,0.504237061935663,0.434747226536274,0.572188574075699
K,AAA,-1.07172262737751,-1.15539258420467,-0.988904251158238
L,CTA,1.0184781547308,0.870586775243282,1.16771798729897
L,CTC,0.386022046527267,0.283723449707031,0.488954953849316
L,CTG,-0.746114079916477,-0.828936247527599,-0.665849961340428
L,CTT,0.202510888712108,0.103676692955196,0.302829699218273
L,TTA,-0.250424625308812,-0.352670759707689,-0.148477659747005
N,AAC,0.434082683116198,0.342740543931723,0.525193409621715
P,CCA,0.111475962333148,-0.0181731257587671,0.24106924161315
P,CCC,-0.428068541035056,-0.577439501881599,-0.276233865320683
P,CCG,-0.676624714922905,-0.789965854585171,-0.564638985693455
Q,CAA,0.228622822729498,0.146051395311952,0.311071075499058
R,AGA,1.00469234968424,0.80347363203764,1.21264050602913
R,AGG,1.44073602710962,1.16438381373882,1.7057777017355
R,CGA,0.390910595193505,0.22433188855648,0.554810221493244
R,CGC,-0.358281728452444,-0.435515017807484,-0.280629649013281
R,CGG,0.0661812574002608,-0.0868034482002258,0.219629903510213
S,TCA,-0.362005972898006,-0.492087606340647,-0.232941266894341
S,TCC,-0.0637925077499915,-0.173853488638997,0.0459591456688938
S,TCG,-0.640589935284853,-0.770183093845844,-0.513847477734089
T,ACA,-0.491889217978716,-0.615865448117256,-0.368895354121923
T,ACC,-1.06040783656836,-1.15316183567047,-0.967748995125294
T,ACG,-1.02871589761972,-1.14001529812813,-0.921789792180061
V,GTA,0.577005435180664,0.488674985617399,0.666295197606087
V,GTC,-0.181242044526339,-0.265400483459234,-0.100123405456543
V,GTG,-0.636314223623276,-0.712131483852863,-0.560120035707951
Y,TAC,0.608605093276501,0.502703818678856,0.718968276679516
Z,AGC,-0.24241610933207,-0.35553787574172,-0.128163573518396
