AA,Codon,Posterior,0.025%,0.975%
A,GCA,0.157847693064064,0.0825407987460494,0.232556285336613
A,GCC,0.314229859063029,0.239212246984243,0.390990398824215
A,GCG,0.128703511629766,0.0599488757550716,0.196908409148455
C,TGC,-0.297641825228184,-0.46061254888773,-0.142339792475104
D,GAC,-0.31945567702353,-0.387759605050087,-0.251695449650288
E,GAA,-0.201535276545584,-0.275890855491161,-0.128475529327989
F,TTC,-0.695022134006023,-0.786179588735104,-0.603973335027695
G,GGA,1.46595245096684,1.29588547945023,1.63862020969391
G,GGC,0.185387838424742,0.127289134263992,0.243095045164227
G,GGG,0.88961255505085,0.76514278203249,1.00865557193756
H,CAC,-0.555305614596605,-0.679929810762405,-0.435071308165789
I,ATA,1.99716811378002,1.70101049542427,2.31726224422455
I,ATC,-0.375699689757824,-0.44350325986743,-0.310321275889874
K,AAA,-0.16208592117019,-0.246353290975094,-0.0795080048963428
L,CTA,0.587474280577898,0.346144112944603,0.828448522090912
L,CTC,-0.347022286343575,-0.482877035439014,-0.212418587505817
L,CTG,-0.850834539592266,-0.958878211677074,-0.743469215929508
L,CTT,-0.0016576113185045,-0.146531813591719,0.138428702577948
L,TTA,0.4551110691607,0.298656228929758,0.612102898955345
N,AAC,-0.777555668926239,-0.879744584858418,-0.678857417404652
P,CCA,-0.396734270021319,-0.566011740267277,-0.234614790230989
P,CCC,0.7782065980196,0.549990321695805,1.0110451489687
P,CCG,-0.744650511801243,-0.895314472913742,-0.603752706944943
Q,CAA,0.540301123386622,0.440861183404922,0.644349324703216
R,AGA,2.90729204382896,2.42375642061234,3.38592064976692
R,AGG,3.37264984869957,2.69503695964813,4.09507887363434
R,CGA,2.09923730809689,1.81760973036289,2.3964046061039
R,CGC,0.261249949923158,0.190023851767182,0.333395248651504
R,CGG,1.78464095923901,1.55292348265648,2.01974536180496
S,TCA,0.806698638796806,0.655344422161579,0.96517953723669
S,TCC,0.037154496394283,-0.0531609459780157,0.12861563526094
S,TCG,0.602677633529902,0.475858163833618,0.731509383022785
T,ACA,1.06047417392731,0.893691065907478,1.22979510128498
T,ACC,0.0308559277694776,-0.0521915560588241,0.110988388955593
T,ACG,0.540840757387877,0.431340128183365,0.652608898282051
V,GTA,0.0759701220268733,0.0008241034403909,0.154662703722715
V,GTC,0.36269180559516,0.282037133723497,0.443447419255972
V,GTG,0.230412663121521,0.164749260991812,0.294710525870323
Y,TAC,-0.358768993198872,-0.459916599839926,-0.25950729995966
Z,AGC,-0.715112920534611,-0.871002313494682,-0.561504276096821
