AA,Codon,Posterior,0.025%,0.975%
A,GCA,0.147216415718943,0.090595480427146,0.207195224240422
A,GCC,0.441496968799829,0.376026431471109,0.508545552194118
A,GCG,0.478888299483061,0.414405015856028,0.543175181746483
C,TGC,-0.107608427621086,-0.259560297429562,0.0403129522688687
D,GAC,-0.252317781093717,-0.319133779406548,-0.187128567695618
E,GAA,-0.169357277611643,-0.242180156335235,-0.0980370435863734
F,TTC,-0.244736755028367,-0.324224715679884,-0.166585713624954
G,GGA,0.795111691141129,0.665185762941837,0.931125967204571
G,GGC,0.165898208746314,0.108894499763846,0.223232205584645
G,GGG,0.675207516127825,0.562599901854992,0.791384755074978
H,CAC,-0.358082722783089,-0.464012239128351,-0.249207207560539
I,ATA,0.629697536939383,0.462966120243072,0.802663370966911
I,ATC,-0.230265586201847,-0.287295319885015,-0.173713986575603
K,AAA,-0.0164922275199588,-0.0776456223800778,0.0442625750787556
L,CTA,0.137056072025912,-0.0245477325282991,0.302538479119539
L,CTC,-0.246168627487123,-0.351680868864059,-0.139583215489984
L,CTG,-0.386041048783064,-0.472216779738665,-0.303815820068121
L,CTT,-0.225715951633453,-0.32883780375123,-0.125392816960812
L,TTA,-0.024455681746451,-0.132919301465154,0.0822521395981312
N,AAC,-0.422170057761669,-0.505866844952106,-0.341624948382378
P,CCA,-0.00694601446267407,-0.120360036939383,0.106367545574903
P,CCC,0.617270920240879,0.457674112915993,0.783083269000053
P,CCG,0.0342643322264752,-0.0662491718307137,0.130315732955933
Q,CAA,0.0728974002124425,-0.000551937385171185,0.151787583529949
R,AGA,0.821653784197569,0.606218783557415,1.0461760610342
R,AGG,1.15952187050581,0.827344903349876,1.5402717769146
R,CGA,1.13484110022783,0.926672951877117,1.35312604606152
R,CGC,0.21723790383935,0.152770622819662,0.283136785030365
R,CGG,1.42934758958817,1.21943943798542,1.64501956999302
S,TCA,0.458856407448649,0.345136956125498,0.578096011281014
S,TCC,0.0816069504050029,-0.000885496626142411,0.165431310236454
S,TCG,0.870744885194302,0.735661986470223,1.01053257584572
T,ACA,0.434998008334637,0.33421942293644,0.537924213707447
T,ACC,0.238606153920293,0.167960365861654,0.307674540579319
T,ACG,0.714211719036102,0.61503047645092,0.818346391618252
V,GTA,-0.0818755933141303,-0.144558688998222,-0.0223789154086262
V,GTC,0.337449500089884,0.265470810234547,0.413941982388496
V,GTG,0.49045091124773,0.417648970335722,0.564112916588783
Y,TAC,-0.345376369667053,-0.454502399265766,-0.240145213156939
Z,AGC,-0.193159228850063,-0.305342102795839,-0.0828220898285509
