AA,Codon,Posterior,0.025%,0.975%
A,GCA,-0.344343156224489,-0.440321189910173,-0.251518616080284
A,GCC,-0.767489659368992,-0.863334934413433,-0.670483486354351
A,GCG,-0.828683304274082,-0.922009426355362,-0.733649498224258
C,TGC,0.0136904225182209,-0.171040950715542,0.202455670014024
D,GAC,0.747337411761284,0.645271520316601,0.847294211387634
E,GAA,-0.732194973480701,-0.829191605746746,-0.630131220817566
F,TTC,0.874440103244781,0.768278497457504,0.981443306803703
G,GGA,0.120024243865067,-0.0348133464343846,0.272407491505146
G,GGC,-0.449684002384543,-0.541378456354141,-0.35451392531395
G,GGG,0.0245939953753226,-0.115991487726569,0.159927465394139
H,CAC,0.587595833563805,0.448588990420103,0.733220566809177
I,ATA,1.12242282134295,0.964454554021358,1.28095242679119
I,ATC,0.492044689941406,0.40842777043581,0.577918566763401
K,AAA,-1.12069134045839,-1.22255528271198,-1.01731469631195
L,CTA,0.993170524394512,0.813798692822456,1.17232276499271
L,CTC,0.316962562142313,0.193615723773837,0.438585027307272
L,CTG,-0.757017502617836,-0.853959879279137,-0.662646621465683
L,CTT,0.147982928153953,0.0290936471894383,0.269039802253246
L,TTA,-0.255603363520652,-0.374086220562458,-0.14056399166584
N,AAC,0.428487704735994,0.313577397912741,0.545385603606701
P,CCA,0.118532456288113,-0.0413913570344448,0.277288206666708
P,CCC,-0.312252750140615,-0.488374181836844,-0.139164296910167
P,CCG,-0.498662942782044,-0.635333146154881,-0.366732560843229
Q,CAA,0.235127958587557,0.137008265033364,0.336929208785295
R,AGA,1.01828329117298,0.795082519948483,1.23039607703686
R,AGG,1.47241902501583,1.16819156706333,1.76515747308731
R,CGA,0.438362209159136,0.247576875984669,0.636874032020569
R,CGC,-0.304247667536139,-0.402672056108713,-0.207956318184734
R,CGG,0.113269205264073,-0.072493371553719,0.301681900769472
S,TCA,-0.287759189895634,-0.434797713160515,-0.142590921744704
S,TCC,-0.0629404459319921,-0.19608986005187,0.0711846765130757
S,TCG,-0.483203155970573,-0.641554783284664,-0.327401655912399
T,ACA,-0.458460769620538,-0.600408168137074,-0.320764493197203
T,ACC,-0.93775174498558,-1.05207813382149,-0.824946150183678
T,ACG,-0.873351310586929,-1.00759720206261,-0.742635661363602
V,GTA,0.528958081257343,0.421834963560104,0.637530580163002
V,GTC,-0.0653139708811315,-0.171862732991576,0.0383264509961007
V,GTG,-0.476185431820154,-0.578250524401665,-0.378920765966177
Y,TAC,0.525695013034344,0.383687695115805,0.665941116213798
Z,AGC,-0.30047415342927,-0.431522423774004,-0.173241359740496
