AA,Codon,Posterior,0.025%,0.975%
A,GCA,0.110899970013765,0.0489168259315193,0.175799598917365
A,GCC,0.383166301876307,0.308339384943247,0.45737384185195
A,GCG,0.371211344182491,0.300455578416586,0.44621509835124
C,TGC,-0.140814283083226,-0.318744447827339,0.0379097041673958
D,GAC,-0.216642329007387,-0.294135238975286,-0.137673239037395
E,GAA,-0.145620714494213,-0.226989969983697,-0.0666179349645972
F,TTC,-0.225706205001473,-0.313426741212606,-0.136425741389394
G,GGA,0.732172535771132,0.585598163306713,0.882949537038803
G,GGC,0.182066129321605,0.115987226553261,0.247099345549941
G,GGG,0.668385484009981,0.539480231702328,0.803478460013866
H,CAC,-0.293944577080011,-0.412575437873602,-0.180252175405622
I,ATA,0.639624843645096,0.464156102389097,0.828133741021156
I,ATC,-0.223602572402358,-0.288922175019979,-0.16039665043354
K,AAA,0.00671313539885086,-0.0613972253166139,0.0737852087244391
L,CTA,0.157940515922435,-0.0277458358090371,0.35360257551074
L,CTC,-0.196527378891455,-0.316853138804436,-0.07707096952945
L,CTG,-0.376014413398504,-0.472364334762096,-0.282323119044304
L,CTT,-0.185520575345354,-0.30168217420578,-0.0686172846704722
L,TTA,-0.0205051022238151,-0.136488501727581,0.0946877876296639
N,AAC,-0.41952038860321,-0.518988341093063,-0.324685699492693
P,CCA,-0.0117498634782041,-0.146708407253027,0.117909660190344
P,CCC,0.537411497265101,0.362471280246973,0.720255550742149
P,CCG,-0.0743629367424357,-0.18603250682354,0.034601857047528
Q,CAA,0.0688368762974365,-0.0160779064986855,0.156589633971453
R,AGA,0.818637632358074,0.584127707779407,1.06477674841881
R,AGG,1.14537405682802,0.786957885324955,1.55614255070686
R,CGA,1.09606646243334,0.867675492167473,1.33685536384582
R,CGC,0.186494808568805,0.114672441780567,0.261931274831295
R,CGG,1.39457819156647,1.16166027188301,1.64301280379295
S,TCA,0.410686796295643,0.290678311884403,0.538316898047924
S,TCC,0.0823687536402678,-0.0108085714513436,0.174851237609983
S,TCG,0.742970437204838,0.588892588019371,0.900730882585049
T,ACA,0.431759643310308,0.319918951392174,0.545613759756088
T,ACC,0.176789333453029,0.100249628722668,0.254237398505211
T,ACG,0.61639410020113,0.503098377585411,0.732192738354206
V,GTA,-0.0619175519357494,-0.131665416434407,0.0104411031818016
V,GTC,0.266966190546751,0.186814639344811,0.349925439059734
V,GTG,0.382460625520349,0.300943748652935,0.464754002541304
Y,TAC,-0.290851896237582,-0.414612529426813,-0.165366657078266
Z,AGC,-0.15270288476508,-0.271277993917465,-0.0379441658034921
