AA,Codon,Posterior,0.025%,0.975%
A,GCA,0.218995878194168,0.0762936403974891,0.364024182409048
A,GCC,0.229711159852165,0.103574710525572,0.35537576302886
A,GCG,0.0760246853805566,-0.0436289978213608,0.18747873082757
C,TGC,-0.255440414913962,-0.542426350712776,0.0124110612319779
D,GAC,-0.192929662176384,-0.304974099993706,-0.0817277589812875
E,GAA,-0.0473191198493267,-0.159280912950635,0.0620232709683477
F,TTC,-0.85882530605793,-1.02164552509785,-0.698552484810352
G,GGA,1.67888418648243,1.33534893095493,2.04166192412376
G,GGC,0.229764900414273,0.127688836306334,0.334018933027983
G,GGG,0.847298215895891,0.648955199122429,1.05754135847092
H,CAC,-0.497916042762995,-0.707103794813156,-0.297304337471724
I,ATA,1.58768931724429,1.05636289417744,2.1765176653862
I,ATC,-0.497607042896748,-0.618338045477867,-0.376605519652367
K,AAA,-0.0776539985111609,-0.222056755796075,0.0629172921180725
L,CTA,0.238116663514917,-0.101709080114961,0.618078738451004
L,CTC,-0.256599141774152,-0.478606673330069,-0.0392250342294579
L,CTG,-0.753500632840395,-0.928518369793892,-0.585821536183358
L,CTT,0.222066440241184,-0.0415821880102158,0.485351902991533
L,TTA,0.652325186555088,0.378952430188656,0.933756802976131
N,AAC,-0.893005821681023,-1.08281776309013,-0.70785271525383
P,CCA,-0.626252165675908,-0.961274081468582,-0.303002498298884
P,CCC,0.555863032627838,0.111087460257113,1.03142276704311
P,CCG,-1.17298633720875,-1.47499842047691,-0.892958368360996
Q,CAA,0.573629952460527,0.402568650990725,0.752957360446453
R,AGA,3.18967704050541,2.25989470481873,4.50943771600723
R,AGG,2.21983470851183,1.45130366683006,3.2418063044548
R,CGA,1.96897433536053,1.50366537570953,2.49534742236137
R,CGC,0.201892669435032,0.0841529082506895,0.32081011608243
R,CGG,1.68805651021004,1.31279976069927,2.09252304434776
S,TCA,0.65800948843956,0.40202751532197,0.931792196631431
S,TCC,0.114892159177709,-0.0549663330428302,0.293001110106707
S,TCG,0.392382255296409,0.197059255465865,0.606695413589478
T,ACA,0.893763567638397,0.58898708820343,1.22424137592316
T,ACC,-0.210020610619383,-0.379484543204308,-0.0475645903497935
T,ACG,0.305764415922062,0.0931310296058655,0.52290938347578
V,GTA,0.133942175885482,-0.00747142484178767,0.284457343071699
V,GTC,0.381963021823764,0.232802516594529,0.537405425310135
V,GTG,0.193882676240429,0.0776336936280131,0.311693708598614
Y,TAC,-0.439215199413896,-0.607921852171421,-0.275742363184691
Z,AGC,-0.459130899730884,-0.723639117181301,-0.215557422488928
