AA,Codon,Posterior,0.025%,0.975%
A,GCA,-0.383405627420545,-0.456877397745848,-0.311564442515373
A,GCC,-0.916185784506798,-0.988887877762318,-0.842367328703403
A,GCG,-0.993423153448105,-1.06579868197441,-0.922418999671936
C,TGC,-0.0437647464859601,-0.185395600274205,0.0962704284116626
D,GAC,0.711850911021233,0.638437825441361,0.786592841148376
E,GAA,-0.638424201095104,-0.711291097104549,-0.566101785004139
F,TTC,0.994274327206612,0.909088535606861,1.07640041410923
G,GGA,0.203024408833263,0.0932983156293631,0.315040045976639
G,GGC,-0.40999286994338,-0.478085117042065,-0.343522092700005
G,GGG,0.072696107086238,-0.0273398341611028,0.169491531699896
H,CAC,0.635908710813522,0.534198342263699,0.742983485758305
I,ATA,1.18910745830536,1.05128325819969,1.32492619156837
I,ATC,0.507456718152761,0.443390102684498,0.573120239377022
K,AAA,-1.06670215096474,-1.14555369913578,-0.985426703095436
L,CTA,1.04128544956446,0.903034019470215,1.18519074618816
L,CTC,0.352627305975556,0.253767911344767,0.45008787214756
L,CTG,-0.78539964953661,-0.86693202406168,-0.705397327244282
L,CTT,0.210639777218178,0.114061434008181,0.306423974782228
L,TTA,-0.166615229512285,-0.260025364160538,-0.0716335356235505
N,AAC,0.431463946855068,0.345444753021002,0.517976135015488
P,CCA,0.0348818951165608,-0.0850996758788824,0.156288461387157
P,CCC,-0.362284962055087,-0.496125685423613,-0.229656891152263
P,CCG,-0.621915165382624,-0.719696567952633,-0.522505879402161
Q,CAA,0.328004566940665,0.250590229406953,0.403618742525578
R,AGA,1.01406754969358,0.813030342757702,1.21464450359344
R,AGG,1.463225552845,1.16722997426987,1.73461241424084
R,CGA,0.542477492964268,0.384757290035486,0.699970500171184
R,CGC,-0.315627651944757,-0.387267504632473,-0.242739316821098
R,CGG,0.136063876092981,-0.00660826923558488,0.282538943737745
S,TCA,-0.288470392082632,-0.404291243106127,-0.17166055701673
S,TCC,-0.114073084241475,-0.215863623842597,-0.0109819064149634
S,TCG,-0.542544132173061,-0.663831371068955,-0.41995612680912
T,ACA,-0.493714810973406,-0.612252001464367,-0.380018337070942
T,ACC,-1.11788051332235,-1.20345756113529,-1.03314472436905
T,ACG,-1.06292637103796,-1.16309743225575,-0.959079819917679
V,GTA,0.59134318434,0.511042821407318,0.670812252163887
V,GTC,-0.200821648449451,-0.27988915592432,-0.125028433836997
V,GTG,-0.576564961415529,-0.648884996771812,-0.5021588280797
Y,TAC,0.535667174118757,0.433309035748243,0.63972078859806
Z,AGC,-0.278702533438802,-0.376770847290754,-0.178358408808708
