AA,Codon,Posterior,0.025%,0.975%
A,GCA,0.127085853245109,0.0711956964805722,0.183785682916641
A,GCC,0.467704198980331,0.403046482056379,0.533688299357891
A,GCG,0.467059472084045,0.403451251983643,0.530688719451427
C,TGC,-0.100603881681486,-0.251429944485426,0.050014636851847
D,GAC,-0.196442638581991,-0.26354074627161,-0.13097679130733
E,GAA,-0.20400619494915,-0.27661699950695,-0.136365236341953
F,TTC,-0.301424663686752,-0.377516095340252,-0.226641191542149
G,GGA,0.673319787216187,0.555426949262619,0.795855356752872
G,GGC,0.161686261553317,0.105686215683818,0.219014652073383
G,GGG,0.637978883272409,0.531888274848461,0.744936664402485
H,CAC,-0.325838881063461,-0.428119809180498,-0.222155267372727
I,ATA,0.577562973296642,0.424675285071135,0.745275230705738
I,ATC,-0.23217150760293,-0.289209948480129,-0.176008401438594
K,AAA,-0.0190087898377045,-0.0788854977115989,0.0387258816510439
L,CTA,0.116333011663713,-0.0441675839014351,0.283107841014862
L,CTC,-0.222716177035123,-0.324466542899609,-0.120838838256896
L,CTG,-0.360716542634368,-0.447200089693069,-0.277802392840386
L,CTT,-0.231166514024138,-0.331130646169186,-0.130986886844039
L,TTA,-0.091204357601489,-0.192746768146753,0.00899293185211712
N,AAC,-0.420675360250473,-0.50108387619257,-0.341159655898809
P,CCA,0.0404742784335627,-0.0695951879024506,0.154530887305736
P,CCC,0.561409677451849,0.413167233765125,0.710646018385887
P,CCG,0.00126221021540405,-0.0926553312689066,0.0935231603682041
Q,CAA,0.00755329633572574,-0.0648036390542984,0.081473770737648
R,AGA,0.825840616029501,0.608993536233902,1.06164349913597
R,AGG,1.15098277494907,0.816770966351032,1.5480201870203
R,CGA,0.992361825931072,0.804604624211788,1.18769215345383
R,CGC,0.193268607157469,0.12945651113987,0.255241740494966
R,CGG,1.36599394866228,1.16801407039166,1.57042954564095
S,TCA,0.405250281330943,0.299179647862911,0.512809409201145
S,TCC,0.107992077208194,0.0279862361960113,0.189920233562589
S,TCG,0.78548037623167,0.652607916295528,0.918001201748848
T,ACA,0.429559852898121,0.333770269155502,0.527808658778667
T,ACC,0.26807683005929,0.202042626217008,0.335823683440685
T,ACG,0.730640967714786,0.633215837180614,0.829941862821579
V,GTA,-0.0885814952687913,-0.146716618537903,-0.0294124021660537
V,GTC,0.352784752631187,0.282176225632429,0.424194359779358
V,GTG,0.448779085224867,0.378233524411917,0.521272766590118
Y,TAC,-0.296580397647619,-0.400730971992016,-0.192541182413697
Z,AGC,-0.167607459649863,-0.268595053255558,-0.066449277661741
