AA,Codon,Posterior,0.025%,0.975%
A,GCA,0.1647034153983,0.109231401979923,0.224614527449012
A,GCC,0.341395224255323,0.281225228309631,0.403943037986755
A,GCG,0.297677993676066,0.240783117711544,0.356165227293968
C,TGC,-0.121522299766511,-0.268398460000753,0.0208004553336649
D,GAC,-0.241491580986977,-0.303104405850172,-0.180862390622497
E,GAA,-0.145599020268023,-0.211526612564921,-0.0811537828296424
F,TTC,-0.533925723689795,-0.612294860184193,-0.454747772216797
G,GGA,0.932867154145241,0.805557388067246,1.0612578779459
G,GGC,0.150504192996025,0.0977828320115805,0.203283384442329
G,GGG,0.645519694155455,0.545879597961903,0.745189759135246
H,CAC,-0.402219177004695,-0.505635917186737,-0.302358689159155
I,ATA,1.31722575087547,1.0894338876009,1.55414305329323
I,ATC,-0.331441385036707,-0.392622698843479,-0.270391303300858
K,AAA,-0.0876750902673928,-0.154347577691078,-0.0200445452705026
L,CTA,0.215609850779176,0.0241239751689136,0.411978906393051
L,CTC,-0.401718992945552,-0.517518879473209,-0.281038596481085
L,CTG,-0.701485403996706,-0.803013025224209,-0.60045775026083
L,CTT,-0.24831863611415,-0.369266807287931,-0.12300286218524
L,TTA,0.0356350789320289,-0.089808695949614,0.165208380296826
N,AAC,-0.569042329007387,-0.655902092158794,-0.483170574903488
P,CCA,-0.0915399258779957,-0.219057618454099,0.0364943154156206
P,CCC,0.527734719067812,0.368052408844233,0.69117437005043
P,CCG,-0.34145106754005,-0.44758315756917,-0.236118432506919
Q,CAA,0.308152665087581,0.226562189683318,0.393309732526541
R,AGA,2.48822567665577,2.07318039536476,2.92555203437805
R,AGG,2.69288575446606,2.08282134532928,3.37253115773201
R,CGA,1.45579775693417,1.22329220175743,1.68805985450745
R,CGC,0.238494811245799,0.17463207654655,0.30458996668458
R,CGG,1.52040753042698,1.31663321256638,1.74150067865849
S,TCA,0.607402735471726,0.480846929550171,0.736468130350113
S,TCC,0.0477981739353821,-0.0361743955872953,0.134012025594711
S,TCG,0.596716950958967,0.471319294720888,0.719667418301105
T,ACA,0.851322304809093,0.72218701839447,0.988239021599293
T,ACC,0.128424614174291,0.0621331559494138,0.195786995440721
T,ACG,0.589013242274523,0.49170211404562,0.685662233829498
V,GTA,-0.0686659666997555,-0.131033609434962,-0.00531142477411783
V,GTC,0.277769059643149,0.206979624554515,0.348587276786566
V,GTG,0.270614155319333,0.206230221688747,0.337205874174833
Y,TAC,-0.281061796365678,-0.371018801629543,-0.190155766531825
Z,AGC,-0.384101984399557,-0.504735116660595,-0.263935025781393
