AA,Codon,Posterior,0.025%,0.975%
A,GCA,-0.366173344980925,-0.482432373613119,-0.255552994459867
A,GCC,-0.695295653623343,-0.832345469295979,-0.577541060745716
A,GCG,-0.908503976118565,-1.04940957129002,-0.786616343259812
C,TGC,-0.0198167261594783,-0.269417563825846,0.240683503821492
D,GAC,0.74224755223766,0.629740969836712,0.8737369120121
E,GAA,-0.735949825956672,-0.851079694926739,-0.607212828099728
F,TTC,0.70292092686519,0.575617867708206,0.835820317268371
G,GGA,0.0816810499166317,-0.201157123222947,0.318601547181606
G,GGC,-0.35411586274649,-0.459920304268599,-0.259201242029667
G,GGG,-0.0594845619088112,-0.294879718124866,0.135419792681932
H,CAC,0.51342223636806,0.345458436757326,0.694206541776657
I,ATA,0.488322926913342,0.0704943235963583,0.911561673879623
I,ATC,0.486103325849213,0.379281754791737,0.604456652700901
K,AAA,-1.12999943578728,-1.25261260867119,-1.00062333196402
L,CTA,0.825922610175703,0.511209823191166,1.09099233746529
L,CTC,0.40569119245857,0.248142639175057,0.581518083810806
L,CTG,-0.837934506365657,-0.968287241458893,-0.671204335987568
L,CTT,0.242488904785126,0.0807126618921757,0.407499828934669
L,TTA,-0.218941492858078,-0.381929422914982,-0.0635006118565799
N,AAC,0.155677369301697,0.0282325881067663,0.304104866087437
P,CCA,0.0414605546283174,-0.115620677545667,0.191862465441227
P,CCC,0.0148622593593267,-0.150466467440128,0.185066993534565
P,CCG,-0.725357623636723,-0.862456120550632,-0.589882709085941
Q,CAA,0.421227782639116,0.315941905230284,0.532556819915771
R,AGA,1.41915798464186,1.13587100803852,1.65915285348892
R,AGG,1.81296282169148,1.41918736696243,2.15250890851021
R,CGA,0.964735295265028,0.713678216934204,1.17315304577351
R,CGC,-0.263487522402219,-0.373777420818806,-0.161101265624166
R,CGG,0.702078114823299,0.451976530998945,0.909641057252884
S,TCA,-0.178822405489732,-0.374309627711773,-0.0174937041010708
S,TCC,-0.0273834630048825,-0.16450160741806,0.107415315322578
S,TCG,-0.24065911696043,-0.430640565603971,-0.0771528584882618
T,ACA,-0.268532432383861,-0.422271703928709,-0.127831310033798
T,ACC,-0.936754589607846,-1.05683836042881,-0.823847109079361
T,ACG,-0.640559204347432,-0.784185679256916,-0.505142930150032
V,GTA,0.430892145739868,0.316412715613842,0.541885671019554
V,GTC,-0.0608471330142485,-0.199064122512937,0.0565558223985135
V,GTG,-0.547691441363096,-0.679918186366558,-0.430745531618595
Y,TAC,0.412652288213931,0.275490507483482,0.565746839344501
Z,AGC,-0.441897217771411,-0.565162573754787,-0.31607254371047
