AA,Codon,Posterior,0.025%,0.975%
A,GCA,0.117845119342199,0.0332299114204943,0.218571374937892
A,GCC,0.293515181277692,0.1823481105268,0.431676808744668
A,GCG,0.45377833148241,0.325435423851013,0.602856786549091
C,TGC,-0.0964268673101353,-0.381761445850134,0.163756835460663
D,GAC,-0.194087765006069,-0.321366100013256,-0.0921176176518202
E,GAA,-0.160372730567557,-0.301483598351479,-0.0432046574540437
F,TTC,-0.0428678385980587,-0.159584592655301,0.0794408239424228
G,GGA,0.861766952753067,0.566282720863819,1.22035969495773
G,GGC,0.103458822449832,0.025595485419035,0.195852976664901
G,GGG,0.878653833943605,0.635258968174458,1.1840618789196
H,CAC,-0.214662324162386,-0.391121257096529,-0.0570963857695462
I,ATA,1.81444315731525,1.06131845116615,2.60997766852379
I,ATC,-0.20944107027133,-0.323994370549917,-0.115203054249287
K,AAA,0.000997141065139885,-0.111539910174906,0.100600801967084
L,CTA,0.397885335260443,0.0539608365856111,0.855468453466892
L,CTC,-0.290855766628031,-0.469588609784842,-0.129005317762494
L,CTG,-0.303092900455743,-0.486861889064312,-0.16274889819324
L,CTT,-0.28781662870571,-0.461138807237148,-0.118683939427137
L,TTA,-0.0752418027755295,-0.250682045519352,0.111615676805377
N,AAC,-0.181064264906663,-0.313558066636324,-0.0650627501308918
P,CCA,0.0466235213163483,-0.0820901472121477,0.18198823556304
P,CCC,0.131342048696173,-0.0177127173170447,0.29170391112566
P,CCG,0.103374539723087,-0.0131302300374955,0.225962612777948
Q,CAA,-0.100899398227123,-0.205479979887605,-0.00814777548657747
R,AGA,0.364097058257088,0.132610942795873,0.697621713578701
R,AGG,0.720768783091009,0.321487241238356,1.25496780872345
R,CGA,0.450360000547767,0.234324246272445,0.725665490329265
R,CGC,0.128884311277419,0.0412629699334502,0.236079176515341
R,CGG,0.621846910768747,0.391685310006142,0.921020239591599
S,TCA,0.304203726695478,0.156359960138798,0.49552906230092
S,TCC,0.0597231460330908,-0.0442551465705037,0.171200612187385
S,TCG,0.452150262144208,0.283063402026892,0.663550573587418
T,ACA,0.235773948647082,0.118714356608689,0.369033323973417
T,ACC,0.16089359945613,0.0774309197440743,0.259554105997086
T,ACG,0.351231347346306,0.232037644833326,0.492139591276646
V,GTA,0.0287894416606813,-0.0520906321704388,0.1162244213745
V,GTC,0.253472089993954,0.150744660198689,0.390226818621158
V,GTG,0.442764590828121,0.323221424967051,0.587091755867004
Y,TAC,-0.169020816643897,-0.315367512404919,-0.0371617704629903
Z,AGC,-0.0291691997050326,-0.143403565511107,0.0804011853411794
