AA,Codon,Posterior,0.025%,0.975%
A,GCA,0.159468187359703,0.0401261813007295,0.282930207252502
A,GCC,0.141628216844765,0.0263831770978868,0.259945786744356
A,GCG,0.0389574328787425,-0.0710367923602462,0.1480084951967
C,TGC,-0.439654074448498,-0.779348318278789,-0.152391868829728
D,GAC,-0.259193856973015,-0.377853924036026,-0.159532904997468
E,GAA,-0.121430815768019,-0.252250079810619,-0.0112537283450366
F,TTC,-0.773063786105439,-0.952525813877583,-0.60675094127655
G,GGA,1.74260138036013,1.30526513755321,2.24622451663017
G,GGC,0.136560143210553,0.0610643215477467,0.222704237699509
G,GGG,1.09272061736584,0.817153602838516,1.43601981699467
H,CAC,-0.419389559934381,-0.631553353369236,-0.236218845099211
I,ATA,5.19411126942635,3.46563529372215,7.14344930648804
I,ATC,-0.430786219222099,-0.563944238424301,-0.316730250418186
K,AAA,-0.199322228386265,-0.370301027595997,-0.0581575573422015
L,CTA,1.09013979671597,0.514167906343937,1.80492223501205
L,CTC,-0.382205061323685,-0.624078580737114,-0.156656942144036
L,CTG,-0.79321959002614,-1.0432442098856,-0.596939319372177
L,CTT,0.237195000994232,-0.0423907988704741,0.517519548535347
L,TTA,0.607994049358368,0.315880594402552,0.928289380669593
N,AAC,-0.631881083744764,-0.830841943621635,-0.459661450237036
P,CCA,-0.344334400266851,-0.600020931661129,-0.0877643618732692
P,CCC,0.328709777837747,-0.00507962625706568,0.665920603275299
P,CCG,-0.752065156877041,-0.974575433135033,-0.542880895733833
Q,CAA,0.44209094132185,0.285284473747015,0.611999353766441
R,AGA,2.45618315913677,1.71282777786255,3.39223576784134
R,AGG,2.87491528840065,1.76253457069397,4.26138362884521
R,CGA,1.62507779179811,1.16601550579071,2.21487203836441
R,CGC,0.19270240493943,0.0974158335477114,0.297487532347441
R,CGG,1.0815715413928,0.745768840610981,1.51113374233246
S,TCA,0.597740538747795,0.390137898921967,0.838081432878971
S,TCC,0.066233321372082,-0.0364700466394424,0.180314363539219
S,TCG,0.281522049156087,0.137494690343738,0.4569050937891
T,ACA,0.752095317566395,0.511499996483326,1.00968810915947
T,ACC,-0.0494879429255898,-0.16688715107739,0.0558984115719795
T,ACG,0.175571237273721,0.0378357034176588,0.313927782326937
V,GTA,0.0926480938696252,-0.00873722068499774,0.203155112639069
V,GTC,0.364632686635852,0.235333959385753,0.512162587046623
V,GTG,0.130630306420568,0.0401130814105272,0.236971794068813
Y,TAC,-0.224965298869275,-0.367019762098789,-0.100928501039744
Z,AGC,-0.361883297573449,-0.559958750009537,-0.175464705750346
