AA,Codon,Posterior,0.025%,0.975%
A,GCA,-0.33411029074192,-0.429641786962748,-0.232670710235834
A,GCC,-0.722035701727867,-0.81797191798687,-0.621798454225063
A,GCG,-0.772601964426041,-0.873175519704819,-0.674812908470631
C,TGC,0.0604983733767614,-0.142442610859871,0.260456419736147
D,GAC,0.743086637330055,0.635999143123627,0.850101315975189
E,GAA,-0.767761186385155,-0.872056166827679,-0.662135355174541
F,TTC,0.910292225503922,0.803516007959843,1.02001477479935
G,GGA,0.123972923080035,-0.0332061063498259,0.283246075361967
G,GGC,-0.438685366272926,-0.538800448179245,-0.335746254771948
G,GGG,0.0657251408566139,-0.0809243941679597,0.211020785570145
H,CAC,0.539703639900684,0.393522211909294,0.688560070097446
I,ATA,1.1145221914053,0.95046524554491,1.28018949627876
I,ATC,0.48770141671896,0.399659603834152,0.571975004673004
K,AAA,-1.12122450869083,-1.22826608717442,-1.01385179460049
L,CTA,0.994813281393051,0.811244022846222,1.17931276857853
L,CTC,0.291322927838564,0.164370978996158,0.411030162870884
L,CTG,-0.764935328722,-0.865070474147797,-0.664421483874321
L,CTT,0.152268083165935,0.0282506878487766,0.271970073878765
L,TTA,-0.251129177029431,-0.370200601220131,-0.132296908274293
N,AAC,0.416138857460022,0.300641468912363,0.534177942574024
P,CCA,0.0937162497511454,-0.0647637523710728,0.251056425273418
P,CCC,-0.288270733656734,-0.462450051307678,-0.109493912570178
P,CCG,-0.470581676399708,-0.6068693369627,-0.338767908513546
Q,CAA,0.236033799424767,0.132750183343887,0.342636688053608
R,AGA,1.00776503839493,0.793884654343128,1.23385986089706
R,AGG,1.43899799835682,1.13504911363125,1.74546678066254
R,CGA,0.447753399223089,0.250497532635927,0.645276600122452
R,CGC,-0.305401389366388,-0.406054327636957,-0.208150503784418
R,CGG,0.157958509452365,-0.0332569004036486,0.354162143915892
S,TCA,-0.249516792565584,-0.405076229572296,-0.0995555268600583
S,TCC,-0.0135493889163787,-0.14973309263587,0.116753354482353
S,TCG,-0.40953877376318,-0.571576270461083,-0.249963818117976
T,ACA,-0.463854572069645,-0.602532352507114,-0.321202252060175
T,ACC,-0.933158483505249,-1.04798659980297,-0.82000078111887
T,ACG,-0.867425926470757,-1.00404280722141,-0.732485044002533
V,GTA,0.574181753540039,0.46254997625947,0.683867508172989
V,GTC,-0.0346716491639949,-0.143862983584404,0.0722999412566424
V,GTG,-0.455836745893955,-0.557927419245243,-0.356587089598179
Y,TAC,0.479444325453043,0.329001003503799,0.634060077369213
Z,AGC,-0.319345917198062,-0.458845076709986,-0.184331583231688
