AA,Codon,Posterior,0.025%,0.975%
A,GCA,0.0872708619608282,-0.199322106316686,0.360098473727703
A,GCC,0.284364400436921,-0.0142908257199451,0.573564399778843
A,GCG,-0.0919518038863564,-0.349530408531427,0.140987413004041
C,TGC,-0.493727492537291,-1.22913591265678,0.120460725948215
D,GAC,-0.0984123164495541,-0.2928451821208,0.102365154214203
E,GAA,0.0266224514246249,-0.159833867102861,0.206295916438103
F,TTC,-0.764512156140804,-1.1352216809988,-0.420017702132463
G,GGA,0.870322276329994,0.468886098265648,1.33285271823406
G,GGC,0.166098950678465,-0.0444244406186044,0.37730770856142
G,GGG,0.737853351059556,0.368559018522501,1.14256485104561
H,CAC,-0.785868088743091,-1.31494146883488,-0.328202030062675
I,ATA,1.33669170269966,0.535191243886948,2.43092436790466
I,ATC,-0.424378063037992,-0.686862327158451,-0.167982579767704
K,AAA,0.152359464794281,-0.119948718696833,0.41284316778183
L,CTA,0.835396460960247,0.0637286365032196,1.8145869076252
L,CTC,0.206404964543902,-0.194877939298749,0.649758714437485
L,CTG,-0.524329225417972,-0.793907414376736,-0.245018491148949
L,CTT,0.281636685426813,-0.127635366469622,0.711614756286144
L,TTA,0.625468502530456,0.185012622922659,1.11098785400391
N,AAC,-0.789397575879097,-1.13071596026421,-0.465035524964333
P,CCA,-0.482847494202084,-1.0601767539978,0.0714496968314055
P,CCC,1.54168313086703,0.462529933452606,2.74009996056557
P,CCG,-1.07932252348661,-1.60385363996029,-0.606429721415043
Q,CAA,0.51221934222579,0.232522366940975,0.848576025664806
R,AGA,30.3768295478821,23.861941242218,40.3694108963013
R,AGG,25.8824955986023,21.6984830856323,30.8798645019531
R,CGA,1.99732399070263,1.19063788354397,3.02906394600868
R,CGC,0.387023045141995,0.19883459508419,0.584273029863834
R,CGG,1.31283739500046,0.843054524064064,1.82445111870766
S,TCA,0.908580276350677,0.333051817119122,1.62799932062626
S,TCC,0.0927953442832455,-0.266513721644878,0.476475810259581
S,TCG,0.42763940036743,0.0292297955602407,0.884634371101856
T,ACA,0.971291063473746,0.367030546814203,1.64342612624168
T,ACC,-0.116201975273057,-0.449715742468834,0.192888604104519
T,ACG,0.137593348199996,-0.220119171217084,0.48732121065259
V,GTA,-0.180814312257631,-0.430326844751835,0.0690129403024912
V,GTC,0.21469366910645,-0.067208893597126,0.513424654304981
V,GTG,0.00230177760398947,-0.213432647660375,0.216882576420903
Y,TAC,-0.371359939990914,-0.669867268204689,-0.0662578430026769
Z,AGC,-0.337252859394623,-0.874303008615971,0.139651941508055
