AA,Codon,Posterior,0.025%,0.975%
A,GCA,0.107294167244527,0.0403965229168534,0.171708918362856
A,GCC,0.356733350890875,0.284025278687477,0.434975103288889
A,GCG,0.337446350651979,0.26746820807457,0.413328186422586
C,TGC,-0.174765762970175,-0.364930103719234,0.0101110727526249
D,GAC,-0.21427909694612,-0.297477190196514,-0.130149361118674
E,GAA,-0.125528952403087,-0.210876477882266,-0.0446904106065631
F,TTC,-0.248440935054421,-0.333997040241957,-0.161172724142671
G,GGA,0.730979346978664,0.573249177634716,0.891763301193714
G,GGC,0.175761860141158,0.112568570673466,0.244129594415426
G,GGG,0.637624265348911,0.507953153550625,0.777338075637817
H,CAC,-0.261649598550051,-0.384182627499104,-0.138879670575261
I,ATA,0.64597164413929,0.468645083159208,0.828821049630642
I,ATC,-0.220147377973795,-0.286158844828606,-0.153961393609643
K,AAA,0.00773186347629016,-0.0607375796884298,0.077002994902432
L,CTA,0.159782287949743,-0.0333069766871631,0.349773497879505
L,CTC,-0.176807398744952,-0.28704988360405,-0.0539191191084683
L,CTG,-0.369229535990953,-0.466632225364447,-0.270593780279159
L,CTT,-0.188465331680514,-0.30178089812398,-0.0725672794505953
L,TTA,-0.0242861354315995,-0.138820875436068,0.093799157254398
N,AAC,-0.411265455639362,-0.506693398952484,-0.319596107304096
P,CCA,0.00432660693275975,-0.125656532496214,0.13813637830317
P,CCC,0.52016633733511,0.349048415571451,0.694371558725834
P,CCG,-0.0913125323734721,-0.201072944328189,0.0144122504396365
Q,CAA,0.0672185428737401,-0.0188675840385258,0.155443759262562
R,AGA,0.83499154804945,0.598430232703686,1.08024800717831
R,AGG,1.17814300842285,0.817421892285347,1.55222784876823
R,CGA,1.09084262671471,0.865473778545856,1.33585625290871
R,CGC,0.188236392992735,0.114438681490719,0.259787532687187
R,CGG,1.34592173290253,1.10045711696148,1.59077021181583
S,TCA,0.39173598036766,0.270510741323233,0.528521309792995
S,TCC,0.0584606559659034,-0.0350155209191143,0.157120305672288
S,TCG,0.692687342250347,0.538036423921585,0.85340441018343
T,ACA,0.43496996307373,0.327502177655697,0.550216774642468
T,ACC,0.175335220576823,0.0990920227020979,0.252373743802309
T,ACG,0.610954036951065,0.49939463660121,0.729791606962681
V,GTA,-0.0829544508652529,-0.153684478998184,-0.0103691004682332
V,GTC,0.250311327964067,0.165879917144775,0.333835535496473
V,GTG,0.372157366377115,0.289188823848963,0.45867100507021
Y,TAC,-0.25931736516729,-0.389720036834478,-0.137162106111646
Z,AGC,-0.138408890661644,-0.257235695421696,-0.0152358245104551
