AA,Codon,Posterior,0.025%,0.975%
A,GCA,-0.472969269227982,-0.549995331466198,-0.396140646934509
A,GCC,-1.03833815500736,-1.11203660368919,-0.962206873297691
A,GCG,-1.22126100168228,-1.29126655757427,-1.14952902495861
C,TGC,-0.118911946506052,-0.265275169163942,0.0309291178360582
D,GAC,0.860069129061699,0.786986915767193,0.935983949899673
E,GAA,-0.623854150986671,-0.694493392109871,-0.551118440926075
F,TTC,0.79006281952858,0.705250787734985,0.873679827153683
G,GGA,0.150769558140416,0.0185613562818617,0.280419588834047
G,GGC,-0.413663696694374,-0.481593796610832,-0.350307785719633
G,GGG,0.0398875720940443,-0.0609211306087673,0.13801642395556
H,CAC,0.762627675151825,0.653459195792675,0.872614392638207
I,ATA,1.34249119825363,1.16074527204037,1.52383406460285
I,ATC,0.489888705635071,0.424218741804361,0.554704600572586
K,AAA,-1.10677165100575,-1.18698966503143,-1.02683993577957
L,CTA,1.14464653036594,0.984152257442474,1.30988560914993
L,CTC,0.548250473737717,0.446260164678097,0.656391698122025
L,CTG,-0.760208496308327,-0.837655967473984,-0.677870443463325
L,CTT,0.45787194173336,0.354750227183104,0.567648473381996
L,TTA,-0.0517653023315477,-0.153953718394041,0.0544957380741835
N,AAC,0.267088719263673,0.175254205614328,0.360112770646811
P,CCA,-0.024117818976409,-0.162046099454165,0.113359928689897
P,CCC,-0.254185412431508,-0.422131413966417,-0.0859533112496137
P,CCG,-0.905982186985016,-1.02413147687912,-0.793580624461174
Q,CAA,0.289532778155804,0.206377879157662,0.370684020966291
R,AGA,1.6702541498661,1.39640970528126,1.95603801012039
R,AGG,1.64665447907448,1.30475715398788,1.99692345559597
R,CGA,0.72183398501873,0.539915852248669,0.912905596196652
R,CGC,-0.431018956983089,-0.502562285959721,-0.359356777369976
R,CGG,0.0955667166133986,-0.0413272910751402,0.242708070203662
S,TCA,-0.353174363523722,-0.494667298346758,-0.215936187282205
S,TCC,-0.180083349257987,-0.287151066213846,-0.0710380071774125
S,TCG,-0.908998351049423,-1.02903851270676,-0.786333818733692
T,ACA,-0.219045952261286,-0.352893763780594,-0.0863585023209452
T,ACC,-1.19812844676971,-1.28688318729401,-1.10971359014511
T,ACG,-1.14749115109444,-1.24913938939571,-1.04536336660385
V,GTA,0.385914677041769,0.297859195619822,0.476407296955585
V,GTC,-0.356698317831755,-0.438369356095791,-0.277077690511942
V,GTG,-0.88209452624321,-0.953474248945713,-0.811565604805946
Y,TAC,0.540102873528004,0.438226818293333,0.646148401498795
Z,AGC,-0.285719825738668,-0.40275614708662,-0.165021811053157
