AA,Codon,Posterior,0.025%,0.975%
A,GCA,0.227923323726654,0.167004166543484,0.291712641716003
A,GCC,0.400960322415829,0.332095573097467,0.470228695869446
A,GCG,0.301924901026487,0.245379221811891,0.359502193331718
C,TGC,-0.197535940358602,-0.355506149679422,-0.0388989673927426
D,GAC,-0.360228300076723,-0.421375863999128,-0.29924350976944
E,GAA,-0.172971127015352,-0.23894132822752,-0.104720746725798
F,TTC,-0.558083895409107,-0.64501800686121,-0.471882404386997
G,GGA,1.33906772484779,1.16390204131603,1.51985783278942
G,GGC,0.170698896205425,0.120596146211028,0.221528048440814
G,GGG,0.762574451732635,0.661552572250366,0.868806339800358
H,CAC,-0.616637192475796,-0.732937914133072,-0.503944280743599
I,ATA,1.4191124361515,1.12779558598995,1.73563094139099
I,ATC,-0.338900072407722,-0.399015784263611,-0.279094412922859
K,AAA,-0.0685378906710306,-0.13633025996387,-0.00432988719549028
L,CTA,0.204849453758402,-0.0275298758409917,0.437414050847292
L,CTC,-0.523649856698513,-0.653153398633003,-0.399747227877378
L,CTG,-0.795077661705017,-0.899741598963738,-0.695293213427067
L,CTT,-0.240356557643693,-0.375323778390884,-0.104754003696144
L,TTA,0.204124863500427,0.0545338271185756,0.352882715314627
N,AAC,-0.632384947967529,-0.727808707952499,-0.536951172351837
P,CCA,-0.361153309655189,-0.517375122010708,-0.211828998476267
P,CCC,0.628343579566479,0.389541603624821,0.866858591139317
P,CCG,-0.554008263874054,-0.695841646194458,-0.415506991744041
Q,CAA,0.420529029381275,0.331874026358128,0.515119741857052
R,AGA,1.70789183449745,1.24857674837112,2.17501176595688
R,AGG,2.54670492086411,1.83422195911407,3.27764840722084
R,CGA,1.47057050035,1.2012720733881,1.75371778011322
R,CGC,0.283342798411846,0.216344708576798,0.346011770516634
R,CGG,1.46951128573418,1.26122455894947,1.69115289151669
S,TCA,0.715404204118252,0.574233597517014,0.863750283420086
S,TCC,0.0879801032271629,0.00281236436567269,0.172360199689865
S,TCG,0.775405352854729,0.649861043691635,0.907635715603828
T,ACA,0.649930890631676,0.512263144552708,0.791359646618366
T,ACC,0.145226578605548,0.078189904615283,0.213446481153369
T,ACG,0.605474151980877,0.509278810024261,0.702476397156715
V,GTA,0.100627364358446,0.0322683359496295,0.167506705969572
V,GTC,0.431634999477863,0.35349293500185,0.507556819915772
V,GTG,0.370309645581245,0.308760745078325,0.434729815274477
Y,TAC,-0.370711252397299,-0.466328617930412,-0.27604598030448
Z,AGC,-0.515203756129742,-0.663237625360489,-0.376896031945944
