AA,Codon,Posterior,0.025%,0.975%
A,GCA,0.153314618356526,0.0932327618822455,0.214962998405099
A,GCC,0.43081764383316,0.363247698545456,0.49634280949831
A,GCG,0.285452614808083,0.228259117156267,0.343331131339073
C,TGC,-0.121134984331895,-0.27748916298151,0.0339908649213613
D,GAC,-0.390173189210892,-0.46083942502737,-0.319508689641953
E,GAA,-0.137252751684189,-0.204788498207927,-0.0713877469301224
F,TTC,-0.614544465553761,-0.702651235461235,-0.527698738873005
G,GGA,1.32596247997284,1.14669456779957,1.51156383752823
G,GGC,0.164094247964025,0.110177959688008,0.218139623105526
G,GGG,0.805385599708557,0.691694369912147,0.920718981325626
H,CAC,-0.543459138739109,-0.663261610269547,-0.427823788672686
I,ATA,1.32616423294544,1.02997142970562,1.61719139516354
I,ATC,-0.391497133505344,-0.451884047687054,-0.330740957707167
K,AAA,-0.0389727374001735,-0.0996154805645347,0.0208906615618617
L,CTA,0.321541115959641,0.10902145318687,0.547394785284996
L,CTC,-0.453273988628387,-0.575533613562584,-0.336126331984997
L,CTG,-0.743146837472916,-0.843886171281338,-0.648063616454601
L,CTT,-0.205268045405298,-0.340689844638109,-0.0762980509549379
L,TTA,0.130790650563438,-0.0117940742755309,0.261788132786751
N,AAC,-0.692011306095123,-0.793735693395138,-0.594159984588623
P,CCA,-0.209084312584368,-0.364807640016079,-0.0615399516187608
P,CCC,0.665053955495358,0.433812533318996,0.898697420954704
P,CCG,-0.443333426392078,-0.581477637588978,-0.314905755966902
Q,CAA,0.387903345453739,0.298539026081562,0.477684645354748
R,AGA,1.45102308547497,1.05770228803158,1.89278804063797
R,AGG,2.13810730614662,1.56129606664181,2.80406071543694
R,CGA,1.62118968601227,1.33855531513691,1.91236100196838
R,CGC,0.321703264844418,0.258275900036097,0.386123257875443
R,CGG,1.53257874445915,1.32609956264496,1.73392321169376
S,TCA,0.776325177311897,0.631590551137924,0.927059790492058
S,TCC,0.117746711365227,0.0357900075614452,0.199454904347658
S,TCG,0.803594906044006,0.681721751391888,0.927256125211716
T,ACA,0.697783449459076,0.553982289135456,0.847603669762611
T,ACC,0.0991307606170885,0.0322908720001578,0.16470256485045
T,ACG,0.659111893785,0.560330313444138,0.761450654268265
V,GTA,0.118377768351138,0.0539037926122546,0.186834656074643
V,GTC,0.402420829045773,0.330053228139877,0.477881020307541
V,GTG,0.396038740229607,0.334441319108009,0.457695858925581
Y,TAC,-0.344833814030886,-0.453399408608675,-0.239215570688248
Z,AGC,-0.606243411886692,-0.743204335868359,-0.475334298610687
