AA,Codon,Posterior,0.025%,0.975%
A,GCA,-0.418862990409136,-0.499574372172356,-0.338489908725023
A,GCC,-0.89758183722496,-0.980048345029354,-0.815291203558445
A,GCG,-0.997072424602509,-1.07224717140198,-0.919097419083118
C,TGC,0.0417509023876094,-0.124854861013591,0.203811058402061
D,GAC,0.831545564508438,0.749557738006115,0.913341563940048
E,GAA,-0.642760511445999,-0.723700800538063,-0.562802720069885
F,TTC,0.950736005020142,0.860743506252766,1.04013602733612
G,GGA,0.0687560680671239,-0.0583061455748975,0.197128565981984
G,GGC,-0.402288955307007,-0.477526203542948,-0.325829137861729
G,GGG,0.0463817136061733,-0.0681894129142165,0.161041072756052
H,CAC,0.71515646302104,0.598869588971138,0.835023312270641
I,ATA,1.14328994681835,0.987030632793903,1.29383759200573
I,ATC,0.509240354049206,0.439727655053139,0.578971408307552
K,AAA,-1.18238860242367,-1.27084078192711,-1.09365585446358
L,CTA,1.02232352910042,0.857862684130669,1.1873498916626
L,CTC,0.41286638328135,0.30347291752696,0.523354002833366
L,CTG,-0.728570496463776,-0.812441921234131,-0.641359534859657
L,CTT,0.231907484117895,0.126671680435538,0.338953640311956
L,TTA,-0.163217765531549,-0.265659458935261,-0.0598795880563558
N,AAC,0.485735921806097,0.388793180137873,0.584111048281193
P,CCA,0.112070914242327,-0.0233407429419458,0.246600714325905
P,CCC,-0.290212384788675,-0.445812098681927,-0.136441018432379
P,CCG,-0.617119774055481,-0.731729865074158,-0.503022265434265
Q,CAA,0.250260144077241,0.162326960265636,0.336911792308092
R,AGA,0.983155868458748,0.781795325875282,1.18908337652683
R,AGG,1.42897946566343,1.13579843044281,1.7059584826231
R,CGA,0.403621526247263,0.228130742534995,0.576513086259365
R,CGC,-0.390064862263203,-0.471739695221186,-0.30729411393404
R,CGG,-0.0643786506553543,-0.223161936923861,0.0937828663736581
S,TCA,-0.335822996515036,-0.468519919365644,-0.204638898000121
S,TCC,-0.019922829410035,-0.132673155516386,0.0927134679630399
S,TCG,-0.583194394034147,-0.716300044953823,-0.44892757833004
T,ACA,-0.46482154443264,-0.588660621643066,-0.338114674389362
T,ACC,-0.978132725834846,-1.07418449521065,-0.883273656666279
T,ACG,-0.935137117660046,-1.05091049969196,-0.820520469546318
V,GTA,0.516384014511108,0.425064193457365,0.60919912904501
V,GTC,-0.146383224594966,-0.237871527299285,-0.0554043562151492
V,GTG,-0.606557059752941,-0.68563836067915,-0.524884516000748
Y,TAC,0.530573174804449,0.416184750944376,0.648390324413776
Z,AGC,-0.300525760179758,-0.413489951193333,-0.184148814156652
