AA,Codon,Posterior,0.025%,0.975%
A,GCA,0.14488776399903,0.086952181905508,0.203857688233256
A,GCC,0.453376616632938,0.386707209050655,0.521971927583218
A,GCG,0.468487609660625,0.402834917604923,0.533312903344631
C,TGC,-0.160267449055199,-0.327505720406771,-0.000260260028153694
D,GAC,-0.264973745140433,-0.334292200952768,-0.197471698001027
E,GAA,-0.201487920351326,-0.275244542956352,-0.127933447062969
F,TTC,-0.273757855349779,-0.355654617398977,-0.19449091553688
G,GGA,0.784929536557198,0.649616368114948,0.924666206538677
G,GGC,0.156784553328902,0.0987369701266289,0.216865915805101
G,GGG,0.655609141606092,0.543035008013248,0.776678954064846
H,CAC,-0.377131879386306,-0.490194275975227,-0.269870430976153
I,ATA,0.621928243196011,0.447228648513556,0.80392749607563
I,ATC,-0.233365364068747,-0.290960537642241,-0.175434770062566
K,AAA,0.0382994725747722,-0.0251554703339934,0.0995845323428511
L,CTA,0.133715404661848,-0.0393901689909399,0.319376178085804
L,CTC,-0.270709362213314,-0.377041544020176,-0.159682062640786
L,CTG,-0.405252260708809,-0.493992827087641,-0.317291940003634
L,CTT,-0.251930003283918,-0.355519773811102,-0.147438575327396
L,TTA,-0.0969032792790618,-0.203806830197573,0.0116627056151628
N,AAC,-0.456979282361269,-0.542628875374794,-0.372915416955948
P,CCA,-0.00712244234422542,-0.124885462597013,0.106333346664905
P,CCC,0.505607262742519,0.346028939634562,0.665817354619503
P,CCG,-0.000891040731479325,-0.098153243586421,0.0975821495056152
Q,CAA,0.0581294210568782,-0.0185064346063882,0.135104010254145
R,AGA,0.835714784252644,0.62012919485569,1.06826723814011
R,AGG,1.16439950414896,0.817803364992142,1.54131555557251
R,CGA,1.11248721182346,0.902819889783859,1.32970794141293
R,CGC,0.235446679866314,0.168141636252403,0.303246080130339
R,CGG,1.56868437869549,1.35662317872047,1.79895713329315
S,TCA,0.444737127840519,0.328014343976974,0.561588580906391
S,TCC,0.059916691485625,-0.0240009272936732,0.145826603844762
S,TCG,0.830714540934563,0.691915275156498,0.974028524756431
T,ACA,0.429189057302475,0.328623362630606,0.534674383699894
T,ACC,0.197074689137936,0.127879406511784,0.268405452370644
T,ACG,0.656910787254572,0.554207260906696,0.763495051860809
V,GTA,-0.0543874623440468,-0.118748900480568,0.00880461269989609
V,GTC,0.312773599275947,0.236802718788385,0.391699686646461
V,GTG,0.467093659359217,0.394220919907093,0.539943727850914
Y,TAC,-0.293024394926429,-0.406977334618568,-0.186023373901844
Z,AGC,-0.152883833336452,-0.267063561826944,-0.0425229161046446
