AA,Codon,Posterior,0.025%,0.975%
A,GCA,0.168071121139079,0.0880032086744904,0.246874738112092
A,GCC,0.313750868427753,0.23521088771522,0.394889274984598
A,GCG,0.134440600970481,0.0634888688102365,0.205103780329227
C,TGC,-0.371839328066632,-0.576285192370415,-0.171003291755915
D,GAC,-0.365291095212102,-0.441675862669945,-0.290244855731726
E,GAA,-0.223979586057365,-0.300438074022532,-0.147285661101341
F,TTC,-0.734086866998673,-0.830833271145821,-0.636904069781304
G,GGA,1.32251077139378,1.15089095234871,1.49959380626678
G,GGC,0.147668960633129,0.085639301687479,0.209896407648921
G,GGG,0.868496627235413,0.735621888935566,1.00366926193237
H,CAC,-0.510764261835813,-0.640289241075516,-0.384660346060991
I,ATA,1.88150438807011,1.57228752672672,2.21015278697014
I,ATC,-0.387491477799416,-0.457276252657175,-0.317841868102551
K,AAA,-0.050066385060931,-0.138321398198605,0.0353794901631772
L,CTA,0.516759191559255,0.261176164448261,0.806300663948059
L,CTC,-0.309581524893641,-0.454983440041542,-0.159417414292693
L,CTG,-0.842791161704063,-0.957658484578133,-0.72534531801939
L,CTT,0.147801421723848,-0.0159437604714185,0.308566887676716
L,TTA,0.368043312733248,0.211355451121926,0.530864498019218
N,AAC,-0.906223870277405,-1.02545157968998,-0.791408351063728
P,CCA,-0.523001662653685,-0.700275522470474,-0.346706368774176
P,CCC,0.886031893587112,0.63260605186224,1.14844340384007
P,CCG,-0.840244623851776,-0.999839381873608,-0.683112519979477
Q,CAA,0.500698027449846,0.391900850087404,0.608048881590366
R,AGA,2.7687435772419,2.30777734518051,3.25931240320206
R,AGG,3.28177309956551,2.57718529105186,4.03592501878738
R,CGA,2.11200636425018,1.80577060580254,2.43810878396034
R,CGC,0.311070836305618,0.229227725043893,0.390316132456064
R,CGG,1.91884573495388,1.6719684779644,2.17180169224739
S,TCA,0.7259990850389,0.560358864068985,0.900727087259292
S,TCC,-0.0950961148604263,-0.195863654837012,0.0035244061553385
S,TCG,0.415578969934583,0.278619297593832,0.552803055942059
T,ACA,1.07791697421074,0.896123568713665,1.26347100436687
T,ACC,-0.0675697849806046,-0.158025949448347,0.0193817150313407
T,ACG,0.52902624257803,0.402792531996965,0.656766949594021
V,GTA,0.017377678503449,-0.0695593072101474,0.103985079936683
V,GTC,0.301003659796715,0.209146741405129,0.395296949148178
V,GTG,0.139455575999059,0.0660944405943155,0.214324077218771
Y,TAC,-0.435020694375038,-0.554319535195827,-0.319852961599827
Z,AGC,-0.679469389343262,-0.847568742930889,-0.515116451680661
