AA,Codon,Posterior,0.025%,0.975%
A,GCA,-0.337279237794876,-0.437641577422619,-0.237567511573434
A,GCC,-0.749084312093258,-0.846357487142086,-0.649621798098087
A,GCG,-0.802344895720482,-0.899140061438084,-0.700400491058827
C,TGC,0.0340356069493049,-0.157086480408907,0.227887560799718
D,GAC,0.72996711345911,0.626658153533936,0.831902220845222
E,GAA,-0.71417729408741,-0.817961955070496,-0.609997269511223
F,TTC,0.877213450360298,0.770191548764706,0.984169779717922
G,GGA,0.11119803923627,-0.0474871371872723,0.269307168573141
G,GGC,-0.454476761668921,-0.553764146566391,-0.355829255282879
G,GGG,0.0686246242182351,-0.0706434117630124,0.208802520856261
H,CAC,0.574798903572559,0.435573314130306,0.713578279316425
I,ATA,1.10735003620386,0.94085941016674,1.27553089559078
I,ATC,0.483757110154629,0.401569374650717,0.568152876198292
K,AAA,-1.13817948633432,-1.23995426893234,-1.03905068635941
L,CTA,1.00904461843967,0.8328393638134,1.19504467248917
L,CTC,0.336206217692792,0.209622806683183,0.462191536277532
L,CTG,-0.748267105281353,-0.85115949511528,-0.646962875127792
L,CTT,0.168140897395671,0.0461967355571687,0.290528340637684
L,TTA,-0.245786441352963,-0.361804641038179,-0.132139096409083
N,AAC,0.386296542987227,0.272631105780602,0.498548527806997
P,CCA,0.0904361535731106,-0.0645654572173953,0.250592525303364
P,CCC,-0.318449601311982,-0.49481168538332,-0.145979364961386
P,CCG,-0.50533930234313,-0.642572344839573,-0.366151850670576
Q,CAA,0.226598045387864,0.123840044252574,0.330478613823652
R,AGA,1.01787173672914,0.797599305212498,1.23666472136974
R,AGG,1.41265774370432,1.10798264741898,1.71695064902306
R,CGA,0.443212412364781,0.247647300362587,0.644010497629642
R,CGC,-0.319805100435019,-0.420409869402647,-0.222764267399907
R,CGG,0.12759866027734,-0.0693073131144047,0.313851970434189
S,TCA,-0.267466962902807,-0.417403160780668,-0.119473616033793
S,TCC,-0.0208004375535097,-0.153952867537737,0.108715484291315
S,TCG,-0.476060058060288,-0.637723802030086,-0.311055094003677
T,ACA,-0.43739070289433,-0.579337146878242,-0.293974310904741
T,ACC,-0.920713960444927,-1.03489342331886,-0.806453366577625
T,ACG,-0.864495992219448,-0.998070420324802,-0.730887514352799
V,GTA,0.579406135547161,0.472350882738829,0.687322498857975
V,GTC,-0.0438854612021554,-0.150835199281573,0.0624780104495585
V,GTG,-0.443707565927505,-0.542477163672447,-0.34206870123744
Y,TAC,0.490063632524014,0.344386608153582,0.634242203831673
Z,AGC,-0.311280730736256,-0.44167288467288,-0.177514929324389
