AA,Codon,Posterior,0.025%,0.975%
A,GCA,0.209571034939343,0.0554983046837151,0.369242573529482
A,GCC,0.296825602192432,0.148796725273132,0.445170327275991
A,GCG,0.0545830808656821,-0.0770930893719196,0.182781111449003
C,TGC,-0.195512614690505,-0.591521602869034,0.182553089037537
D,GAC,-0.309758281755447,-0.440158341825008,-0.17386056818068
E,GAA,-0.066963459288876,-0.198418340831995,0.0642189282923936
F,TTC,-0.791124399852753,-0.989138005673885,-0.606244949996471
G,GGA,1.41883461227417,1.09037088751793,1.76623025238514
G,GGC,0.353228584972024,0.225976069644094,0.481470890343189
G,GGG,0.78536867647171,0.570586501061916,1.00524868965149
H,CAC,-0.460535801033676,-0.691604332625866,-0.236408616602421
I,ATA,1.69134966036081,1.09118141531944,2.39273035526276
I,ATC,-0.267697312783077,-0.394807273894548,-0.142949639260769
K,AAA,0.0971620902262257,-0.0386026171967387,0.228074556216598
L,CTA,0.495472614312326,0.020590003952384,1.01688823997974
L,CTC,-0.171008229969844,-0.442140386253595,0.114667052403092
L,CTG,-0.828264979737997,-1.03650070428848,-0.625195644795895
L,CTT,0.25879151789006,-0.0471918315626681,0.567437174916267
L,TTA,0.511925917853043,0.216011137142777,0.828225983679294
N,AAC,-0.797969383627176,-1.00069612264633,-0.595286457240582
P,CCA,-0.313812168833075,-0.674944005906582,0.033196251001209
P,CCC,1.30560993038416,0.746326148509979,1.90940265357494
P,CCG,-0.936310545641184,-1.23880398571491,-0.655125683546066
Q,CAA,0.596825635758042,0.399777104705572,0.803357140719891
R,AGA,3.23994627733231,2.10952363610268,4.71811640262604
R,AGG,4.88810978665352,2.67823368906975,7.60422236919403
R,CGA,1.71469855777025,1.24275325834751,2.25462962388992
R,CGC,0.283457468089461,0.155328436568379,0.415034710615873
R,CGG,1.53932742347717,1.14222665131092,2.00871163606644
S,TCA,0.761654835918546,0.446762558817863,1.12100183963776
S,TCC,-0.0976505216272348,-0.273906607925892,0.078756204433739
S,TCG,0.458724109730124,0.220511200651526,0.713814026117325
T,ACA,1.0707402464807,0.725295133888721,1.42927044928074
T,ACC,0.00996871988085622,-0.153960899636149,0.166864046454429
T,ACG,0.449511351300776,0.243262764438987,0.667404539883137
V,GTA,-0.0858692456834193,-0.252811531722546,0.0779742257669567
V,GTC,0.33875219057668,0.15779220610857,0.528899936378002
V,GTG,0.064073502003264,-0.0799851620569825,0.208271166309713
Y,TAC,-0.411780064871907,-0.601193952560425,-0.224394725635648
Z,AGC,-0.64954896838069,-0.972847709059715,-0.329742665588856
