AA,Codon,Posterior,0.025%,0.975%
A,GCA,0.107339984448446,0.03885627835989,0.173885937407613
A,GCC,0.372819813239574,0.297992762178183,0.44789759889245
A,GCG,0.355557806587219,0.28247766494751,0.429441625624895
C,TGC,-0.155340354816498,-0.337663295865059,0.0232525930739939
D,GAC,-0.206984588485211,-0.285090624541044,-0.129769180342555
E,GAA,-0.157382529129996,-0.241413703560829,-0.0756258195266128
F,TTC,-0.227561624249816,-0.31731236949563,-0.138261018320918
G,GGA,0.740490191304684,0.595005789399147,0.897270075976849
G,GGC,0.184473276878893,0.118253122456372,0.25090788602829
G,GGG,0.631489676916599,0.507704064249992,0.765056191384792
H,CAC,-0.284659702063352,-0.406536427885294,-0.167053892835975
I,ATA,0.652836836642027,0.473580335825682,0.841405987739563
I,ATC,-0.217485120396316,-0.282736438512802,-0.154679702222347
K,AAA,0.0163351647989333,-0.0513913838192821,0.0823886007070541
L,CTA,0.144699265087699,-0.0402620396576822,0.33424102216959
L,CTC,-0.211303242537845,-0.327027975767851,-0.0940801078453661
L,CTG,-0.383827611169219,-0.482848010957241,-0.285474613308907
L,CTT,-0.201735767597146,-0.315825189650059,-0.0877832775935532
L,TTA,-0.0290845723217193,-0.142321867495775,0.0883224612101912
N,AAC,-0.3920655310601,-0.485761849582195,-0.299534716457129
P,CCA,0.00575735919485523,-0.122711919248104,0.135789982229471
P,CCC,0.5409786798805,0.367020803689957,0.72462592869997
P,CCG,-0.0701104448506521,-0.182799013331532,0.038080072402954
Q,CAA,0.074489352802209,-0.0103197498014197,0.16027598939836
R,AGA,0.818888663578033,0.586407718062401,1.06002689003944
R,AGG,1.2011063123703,0.821709102392197,1.58756312429905
R,CGA,1.09294299900532,0.867000621557236,1.32223206162453
R,CGC,0.195536081437767,0.123333436064422,0.267042089998722
R,CGG,1.37465855946541,1.14481078088284,1.63800938427448
S,TCA,0.401484545895457,0.282740791141987,0.526842619478703
S,TCC,0.0622095876573674,-0.0290278848260641,0.151759979128838
S,TCG,0.745057288259268,0.589480026066303,0.904200413823128
T,ACA,0.418757134050131,0.309826569259167,0.530492116510868
T,ACC,0.168658487504721,0.0904306905344129,0.247430203855038
T,ACG,0.61184973128438,0.497819611430168,0.726035158336163
V,GTA,-0.0846687613169808,-0.152358726039529,-0.0147769694449381
V,GTC,0.25718927808404,0.174386177584529,0.341561824828386
V,GTG,0.364533916404843,0.281423046439886,0.448821687698364
Y,TAC,-0.265537844942883,-0.387905927747488,-0.139041947200894
Z,AGC,-0.145175177669802,-0.268142528086901,-0.0271497629582883
