AA,Codon,Posterior,0.025%,0.975%
A,GCA,-0.41103644491653,-0.516730473935604,-0.233478365838529
A,GCC,-0.788241196647286,-0.906977124512196,-0.675002375245094
A,GCG,-1.01217601769264,-1.13478433787823,-0.723330798745156
C,TGC,-0.078355827217284,-0.292422324419022,0.168413606658578
D,GAC,0.709255080907233,0.552208173274994,0.843354684114456
E,GAA,-0.585281546866836,-0.704132305085659,-0.032297224691139
F,TTC,0.725475857039867,0.574857690930367,0.861999247968197
G,GGA,0.384015165711381,-0.131984796747565,0.592958091199398
G,GGC,-0.342359911697707,-0.444832748174667,0.0807544376701098
G,GGG,0.125980035945692,-0.191319846734405,0.302565833926201
H,CAC,0.594446714289626,0.40837546736002,0.772059452533722
I,ATA,0.562381677934679,-0.0674136329442263,0.97920244038105
I,ATC,0.450869539019919,0.352191397547722,0.559978564083576
K,AAA,-1.09920210524866,-1.23430795073509,-0.296231213212015
L,CTA,1.003219485569,0.720761643350124,1.25268104374409
L,CTC,0.463037478789873,0.253727053105831,0.625602094829082
L,CTG,-0.851698930219933,-0.998409967124462,-0.171407690644265
L,CTT,0.338008217346255,0.117988469079137,0.495504582673311
L,TTA,-0.149098079972586,-0.318887603282928,-0.00113531482929833
N,AAC,0.0596415911653672,-0.0570498803630471,0.243417227640748
P,CCA,-0.0394854790840152,-0.188750955462456,0.118930398859084
P,CCC,-0.000983352830612057,-0.19403327293694,0.154018316045403
P,CCG,-0.883293833240401,-1.02877009510994,-0.482530114799739
Q,CAA,0.449421923753619,0.317549563199282,0.549212616682053
R,AGA,1.5345809832958,0.268867318332195,1.78998652100563
R,AGG,1.86811871880125,0.295188109576702,2.25350471735001
R,CGA,1.0332736513802,-0.0229194571729749,1.25402889549732
R,CGC,-0.294990283480269,-0.403204686939716,-0.194421677663922
R,CGG,0.77061587922303,0.196512768045068,0.957718881964683
S,TCA,-0.161264394180279,-0.326541171222925,-0.00467830185079976
S,TCC,-0.0891327344814199,-0.215280060097575,0.0494988485239446
S,TCG,-0.399920841073617,-0.576795525848866,-0.222420514002442
T,ACA,-0.188302149192663,-0.366248255968094,-0.0412470020353794
T,ACC,-1.08537648006789,-1.20477614700794,-0.69828246831894
T,ACG,-0.794167476181005,-0.947996906936169,-0.581572461128235
V,GTA,0.428430163228884,0.310971722751856,0.535844303667545
V,GTC,-0.0894745621795475,-0.20790178515017,0.0305016981903463
V,GTG,-0.559161958815809,-0.671183383464813,-0.370781706273557
Y,TAC,0.423569207968097,0.288692960143089,0.568118876218796
Z,AGC,-0.524155365230888,-0.66019389629364,-0.274396213889122
