AA,Codon,Posterior,0.025%,0.975%
A,GCA,0.12438389195241,-0.0501841525547206,0.212279371917248
A,GCC,0.182558857048443,0.0961402593180537,0.280904176086187
A,GCG,0.121209218556684,-0.177063880488276,0.216161204874515
C,TGC,-0.372974818895757,-0.656206078827381,-0.139713404327631
D,GAC,-0.236379307319922,-0.349571211636066,-0.0942138900980376
E,GAA,-0.199453806916624,-0.729544766247272,-0.0950093299150468
F,TTC,-0.407963023146242,-0.55368512570858,-0.262239129096271
G,GGA,1.18137365176678,0.867217443883419,1.63452878892422
G,GGC,0.0760721960016526,-0.321132395416498,0.157454693317413
G,GGG,0.734082778090239,0.519249024987221,1.07043758034706
H,CAC,-0.404287191256694,-0.590150244534016,-0.210101357102395
I,ATA,3.69004092452526,2.3859761595726,5.19534089565277
I,ATC,-0.249927915832773,-0.35921223461628,-0.162771167978645
K,AAA,-0.13990249396991,-0.935616911947727,-0.0222894144244492
L,CTA,0.484478692188673,0.096220606379211,0.903514406085014
L,CTC,-0.383298440764286,-0.57349893450737,-0.0798798533156548
L,CTG,-0.606553896045685,-1.21027845144272,-0.434806223958731
L,CTT,-0.0513711209474786,-0.268389414250851,0.222161228954792
L,TTA,0.542824214990437,0.308573240786791,0.782861346006393
N,AAC,-0.388148529553227,-0.578038078546524,-0.266122181713581
P,CCA,-0.0828399504470741,-0.257522842288017,0.0856935407966374
P,CCC,0.324673487570509,0.114474548585713,0.558214683830738
P,CCG,-0.332695315481722,-0.811220943927765,-0.174279469996691
Q,CAA,0.245631586446613,0.139026058092713,0.393307192623613
R,AGA,2.38386196069717,1.77677464783192,3.16384924054146
R,AGG,2.62101923289299,1.72118577361107,3.844444835186
R,CGA,1.11754163558483,0.788378623127937,2.0603723347187
R,CGC,0.158228982165724,0.0832291468977928,0.248459409922361
R,CGG,0.735657065171003,0.509296330809593,1.26758672595024
S,TCA,0.404627636219095,0.24168972671032,0.586700761318207
S,TCC,-0.00794615439277713,-0.124854003451765,0.0810170691460371
S,TCG,0.28319645257291,0.123195924796164,0.443170687556267
T,ACA,0.647337577403057,0.450728252530098,0.889957746863365
T,ACC,0.0443667352671124,-0.399424109607935,0.123176066204906
T,ACG,0.259556309881341,0.0189027975313366,0.392486499249935
V,GTA,0.126653828305937,0.0484665535390377,0.229102292656898
V,GTC,0.208344380319736,0.110069424472749,0.316056514531374
V,GTG,0.156913687112457,-0.026109254360199,0.24105011895299
Y,TAC,-0.221069765712903,-0.350013101100922,-0.10811214260757
Z,AGC,-0.273621740696579,-0.570248594880104,-0.119967683777213
