AA,Codon,Posterior,0.025%,0.975%
A,GCA,0.150986800176254,0.0325364158023149,0.250537218898535
A,GCC,0.372932536354614,0.247867861762643,0.509763206541538
A,GCG,0.547113062335399,0.304449731111527,0.683680635690689
C,TGC,-0.0248116842793692,-0.288431543856859,0.211610769852996
D,GAC,-0.17342068220228,-0.30551568120718,-0.0135691263712962
E,GAA,-0.303333261407912,-0.847628174722195,-0.162305114418268
F,TTC,-0.0553051588502,-0.185161027312279,0.0922128785401577
G,GGA,0.516335120126605,0.294301203638315,0.986164122819898
G,GGC,0.0966427931877552,-0.313689695298672,0.197790632024407
G,GGG,0.653024368223548,0.446927350014448,0.990295358002186
H,CAC,-0.28300399651312,-0.47068794965744,-0.0864257626235485
I,ATA,1.55670654177666,0.876975676417351,2.3289883673191
I,ATC,-0.189848009589314,-0.2943080060184,-0.0949090829119087
K,AAA,-0.0265224998084417,-0.818171074986458,0.100821970961988
L,CTA,0.180315930612574,-0.129184364154935,0.542346268892287
L,CTC,-0.331057805760019,-0.513345371186733,-0.0984851486980927
L,CTG,-0.289724002992362,-0.907285591959953,-0.129591034725309
L,CTT,-0.369701314092125,-0.537683849036694,-0.128298598527909
L,TTA,-0.135849751311181,-0.30367139428854,0.0525358872488138
N,AAC,-0.0999500363368716,-0.267560960352421,0.0178994191344826
P,CCA,0.0994801914447136,-0.0422187676653266,0.243569351360202
P,CCC,0.134958191255348,-0.00746229693759233,0.329786987602711
P,CCG,0.219216986672394,-0.0794575264677405,0.370033217221498
Q,CAA,-0.123020883593598,-0.223590014874935,0.00140651935362247
R,AGA,0.278924774545288,0.0420737291686237,1.57748840153217
R,AGG,0.674199934749305,0.249742903187871,2.31606051921843
R,CGA,0.402913518047333,0.178858718276024,1.43791654706001
R,CGC,0.160148010973498,0.0612945820204914,0.274904550611972
R,CGG,0.554263666343689,0.341076458990574,1.10012112855911
S,TCA,0.284544500392419,0.138327962905169,0.453034419566393
S,TCC,0.101098854721534,-0.0230024484917521,0.220459558814764
S,TCG,0.594232649067417,0.403369434177876,0.809339955449104
T,ACA,0.178550479899859,0.0637826330959797,0.332061161100864
T,ACC,0.255613135973178,-0.0104132222710177,0.372790003567934
T,ACG,0.461369280338846,0.296435359120369,0.628278838098049
V,GTA,0.0456116122903871,-0.0469049894250929,0.156312000006437
V,GTC,0.285486190149805,0.169310496002436,0.413459815829992
V,GTG,0.460275344751612,0.299008416384459,0.586286921799183
Y,TAC,-0.175884494346008,-0.331184516847134,-0.0321592480875554
Z,AGC,0.0174861210965156,-0.189698309078813,0.140533929690719
