AA,Codon,Posterior,0.025%,0.975%
A,GCA,0.293047548349202,0.14235067255795,0.450580433011055
A,GCC,0.508092378929257,0.330793707072735,0.69478555470705
A,GCG,0.28365442828536,0.135610109195113,0.442012685537338
C,TGC,-0.321631851026008,-0.774759593605995,0.122168853506446
D,GAC,-0.272921475896426,-0.436163698881865,-0.115019062720239
E,GAA,-0.203027524888259,-0.344995490461588,-0.0636327089741827
F,TTC,-1.04356977461576,-1.39052399098873,-0.721019880473614
G,GGA,1.46672861348391,1.08620902597904,1.90577490925789
G,GGC,0.0515832541772423,-0.101527799293399,0.205938795208931
G,GGG,1.02928725207448,0.744696336984634,1.34857323169708
H,CAC,-0.793097189204767,-1.19472530782223,-0.436044413596392
I,ATA,1.1449261249721,0.71942195892334,1.60687453746796
I,ATC,-0.437308763577044,-0.635235051810741,-0.25047749131918
K,AAA,-0.0805435552534527,-0.244869922101498,0.0834053343161941
L,CTA,0.658966326145455,0.271119630336762,1.07213419079781
L,CTC,-0.298718255395046,-0.561245137453079,-0.0429707280360163
L,CTG,-0.833350360369682,-1.0736260920763,-0.610501955449581
L,CTT,-0.0342382707734294,-0.326918543130159,0.251752513647079
L,TTA,0.751292780770548,0.352283808588982,1.19756292104721
N,AAC,-0.683246713769436,-0.930827198922634,-0.450291991233826
P,CCA,-0.0658860746328704,-0.337400311976671,0.196562513336539
P,CCC,1.17188986075521,0.655887039005756,1.74639838933945
P,CCG,-0.387985555025935,-0.628789131343365,-0.155485848709942
Q,CAA,0.566030217263103,0.355233683437109,0.78777027875185
R,AGA,1.41292259596586,0.992122094333172,1.8862140327692
R,AGG,1.41388219867945,0.998802192509174,1.87545391917229
R,CGA,1.53027760752439,1.10789749622345,2.00308158993721
R,CGC,0.370937195946276,0.189855016022921,0.568262000381947
R,CGG,2.41758117258549,1.74733851253986,3.21376667022705
S,TCA,1.07753936164975,0.6592464402318,1.58673053979874
S,TCC,0.142303618739237,-0.087904923222959,0.381443124264478
S,TCG,1.1438193533957,0.688449957966805,1.69025413095951
T,ACA,0.902373723572493,0.572567090392113,1.26882318258286
T,ACC,0.245450182003132,0.0475668209604919,0.454656361788511
T,ACG,0.903115709209442,0.587758748233318,1.23877678215504
V,GTA,0.121614154256501,-0.039558205101639,0.289865070581436
V,GTC,0.467456124788523,0.246810632571578,0.697394303977489
V,GTG,0.650037695538998,0.413487777858973,0.910249263048172
Y,TAC,-0.552704435583949,-0.813816352188587,-0.319104190170765
Z,AGC,-0.650200520546734,-1.01206520795822,-0.334777747094631
