AA,Codon,Posterior,0.025%,0.975%
A,GCA,-0.41857970674634,-0.503187520802021,-0.334094133973122
A,GCC,-0.897039276337624,-0.980910229682922,-0.813479673862457
A,GCG,-0.996639932727814,-1.07420688569546,-0.914777852594852
C,TGC,0.0423253864446284,-0.115777582675219,0.20621746070683
D,GAC,0.829647466933727,0.747151046991348,0.912093259394169
E,GAA,-0.642232063043118,-0.72209221124649,-0.562891545891762
F,TTC,0.950935395205021,0.861490239202976,1.04252249002457
G,GGA,0.0700999465333278,-0.0592972560785711,0.201835932210088
G,GGC,-0.401819308298826,-0.474883062392473,-0.327869881689549
G,GGG,0.0446691635880296,-0.0669147921726108,0.155803578346968
H,CAC,0.713784161871672,0.594833008944988,0.830963553488254
I,ATA,1.14552465467453,0.989323692023754,1.2932237803936
I,ATC,0.510628397154808,0.440642039477825,0.580469547212124
K,AAA,-1.18215344507694,-1.2685006827116,-1.0957128316164
L,CTA,1.01839266344309,0.862126336991787,1.17205768823624
L,CTC,0.411141854822636,0.303541302680969,0.522951784729958
L,CTG,-0.728627478456497,-0.813400973379612,-0.643072059750557
L,CTT,0.230637225537747,0.123994670622051,0.334059450775385
L,TTA,-0.16427857301631,-0.266441490501165,-0.0597838582471015
N,AAC,0.485456304395199,0.389205656200647,0.583975356817245
P,CCA,0.110323203815025,-0.0255242730490863,0.244123115390539
P,CCC,-0.28834429361776,-0.444354126602411,-0.13266406096518
P,CCG,-0.61644131244421,-0.731790751218796,-0.500985243916512
Q,CAA,0.249624365049601,0.163069573417306,0.336713859438896
R,AGA,0.977600281357765,0.763367138803005,1.18399102091789
R,AGG,1.43379047142267,1.14872940778732,1.71365905702114
R,CGA,0.404887048588693,0.2273207757622,0.573529368638992
R,CGC,-0.390559058710933,-0.474455839395523,-0.307100065797568
R,CGG,-0.0666151744331306,-0.22737022601068,0.0921003073453902
S,TCA,-0.335934726154804,-0.471603907644749,-0.202808365225792
S,TCC,-0.0201857887030834,-0.133059133589268,0.0927596665918825
S,TCG,-0.585590454494953,-0.719576422870159,-0.452225283533335
T,ACA,-0.467107352775335,-0.594896383583546,-0.338448512554169
T,ACC,-0.978317051339149,-1.07371158897877,-0.882536259293556
T,ACG,-0.934153975141048,-1.0520343631506,-0.822057668864727
V,GTA,0.516422745645046,0.422556202113628,0.606531789898872
V,GTC,-0.147616744248976,-0.238431929796934,-0.056025957968086
V,GTG,-0.607197904574871,-0.68506885021925,-0.526348596811295
Y,TAC,0.531080329912901,0.41997944265604,0.648755189776421
Z,AGC,-0.301564207276702,-0.413945164531469,-0.185879223421216
