AA,Codon,Posterior,0.025%,0.975%
A,GCA,0.144274623012543,0.0841691484674811,0.202863961830735
A,GCC,0.452608716750145,0.385108555108309,0.520660860836506
A,GCG,0.46773318708539,0.400930725038052,0.533284617960453
C,TGC,-0.162228478596729,-0.318701481074095,0.00252136687049632
D,GAC,-0.264277531000972,-0.33357931599021,-0.19432146511972
E,GAA,-0.201899542881548,-0.277252783626318,-0.129380870610476
F,TTC,-0.274050562937558,-0.355127879977226,-0.192066656425595
G,GGA,0.783877889966965,0.650490772724152,0.920377425849438
G,GGC,0.156563491357118,0.0978187553584576,0.216692924872041
G,GGG,0.658529454523325,0.544078657031059,0.778681372106075
H,CAC,-0.377218792366982,-0.488392734527588,-0.270079924911261
I,ATA,0.619441211289167,0.44542927891016,0.800275614857674
I,ATC,-0.233809737437963,-0.294695977121592,-0.175184986367822
K,AAA,0.0384197194158296,-0.0229543473571539,0.0989494886249304
L,CTA,0.138608644099979,-0.0380656831897795,0.31510859131813
L,CTC,-0.268559892767668,-0.379025185853243,-0.163733534514904
L,CTG,-0.40406299469769,-0.494553156197071,-0.317647369205952
L,CTT,-0.250669977812469,-0.35559209883213,-0.141744090244174
L,TTA,-0.0957397380581409,-0.204317194223404,0.00834052721038456
N,AAC,-0.456641397243738,-0.54549460709095,-0.369879624247551
P,CCA,-0.0068334200104091,-0.124568036384881,0.111749381013215
P,CCC,0.50262335255444,0.342290771752596,0.666848370432854
P,CCG,-0.0020993737755764,-0.10164647269994,0.0954000720754265
Q,CAA,0.0590098422584379,-0.0206504193600267,0.138137032091618
R,AGA,0.838306011688709,0.615363073348999,1.08112127184868
R,AGG,1.15532411224842,0.817033667862415,1.53787215948105
R,CGA,1.1082204729557,0.901491528749466,1.3235070258379
R,CGC,0.235204884795845,0.169336358085275,0.304103180766106
R,CGG,1.56888017704487,1.35075034797192,1.79333622455597
S,TCA,0.445538461899757,0.331085912883282,0.565220959484577
S,TCC,0.0599094579979268,-0.021496561774984,0.141774053499103
S,TCG,0.834419111990929,0.694617331027985,0.979022137820721
T,ACA,0.431707804948092,0.329360610246658,0.53703623265028
T,ACC,0.197870213824511,0.126144520565867,0.267159231752157
T,ACG,0.656101279729605,0.556270968914032,0.761812396347523
V,GTA,-0.0556273999483892,-0.116576386801898,0.00662416089326134
V,GTC,0.313254062220454,0.234982803836465,0.392981632053852
V,GTG,0.467247222554684,0.394765478372574,0.543976981937885
Y,TAC,-0.293392357903719,-0.401956079900265,-0.186383007839322
Z,AGC,-0.151848896399268,-0.262203528732061,-0.0414239482022822
