AA,Codon,Posterior,0.025%,0.975%
A,GCA,0.16683739731228,0.0845648357644677,0.247306970134377
A,GCC,0.312894504585862,0.233795624226332,0.392690239846706
A,GCG,0.133039114255738,0.0640432747080922,0.205314799398184
C,TGC,-0.372238214648888,-0.572634030878544,-0.175835955888033
D,GAC,-0.364669015827775,-0.441582415252924,-0.287761782854796
E,GAA,-0.224282318878174,-0.303592509776354,-0.148513683304191
F,TTC,-0.734865386664867,-0.833067207038403,-0.636722266674042
G,GGA,1.32080164682865,1.14760336279869,1.49942650794983
G,GGC,0.14717784621194,0.0851223263889551,0.208676465600729
G,GGG,0.870827950751781,0.743173974752426,1.00524716973305
H,CAC,-0.510873212200403,-0.636534196138382,-0.385518673807383
I,ATA,1.87546698026657,1.57016698122025,2.20040835142136
I,ATC,-0.388344115251303,-0.456223700940609,-0.318901797384024
K,AAA,-0.0506146316032977,-0.137425152957439,0.0341390636749565
L,CTA,0.516293769332953,0.258281828463078,0.797727979719638
L,CTC,-0.308952830912173,-0.454966868460178,-0.164997617155314
L,CTG,-0.843029570400715,-0.962660385668278,-0.729870744049549
L,CTT,0.14671572322913,-0.0115105866221711,0.307583468407392
L,TTA,0.368337682192028,0.20639068223536,0.532239493727684
N,AAC,-0.907041870236397,-1.02140790224075,-0.795166480541229
P,CCA,-0.521323412182927,-0.690080836415291,-0.347087059915066
P,CCC,0.88062811178565,0.626491467654705,1.14813901782036
P,CCG,-0.842433514285088,-1.001646438241,-0.689824844896793
Q,CAA,0.501920474034548,0.39446991533041,0.61142241358757
R,AGA,2.7862317848444,2.3063634455204,3.30103271007538
R,AGG,3.2884793533802,2.58493387103081,4.01346538066864
R,CGA,2.11037536480427,1.7995854973793,2.43816084265709
R,CGC,0.311513075789809,0.232416424900293,0.393831788003445
R,CGG,1.92159010014534,1.67731509208679,2.16979776620865
S,TCA,0.726621425938606,0.555622184276581,0.903030781447887
S,TCC,-0.0957912422539477,-0.197561603412032,0.000487305007118118
S,TCG,0.41727922373414,0.281024502962828,0.555369339883327
T,ACA,1.08295660718679,0.900383238494396,1.26404489278793
T,ACC,-0.0671857546904888,-0.159659813717008,0.0201672699302435
T,ACG,0.52874024297595,0.40463143363595,0.653993615508079
V,GTA,0.0170777589217174,-0.0691954642534256,0.102961798943579
V,GTC,0.301341418302059,0.208812242001295,0.3984544031322
V,GTG,0.139749540693522,0.0646136306226253,0.213305002450943
Y,TAC,-0.435706346273422,-0.54904782474041,-0.324658986926079
Z,AGC,-0.680755801022053,-0.843692833185196,-0.516653661429882
