AA,Codon,Posterior,0.025%,0.975%
A,GCA,-0.506683416342735,-0.591998086869717,-0.421729486435652
A,GCC,-1.09963661704063,-1.18093866705894,-1.01748198866844
A,GCG,-1.24550002503395,-1.32230056226254,-1.16932022571564
C,TGC,-0.288417567810789,-0.443867489695549,-0.132597920671105
D,GAC,0.82562188898325,0.746380117535591,0.90283807516098
E,GAA,-0.618452781927586,-0.698186188936234,-0.53768934905529
F,TTC,0.793033752381802,0.702639457583427,0.883668276667595
G,GGA,0.123319149805614,-0.015817379578948,0.260001321882009
G,GGC,-0.437600076270103,-0.508213858306408,-0.365145158022642
G,GGG,-0.0415403885531898,-0.152989351004362,0.0699173770844936
H,CAC,0.717204786789417,0.601168872416019,0.830714666843414
I,ATA,1.23395841253996,1.03174026310444,1.43124517202377
I,ATC,0.511949595451355,0.440853684395552,0.583151051402092
K,AAA,-1.16482410726547,-1.25260120630264,-1.07772805988789
L,CTA,1.11509901741743,0.940271297097206,1.29045261740685
L,CTC,0.459621812593937,0.348574955016375,0.565411159396172
L,CTG,-0.763420158338547,-0.84518878608942,-0.679549890756607
L,CTT,0.452200451761484,0.337807080149651,0.570485889911652
L,TTA,-0.0481645585609091,-0.156934071704745,0.0628908485174179
N,AAC,0.305244873771071,0.206135375052691,0.408554566651583
P,CCA,-5.84618513590613e-05,-0.142975429445505,0.144999670609832
P,CCC,-0.39445341726169,-0.569081103801727,-0.221638603881002
P,CCG,-0.984817638266087,-1.10252448916435,-0.863384446501732
Q,CAA,0.250172844056785,0.160353061184287,0.338375306129456
R,AGA,1.7006334445715,1.41364296674728,2.00071532130241
R,AGG,1.37652158389091,1.0528591632843,1.69877598583698
R,CGA,0.705073366034031,0.518187609314918,0.898147505521774
R,CGC,-0.506470105046034,-0.585427418351173,-0.426169911772013
R,CGG,0.078277647972601,-0.0751170119270682,0.230439164862037
S,TCA,-0.27518578642197,-0.422161471843719,-0.1302355568856
S,TCC,-0.20120507343635,-0.315020735561848,-0.0850401099771262
S,TCG,-0.894777368402481,-1.01959394216537,-0.765250173211098
T,ACA,-0.217142912417353,-0.362542589008808,-0.0720230819657445
T,ACC,-1.23397787365913,-1.32855796217918,-1.14166523218155
T,ACG,-1.17828163468838,-1.28911449611187,-1.06528285741806
V,GTA,0.459073754945397,0.361246924847364,0.557652662694454
V,GTC,-0.362265299683809,-0.453663646429777,-0.27107959240675
V,GTG,-0.859526612174511,-0.940567025542259,-0.779997491836548
Y,TAC,0.622575217616558,0.511060582101345,0.737701569497585
Z,AGC,-0.377376140534878,-0.504705804586411,-0.254505668580532
