AA,Codon,Posterior,0.025%,0.975%
A,GCA,0.174698671734147,0.0999930229038,0.253203046321869
A,GCC,0.404409249311686,0.324660367518663,0.483386148512363
A,GCG,0.284119291737676,0.214739787951112,0.353384801745415
C,TGC,-0.119992558321357,-0.282753872871399,0.0474399928003548
D,GAC,-0.337096416786313,-0.404047061502934,-0.268567798286676
E,GAA,-0.199133289921284,-0.275335308164358,-0.123411951214075
F,TTC,-0.597874817442894,-0.693743617832661,-0.502185192704201
G,GGA,1.22593279094696,1.05182248651981,1.41172661483288
G,GGC,0.171091002033651,0.112833589687943,0.231316308304667
G,GGG,0.839601638412476,0.714816296100616,0.967239379882812
H,CAC,-0.641324377912283,-0.770890280604362,-0.512575098872185
I,ATA,1.58473082311153,1.25502016544342,1.94822618067265
I,ATC,-0.399693717813492,-0.471593727916479,-0.330047357082367
K,AAA,-0.0774081909284403,-0.161579604446888,0.00347030204138708
L,CTA,0.446906766353734,0.178910331055522,0.716906912624835
L,CTC,-0.382405460554361,-0.522454045712948,-0.242203294113278
L,CTG,-0.758182974016666,-0.871021085977554,-0.646513573825359
L,CTT,-0.116354937169053,-0.269256988167763,0.0426000129431485
L,TTA,0.200343765339187,0.0443112491630018,0.360179188102484
N,AAC,-0.663699974650145,-0.774389797449112,-0.554299686849117
P,CCA,-0.136222513597734,-0.296586985141039,0.0242031261324882
P,CCC,0.898764000028372,0.657514628767967,1.14839090108871
P,CCG,-0.338750920732319,-0.475291424244642,-0.210876241698861
Q,CAA,0.436207792526484,0.328347329050303,0.544344040751457
R,AGA,1.697890521276,1.20699337422848,2.21763608455658
R,AGG,2.17930768744946,1.61703948378563,2.78521107435226
R,CGA,1.41894388054609,1.13570627272129,1.70494129061699
R,CGC,0.343737347823381,0.265540958940983,0.424231696128845
R,CGG,1.62609270546436,1.39408729076386,1.86908169388771
S,TCA,0.652186608725786,0.490009901672602,0.816564905643463
S,TCC,0.0794536189754166,-0.0186284089460969,0.177427947148681
S,TCG,0.765690114343166,0.629749478399754,0.909207294881344
T,ACA,0.725226063197851,0.554364559054375,0.898081462085247
T,ACC,0.134561609779042,0.0466630076058209,0.222126721590757
T,ACG,0.624253459119797,0.50481842905283,0.743614253401756
V,GTA,0.0690014084181856,-0.0131232988322154,0.150057797506452
V,GTC,0.443175977575779,0.353427688777447,0.534424841403961
V,GTG,0.368906021055579,0.296974115073681,0.442190611362457
Y,TAC,-0.395589545154572,-0.500761453807354,-0.293146516382695
Z,AGC,-0.537106648772955,-0.70416866093874,-0.371177122741938
