AA,Codon,Posterior,0.025%,0.975%
A,GCA,0.167743107128888,0.104288878664374,0.231626847013831
A,GCC,0.464993343228102,0.39519452303648,0.535148626565933
A,GCG,0.294409357371926,0.235952383652329,0.354507803171873
C,TGC,-0.00246815947393879,-0.154901788011193,0.152198246866465
D,GAC,-0.368271698096395,-0.439330357313156,-0.295625028759241
E,GAA,-0.140015675516427,-0.210005155950785,-0.0701074674725533
F,TTC,-0.617459783911705,-0.709559778869152,-0.525067375600338
G,GGA,1.34084585793018,1.15918332338333,1.5320355951786
G,GGC,0.174876918385178,0.117255591228604,0.231147093698382
G,GGG,0.869827698969841,0.742464165389538,1.00148123800755
H,CAC,-0.510413344466686,-0.628418153524399,-0.39811956807971
I,ATA,1.47176791088581,1.17966392636299,1.79191695451736
I,ATC,-0.405648827034235,-0.469204986840487,-0.343137103319168
K,AAA,-0.0109124411519813,-0.0725485956296325,0.0499934328719973
L,CTA,0.352662651074259,0.11630254033953,0.600222820043564
L,CTC,-0.384630946540833,-0.507996995747089,-0.259707120805979
L,CTG,-0.737006685853004,-0.836888882517815,-0.637916868925095
L,CTT,-0.199555226220598,-0.335766024142504,-0.0678327647969127
L,TTA,0.124487565129377,-0.0167258156929165,0.257435557246208
N,AAC,-0.719877569591999,-0.825981177389622,-0.617839179933071
P,CCA,-0.216515953324386,-0.370635739713907,-0.0651310242712498
P,CCC,0.80684111738801,0.559280726313591,1.05139052271843
P,CCG,-0.384173087212443,-0.518996097147465,-0.256696705520153
Q,CAA,0.417429656720161,0.32662014439702,0.512897346913815
R,AGA,1.38814348615408,0.981339830160141,1.81735402643681
R,AGG,2.5013957587719,1.89186438322067,3.12517466545105
R,CGA,1.61330372312069,1.33039998412132,1.90723376870155
R,CGC,0.365412794268131,0.300218173861504,0.434806329011917
R,CGG,1.52705522704124,1.31784222126007,1.74864604771137
S,TCA,0.712672474634647,0.564822962880135,0.861684219539166
S,TCC,0.128214156087418,0.0449196030385792,0.211772421747446
S,TCG,0.791031341564655,0.667950700223446,0.916440539062023
T,ACA,0.688666394400597,0.540737678110599,0.840576800704002
T,ACC,0.116582484812941,0.0482685538008809,0.185176874697208
T,ACG,0.674811788916588,0.568923568725586,0.782936009764671
V,GTA,0.0860232820565281,0.0162826543673873,0.157694629952312
V,GTC,0.409967200875282,0.331129883229733,0.489225158840418
V,GTG,0.385613602238894,0.320872119814157,0.453850992023945
Y,TAC,-0.401182736423612,-0.514333483576775,-0.292051310092211
Z,AGC,-0.526831878918409,-0.665728859603405,-0.390356969088316
