AA,Codon,Posterior,0.025%,0.975%
A,GCA,-0.381395526868105,-0.454738686978817,-0.306932957470417
A,GCC,-0.89147065153122,-0.964505097270012,-0.818336896598339
A,GCG,-1.00862457916737,-1.0803832679987,-0.938580930233002
C,TGC,-0.000315144492220134,-0.143358458206058,0.138278703019023
D,GAC,0.795987893629074,0.721526418626308,0.870206296443939
E,GAA,-0.661602849435806,-0.735377046465874,-0.587177881598473
F,TTC,0.98016276756525,0.895566828548908,1.06523721218109
G,GGA,0.199033083364146,0.0774775253608823,0.318106904625893
G,GGC,-0.40804576164484,-0.476661563664675,-0.339386619627476
G,GGG,0.141776146140209,0.0382286929525435,0.240971486642957
H,CAC,0.721166362500191,0.614590314030647,0.832804730534554
I,ATA,1.1816454719305,1.03337488472462,1.32539122998714
I,ATC,0.51705374597311,0.451908518373966,0.582670928537846
K,AAA,-1.1045088596344,-1.18633933067322,-1.02287397682667
L,CTA,0.920249100005627,0.771101497113705,1.06395873129368
L,CTC,0.343557828253508,0.24232140854001,0.446998818963766
L,CTG,-0.763462397038937,-0.842444682121277,-0.683100046217442
L,CTT,0.206687456820905,0.110054731369019,0.306663142889738
L,TTA,-0.209988730751723,-0.306516726315022,-0.114056608080864
N,AAC,0.442804155129194,0.354169940948486,0.534971542656422
P,CCA,0.0639466990523528,-0.0620135896839201,0.190170869231224
P,CCC,-0.437806713211536,-0.583236962556839,-0.292797190696001
P,CCG,-0.621143338489533,-0.730402112007141,-0.51484906822443
Q,CAA,0.297535505774617,0.219791185855865,0.377719347178936
R,AGA,1.02647257714272,0.831768172979355,1.22920674681663
R,AGG,1.39710439326763,1.13379910886288,1.67086196243763
R,CGA,0.375560583146662,0.205808826163411,0.538279670476913
R,CGC,-0.389359644559026,-0.465459435433149,-0.311948060244322
R,CGG,0.018000907157363,-0.130587981268764,0.166118352115154
S,TCA,-0.401775065425038,-0.530160854756832,-0.274992636591196
S,TCC,-0.182790880743507,-0.29090451002121,-0.076156771555543
S,TCG,-0.610255611342192,-0.733867573738098,-0.486818554997444
T,ACA,-0.473153060376644,-0.592831800878048,-0.350189888477326
T,ACC,-1.05154500689507,-1.14360856115818,-0.96344949901104
T,ACG,-0.965291834211349,-1.07251410484314,-0.86108882278204
V,GTA,0.550456838184595,0.463759339600801,0.63708038777113
V,GTC,-0.168092421211302,-0.25157959535718,-0.0860973287373782
V,GTG,-0.614228372907639,-0.689014361798763,-0.54070657491684
Y,TAC,0.488388885176182,0.387648553401232,0.590768630802631
Z,AGC,-0.257793134531379,-0.363873451948166,-0.148203531652689
