AA,Codon,Posterior,0.025%,0.975%
A,GCA,0.154761766554415,0.09580905623734,0.216977246850729
A,GCC,0.356603495749831,0.292901039123535,0.423546644300222
A,GCG,0.244577871331573,0.184546694159508,0.303381133079529
C,TGC,-0.259903116418887,-0.413009040057659,-0.109055363573134
D,GAC,-0.337520990025997,-0.400494819879532,-0.27530026063323
E,GAA,-0.201102472281456,-0.272436629235744,-0.131033328920603
F,TTC,-0.690061709797382,-0.774607181549072,-0.606848296523094
G,GGA,1.17164470199347,1.02126496732235,1.33066491782665
G,GGC,0.14446333219409,0.0912084136158228,0.198957787826657
G,GGG,0.726956746053696,0.615655744075775,0.843414974212646
H,CAC,-0.518807853269577,-0.626604837179184,-0.411959400027991
I,ATA,1.83687501065731,1.56194358170033,2.12033346891403
I,ATC,-0.35259251806438,-0.413384282588959,-0.292113330960274
K,AAA,-0.108542583201342,-0.183960729464889,-0.0352990766055882
L,CTA,0.495817191667855,0.283413825184107,0.715553851425648
L,CTC,-0.267188651274517,-0.391578586399555,-0.139092048630118
L,CTG,-0.75973199608326,-0.861087453365326,-0.661689369380474
L,CTT,-0.00466991770093555,-0.145106356963515,0.133596805110573
L,TTA,0.381020197159052,0.239740258827806,0.526091976463794
N,AAC,-0.718720840513706,-0.817310598492622,-0.61954033523798
P,CCA,-0.234291583807347,-0.386564107239246,-0.0756157260388136
P,CCC,0.774178352338076,0.573055893182755,0.985847359895706
P,CCG,-0.677825605553389,-0.810512904822826,-0.545122647285462
Q,CAA,0.473357505756617,0.383037150651217,0.564558643102646
R,AGA,2.8890829750061,2.4160716354847,3.34570009708405
R,AGG,2.97236022508144,2.37655002474785,3.63415015935898
R,CGA,2.18334219777584,1.8876193344593,2.48759229779243
R,CGC,0.281515891218185,0.213330088555813,0.350020701438188
R,CGG,1.7258718981266,1.50712883472443,1.95222252309322
S,TCA,0.783550379371643,0.63704949170351,0.93196402490139
S,TCC,0.0616672300383268,-0.0273631534073502,0.15056635774672
S,TCG,0.552013601320982,0.431107449531555,0.679614235460758
T,ACA,1.16619579002857,1.00370219945908,1.33584681749344
T,ACC,0.0515144904325126,-0.0210971476975828,0.125281248986721
T,ACG,0.589178322869539,0.480176179111004,0.698238049447536
V,GTA,0.0330182939753137,-0.040958244446665,0.1089853098616
V,GTC,0.295195886048675,0.219043603911996,0.372529303282499
V,GTG,0.227333340120316,0.162833801284432,0.293637882173061
Y,TAC,-0.303559479722381,-0.393625926971436,-0.213872168585658
Z,AGC,-0.583233255147934,-0.724740019440651,-0.449190656840801
