AA,Codon,Posterior,0.025%,0.975%
A,GCA,0.124819717038795,0.0698493951931596,0.180794672295451
A,GCC,0.451081648862362,0.388310481607914,0.516553962230682
A,GCG,0.478882422143221,0.414382477849722,0.543711403012276
C,TGC,-0.129439077690877,-0.279732023179531,0.0231293731834739
D,GAC,-0.244959995129704,-0.310865944623947,-0.179633653908968
E,GAA,-0.189257327724248,-0.259827414900064,-0.120342085696757
F,TTC,-0.292034868761897,-0.368026392161846,-0.215479847788811
G,GGA,0.678770412224531,0.556950920820236,0.808712764084339
G,GGC,0.16100462853387,0.102814491465688,0.218467646837234
G,GGG,0.584030470108986,0.481434915214777,0.695451502501965
H,CAC,-0.380866047973931,-0.487360424548388,-0.277517732977867
I,ATA,0.586652195620537,0.417854894697666,0.758235882222652
I,ATC,-0.237654632359743,-0.29484301507473,-0.180894297733903
K,AAA,0.000517997586827823,-0.0600149962119758,0.0621117014437913
L,CTA,0.22617407864829,0.0555098969489336,0.403703866153955
L,CTC,-0.216840596603975,-0.322588265687227,-0.111826203018427
L,CTG,-0.374397483634949,-0.462034104764461,-0.290804314613342
L,CTT,-0.228930753231794,-0.336310898512602,-0.128836032748222
L,TTA,-0.0579128388249555,-0.164448994025588,0.0457963049411773
N,AAC,-0.428902907329798,-0.514218665659428,-0.346308269351721
P,CCA,0.0223134163977538,-0.0924608748406172,0.137554882094264
P,CCC,0.630490774053335,0.475506372749805,0.786885996162891
P,CCG,0.000999320837183814,-0.0958024950698018,0.0988727752119302
Q,CAA,0.0278329132671384,-0.0461787403561175,0.101844118349254
R,AGA,0.796319464498758,0.57939630895853,1.01283844411373
R,AGG,1.19657994967699,0.864269734919071,1.54981710314751
R,CGA,1.13955692501068,0.936982309818268,1.35157327353954
R,CGC,0.234803346186876,0.169813144952059,0.299139381945133
R,CGG,1.47454341952801,1.26907649338245,1.68430354595184
S,TCA,0.476181623151898,0.367297155410051,0.594324693083763
S,TCC,0.142271846024226,0.062598850671202,0.224701143056154
S,TCG,0.825683740127087,0.694863697886467,0.962764306366444
T,ACA,0.426323543810844,0.32657733336091,0.525484631955624
T,ACC,0.235571854892373,0.168388089537621,0.304572077095509
T,ACG,0.668390079861879,0.570133024454117,0.767021894454956
V,GTA,-0.07045034083754,-0.130877602100372,-0.00826556140091275
V,GTC,0.328196605101228,0.252119082212448,0.405161099880934
V,GTG,0.473237019103765,0.401334366202354,0.544587238132954
Y,TAC,-0.264324351064116,-0.367039025574923,-0.164684287831187
Z,AGC,-0.18253393258946,-0.289208164811134,-0.0791687926277521
