AA,Codon,Posterior,0.025%,0.975%
A,GCA,-0.442618636703491,-0.536876361072063,-0.34491771236062
A,GCC,-1.00731137900352,-1.0970213830471,-0.912804555892944
A,GCG,-1.24106394166946,-1.3229241758585,-1.15412063598633
C,TGC,-0.149624012746196,-0.317407598346472,0.0165466954931617
D,GAC,0.855941618609428,0.771786640584469,0.94685170352459
E,GAA,-0.618818958497047,-0.705166564881802,-0.530571056902409
F,TTC,0.772888654184341,0.675776758790016,0.870699815452099
G,GGA,0.144609935435979,-0.00940553008113056,0.30057583078742
G,GGC,-0.364657838791609,-0.445161679387093,-0.284440013021231
G,GGG,0.0788313209629443,-0.038941362220794,0.197223709896207
H,CAC,0.71207796241045,0.581755827367306,0.84555945545435
I,ATA,1.30316561717987,1.08680883646011,1.52267746031284
I,ATC,0.489287259685993,0.412049661576748,0.565288716554642
K,AAA,-1.09300549345016,-1.18354277610779,-0.999587425589561
L,CTA,1.00220957689285,0.819658355414867,1.18444780111313
L,CTC,0.469905457305908,0.352987270802259,0.584914998710156
L,CTG,-0.796944746422768,-0.889761185646057,-0.705219136178494
L,CTT,0.382433070957661,0.260935419052839,0.507360649108887
L,TTA,-0.113276836922555,-0.22838374003768,0.00890361275523903
N,AAC,0.257338625236601,0.148588598892093,0.369308592379093
P,CCA,0.0217610246210766,-0.13617951348424,0.174078721180558
P,CCC,-0.287178113110643,-0.475549468398094,-0.0993912696838379
P,CCG,-0.875219127368927,-1.00627051591873,-0.745050531625748
Q,CAA,0.295489832320809,0.197380620613694,0.394837841391563
R,AGA,1.48810399467945,1.18508881032467,1.7859393209219
R,AGG,1.19778621428013,0.865360975265503,1.54793879687786
R,CGA,0.733063962328434,0.523189391195774,0.947152970731258
R,CGC,-0.483298411393166,-0.568626782298088,-0.398967043310404
R,CGG,0.0444940345557145,-0.12314026709646,0.215953645855188
S,TCA,-0.254504419074813,-0.402277691662312,-0.09940618686378
S,TCC,-0.170540215527959,-0.290944550931454,-0.0519938766956328
S,TCG,-0.724608501064777,-0.861676207184792,-0.589424504339695
T,ACA,-0.22484702579765,-0.378463166207075,-0.0642807707190513
T,ACC,-1.25268713946342,-1.35783884823322,-1.14316648840904
T,ACG,-1.16950420684814,-1.29183313250542,-1.0529865950346
V,GTA,0.449709422206879,0.345761151611805,0.553691758215427
V,GTC,-0.367810059791803,-0.464691769331694,-0.263365186750889
V,GTG,-0.842484979581833,-0.92832895219326,-0.754580430686474
Y,TAC,0.639272915375233,0.512667395174503,0.76788777410984
Z,AGC,-0.200024922574719,-0.333459115773439,-0.0625775050371885
