AA,Codon,Posterior,0.025%,0.975%
A,GCA,0.129815831295215,0.0420390927232802,0.217305282503367
A,GCC,0.369324895566702,0.278777099400759,0.463719115406275
A,GCG,0.294759841251373,0.210045684129,0.381535572558641
C,TGC,0.0358655274498946,-0.154249970242381,0.223457975313068
D,GAC,-0.347837916111946,-0.428884058445692,-0.272107596695423
E,GAA,-0.101316922434838,-0.185557859763503,-0.0248170707374811
F,TTC,-0.565289714467526,-0.674940766394138,-0.461363418400288
G,GGA,1.36342834601402,1.15086532235146,1.58936904072762
G,GGC,0.172381465809047,0.101526661403477,0.245964776724577
G,GGG,0.745596696197987,0.611876736581326,0.884967695176601
H,CAC,-0.571491907644272,-0.722101630270481,-0.424196983128786
I,ATA,1.66984182448387,1.27161795198917,2.11340727806091
I,ATC,-0.398985631918907,-0.48464273288846,-0.317279624938965
K,AAA,-0.124230950642144,-0.225357948988676,-0.0307613112032413
L,CTA,0.270704842261213,-0.00652369236340746,0.556209124624729
L,CTC,-0.478449552494287,-0.630724726617336,-0.325990841537714
L,CTG,-0.763884710693359,-0.886867788434029,-0.63712233453989
L,CTT,-0.26356552087497,-0.42865762040019,-0.101163093745708
L,TTA,0.206190290447185,0.020307989185676,0.387629337608814
N,AAC,-0.728956143629551,-0.857784646749497,-0.606219691038132
P,CCA,-0.228749248242471,-0.410930123180151,-0.0420858993194997
P,CCC,0.614397195726633,0.360073269158602,0.866705860197544
P,CCG,-0.47740676228404,-0.635530485212803,-0.317054887115955
Q,CAA,0.424875208973885,0.305284015834332,0.547017043828964
R,AGA,1.59025700364113,1.11479120850563,2.08583986163139
R,AGG,2.67944496717453,1.97813158035278,3.40757154226303
R,CGA,1.50371893217564,1.17068316936493,1.84588413536549
R,CGC,0.371634719640017,0.280525477230549,0.462961092591286
R,CGG,1.66960842161179,1.39563246369362,1.9484337925911
S,TCA,0.509192830306292,0.346053783595562,0.675862200558186
S,TCC,0.0584783017793365,-0.0530216922052205,0.166784313693643
S,TCG,0.594870650017261,0.437709858268499,0.749158264696598
T,ACA,0.636102032589912,0.449716132134199,0.824397538602352
T,ACC,0.108427509214892,0.0168182916939259,0.201701154187322
T,ACG,0.50829909414649,0.383643401414156,0.637298476696014
V,GTA,0.166448779058922,0.0720682894811034,0.264271077513695
V,GTC,0.532124137473106,0.428659447282553,0.637601362168789
V,GTG,0.396838122224808,0.320488614588976,0.477210876345634
Y,TAC,-0.461170587742329,-0.588906079530716,-0.344770563393831
Z,AGC,-0.506797175270319,-0.690763261914253,-0.332433418929577
