AA,Codon,Posterior,0.025%,0.975%
A,GCA,0.136091983639821,0.0677198039367795,0.203926837071776
A,GCC,0.409303727436066,0.33258224055171,0.480117511749268
A,GCG,0.296820515078306,0.234895977005363,0.359914339333773
C,TGC,-0.0973750265150797,-0.26755263954401,0.0612153352238239
D,GAC,-0.386509439510107,-0.461238431185484,-0.311734871566296
E,GAA,-0.14040434044078,-0.216220646724105,-0.0704225627705455
F,TTC,-0.602046099579334,-0.698812913894653,-0.505636928975582
G,GGA,1.35003471603394,1.14336543083191,1.56340098381042
G,GGC,0.138360705973953,0.0812078379094601,0.197435634210706
G,GGG,0.781849954319,0.657051610946655,0.916902646422386
H,CAC,-0.505802656722069,-0.63852976411581,-0.385689873993397
I,ATA,1.37742841973305,1.04719177186489,1.71696214079857
I,ATC,-0.391838939702511,-0.456143850833178,-0.326486003398895
K,AAA,-0.0466871291925723,-0.110111927241087,0.0153190826065839
L,CTA,0.474805037245899,0.222832218930125,0.737420201301575
L,CTC,-0.386757129210234,-0.518178248405457,-0.259007449448109
L,CTG,-0.706031243920326,-0.813616646826267,-0.600656566023827
L,CTT,-0.136504893274454,-0.277822637557983,0.00932432159315795
L,TTA,0.188099749207543,0.036909884493798,0.336046374589205
N,AAC,-0.68459810410738,-0.795928026735783,-0.574245551228523
P,CCA,-0.24219342323523,-0.413088048249483,-0.080750093795359
P,CCC,0.709499101209641,0.461226662248373,0.96114617139101
P,CCG,-0.465518996393681,-0.608869703114033,-0.323935434222221
Q,CAA,0.383498087537289,0.284619750827551,0.481635276228189
R,AGA,1.64445427222252,1.20076666474342,2.11434852480888
R,AGG,2.76056359391212,2.14864199757576,3.3667705476284
R,CGA,1.5847675842762,1.28191924989223,1.90135628581047
R,CGC,0.351508728593588,0.279397483915091,0.424481907486916
R,CGG,1.57350933709145,1.33458871841431,1.82047791182995
S,TCA,0.709274259543419,0.560802632570267,0.862105946242809
S,TCC,0.114659710010793,0.0302611612714827,0.197061806917191
S,TCG,0.663815436244011,0.54108402878046,0.789121833443642
T,ACA,0.688500946724415,0.535987938940525,0.845249244570732
T,ACC,0.126029235014552,0.0563080514781177,0.197089219838381
T,ACG,0.663958167684078,0.556475368142128,0.772410328686237
V,GTA,0.0909337552495243,0.0226502326317132,0.161900867894292
V,GTC,0.414819969558716,0.333422771841288,0.497887631505728
V,GTG,0.375349165642262,0.309171872586012,0.442151797562838
Y,TAC,-0.412225152826309,-0.525436066091061,-0.294062770903111
Z,AGC,-0.679650959050655,-0.834057359397411,-0.528691238164902
