AA,Codon,Posterior,0.025%,0.975%
A,GCA,-0.477532968437672,-0.576391047239304,-0.381697717308998
A,GCC,-1.07253878575563,-1.16641246974468,-0.981845393776894
A,GCG,-1.27691214389801,-1.36524597704411,-1.19132874011993
C,TGC,-0.128806925276148,-0.301915315538645,0.0451647391542791
D,GAC,0.815990440428257,0.721804389357567,0.911255416274071
E,GAA,-0.594926002907753,-0.6849430128932,-0.505454277992249
F,TTC,0.826312250125408,0.724154782295227,0.92872130125761
G,GGA,0.0661665407817745,-0.0921964475885034,0.225557540729641
G,GGC,-0.402548194417357,-0.487262517213821,-0.31699717566371
G,GGG,-0.0522316094784073,-0.174734965711832,0.073267856426537
H,CAC,0.764377918177843,0.631382842361927,0.902253556251525
I,ATA,1.28583800022602,1.07213519215584,1.50618467032909
I,ATC,0.503071321237087,0.426539693772793,0.579286313056946
K,AAA,-1.07367071269751,-1.16859968602657,-0.973948785662651
L,CTA,0.957059743070602,0.753260463476181,1.15491977632046
L,CTC,0.419420307135582,0.296065082401037,0.53988574296236
L,CTG,-0.808391555225849,-0.901102860271931,-0.716332559287548
L,CTT,0.388381529036164,0.260870806872845,0.513232932984829
L,TTA,-0.119552492822319,-0.245106319710612,0.00583365818019955
N,AAC,0.25656197572127,0.141898152604699,0.371796721220016
P,CCA,0.0130065473199262,-0.147792671993375,0.171916363015771
P,CCC,-0.270260815539496,-0.469097820669413,-0.073306429758668
P,CCG,-0.826289445281029,-0.964257796108723,-0.685721126198769
Q,CAA,0.287662730355561,0.191574351117015,0.386464714258909
R,AGA,1.48314162701368,1.16630601882935,1.79667797088623
R,AGG,1.13026744636893,0.746356937289238,1.51982562541962
R,CGA,0.619629227155447,0.394828165322542,0.847990234196186
R,CGC,-0.509658802449703,-0.598007559776306,-0.421288220584393
R,CGG,0.0236240534243942,-0.152752355486155,0.197944127395749
S,TCA,-0.270148595472425,-0.433633904159069,-0.111537164077163
S,TCC,-0.181688280961232,-0.307403932511806,-0.0531119547784331
S,TCG,-0.843019507563114,-0.985423044860363,-0.704311747848988
T,ACA,-0.248416989174532,-0.411929756402969,-0.0879949050024152
T,ACC,-1.19836020121574,-1.30595601201057,-1.09046336114407
T,ACG,-1.13461312919855,-1.25869344770908,-1.01207069158554
V,GTA,0.434055740594864,0.325550033897161,0.544224029779434
V,GTC,-0.383149615466595,-0.484018661826849,-0.280613559484482
V,GTG,-0.852588949763775,-0.944019994139671,-0.760202151536942
Y,TAC,0.627557806545496,0.498679783940315,0.754389849305153
Z,AGC,-0.276212829728983,-0.418016539514065,-0.138556886464357
