AA,Codon,Posterior,0.025%,0.975%
A,GCA,0.180238242554665,0.0897025162354112,0.271760554611683
A,GCC,0.428225201493502,0.337360352277756,0.522190111875534
A,GCG,0.322048162066936,0.240061176940799,0.405254834890366
C,TGC,-0.0217887286303646,-0.250564077496529,0.206582709774375
D,GAC,-0.3377114602983,-0.427807445824146,-0.247205741330981
E,GAA,-0.166161049803719,-0.250544860959053,-0.0786258580163121
F,TTC,-0.569304096013308,-0.683053135871887,-0.451561700552702
G,GGA,1.30459197129011,1.09251896739006,1.53001945018768
G,GGC,0.179861568790674,0.106450947932899,0.255757683515549
G,GGG,0.855649035573006,0.702292430400848,1.00639201700687
H,CAC,-0.634135894829035,-0.793709407746792,-0.476147487014532
I,ATA,1.74572313542366,1.31357573568821,2.20730605721474
I,ATC,-0.349889455330372,-0.430328570306301,-0.2697171241045
K,AAA,-0.116845254606215,-0.219264974445105,-0.0172586300875992
L,CTA,0.680022245753557,0.357407925277948,1.0120260566473
L,CTC,-0.250871179242415,-0.407319012284279,-0.092623814940453
L,CTG,-0.623150934368372,-0.743060830235481,-0.497056275606156
L,CTT,-0.0705399235122975,-0.240108546614647,0.104000240191817
L,TTA,0.441421136328578,0.252440993487835,0.635222104191779
N,AAC,-0.65754256709218,-0.791303335130215,-0.526531299948692
P,CCA,-0.305213274407433,-0.513471280038357,-0.0986308839172126
P,CCC,0.644582317399979,0.359153819829226,0.948417347669601
P,CCG,-0.590428340357542,-0.768959817290306,-0.419901052862406
Q,CAA,0.421597660580277,0.29798818230629,0.548173642158508
R,AGA,1.90783973232508,1.33544588387012,2.54190289378166
R,AGG,2.9806651004076,2.14268592000008,3.9117167532444
R,CGA,1.67869535615444,1.31691770851612,2.0716573536396
R,CGC,0.411428695258498,0.31843745559454,0.505723685026169
R,CGG,1.66053508825302,1.3804828107357,1.94843604564667
S,TCA,0.6507805778265,0.463338796049356,0.853238523006439
S,TCC,0.123609960402318,-0.0039094430336263,0.251911655068398
S,TCG,0.672788036888838,0.51201878786087,0.836232970654964
T,ACA,0.684851002085209,0.488117102533579,0.890651302039623
T,ACC,0.135246071106801,0.0377318494021893,0.238158097118139
T,ACG,0.561669516074657,0.431288579851389,0.700022731721401
V,GTA,0.094271284090374,-0.00951867836993188,0.204220980778336
V,GTC,0.413448140463233,0.307426337152719,0.524775888025761
V,GTG,0.33858721319437,0.249576666951179,0.429315032809973
Y,TAC,-0.402318704360723,-0.528094108402729,-0.274659940600395
Z,AGC,-0.572681616017222,-0.778855340182781,-0.367605047672987
