AA,Codon,Posterior,0.025%,0.975%
A,GCA,0.152289591478556,0.0876207910478115,0.218086922168732
A,GCC,0.446077661979198,0.375238490104675,0.519800467789173
A,GCG,0.314101228863001,0.253131227940321,0.374898441880941
C,TGC,-0.113321192035694,-0.284655015170574,0.0575999614782631
D,GAC,-0.363978112834692,-0.43931108340621,-0.28737338706851
E,GAA,-0.154028738970682,-0.229336789622903,-0.0800191463902593
F,TTC,-0.642169678741694,-0.741769063472748,-0.544854599237442
G,GGA,1.41463443930149,1.20800825357437,1.62821835577488
G,GGC,0.157089062859118,0.0959648249670863,0.216783167049289
G,GGG,0.88611816213131,0.754061308503151,1.02616254389286
H,CAC,-0.542849539017677,-0.668726673722267,-0.417475419491529
I,ATA,1.40437883954048,1.08620602786541,1.72944225072861
I,ATC,-0.400280194187164,-0.467569267004728,-0.335136595368385
K,AAA,-0.055631991752041,-0.124605514109135,0.0121796544641256
L,CTA,0.520909529899061,0.264508499950171,0.788019526004791
L,CTC,-0.346173543296754,-0.473504211008549,-0.218588564172387
L,CTG,-0.694942179977894,-0.801117108762264,-0.592613011598587
L,CTT,-0.141123121942431,-0.281096316128969,0.00158013940381342
L,TTA,0.193018138968362,0.0427651192061603,0.34693926051259
N,AAC,-0.682852557390928,-0.795333927869797,-0.5734295129776
P,CCA,-0.240731840379653,-0.412008408457041,-0.0720461567863822
P,CCC,0.702909501767158,0.448849948495626,0.964842149615288
P,CCG,-0.502051894718409,-0.653466579318047,-0.358326679468155
Q,CAA,0.389027729943395,0.294039584696293,0.48476790189743
R,AGA,1.64181936591864,1.18746126890182,2.12294759750366
R,AGG,2.86044718856812,2.1566071331501,3.62723111510277
R,CGA,1.70879202868938,1.38975157141685,2.05275260210037
R,CGC,0.366797442546487,0.295783477276564,0.439276126027107
R,CGG,1.58723176548481,1.35163026154041,1.82968907058239
S,TCA,0.715053408759832,0.565580616891384,0.879597111046314
S,TCC,0.118928704602786,0.0338212890550494,0.204287722706795
S,TCG,0.753659950149059,0.623682551085949,0.886884859204292
T,ACA,0.72561487891674,0.563971877098083,0.887337675690651
T,ACC,0.0993020789493073,0.0240614264737815,0.170188453793526
T,ACG,0.64776511002779,0.537737940251827,0.757550776004791
V,GTA,0.0966053572508157,0.0248521582223475,0.172654554992914
V,GTC,0.42285678486824,0.339702911674976,0.508058160543442
V,GTG,0.379795764440298,0.310350603610277,0.448148274421692
Y,TAC,-0.404365909594297,-0.52247800976038,-0.292286082357168
Z,AGC,-0.613309371459484,-0.764299361407757,-0.461119803786278
