AA,Codon,Posterior,0.025%,0.975%
A,GCA,-0.307276496010591,-0.4240956813097,-0.190264973416924
A,GCC,-0.641113515079825,-0.797595137357712,-0.490417937189341
A,GCG,-0.800429118584096,-0.956717713177204,-0.644780059158802
C,TGC,-0.0414758197441048,-0.269281147420406,0.195512383803725
D,GAC,0.63174707223177,0.517658978700638,0.758952316641807
E,GAA,-0.707942417729623,-0.833861039578915,-0.519901138544083
F,TTC,0.711301239026338,0.579266674816608,0.837404054403305
G,GGA,0.162334737452425,-0.133038199692965,0.407380254566669
G,GGC,-0.367022633202747,-0.484437067061663,-0.257944872230291
G,GGG,-0.0377928544053299,-0.330249587446451,0.176401968300343
H,CAC,0.455191532396153,0.289386778324842,0.64052273184061
I,ATA,0.487553481708979,0.00397771364660003,0.855022196471691
I,ATC,0.456032779833302,0.346037944406271,0.578689581155777
K,AAA,-1.07594233109271,-1.21014101207256,-0.760689251124864
L,CTA,0.818923993527796,0.422384610027075,1.13239719867706
L,CTC,0.416954169438221,0.236559364199638,0.607247570157051
L,CTG,-0.790186830320768,-0.934404633939266,-0.478466897457839
L,CTT,0.263586664087826,0.0848943991586566,0.439577125757933
L,TTA,-0.12819807244621,-0.277485052496195,0.0331945088692009
N,AAC,0.121381651952621,-0.00532797435298562,0.258798701316118
P,CCA,0.0686459788391258,-0.093084560520947,0.237349421903491
P,CCC,0.0190230524456932,-0.179539959132671,0.186363335326314
P,CCG,-0.637195138315111,-0.784021382033825,-0.420397456735374
Q,CAA,0.405247305351682,0.293601962924004,0.519892063736915
R,AGA,1.46069293272737,0.945165380835533,1.70218085348606
R,AGG,1.90815155352871,0.787721735239029,2.26346762776375
R,CGA,1.02418226373978,0.704834870994091,1.23603186309338
R,CGC,-0.18382677528956,-0.311758388578892,-0.0817668499425054
R,CGG,0.79091451318264,0.1720438901335,0.99975842833519
S,TCA,-0.0518876680417489,-0.261355569213629,0.103211335837841
S,TCC,-0.011947637463907,-0.14934191480279,0.130990482121706
S,TCG,-0.0698316724794066,-0.264498890936375,0.102897936664521
T,ACA,-0.229887246167846,-0.390966860949993,-0.0712246458977461
T,ACC,-0.91712858231311,-1.04763548672199,-0.786561577022076
T,ACG,-0.59500520497961,-0.763358652591705,-0.439785476773978
V,GTA,0.485475016391557,0.370974220335484,0.597034369409084
V,GTC,-0.00973919087476043,-0.188194048777223,0.113663281500339
V,GTG,-0.488451420559455,-0.637907589972019,-0.353676715493202
Y,TAC,0.438447384306788,0.285091932117939,0.607954332232475
Z,AGC,-0.416165842199279,-0.54380752146244,-0.260439193248749
