AA,Codon,Posterior,0.025%,0.975%
A,GCA,-0.00340970316833827,-0.178958047181368,0.142378906905651
A,GCC,0.124236742055064,-0.0837526861578226,0.297670596837997
A,GCG,-0.100421115930432,-0.299297392368317,0.0416033951565623
C,TGC,0.0319127201763506,-0.180776023864746,0.256023383885622
D,GAC,-0.264037228121515,-0.414178512245417,-0.134789535775781
E,GAA,-0.0820187929981745,-0.239644875004888,0.0351370364427566
F,TTC,-0.711778724129312,-0.911417844891548,-0.504937723279
G,GGA,1.62801943850517,1.12937358319759,2.15773174166679
G,GGC,0.189316640147252,0.0854318246245384,0.305883695185184
G,GGG,1.17953484472036,0.84798886179924,1.5938610047102
H,CAC,-0.354520853926474,-0.586465205252171,-0.152557196095587
I,ATA,6.72443119137287,4.00363876819611,9.6708992242813
I,ATC,-0.350449597853143,-0.489450300484896,-0.217248329147697
K,AAA,-0.0488432250404554,-0.336002516746521,0.100365628674626
L,CTA,0.668743736974256,-0.00580095367040485,1.53643774688244
L,CTC,-0.552767187546566,-0.900582219660282,-0.161615751683712
L,CTG,-0.98860746819973,-1.33180898427963,-0.731435297429562
L,CTT,-0.136437406613819,-0.480335879325867,0.231345137581229
L,TTA,0.492816585980088,0.120808678120375,0.883884356915951
N,AAC,-0.546165551795973,-0.756196917593479,-0.362546184659004
P,CCA,-0.605640214655176,-0.998977476358414,-0.222583446651698
P,CCC,0.433294039836076,-0.0820947896689176,0.968923377990723
P,CCG,-1.19442350426912,-1.59624808728695,-0.85661169141531
Q,CAA,0.436483967068791,0.254575668275356,0.6536446839571
R,AGA,2.62413849406242,1.71757467389107,3.70447198748588
R,AGG,2.3084580783844,1.25253873169422,3.68691939711571
R,CGA,1.50315890984535,0.99576925933361,2.14584375023842
R,CGC,0.15841388971688,0.0526458952575922,0.297066544741392
R,CGG,0.875508574426174,0.538664741814136,1.44612590968609
S,TCA,0.303501257364217,0.0632508225739002,0.623422253131866
S,TCC,0.00392486012361533,-0.145154666900635,0.145720742642879
S,TCG,0.138204337247002,-0.0451788177713752,0.341781946271658
T,ACA,0.688650646849349,0.395465722680092,0.985966329276561
T,ACC,-0.0583949776244193,-0.236706461757421,0.0784806374460458
T,ACG,0.127028932204565,-0.0665584268048406,0.308808331936598
V,GTA,0.114370733514515,0.00173026554402896,0.254114731401205
V,GTC,0.254972080781858,0.123090359009802,0.432958833128214
V,GTG,0.0979439987905825,-0.0082438480341807,0.215488351136446
Y,TAC,-0.399188634381676,-0.609536534547806,-0.214119412377477
Z,AGC,-0.477996479185298,-0.76832938939333,-0.237939019501209
