AA,Codon,Posterior,0.025%,0.975%
A,GCA,0.110413709772797,0.0453328036703169,0.176653714850545
A,GCC,0.381964036595821,0.308193272352219,0.457877396792173
A,GCG,0.36986908288002,0.297772595286369,0.440808644145727
C,TGC,-0.138417831481295,-0.317455587536097,0.0377188210375608
D,GAC,-0.217897746822238,-0.296752218157053,-0.140486405789852
E,GAA,-0.145101610073447,-0.230706534907222,-0.0650362217798829
F,TTC,-0.225663536635041,-0.315981335192919,-0.139260846748948
G,GGA,0.735756601822376,0.597884644567966,0.878361786901951
G,GGC,0.182104559594393,0.113444069027901,0.251189261674881
G,GGG,0.670136001324654,0.5447355017066,0.802228537201881
H,CAC,-0.294256595809758,-0.410716377198696,-0.175402332469821
I,ATA,0.641779984509945,0.462882824242115,0.830686318874359
I,ATC,-0.222702590441704,-0.290555760264397,-0.158744295686483
K,AAA,0.00864279862056865,-0.0599181317724288,0.0775025708600879
L,CTA,0.172234667719895,-0.00503670986508951,0.361649708449841
L,CTC,-0.193271254986525,-0.309687423706055,-0.0776696626096964
L,CTG,-0.373631708174944,-0.467296507209539,-0.280316335707903
L,CTT,-0.183323291387432,-0.295478271692991,-0.0667932581156492
L,TTA,-0.0195292566449065,-0.128283922746778,0.0953830787912011
N,AAC,-0.420068065112829,-0.515280266106129,-0.32560919970274
P,CCA,-0.0123240751488043,-0.147344320639968,0.116779678687453
P,CCC,0.542965021890402,0.368399043381214,0.730411368608475
P,CCG,-0.0736432430827088,-0.182602072879672,0.0354585129767657
Q,CAA,0.0682309340334104,-0.0117252491647378,0.157267821952701
R,AGA,0.826860624825954,0.605357147753239,1.07497261166573
R,AGG,1.11376170924902,0.756428043544292,1.51384944319725
R,CGA,1.09968539335728,0.867781934142113,1.34293975234032
R,CGC,0.188069068956375,0.117428620532155,0.260180827230215
R,CGG,1.39151746406555,1.13729913830757,1.64408694207668
S,TCA,0.410909466451406,0.291184327751398,0.542568278312683
S,TCC,0.0826180366333366,-0.00717448586365208,0.175976407900453
S,TCG,0.742804729545116,0.586233243346214,0.901988174021244
T,ACA,0.433076538109779,0.326608370244503,0.547584643959999
T,ACC,0.179860953000188,0.105618160590529,0.256224828213453
T,ACG,0.616751888597012,0.505073674023151,0.732403729856014
V,GTA,-0.0613601614067287,-0.130746730044484,0.00719261693302543
V,GTC,0.268793028846383,0.189802446588874,0.350944901257753
V,GTG,0.382979533517361,0.30450202897191,0.463865879923105
Y,TAC,-0.289298613238335,-0.410218849033117,-0.168961310386658
Z,AGC,-0.150654280609835,-0.271677988767624,-0.0353049789555371
