AA,Codon,Posterior,0.025%,0.975%
A,GCA,0.21870970005868,0.0826549079269171,0.357591924071312
A,GCC,0.228831075772014,0.104554343409836,0.358246304094791
A,GCG,0.0751094000609453,-0.0432022330351174,0.195709733292461
C,TGC,-0.250798876264249,-0.529049037396908,0.0268187094945461
D,GAC,-0.194610490209237,-0.309752999991179,-0.0804330239072442
E,GAA,-0.047106062712046,-0.15849969573319,0.0610700095072389
F,TTC,-0.859369760990143,-1.02160555422306,-0.702014999091625
G,GGA,1.69000176501274,1.36712797880173,2.04820833206177
G,GGC,0.227902196991444,0.126512388139963,0.332870192825794
G,GGG,0.845903630805016,0.652139942348003,1.04054966568947
H,CAC,-0.49889697124362,-0.700832650065422,-0.291824078559875
I,ATA,1.60463983447552,1.09661096036434,2.19269595146179
I,ATC,-0.497099773156643,-0.616797611117363,-0.377647949010134
K,AAA,-0.0781839798378322,-0.216620807349682,0.0568184979259968
L,CTA,0.26826411821206,-0.0692960983142257,0.647326123714447
L,CTC,-0.255650871834683,-0.467434388399124,-0.031750117521733
L,CTG,-0.751872293269634,-0.92293753772974,-0.57478102594614
L,CTT,0.217130380304769,-0.0332827189005911,0.479484411329031
L,TTA,0.65296488468647,0.397566360980272,0.930000679194927
N,AAC,-0.888454076552391,-1.07641371488571,-0.70747137516737
P,CCA,-0.624816307342053,-0.961299642920494,-0.296873243898153
P,CCC,0.55646129705467,0.145360976457596,1.00713465213776
P,CCG,-1.16896389756203,-1.47094090878963,-0.889863477647304
Q,CAA,0.571431330275536,0.397862616926432,0.755681048333645
R,AGA,3.22457295842171,2.14742459654808,4.3054471373558
R,AGG,2.20931110599041,1.37005968391895,3.33788623809814
R,CGA,1.98394244432449,1.50323384404182,2.58205325603485
R,CGC,0.2008911928799,0.0903882678598165,0.320150730758905
R,CGG,1.65404055259228,1.29874377846718,2.05768736600876
S,TCA,0.660219866707921,0.413894922286272,0.928602407872677
S,TCC,0.115665521188191,-0.053959253244102,0.281674279272556
S,TCG,0.390368064500391,0.190978163480759,0.601802213490009
T,ACA,0.897683849918842,0.581576831638813,1.2298306286335
T,ACC,-0.205915680224122,-0.38226320296526,-0.044973137229681
T,ACG,0.308316336373554,0.109093050844967,0.521243771910668
V,GTA,0.134918836512516,-0.00521694673225284,0.285118950158358
V,GTC,0.384360814011097,0.232109273225069,0.542418043315411
V,GTG,0.194661125066504,0.0784661196172237,0.310004189610481
Y,TAC,-0.436148648780584,-0.598042139410973,-0.272381936013699
Z,AGC,-0.461281024721637,-0.720130905508995,-0.215838481858373
