AA,Codon,Posterior,0.025%,0.975%
A,GCA,-0.505718366825581,-0.581850308179855,-0.427031597495079
A,GCC,-1.03174356734753,-1.10578884184361,-0.95632504671812
A,GCG,-1.28460070338249,-1.35171685814857,-1.2135811984539
C,TGC,-0.264036503969133,-0.405235350131989,-0.125072157010436
D,GAC,0.797853012037277,0.72256039083004,0.872618623077869
E,GAA,-0.553798889827728,-0.623883843421936,-0.482011517882347
F,TTC,0.759052864909172,0.672910073399544,0.841108778119087
G,GGA,0.246111381243914,0.123730781674385,0.374895792454481
G,GGC,-0.393164482414722,-0.460142940282822,-0.326648189127445
G,GGG,0.0370004496722511,-0.061757533531636,0.139524465799332
H,CAC,0.733606093978882,0.627895590662956,0.84334706813097
I,ATA,1.23146847145557,1.03262226879597,1.42394688129425
I,ATC,0.491403361701965,0.428398783504963,0.555567379295826
K,AAA,-1.082128094697,-1.16238798201084,-1.00089343190193
L,CTA,1.05312190794945,0.884564791619778,1.22369711101055
L,CTC,0.464648728179932,0.359675042331219,0.567474259436131
L,CTG,-0.786732796525955,-0.865228644013405,-0.706630674004555
L,CTT,0.434817878615856,0.327879656106234,0.538619174063206
L,TTA,-0.0584978877165158,-0.156872976571321,0.0480135628953576
N,AAC,0.304360132277012,0.212133413553238,0.39788459315896
P,CCA,-0.043160325392973,-0.176567834615707,0.0881477830931545
P,CCC,-0.378960495954379,-0.537825003266335,-0.205578826367855
P,CCG,-0.969274564838409,-1.08163442611694,-0.855800703167915
Q,CAA,0.38827752789855,0.307954888790846,0.46863926127553
R,AGA,1.58793571715355,1.29587717652321,1.85503632426262
R,AGG,1.44788920254707,1.1053381383419,1.77190792858601
R,CGA,0.631092565315962,0.446410892158747,0.8125766903162
R,CGC,-0.499159809291363,-0.572064700722694,-0.425720711797476
R,CGG,0.0254124193327902,-0.119349266588688,0.168601366132498
S,TCA,-0.289526967428625,-0.424591822177172,-0.154901254922152
S,TCC,-0.219303100974858,-0.324532489478588,-0.112912728078663
S,TCG,-0.857886156439781,-0.980817633867264,-0.742539379000664
T,ACA,-0.284132865667343,-0.424946641921997,-0.154893264174461
T,ACC,-1.22119465198517,-1.31301317811012,-1.13479791581631
T,ACG,-1.13666421349049,-1.24066237211227,-1.03619141578674
V,GTA,0.44579068338871,0.356054624170065,0.534454944729805
V,GTC,-0.375858586853743,-0.459113648533821,-0.292771702259779
V,GTG,-0.865691956877708,-0.932610107958317,-0.794733344018459
Y,TAC,0.588717877030373,0.48106551617384,0.695535925030708
Z,AGC,-0.249406446588039,-0.36555762514472,-0.138172848895192
