AA,Codon,Posterior,0.025%,0.975%
A,GCA,0.166374131894112,0.105186864919961,0.228279148414731
A,GCC,0.417490139126778,0.355367440730333,0.48506093621254
A,GCG,0.317822179722786,0.261865722388029,0.374450484663248
C,TGC,-0.0190143031365616,-0.181402733176947,0.132622909918427
D,GAC,-0.353423836618662,-0.420058695971966,-0.283930160105228
E,GAA,-0.178699002376199,-0.249753003567457,-0.109323350712657
F,TTC,-0.592117665743828,-0.680913271009922,-0.501236774027348
G,GGA,1.23069164452553,1.0563373953104,1.41269713938236
G,GGC,0.152900631001592,0.0964442295953631,0.206582454219461
G,GGG,0.81439013903141,0.6961385846138,0.939217805862427
H,CAC,-0.522529798269272,-0.631407211720943,-0.416531908512115
I,ATA,1.46947733078003,1.17136491537094,1.78961925506592
I,ATC,-0.392378739237785,-0.454546045511961,-0.332701168209314
K,AAA,-0.0517108824611591,-0.114991320855916,0.00993233062326912
L,CTA,0.417183840937912,0.196236633509398,0.653481698036194
L,CTC,-0.384818039023876,-0.502952928841114,-0.260229773074388
L,CTG,-0.716965538215637,-0.814288188517094,-0.621604952216148
L,CTT,-0.184571447514603,-0.31118246987462,-0.0559528051875531
L,TTA,0.135923839543597,0.00015443615120603,0.272953706979752
N,AAC,-0.719260411715507,-0.817505073547363,-0.618734368681908
P,CCA,-0.18774942830028,-0.332996582239866,-0.0409813309088349
P,CCC,0.790275379896164,0.562200097739696,1.02966776192188
P,CCG,-0.391815073078871,-0.515724490582943,-0.268272539973259
Q,CAA,0.314417022889853,0.227619850263,0.400888065248728
R,AGA,1.52412803804874,1.12819249927998,1.96337670385838
R,AGG,2.3791118680954,1.7981143951416,3.02669736742973
R,CGA,1.70606605672836,1.4236815392971,1.99926171004772
R,CGC,0.360975703793764,0.296669679135084,0.425674436241388
R,CGG,1.58713386273384,1.36732816100121,1.79781035780907
S,TCA,0.722199813020229,0.583018638193607,0.867286175489426
S,TCC,0.137958172518387,0.0577087132260203,0.21845142878592
S,TCG,0.759277724909782,0.64176883995533,0.880975683033466
T,ACA,0.749505426549911,0.598586893081665,0.901908832788467
T,ACC,0.109976159476722,0.0428428752347827,0.175306138023734
T,ACG,0.643557502889633,0.549891991913319,0.742852604389191
V,GTA,0.0918936211132445,0.0251484623644501,0.160422462970018
V,GTC,0.416929053366184,0.343461106717587,0.491058924794197
V,GTG,0.386817427694797,0.325467555969954,0.449025855958462
Y,TAC,-0.377367900705338,-0.484903492033482,-0.270816820114851
Z,AGC,-0.635346892702579,-0.774964275956154,-0.503306007385254
