AA,Codon,Posterior,0.025%,0.975%
A,GCA,0.184331612604857,0.124353330768645,0.243256190791726
A,GCC,0.389928189218044,0.32691056355834,0.454443798214197
A,GCG,0.31146200607419,0.254317429661751,0.364109182357788
C,TGC,-0.113239197566526,-0.258099542558193,0.0311500454321504
D,GAC,-0.295102816826105,-0.356189490109682,-0.233942711353302
E,GAA,-0.210942817348242,-0.276523929089308,-0.147794089466333
F,TTC,-0.569861211335659,-0.654597461223602,-0.484785246104002
G,GGA,1.08188295545578,0.923754672706127,1.23562206625938
G,GGC,0.146316950945556,0.0958646036684513,0.196997547522187
G,GGG,0.799411756753922,0.690099774301052,0.914377734065056
H,CAC,-0.582457332646847,-0.691581863164902,-0.475240185856819
I,ATA,1.76840905323029,1.42178528904915,2.11882234811783
I,ATC,-0.356021051752567,-0.418479982763529,-0.294723215699196
K,AAA,-0.121175963564683,-0.191465286910534,-0.0515998705290257
L,CTA,0.512192072342336,0.25976263359189,0.772401057183743
L,CTC,-0.38189998909235,-0.505685286223888,-0.257888800650835
L,CTG,-0.746318863511086,-0.847065694630146,-0.648018673062325
L,CTT,-0.201498877747328,-0.336460755765438,-0.065682628005743
L,TTA,0.196732771479478,0.0564951902255416,0.337681603431702
N,AAC,-0.729787938284874,-0.827140891551971,-0.630146174132824
P,CCA,-0.177497972861165,-0.317459680885077,-0.0340311205945909
P,CCC,0.697304142618179,0.487815051525831,0.909631116688251
P,CCG,-0.374101587331295,-0.492601653933525,-0.257742732018232
Q,CAA,0.383035151672363,0.295391550660133,0.472852139919996
R,AGA,1.83451782956123,1.40764312446117,2.34812412261963
R,AGG,2.33106610412598,1.77827814221382,2.98155777454376
R,CGA,1.57861905632019,1.30529963374138,1.87038449943066
R,CGC,0.368583285009861,0.300189826637506,0.43836056292057
R,CGG,1.68431745014191,1.46528132855892,1.91563895046711
S,TCA,0.641152349734306,0.503251281380653,0.781161800026894
S,TCC,0.130930756311491,0.050634041056037,0.22113933712244
S,TCG,0.739406916499138,0.619708873331547,0.866889408230782
T,ACA,0.690385156536102,0.54888987839222,0.843768885731697
T,ACC,0.127984507298097,0.0583251717500389,0.19773228764534
T,ACG,0.56912642070055,0.473920921236277,0.666309447586536
V,GTA,0.0508111047757644,-0.0162008027080446,0.115806066803634
V,GTC,0.421853361749649,0.345612601935864,0.502147912979126
V,GTG,0.312024816918373,0.251620199531317,0.370318883657455
Y,TAC,-0.404917433214188,-0.500068897008896,-0.311705657094717
Z,AGC,-0.533657360601425,-0.677565543353558,-0.399945417791605
