AA,Codon,Posterior,0.025%,0.975%
A,GCA,-0.449949614399672,-0.524971376359463,-0.372813782095909
A,GCC,-0.882666354751587,-0.960241132974625,-0.804574018716812
A,GCG,-1.01228563290834,-1.0870335817337,-0.939011576771736
C,TGC,-0.0579144274849165,-0.20313466489315,0.0936356704682112
D,GAC,0.820198733079433,0.744272494316101,0.89768193513155
E,GAA,-0.619825962454081,-0.693730963766575,-0.544853700697422
F,TTC,0.917711966061592,0.835086394846439,1.00437927246094
G,GGA,0.19302233313825,0.0729256080463529,0.316868458688259
G,GGC,-0.432837989300489,-0.50145280957222,-0.361800395697355
G,GGG,0.0217061299106143,-0.0808707717806101,0.125748415663838
H,CAC,0.653542793875933,0.545909181237221,0.764672084152698
I,ATA,1.04992051454782,0.908321833610535,1.19447348117828
I,ATC,0.530483598399162,0.462410943210125,0.598619183897972
K,AAA,-1.10740840896368,-1.19132198095322,-1.02330333888531
L,CTA,1.13037735148668,0.985270273685455,1.27455024123192
L,CTC,0.427532592213154,0.329466346651316,0.526292990148067
L,CTG,-0.706998719203472,-0.783590544760227,-0.627270729839802
L,CTT,0.274949166876078,0.176897813379765,0.372632199525833
L,TTA,-0.179187785642408,-0.274752310663462,-0.0836230283603072
N,AAC,0.469091116684675,0.373201035708189,0.564029574394226
P,CCA,0.0729829603300197,-0.0573578044772148,0.201311186701059
P,CCC,-0.339430612747371,-0.478059386461973,-0.194027730450034
P,CCG,-0.605635402172804,-0.713672991096973,-0.499384877085686
Q,CAA,0.270251603105664,0.186389568448067,0.351572036743164
R,AGA,0.904411160969734,0.685631594061851,1.1161976903677
R,AGG,1.39697045668364,1.10079627037048,1.68596769869328
R,CGA,0.272571625849872,0.103060975298285,0.443610349297523
R,CGC,-0.403365404164791,-0.478135952353478,-0.326732617616654
R,CGG,0.0170849926957428,-0.133487108722329,0.168536808714271
S,TCA,-0.418616895353794,-0.542139501869679,-0.289607595652342
S,TCC,-0.125490285242832,-0.238997247815132,-0.0151751002529636
S,TCG,-0.70089379440546,-0.824246375262737,-0.575004695355892
T,ACA,-0.587925978004932,-0.711057123541832,-0.468576250970364
T,ACC,-1.13527103112936,-1.22453852295876,-1.04778106212616
T,ACG,-1.09626160593033,-1.20110147297382,-0.98920805901289
V,GTA,0.470510403567553,0.382405509054661,0.557394579052925
V,GTC,-0.195926562559605,-0.281737060844898,-0.11231391299516
V,GTG,-0.622175234723091,-0.697166323661804,-0.548057660460472
Y,TAC,0.539868860852718,0.43634161055088,0.645916590094566
Z,AGC,-0.320186025482416,-0.433908288925886,-0.206187696754932
