AA,Codon,Posterior,0.025%,0.975%
A,GCA,0.204466649992764,0.136596434935927,0.271175117045641
A,GCC,0.316141216906905,0.246750483289361,0.385677318274975
A,GCG,0.183666662456095,0.12377796433866,0.243237749487162
C,TGC,-0.359988406710327,-0.531310158967972,-0.191635311022401
D,GAC,-0.366770600986481,-0.433417097479105,-0.299647095799446
E,GAA,-0.195234510217607,-0.261537208408117,-0.126550148427486
F,TTC,-0.617578226947784,-0.703589084744453,-0.531354124844074
G,GGA,1.28153873806,1.11969625353813,1.44726512134075
G,GGC,0.164838922478259,0.110012215934694,0.2195995118469
G,GGG,0.823545842933655,0.715447746217251,0.937904757261276
H,CAC,-0.498098929482698,-0.619548462331295,-0.383911845833063
I,ATA,1.84591647262573,1.56872001886368,2.12779455780983
I,ATC,-0.369460637998581,-0.436627314984798,-0.304745076596737
K,AAA,-0.15237505759137,-0.232298028841615,-0.0734730478376152
L,CTA,0.212759792831386,0.000938879411114617,0.432398201525211
L,CTC,-0.381218628677726,-0.506226180493832,-0.255641540139914
L,CTG,-0.817342933309078,-0.917769607901573,-0.716957201063633
L,CTT,-0.0394228502264269,-0.175916467607021,0.0941260293126106
L,TTA,0.491273798111081,0.344504760950804,0.638532201945782
N,AAC,-0.885840629565716,-0.994806304574013,-0.778804157674313
P,CCA,-0.256123497902695,-0.412559816241264,-0.0996347788721323
P,CCC,0.824033760738373,0.609363234043121,1.03405559360981
P,CCG,-0.697669549751282,-0.831368844211102,-0.566717554628849
Q,CAA,0.475956439393759,0.377736642211676,0.574093541502953
R,AGA,3.67384114437103,3.10975512862206,4.28906108140945
R,AGG,3.24929452929497,2.5627573788166,3.95539656281471
R,CGA,2.41924035587311,2.10885600447655,2.75784009695053
R,CGC,0.296585700708628,0.227268240228295,0.365857376158237
R,CGG,1.85939334192276,1.62268179953098,2.10732728838921
S,TCA,0.766713339269161,0.621775515377522,0.912124317884445
S,TCC,0.0576152533765024,-0.034526785928756,0.151815016567707
S,TCG,0.630770124042034,0.500405997037888,0.759676423668861
T,ACA,1.27708914299011,1.11504019498825,1.44823563396931
T,ACC,0.120332676732866,0.049319267179817,0.190960529819131
T,ACG,0.606647251367569,0.505590246617794,0.7087904676795
V,GTA,0.147003957020212,0.0725531054660678,0.222734293714166
V,GTC,0.374150912320614,0.297213813662529,0.454495855420828
V,GTG,0.267555707505345,0.205543057247996,0.332209257781505
Y,TAC,-0.343468114346266,-0.442765341699123,-0.246565472707152
Z,AGC,-0.650498084896803,-0.806078992784023,-0.49809253513813
