AA,Codon,Posterior,0.025%,0.975%
A,GCA,0.160213393414021,0.102495487593114,0.218574417382479
A,GCC,0.44037990218997,0.372950121760368,0.506583604216576
A,GCG,0.476257570904493,0.413206427544355,0.539234802126884
C,TGC,-0.0903409210690414,-0.245497249439359,0.0602378775365651
D,GAC,-0.258832910096645,-0.324131735414267,-0.193053572997451
E,GAA,-0.215780242009461,-0.286819463968277,-0.145203610137105
F,TTC,-0.252830772045255,-0.32829814106226,-0.177921304106712
G,GGA,0.675050503575802,0.551810830831528,0.801666568219662
G,GGC,0.172548883287609,0.114976808801293,0.229950767755508
G,GGG,0.673368583214283,0.561913128197193,0.787889985740184
H,CAC,-0.337859808492661,-0.442188563942909,-0.232642751932144
I,ATA,0.714241907030344,0.543460811674595,0.885114906728268
I,ATC,-0.24508994525969,-0.30344351157546,-0.188353563845158
K,AAA,0.000759691212041616,-0.0638345362618566,0.0619376542046666
L,CTA,0.0431938430421207,-0.110881672799587,0.204867187142372
L,CTC,-0.282361544165015,-0.386316729336977,-0.182108338549733
L,CTG,-0.421167169123888,-0.506075954437256,-0.340400893241167
L,CTT,-0.283570916800201,-0.387892606854439,-0.180774272605777
L,TTA,-0.083500180261236,-0.185325738042593,0.0228739954996854
N,AAC,-0.44511403337121,-0.531360949575901,-0.360328434407711
P,CCA,0.0167100436688732,-0.100160239078104,0.135167334973812
P,CCC,0.546004654601216,0.398735455423594,0.697667071223259
P,CCG,-0.00769509560245654,-0.102154783904552,0.087979151494801
Q,CAA,0.0452486399285563,-0.0305404161568731,0.123387594893575
R,AGA,0.903815664386749,0.675661194324493,1.15724450647831
R,AGG,1.18776621286869,0.836785151064396,1.57527902722359
R,CGA,1.24402860870361,1.02963976264,1.47016061246395
R,CGC,0.242011347661912,0.176356794312596,0.306064377725124
R,CGG,1.46437749669552,1.26327507197857,1.67444766163826
S,TCA,0.490208120137453,0.377356434613466,0.607076887786388
S,TCC,0.112197620888201,0.0296812674961984,0.195399787649512
S,TCG,0.911140967488289,0.777335104346275,1.04984808266163
T,ACA,0.488681893581152,0.389890024811029,0.592123167216778
T,ACC,0.275239536786079,0.208379290252924,0.340845637768507
T,ACG,0.748576565909386,0.648606573045254,0.848359307646751
V,GTA,-0.0347474649960803,-0.0966086219996214,0.0291433670092374
V,GTC,0.340690436074138,0.266389138251543,0.41735950037837
V,GTG,0.471933812296391,0.400182879716158,0.544758565723896
Y,TAC,-0.298969310459495,-0.404161743819714,-0.192741219699383
Z,AGC,-0.138541096343636,-0.246129748597741,-0.0319720918312671
