AA,Codon,Posterior,0.025%,0.975%
A,GCA,0.078401845660747,-0.0273790671024472,0.190155014395714
A,GCC,0.334113776236773,0.208930584043264,0.465054874867201
A,GCG,0.199940993132722,0.0854780601337552,0.319673423469067
C,TGC,-0.236636179344814,-0.538012129068375,0.0624911760911345
D,GAC,-0.248021348503977,-0.362514932453632,-0.140409344807267
E,GAA,-0.199654590546992,-0.302833519876003,-0.0947178823873401
F,TTC,-0.629861743974686,-0.799922230839729,-0.464392273128033
G,GGA,0.92456175134182,0.714985249936581,1.14027143716812
G,GGC,0.132206755732668,0.0197374991606921,0.245717704668641
G,GGG,0.706864334857464,0.530460572242737,0.89124780446291
H,CAC,-0.311891636619903,-0.50595601350069,-0.123385031707585
I,ATA,1.16186094955206,0.893058158457279,1.44734642505646
I,ATC,-0.323644220305979,-0.447070369124413,-0.205681836605072
K,AAA,-0.0908180525958443,-0.20393660068512,0.0181806068401781
L,CTA,0.346959778519007,0.122750222496688,0.577144181728363
L,CTC,-0.381653790402412,-0.550574114918709,-0.219167988747359
L,CTG,-0.718164948511124,-0.873779913783073,-0.56768856048584
L,CTT,-0.188157896928338,-0.367576740682125,-0.0159614301286639
L,TTA,0.173817363071721,-0.0353422271087766,0.37950447499752
N,AAC,-0.72101422380805,-0.898938846588135,-0.552806544303894
P,CCA,-0.221054628863814,-0.416695359349251,-0.0179582395590843
P,CCC,0.447933941400563,0.18038229085505,0.72238197773695
P,CCG,-0.488107645431161,-0.671107451617718,-0.306031074374915
Q,CAA,0.351484719315171,0.213514600321651,0.494479721039534
R,AGA,1.35020028772354,1.06497070193291,1.66763919591904
R,AGG,1.20145017374754,0.942042100429535,1.48899161815643
R,CGA,1.55903716933727,1.24680286943913,1.91117499768734
R,CGC,0.302766715083271,0.162575455382466,0.443477050960064
R,CGG,1.68689225780964,1.33881070613861,2.06835456490517
S,TCA,0.808300921851397,0.55451537668705,1.08010096251965
S,TCC,0.165055584878876,0.00581924364669249,0.325763584673405
S,TCG,0.763502879858017,0.514995723962784,1.02710897922516
T,ACA,0.634724920701981,0.450627312064171,0.836306610703468
T,ACC,0.210379834298976,0.0847171392291784,0.341587956249714
T,ACG,0.530907594642043,0.360462513566017,0.711617168784141
V,GTA,0.0675713685434897,-0.0466498365625739,0.185232197120786
V,GTC,0.418111835059524,0.264036417752504,0.578077112138271
V,GTG,0.287010704006255,0.152094280347228,0.424024001508951
Y,TAC,-0.29250289874915,-0.468858473747969,-0.124723221361638
Z,AGC,-0.675112084114552,-0.92132543772459,-0.437149308621883
