AA,Codon,Posterior,0.025%,0.975%
A,GCA,0.298616896054149,0.148477921262383,0.447093512117863
A,GCC,0.457825130987167,0.293272356688976,0.639102993905544
A,GCG,0.320942546338588,0.166667663305998,0.481145042926073
C,TGC,-0.15625825587461,-0.562009884417057,0.222790114209056
D,GAC,-0.272126677623298,-0.427154915034771,-0.1204789865762
E,GAA,-0.168710440999712,-0.301499858498573,-0.0411983747035265
F,TTC,-0.595732230514288,-0.844044363498688,-0.358116107434034
G,GGA,1.08483282847404,0.810133548080921,1.38996360003948
G,GGC,0.138672138408967,0.0135845119832084,0.263082531839609
G,GGG,0.746898258912563,0.527903148531914,0.989291328191757
H,CAC,-0.550075901269354,-0.873457090556622,-0.25059977248311
I,ATA,1.4016596824646,0.97496916949749,1.84457411766052
I,ATC,-0.400345049545914,-0.585451582074165,-0.228839712589979
K,AAA,-0.0798004607259354,-0.235140584036708,0.0682058433070781
L,CTA,0.703946379783005,0.261748588085175,1.1399252474308
L,CTC,-0.640288616728783,-0.930785892903805,-0.372463384270668
L,CTG,-1.00508392319679,-1.28781931698322,-0.747696304321289
L,CTT,-0.259649031553359,-0.575091922283173,0.03830533195287
L,TTA,0.268866014456982,-0.0891249509528279,0.652140557765961
N,AAC,-1.01519547553062,-1.30108403265476,-0.747607737779617
P,CCA,-0.191028910732258,-0.490522184222937,0.0968732692301274
P,CCC,0.849900369189307,0.400113842636347,1.35351342856884
P,CCG,-0.565175364550948,-0.832209551334381,-0.318610244244337
Q,CAA,0.362601696747541,0.174631037190557,0.561665561795235
R,AGA,1.70228660516739,1.24980296194553,2.16754658818245
R,AGG,1.64989450013638,1.24657024145126,2.14923077225685
R,CGA,1.86260709552765,1.3871437728405,2.38190225958824
R,CGC,0.338913954803348,0.170113533362746,0.517959009110928
R,CGG,2.46154887595177,1.85291449427605,3.15874993801117
S,TCA,0.876336460131407,0.482523778825998,1.30864377319813
S,TCC,-0.120416608250758,-0.330384592711925,0.0785921640694142
S,TCG,0.706713402462006,0.346274819970131,1.1043542444706
T,ACA,1.00387495348454,0.714353281259537,1.30540048480034
T,ACC,0.261482229354791,0.0981315206736326,0.428598675131798
T,ACG,0.870454493451118,0.602650712430477,1.16058834195137
V,GTA,0.1512516526622,-0.0140687942039222,0.314289245009422
V,GTC,0.411096473175287,0.219480453431606,0.622329597175121
V,GTG,0.37117578901872,0.190357245504856,0.565908229351044
Y,TAC,-0.429188822975755,-0.67259159386158,-0.192442205175757
Z,AGC,-0.920372435963154,-1.26029636859894,-0.603867600858211
