AA,Codon,Posterior,0.025%,0.975%
A,GCA,-0.463783621406555,-0.545098647475243,-0.381335062533617
A,GCC,-0.891846196222305,-0.976319731771946,-0.809350843727589
A,GCG,-1.00961995000839,-1.08990871608257,-0.931863616406918
C,TGC,0.0069472863095687,-0.147643775492907,0.1605792414397
D,GAC,0.813247654426098,0.734574241936207,0.891639685630798
E,GAA,-0.68719435813427,-0.765973311662674,-0.60564588457346
F,TTC,0.897183973455429,0.8098318323493,0.988725225627422
G,GGA,0.127293428089959,0.00068314536183607,0.253656961768866
G,GGC,-0.432864453208447,-0.50582844465971,-0.35716702491045
G,GGG,0.0460257202023226,-0.0652078805491328,0.156667180731892
H,CAC,0.65418017757535,0.544608834385872,0.767974743247032
I,ATA,1.19762971442938,1.05151188373566,1.34852559864521
I,ATC,0.554677813470364,0.485757122188807,0.621687851846218
K,AAA,-1.07432938416004,-1.15781712830067,-0.987338855862618
L,CTA,1.01296098393202,0.852177691459656,1.17058254778385
L,CTC,0.405491223937273,0.305344026535749,0.507830986380577
L,CTG,-0.760237290287018,-0.84142705053091,-0.678798002004623
L,CTT,0.256040343197435,0.153477367013693,0.357300458848476
L,TTA,-0.229583468720317,-0.328487722575664,-0.132095753028989
N,AAC,0.46433725528717,0.362756320089102,0.562373811006546
P,CCA,0.040155022509733,-0.0948916558176279,0.170720904320478
P,CCC,-0.390621262913942,-0.546313133835792,-0.237584414333105
P,CCG,-0.620457246398926,-0.729936361312866,-0.506828388571739
Q,CAA,0.274308213590086,0.189493667334318,0.359287549555302
R,AGA,1.00147604827881,0.796868126094341,1.21153894066811
R,AGG,1.47194802757502,1.18895109593868,1.75556097924709
R,CGA,0.492874427857995,0.322160829603672,0.66449198871851
R,CGC,-0.324126468661428,-0.405929021537304,-0.242771945148706
R,CGG,0.0118048977538405,-0.148686716705561,0.168733080103993
S,TCA,-0.371278913977742,-0.499572499096394,-0.240618291497231
S,TCC,-0.144601592618236,-0.255908421427011,-0.0327742702327671
S,TCG,-0.682490014737844,-0.813489456474781,-0.552098426222801
T,ACA,-0.491100859418511,-0.617925482988358,-0.364932254701853
T,ACC,-1.02089298175573,-1.11390079855919,-0.923212406039238
T,ACG,-0.993828076803684,-1.10390258431435,-0.880323165655136
V,GTA,0.47457034534812,0.383509501069784,0.565676967799663
V,GTC,-0.184380623350292,-0.270960288494825,-0.0960579982027412
V,GTG,-0.650578332471847,-0.729111571609974,-0.571706481277943
Y,TAC,0.61789404425621,0.503373120725155,0.731715948879719
Z,AGC,-0.251356431121938,-0.370688285678625,-0.137159449234605
