AA,Codon,Posterior,0.025%,0.975%
A,GCA,0.166557321707159,0.106087824515998,0.226342326030135
A,GCC,0.444611197209358,0.375898317247629,0.512789213657379
A,GCG,0.472335698837042,0.409256439656019,0.537893284857273
C,TGC,-0.133549669353297,-0.294538459926844,0.0255194243509322
D,GAC,-0.254879316242039,-0.323638333380222,-0.186430831253529
E,GAA,-0.173475318940729,-0.248079134523869,-0.101255877874792
F,TTC,-0.23982556514889,-0.317308421432972,-0.160296864062548
G,GGA,0.730343240475655,0.601520882546902,0.864503808319569
G,GGC,0.172879329891503,0.114959240332246,0.231884313374758
G,GGG,0.6542064640522,0.540863566100597,0.76968597471714
H,CAC,-0.336740562534332,-0.444701689481735,-0.230995462834835
I,ATA,0.577145280575752,0.409673136472702,0.750930036604404
I,ATC,-0.259918945395947,-0.31785235106945,-0.200970273464918
K,AAA,-0.0151898745901284,-0.0775419408455491,0.0478868473321199
L,CTA,0.145278046089854,-0.0230082635302097,0.329358256608248
L,CTC,-0.260149969783425,-0.363121674954891,-0.152357694134116
L,CTG,-0.378763350728154,-0.463576264679432,-0.29086867198348
L,CTT,-0.263286184442043,-0.36614281013608,-0.160166252404451
L,TTA,-0.0413161117350432,-0.147617546841502,0.0612125676125288
N,AAC,-0.442030931442976,-0.52934313416481,-0.357202717661858
P,CCA,0.0376123710940868,-0.0744212074205279,0.154613121971488
P,CCC,0.587615973442793,0.428241009265184,0.749821397662163
P,CCG,0.00166487362508415,-0.0936164040118456,0.102038059569895
Q,CAA,0.0428439214825687,-0.0335123660974205,0.119614513404667
R,AGA,0.834953129512072,0.610174429416656,1.05981568098068
R,AGG,1.1364642958343,0.785751965641975,1.51460116505623
R,CGA,1.03594423446655,0.838010640442371,1.24995399713516
R,CGC,0.197677458682656,0.131313876435161,0.26351873204112
R,CGG,1.50256783216,1.28758208155632,1.72007434368134
S,TCA,0.457373518142104,0.343283376842737,0.575141468644142
S,TCC,0.123017914144823,0.0425500646233559,0.209158722311258
S,TCG,0.896560398542881,0.762973393499851,1.04072077274323
T,ACA,0.44036883122623,0.338914739340544,0.545113797485828
T,ACC,0.218158124053478,0.148740940541029,0.288638710975647
T,ACG,0.692748137563467,0.588617420196533,0.795379564166069
V,GTA,-0.0359969301946159,-0.100333760306239,0.0280752362217754
V,GTC,0.332798115423322,0.258452571183443,0.408743333816528
V,GTG,0.492451784580946,0.419309432804584,0.568902230262756
Y,TAC,-0.350324950894713,-0.456020990014076,-0.244757524132729
Z,AGC,-0.187189698313316,-0.298592281341553,-0.0764197425916792
