AA,Codon,Posterior,0.025%,0.975%
A,GCA,0.153993297193386,0.0774501953274012,0.232310881093144
A,GCC,0.317478303235769,0.23524981290102,0.399771852046251
A,GCG,0.0950587159376504,0.0261587113142014,0.165816878527403
C,TGC,-0.327558987605572,-0.497097576409578,-0.158381662145257
D,GAC,-0.338399991858006,-0.406014059484005,-0.269966522604227
E,GAA,-0.184904728584737,-0.261905492097139,-0.109847454167902
F,TTC,-0.694540352833271,-0.791721343994141,-0.599762983620167
G,GGA,1.32332744765282,1.15528764426708,1.49373684823513
G,GGC,0.153752621310204,0.0926782049238682,0.214560809358954
G,GGG,0.804933828341961,0.681448474526405,0.932300238311291
H,CAC,-0.520783270329237,-0.644949989020824,-0.399788367003202
I,ATA,1.86205869457722,1.5525822609663,2.17182359695435
I,ATC,-0.378207301050425,-0.448743968456984,-0.307077742367983
K,AAA,-0.145726135017863,-0.232625152543187,-0.0568535417318346
L,CTA,0.648788986507058,0.388444193452597,0.90930959135294
L,CTC,-0.367917699429393,-0.49928332939744,-0.233805210515857
L,CTG,-0.78184799592495,-0.891585956513882,-0.676393657922745
L,CTT,0.0359799329907535,-0.111914633959532,0.18594330213964
L,TTA,0.578681775665283,0.42459334358573,0.738720020651817
N,AAC,-0.969500426995754,-1.08869200050831,-0.850255610048771
P,CCA,-0.33405393765606,-0.499110428243875,-0.165496366843581
P,CCC,0.884831936430931,0.645450930297375,1.12931200861931
P,CCG,-0.772724397540092,-0.919563102722168,-0.632860758900642
Q,CAA,0.485161815869808,0.380447588115931,0.585215649008751
R,AGA,3.1672650812149,2.61867886781693,3.71794651150703
R,AGG,2.86718185083866,2.22557004094124,3.60936702489853
R,CGA,2.00102243492603,1.69414946436882,2.32261228561401
R,CGC,0.189158562664688,0.112700854241848,0.267864833772182
R,CGG,1.92186541337967,1.67434263825417,2.18520662784576
S,TCA,0.819714624023438,0.657869273424149,0.983104780316353
S,TCC,0.0716236222163447,-0.025686928909272,0.169736992940307
S,TCG,0.609726200407744,0.480920810997486,0.743585282564163
T,ACA,1.16220940864086,0.981431376934051,1.34979124963284
T,ACC,-0.0179102502948201,-0.111308982409537,0.0700739035382866
T,ACG,0.525011402803659,0.401126109808683,0.648827573657036
V,GTA,0.0980944861836997,0.012060490809381,0.18733767606318
V,GTC,0.323885994532704,0.236459759250283,0.411708261072636
V,GTG,0.164264288076013,0.0938757354393601,0.235029470920563
Y,TAC,-0.396410600689054,-0.501907099783421,-0.290051518380642
Z,AGC,-0.528723305690289,-0.678407055139542,-0.377524118125439
