AA,Codon,Posterior,0.025%,0.975%
A,GCA,-0.468356415653229,-0.576144582033157,-0.363410145789385
A,GCC,-1.03598825013638,-1.1425739467144,-0.929675698280334
A,GCG,-1.24768643932343,-1.3455534607172,-1.14780743122101
C,TGC,-0.14156882187149,-0.333576855808496,0.0495197626762092
D,GAC,0.848117036962509,0.738817137479782,0.957887272536755
E,GAA,-0.609502438342571,-0.710055606067181,-0.505984264612198
F,TTC,0.750750804114342,0.63796524554491,0.867979115247726
G,GGA,0.0737474015664804,-0.122943424247205,0.26066505163908
G,GGC,-0.386843018716574,-0.481417839974165,-0.293605770170689
G,GGG,0.0425163482904594,-0.109801792725921,0.189913025870919
H,CAC,0.7005728515625,0.557873629033566,0.852363723516464
I,ATA,1.19106878504753,0.952724158763885,1.44080027341843
I,ATC,0.487661937749386,0.404025520384312,0.575101837515831
K,AAA,-1.08330567600727,-1.18812443912029,-0.978993545472622
L,CTA,0.967577493047714,0.755113101005554,1.17704660594463
L,CTC,0.49201529250145,0.355432892590761,0.624990689754486
L,CTG,-0.779863761973381,-0.886973801255226,-0.676226177811622
L,CTT,0.371700700366497,0.230208542570472,0.516195921599865
L,TTA,-0.0598214590419433,-0.200927694141865,0.0849235123023391
N,AAC,0.264881559410691,0.132268976047635,0.396096908301115
P,CCA,0.0467841022218985,-0.139506267011166,0.227920310199261
P,CCC,-0.268544573254511,-0.492684376984835,-0.0450256023555993
P,CCG,-0.854091255927086,-1.0084670484066,-0.69733635187149
Q,CAA,0.275159949213266,0.163590549305081,0.386800439655781
R,AGA,1.53637621190548,1.21205025315285,1.87718228399754
R,AGG,1.13919333460331,0.747769625484943,1.54239443540573
R,CGA,0.618631834042072,0.360369081050158,0.867364485561848
R,CGC,-0.488997168684006,-0.588726454973221,-0.388528852164745
R,CGG,0.080362723719432,-0.108774211630225,0.268073497712612
S,TCA,-0.157434339927265,-0.33851604834199,0.0253484998364002
S,TCC,-0.136616944018136,-0.276433234661818,0.00502756406785929
S,TCG,-0.790340995526314,-0.942298492789268,-0.631845737993717
T,ACA,-0.301043978283834,-0.484104987233877,-0.121018462814391
T,ACC,-1.23725527687073,-1.360220682621,-1.12184244394302
T,ACG,-1.16438959839344,-1.3026994228363,-1.02410460412502
V,GTA,0.449529783171415,0.325865104794502,0.578324398398399
V,GTC,-0.395542995488644,-0.511335754394531,-0.281002381443977
V,GTG,-0.876610536432266,-0.980212944746018,-0.775371174514294
Y,TAC,0.537833265399933,0.398575454205275,0.688131193816662
Z,AGC,-0.266045494125411,-0.420789049565792,-0.11449953187257
