AA,Codon,Posterior,0.025%,0.975%
A,GCA,0.149402357616276,0.0794107856228948,0.21866506934166
A,GCC,0.427141183042526,0.348345378786325,0.504385378956795
A,GCG,0.299720325541496,0.234735828265548,0.367767754942179
C,TGC,-0.103211806932668,-0.293614158034325,0.0741769732907415
D,GAC,-0.382914766776562,-0.466311749815941,-0.30040305480361
E,GAA,-0.145439706711471,-0.221903878077865,-0.0650812035426497
F,TTC,-0.586197601532936,-0.691920532286167,-0.480247969180346
G,GGA,1.41583795163631,1.1806769490242,1.67921363711357
G,GGC,0.148701107676327,0.0879662657156587,0.213707855716348
G,GGG,0.808431698083878,0.669991290569305,0.96414485424757
H,CAC,-0.499946248054504,-0.634134157001972,-0.372504035383463
I,ATA,1.51971568186283,1.16073390543461,1.89743690490723
I,ATC,-0.389497909796238,-0.460074986517429,-0.320410812646151
K,AAA,-0.0507407930006073,-0.121745176613331,0.0160877744201571
L,CTA,0.510059914132208,0.252903337031603,0.797198250889778
L,CTC,-0.408360891163349,-0.546611829102039,-0.268407112360001
L,CTG,-0.723866387534142,-0.836308789253235,-0.612244571745396
L,CTT,-0.13117435765528,-0.285447964817286,0.0278052151203157
L,TTA,0.133837787272787,-0.0300875307060778,0.29123937562108
N,AAC,-0.690571005094051,-0.809157294034958,-0.570110428333282
P,CCA,-0.261030788816512,-0.444174464046955,-0.0794354433193803
P,CCC,0.697318514513969,0.425007527321577,0.993861366808415
P,CCG,-0.483394445353746,-0.639039602875709,-0.332550255954265
Q,CAA,0.398572275584936,0.296622764319181,0.507346205413342
R,AGA,1.5922924652338,1.11930205523968,2.07505917549133
R,AGG,2.84887100872993,2.15778167843819,3.60071870088577
R,CGA,1.7210126914978,1.37050684392452,2.08542976975441
R,CGC,0.354581859862804,0.275128866732121,0.431714639812708
R,CGG,1.523621149683,1.28181960582733,1.7708672195673
S,TCA,0.63499059317112,0.477450865507126,0.79695920497179
S,TCC,0.0989140876082158,0.0101329570170492,0.193086919188499
S,TCG,0.722106991195679,0.582062651216984,0.864023829996586
T,ACA,0.75765563262701,0.584776265919209,0.939714922010899
T,ACC,0.117151840879302,0.0428508243523538,0.197997484356165
T,ACG,0.66019707275629,0.542134594917297,0.785903185606003
V,GTA,0.0905942732766503,0.0120737701887265,0.172413872182369
V,GTC,0.429035869514942,0.341057007014751,0.519882979989052
V,GTG,0.394113693571091,0.318546309322119,0.470772432535887
Y,TAC,-0.344548987740278,-0.470867896080017,-0.221776834130287
Z,AGC,-0.622877147400379,-0.782248178124428,-0.459369406104088
