AA,Codon,Posterior,0.025%,0.975%
A,GCA,0.288609741899557,0.119556805491447,0.459020864963532
A,GCC,0.534569561678171,0.362289386987686,0.704510010778904
A,GCG,0.388805585241318,0.237808553501964,0.539027242362499
C,TGC,-0.321965957326698,-0.832968910038471,0.165527845546603
D,GAC,-0.328132587308437,-0.478550631552935,-0.174845394864678
E,GAA,-0.234291600396298,-0.398553272336721,-0.0779223369434475
F,TTC,-0.595862361443043,-0.810550670325756,-0.394528682529926
G,GGA,1.6354970127821,1.18034019172192,2.12301618456841
G,GGC,0.105434884104307,-0.0403683402575552,0.254568422585726
G,GGG,0.894239284443855,0.603744302690029,1.20108174681664
H,CAC,-0.532282020959258,-0.811525590717793,-0.271302251517773
I,ATA,1.96537275652885,1.1308374017477,2.99053681492806
I,ATC,-0.271980256054271,-0.431141792982817,-0.114098443090916
K,AAA,-0.207049356380966,-0.437704231590033,0.00221459926688117
L,CTA,0.186000061790147,-0.261004332453012,0.672827939689159
L,CTC,-0.32221227625584,-0.6070601567626,-0.0149719190085305
L,CTG,-0.640009391629696,-0.878791354596615,-0.414405862987041
L,CTT,0.0501121627239481,-0.277780856192112,0.399246094375849
L,TTA,0.351179812430765,0.0137665072688833,0.723897783458233
N,AAC,-0.572454952067137,-0.810758702456951,-0.34260743483901
P,CCA,-0.080691999853059,-0.424560388177633,0.291557967662811
P,CCC,0.381645267430413,-0.0205501677468419,0.824943001568317
P,CCG,-0.515823877337575,-0.801930473744869,-0.244244241714477
Q,CAA,0.310912253577262,0.106372238695621,0.516235366463661
R,AGA,1.64346288740635,0.86672265380621,2.65722076296806
R,AGG,3.02886629800797,1.74416579902172,5.13536286354065
R,CGA,1.43815472666025,0.926626780629158,2.02871406078339
R,CGC,0.487542680388689,0.310132902115583,0.676460640132427
R,CGG,1.58963155875206,1.16315454542637,2.0889446079731
S,TCA,0.790391506791115,0.430683969706297,1.22279336452484
S,TCC,0.036152325653049,-0.144854503124952,0.223850251734257
S,TCG,0.629890543800592,0.364660755544901,0.906784255802631
T,ACA,0.928888416308165,0.524493250250816,1.39968091845512
T,ACC,0.0728245923916114,-0.131234661862254,0.265090668201447
T,ACG,0.627869773209095,0.361673161387444,0.896409361064434
V,GTA,0.0531645078704911,-0.123023767583072,0.244117000326514
V,GTC,0.493409150746465,0.299153406172991,0.697393134236336
V,GTG,0.286760143479705,0.138736420124769,0.446079728007317
Y,TAC,-0.417519361452758,-0.63273598998785,-0.209205886349082
Z,AGC,-0.685380913966894,-1.0639775365591,-0.318077435344458
