AA,Codon,Posterior,0.025%,0.975%
A,GCA,-0.459971830642223,-0.562253087759018,-0.350822492688894
A,GCC,-1.01963363482952,-1.12548504471779,-0.9183877825737
A,GCG,-1.22470456357002,-1.32348730564117,-1.12941865622997
C,TGC,-0.108012201500251,-0.297026983648539,0.0820856828242541
D,GAC,0.84578825173378,0.741713264584541,0.947593642771244
E,GAA,-0.626794274878502,-0.72492840886116,-0.523472107946873
F,TTC,0.781906027269363,0.66870135217905,0.898450836539268
G,GGA,0.0511570698547002,-0.135816642269492,0.241428843140602
G,GGC,-0.376681933647394,-0.468774257600307,-0.278816169500351
G,GGG,0.0284273696047929,-0.11517837587744,0.175603583455086
H,CAC,0.712547171831131,0.568707275390625,0.864328119158745
I,ATA,1.21925123300552,0.982500891387463,1.45499893426895
I,ATC,0.474014462757111,0.391538942605257,0.554975111782551
K,AAA,-1.0868167580843,-1.19274510443211,-0.980359899997711
L,CTA,0.946602403140068,0.738506810367107,1.15880838632584
L,CTC,0.457037304329872,0.317368753999472,0.592817185819149
L,CTG,-0.771715101313591,-0.872995555400848,-0.666789869964123
L,CTT,0.411655486965179,0.27349941432476,0.550935311615467
L,TTA,-0.0922614373931872,-0.22940554395318,0.0418116267770529
N,AAC,0.255590582828224,0.130347718670964,0.386655481904745
P,CCA,0.0585781627380151,-0.112980085425079,0.237960696220398
P,CCC,-0.304352683606744,-0.516034473478794,-0.0915989059954881
P,CCG,-0.853900488567352,-1.00383387506008,-0.709199258685112
Q,CAA,0.324742593958974,0.218244636431336,0.433333195745945
R,AGA,1.59195176143646,1.23993580043316,1.94243145287037
R,AGG,1.07694447783828,0.653865571320057,1.48987202346325
R,CGA,0.64655954618454,0.396154372394085,0.888935700058937
R,CGC,-0.499959812808037,-0.59604322463274,-0.40739209651947
R,CGG,0.06514180076337,-0.124369832873344,0.252494392544031
S,TCA,-0.181450888522578,-0.358384158462286,-0.010651236376725
S,TCC,-0.142649011939633,-0.279792401194572,-0.00543835181742903
S,TCG,-0.785616457104683,-0.936305177211761,-0.632857044041157
T,ACA,-0.282705992052972,-0.467529713362455,-0.106664680503309
T,ACC,-1.21320876228809,-1.32943551540375,-1.1001182615757
T,ACG,-1.16522373893261,-1.3059601187706,-1.02274522483349
V,GTA,0.462759543049335,0.348678331077099,0.584030865132809
V,GTC,-0.371615286636353,-0.489517863094807,-0.254388747364283
V,GTG,-0.869711817169189,-0.970931300520897,-0.771921801567078
Y,TAC,0.568124002933502,0.431035546958446,0.721399347484112
Z,AGC,-0.273835046386346,-0.426833225041628,-0.114248686097562
