AA,Codon,Posterior,0.025%,0.975%
A,GCA,0.145831112141907,0.0749806813895702,0.216320554539561
A,GCC,0.417625784158707,0.34260233938694,0.497782906889915
A,GCG,0.287634990006685,0.219462553784251,0.356264951080084
C,TGC,-0.128009037142008,-0.301563274115324,0.0459388655610383
D,GAC,-0.380292073696852,-0.462315994501114,-0.297531768679619
E,GAA,-0.135275478961505,-0.211647541075945,-0.0577170661650598
F,TTC,-0.610922631382942,-0.721460726857185,-0.504517869651318
G,GGA,1.4468682290554,1.20742642879486,1.69397233426571
G,GGC,0.14419340242818,0.0802036272361875,0.207940639927983
G,GGG,0.822047956943512,0.679987935721874,0.97610799074173
H,CAC,-0.507690504598618,-0.645083267986774,-0.381840005517006
I,ATA,1.48076644735336,1.14211187660694,1.83700086176395
I,ATC,-0.381745617198944,-0.447298295795918,-0.313801447302103
K,AAA,-0.0496535164048109,-0.12124530505389,0.0226872488390654
L,CTA,0.538047583864629,0.260310888290405,0.832532995939255
L,CTC,-0.3802183852911,-0.52113691419363,-0.240194066241384
L,CTG,-0.726847858858109,-0.842107418179512,-0.614931397140026
L,CTT,-0.160867110736528,-0.317664101719856,-0.0114213544875382
L,TTA,0.169079219100652,0.0107957577565685,0.327190954238176
N,AAC,-0.683211594295502,-0.801555237174034,-0.564197331666946
P,CCA,-0.269910800062865,-0.442683486640453,-0.0976885640993714
P,CCC,0.738317908340693,0.471756524592638,1.03489513099194
P,CCG,-0.482371097922325,-0.627337451279163,-0.339334029704332
Q,CAA,0.360636202406883,0.259672034531832,0.465326469391584
R,AGA,1.50764287919998,1.0354295194149,2.04054149985313
R,AGG,2.96017904577255,2.21100101470947,3.83604866862297
R,CGA,1.68654919857979,1.35809257924557,2.06513047218323
R,CGC,0.361279086905718,0.288780964165926,0.439099791646004
R,CGG,1.53679020109177,1.28226071596146,1.79141086637974
S,TCA,0.654607029259205,0.495523533225059,0.822357439994812
S,TCC,0.10200590943298,0.015650953608565,0.189785484969616
S,TCG,0.717356127226353,0.575372439622879,0.856156679987907
T,ACA,0.749636318647862,0.585043822228908,0.933543913066387
T,ACC,0.107129795714561,0.0324720424599946,0.18312150016427
T,ACG,0.66838494784832,0.544889967143536,0.789160227775574
V,GTA,0.0847619416865055,0.00564408934442326,0.16158584728837
V,GTC,0.415942210030556,0.326984075456858,0.506404846906662
V,GTG,0.39181156001091,0.319483126699924,0.46510891392827
Y,TAC,-0.366218564090133,-0.495331580191851,-0.248619560152292
Z,AGC,-0.614751323878765,-0.779107263684273,-0.45748588591814
