AA,Codon,Posterior,0.025%,0.975%
A,GCA,0.167498004645505,0.0271675832103938,0.310170064866543
A,GCC,0.415635677987337,0.270855806767941,0.569398067891598
A,GCG,0.307827170318365,0.178240392357111,0.437959555536509
C,TGC,-0.14166808064979,-0.467376248538494,0.166872332245112
D,GAC,-0.298356538623571,-0.420563083142042,-0.171304346621036
E,GAA,-0.209325990558788,-0.348264475166798,-0.0828347824513912
F,TTC,-0.73877663847208,-0.925107561051846,-0.553290672600269
G,GGA,1.20392784404755,0.887312497198582,1.54274878799915
G,GGC,0.0737301541481269,-0.0403346829116344,0.185917602851987
G,GGG,0.832415765202045,0.590549598634243,1.08968822658062
H,CAC,-0.582442254346609,-0.810269291698933,-0.363012740015983
I,ATA,1.89683425242901,1.20098921656609,2.79223391413689
I,ATC,-0.459586180412769,-0.597854436933994,-0.32578425258398
K,AAA,-0.0906034239233151,-0.246214893832803,0.0623454148881138
L,CTA,0.0858360365259578,-0.289406914263964,0.490927510708571
L,CTC,-0.339664182675246,-0.597406055033207,-0.0703097334131597
L,CTG,-0.76756787725687,-0.978713667392731,-0.571468356251717
L,CTT,-0.0984638402949786,-0.384103118628263,0.182335479184985
L,TTA,0.24132731969633,-0.0573951367288828,0.5431845754385
N,AAC,-0.701689314520359,-0.897040775418282,-0.516230925917625
P,CCA,-0.26646344883533,-0.52794813066721,0.0102361763361842
P,CCC,1.19143927358389,0.695249451696873,1.73855696618557
P,CCG,-0.483914849773049,-0.720435145497322,-0.264620484411716
Q,CAA,0.379252928960323,0.199169320613146,0.56379134953022
R,AGA,1.89548638751507,1.05641383230686,2.9721483528614
R,AGG,3.24372863907814,1.94216749072075,4.94536519050598
R,CGA,1.27083723021746,0.84765597730875,1.73238963186741
R,CGC,0.387552076023817,0.240506814420223,0.538942094147205
R,CGG,1.8310051885128,1.38889969289303,2.32411192655563
S,TCA,0.630749682372808,0.338324604928493,0.940859641134739
S,TCC,0.283649492247682,0.0694546381011605,0.527629636228085
S,TCG,0.699717987108231,0.456262596696615,0.961283008754253
T,ACA,0.922600278943777,0.588286985456943,1.27682588398457
T,ACC,0.164790893730381,0.000938865978969263,0.322513842582703
T,ACG,0.696657893168926,0.480703660845757,0.90935034006834
V,GTA,0.0733089202362476,-0.0887117942795157,0.24432083517313
V,GTC,0.432947633755207,0.265767453610897,0.610794658958912
V,GTG,0.342898927375674,0.201331084221601,0.487005531042814
Y,TAC,-0.29799643021524,-0.483598474413157,-0.115628094412386
Z,AGC,-0.436924094857276,-0.718994756042957,-0.16509051322937
