AA,Codon,Posterior,0.025%,0.975%
A,GCA,0.205509367924382,0.0288903740700334,0.383308614045381
A,GCC,0.518917076712847,0.301544834673405,0.759425663948059
A,GCG,0.364145257382095,0.16273567378521,0.579445791244507
C,TGC,-0.223790541653343,-0.851560407876968,0.373126270622014
D,GAC,-0.48470478233397,-0.719127009809017,-0.264573295414448
E,GAA,-0.362516015230212,-0.559638077020645,-0.164591766521335
F,TTC,-1.3999857111454,-1.96696648001671,-0.902802076935768
G,GGA,1.20537407648563,0.777192978560925,1.68608380258083
G,GGC,0.202273858578588,0.00356615043710917,0.398808102309704
G,GGG,0.8179053591609,0.507988940179348,1.17864462733269
H,CAC,-0.043101057096661,-0.397941796481609,0.303028330951929
I,ATA,1.88941544730663,1.05913089811802,2.87802055478096
I,ATC,-0.655841098484397,-0.972387525439262,-0.368749689310789
K,AAA,-0.140923716933844,-0.367105232924223,0.0779848689213395
L,CTA,0.965651851031929,0.40458023250103,1.57107729911804
L,CTC,-0.284693972820239,-0.6158168181777,0.0207217881456017
L,CTG,-0.935094354504347,-1.22480117082596,-0.664819730818272
L,CTT,-0.0814092468259296,-0.434159499406815,0.266797804832458
L,TTA,0.586443333944063,0.110439204797149,1.11736790835857
N,AAC,-0.668022071191669,-0.997807489335537,-0.359094554185867
P,CCA,-0.332998651213461,-0.695641025900841,0.0258008566685019
P,CCC,0.918337715541164,0.280647150427103,1.65275952816009
P,CCG,-0.7189596896559,-1.05711046755314,-0.402709230780602
Q,CAA,0.665226682882011,0.37417756319046,0.985836121439934
R,AGA,1.39207092859745,0.902451664209366,1.99823116362095
R,AGG,1.6925559491992,1.10616438984871,2.41283913850784
R,CGA,2.71094333529472,1.74645814299583,3.815713763237
R,CGC,0.270364350644953,0.0487590911798179,0.502164530754089
R,CGG,1.65592182766199,1.09094511270523,2.36684740185738
S,TCA,0.779188496654853,0.349096170812845,1.27228760123253
S,TCC,0.122971968275991,-0.167067670077085,0.434911827743053
S,TCG,1.0929532163009,0.566720333695412,1.72549845576286
T,ACA,1.69971002109051,1.09779216945171,2.4056853890419
T,ACC,0.26064561157946,0.0490463191643357,0.4862378872931
T,ACG,0.838820872551203,0.501310959458351,1.21911220252514
V,GTA,0.182891239334959,-0.0497401542961597,0.416838195174932
V,GTC,0.58620491348058,0.271232783049345,0.940570197999477
V,GTG,0.434680667633656,0.163780945166945,0.726372036337852
Y,TAC,-0.528638908905163,-0.893450625240803,-0.19754533097148
Z,AGC,-0.836793080750108,-1.32675971984863,-0.405666849017144
