AA,Codon,Posterior,0.025%,0.975%
A,GCA,-0.383246063435078,-0.454821743816137,-0.311461813747883
A,GCC,-0.916459711253643,-0.989473454654217,-0.845782665908337
A,GCG,-0.994010254120827,-1.06463343799114,-0.92411929666996
C,TGC,-0.0436119208050281,-0.182188092544675,0.097285641171038
D,GAC,0.71096177175045,0.638611327111721,0.782888720929623
E,GAA,-0.638937682211399,-0.710143353044987,-0.564736551046371
F,TTC,0.994450313687325,0.913525810837746,1.07630000114441
G,GGA,0.202843696722202,0.095059259980917,0.311291249841452
G,GGC,-0.410547355735302,-0.477390628308058,-0.34371153190732
G,GGG,0.0729203004981136,-0.0267159968614578,0.174567145854235
H,CAC,0.635718342894316,0.532699626684189,0.740515491366386
I,ATA,1.18704897731543,1.04954417347908,1.32112640738487
I,ATC,0.506912687242031,0.442146499454975,0.570429013669491
K,AAA,-1.0662574750185,-1.14603663384914,-0.985735426843166
L,CTA,1.04015446281433,0.891407908499241,1.18541388511658
L,CTC,0.350889103254676,0.254709015786648,0.447722394019365
L,CTG,-0.786973095881939,-0.863889996707439,-0.714149488508701
L,CTT,0.207564928302169,0.113690157048404,0.303494281321764
L,TTA,-0.167790098794177,-0.259027539938688,-0.0762093596160412
N,AAC,0.431728229397535,0.344414173066616,0.519354729354382
P,CCA,0.0324319280679865,-0.0829535281285644,0.145657873898744
P,CCC,-0.363508093135059,-0.499149650335312,-0.236084950715304
P,CCG,-0.623533165103197,-0.724305352568626,-0.524889279901981
Q,CAA,0.329038363972306,0.254908199608326,0.40421497747302
R,AGA,1.0107521083951,0.811090970039368,1.20514967441559
R,AGG,1.45628087143898,1.19717545807362,1.7211175262928
R,CGA,0.544327013373375,0.392978215962648,0.690182910859585
R,CGC,-0.315358701792359,-0.391808108985424,-0.240408346801996
R,CGG,0.138091894549956,-0.0128957406850532,0.28008769005537
S,TCA,-0.288920099895447,-0.408607766777277,-0.168636113777757
S,TCC,-0.114969689338801,-0.218330128490925,-0.0116764539387078
S,TCG,-0.543065216630697,-0.66482979953289,-0.419338511675596
T,ACA,-0.492723466855288,-0.60966685116291,-0.379524406790733
T,ACC,-1.11628907516003,-1.20011095702648,-1.03070739507675
T,ACG,-1.06076694791317,-1.16038636863232,-0.958791141211987
V,GTA,0.592672017806768,0.51223499327898,0.673806251585483
V,GTC,-0.197444805571437,-0.274641893804073,-0.118887050449848
V,GTG,-0.574021701008081,-0.647308874130249,-0.501976978778839
Y,TAC,0.53687707811594,0.43781271725893,0.636871510744095
Z,AGC,-0.279939456236362,-0.380702837556601,-0.179426709935069
