AA,Codon,Posterior,0.025%,0.975%
A,GCA,0.126356175717339,0.0705792967230082,0.181805567070842
A,GCC,0.468665702277422,0.405316486954689,0.532401593029499
A,GCG,0.467581686848402,0.40448792129755,0.531394201517105
C,TGC,-0.0985611563427094,-0.253576272726059,0.0520650939084589
D,GAC,-0.19540261836499,-0.260394502431154,-0.130301412567496
E,GAA,-0.203138422177732,-0.276143043488264,-0.132347384467721
F,TTC,-0.301076713970304,-0.377326429635286,-0.226395848020911
G,GGA,0.671285017335415,0.549755473434925,0.794137965142727
G,GGC,0.161875603431463,0.105203499644995,0.218979851529002
G,GGG,0.636884922522306,0.532042384147644,0.74548227339983
H,CAC,-0.324259175959229,-0.429308781772852,-0.221140652522445
I,ATA,0.580840146833658,0.426509362459183,0.749562576413155
I,ATC,-0.231971469929814,-0.290042898803949,-0.176195254921913
K,AAA,-0.0197369946732026,-0.0799612464383244,0.042669909261167
L,CTA,0.119837701286754,-0.0427859280258417,0.298976008594036
L,CTC,-0.220986056106538,-0.322243485599756,-0.119955653510988
L,CTG,-0.358441240110993,-0.439333026111126,-0.275494423508644
L,CTT,-0.227287011297047,-0.327310857921839,-0.128468377143145
L,TTA,-0.0894678609525648,-0.189526104554534,0.0109966452466323
N,AAC,-0.420825906902552,-0.503883792459965,-0.341778252273798
P,CCA,0.0410426001267671,-0.0690111851319671,0.152202221006155
P,CCC,0.561387433534861,0.419606214016676,0.713040962815285
P,CCG,0.00249498221408112,-0.0898722095414996,0.0975058326497673
Q,CAA,0.00717519559414395,-0.0642277086153626,0.0810841076076031
R,AGA,0.82909092579484,0.610017152130604,1.06150245964527
R,AGG,1.15468738994598,0.826655773818493,1.50769589245319
R,CGA,0.990016835939884,0.814221473038197,1.17882326841354
R,CGC,0.193759173969924,0.132392873615026,0.257984215766191
R,CGG,1.3651932857275,1.17520770430565,1.57728227674961
S,TCA,0.406341712671518,0.296045999228954,0.518245458602905
S,TCC,0.109331014069257,0.0282877480145544,0.192827456071973
S,TCG,0.786671231615543,0.657194204628468,0.923866997659206
T,ACA,0.429197792825103,0.334412760287523,0.528494429588318
T,ACC,0.267034604692459,0.200265815109015,0.334829907864332
T,ACG,0.728456471955776,0.632439011335373,0.828997021913528
V,GTA,-0.0882787573259498,-0.148112395778298,-0.0280563075095415
V,GTC,0.351080710399151,0.278849631547928,0.426007832586765
V,GTG,0.447179085534811,0.376991927623749,0.519533367455006
Y,TAC,-0.296280030606687,-0.401017465442419,-0.192015025019646
Z,AGC,-0.16705440944836,-0.267733494192362,-0.0654291523620488
