AA,Codon,Posterior,0.025%,0.975%
A,GCA,0.164481133252382,0.108452706411481,0.221536513790488
A,GCC,0.342062752869725,0.281444656103849,0.40438973903656
A,GCG,0.298375462517142,0.241145419329405,0.357937283813953
C,TGC,-0.122207431791323,-0.264365002512932,0.0231004153378308
D,GAC,-0.240356201833487,-0.300660845637321,-0.181116469204426
E,GAA,-0.144719507201016,-0.208936586976051,-0.0808648625388742
F,TTC,-0.533580041772127,-0.615117582678795,-0.45641075745225
G,GGA,0.933126197564602,0.80835552662611,1.06370402276516
G,GGC,0.151039629719406,0.0978483770042658,0.204050267860293
G,GGG,0.646464458286762,0.545796233415604,0.747297856211662
H,CAC,-0.401832282793522,-0.50315827280283,-0.299674984067678
I,ATA,1.31991806226969,1.092657071352,1.55845493376255
I,ATC,-0.331139610257745,-0.394264291226864,-0.271545951813459
K,AAA,-0.0881162140099739,-0.153941783681512,-0.021273291297257
L,CTA,0.217810164166556,0.0251239895820618,0.423369583487511
L,CTC,-0.398772292688489,-0.513571004569531,-0.28214825168252
L,CTG,-0.699161517131329,-0.795252840220928,-0.603450474143028
L,CTT,-0.243841559430212,-0.362885040044785,-0.127148611471057
L,TTA,0.0381225946068967,-0.0830258591100573,0.158289481699467
N,AAC,-0.569040098428726,-0.655316039919853,-0.482219552993774
P,CCA,-0.0904385277087335,-0.212710604444146,0.0351943735033274
P,CCC,0.52870998621583,0.374739796668291,0.694789707660675
P,CCG,-0.340742307204008,-0.444452831894159,-0.235193897411227
Q,CAA,0.307508668479323,0.225671811774373,0.392779733240604
R,AGA,2.48853024554253,2.08258570432663,2.91292021274567
R,AGG,2.72004071319103,2.16268957853317,3.32240193486214
R,CGA,1.45274437658787,1.22853607833385,1.68325440883636
R,CGC,0.238628027799726,0.173464710265398,0.303842753171921
R,CGG,1.51904238567352,1.31192137897015,1.73479127883911
S,TCA,0.609159143131971,0.482526525855064,0.740362244844436
S,TCC,0.0488873911593873,-0.035364646743983,0.132034584879875
S,TCG,0.596838076335192,0.477943815290928,0.720359572768211
T,ACA,0.850306648540497,0.714037229120731,0.987304086983204
T,ACC,0.126874222015543,0.0589065179228783,0.193775413185358
T,ACG,0.587069476056099,0.490222412347794,0.686163531243801
V,GTA,-0.0695694720780142,-0.13232446052134,-0.00546880343463275
V,GTC,0.275249958905578,0.207148710265756,0.34604873880744
V,GTG,0.269478844839334,0.206771941110492,0.334719105064869
Y,TAC,-0.281261264677346,-0.369534114748239,-0.192801698297262
Z,AGC,-0.381941327109933,-0.501864688098431,-0.260721206665039
