AA,Codon,Posterior,0.025%,0.975%
A,GCA,-0.373950425410271,-0.461167249828577,-0.288221424072981
A,GCC,-0.812835910117626,-0.901186892390251,-0.727158212661743
A,GCG,-0.925295612728596,-1.00945355892181,-0.841807429492474
C,TGC,0.0257537855356115,-0.143441715463996,0.191164101287722
D,GAC,0.778184509563446,0.689248345792294,0.865553858876228
E,GAA,-0.740515171539784,-0.831058166921139,-0.651271270215511
F,TTC,0.920221962153912,0.823021367192268,1.01590782105923
G,GGA,0.115034525303334,-0.0225133088883013,0.25040989741683
G,GGC,-0.418152107548714,-0.497168638557196,-0.340421040356159
G,GGG,-0.0306052018498185,-0.15003021247685,0.0914223548024892
H,CAC,0.604053365957737,0.480557908117771,0.72920767813921
I,ATA,1.08838472727537,0.932068653404713,1.24451761245728
I,ATC,0.534868253552914,0.460052298754454,0.612040610611439
K,AAA,-1.13902077562809,-1.22984417080879,-1.05199182033539
L,CTA,1.06051874849796,0.897767652571201,1.22864398658276
L,CTC,0.414542600229382,0.299588479846716,0.528296633064747
L,CTG,-0.724149321770668,-0.815877646207809,-0.632572980225086
L,CTT,0.261300201457739,0.151654137670994,0.371287544071674
L,TTA,-0.223732264234684,-0.33213579505682,-0.114821632392705
N,AAC,0.397495400851965,0.298406817764044,0.500500380992889
P,CCA,3.26064072865847e-05,-0.140310206636786,0.13944362141192
P,CCC,-0.339523695587832,-0.500135858356953,-0.184538972750306
P,CCG,-0.627932120597362,-0.74939501285553,-0.506858298182488
Q,CAA,0.257059734514356,0.167607716098428,0.349144257605076
R,AGA,1.03347189984322,0.827003593742847,1.24010200202465
R,AGG,1.3352078591466,1.0656581401825,1.59673558473587
R,CGA,0.523732769459486,0.340896399319172,0.69850303530693
R,CGC,-0.317789424994588,-0.402101308852434,-0.231855816021562
R,CGG,-0.0339840920655278,-0.201519560441375,0.13210476487875
S,TCA,-0.363465383793414,-0.507213746011257,-0.22354781627655
S,TCC,-0.0602186161100333,-0.181171154230833,0.0599986403249203
S,TCG,-0.568828364032507,-0.707959106564522,-0.427529067546129
T,ACA,-0.459974132418632,-0.588539297878742,-0.330077208578587
T,ACC,-1.02237242842913,-1.12087111771107,-0.922781598567963
T,ACG,-0.952712776637077,-1.06905356049538,-0.834558039903641
V,GTA,0.478000341874361,0.38335138335824,0.57077189385891
V,GTC,-0.123894697100695,-0.219790893048048,-0.0304347485303879
V,GTG,-0.602000297260284,-0.685766838490963,-0.519084243476391
Y,TAC,0.620585316228867,0.495229880511761,0.743654897809029
Z,AGC,-0.293231887573004,-0.414639768749476,-0.173709515854716
