AA,Codon,Posterior,0.025%,0.975%
A,GCA,0.0177117620485007,-0.0709190625697374,0.106265517324209
A,GCC,0.232509850686789,0.142627528309822,0.323841986805201
A,GCG,0.0245277278491638,-0.0592463178560138,0.10637946203351
C,TGC,-0.35239576771576,-0.549078591167927,-0.160249333828688
D,GAC,-0.274750687281787,-0.35140243023634,-0.199509341642261
E,GAA,-0.167355951405503,-0.253142948448658,-0.0833629230037332
F,TTC,-0.815823356640339,-0.925155538320541,-0.707170605659485
G,GGA,1.46359120960236,1.26032195687294,1.67118966281414
G,GGC,0.132547037024423,0.0669164840131998,0.200453788414597
G,GGG,0.869422783684731,0.732170471549034,1.0128092944622
H,CAC,-0.563080363321304,-0.70871914178133,-0.41763765886426
I,ATA,1.90770316624641,1.57017581760883,2.26402837634087
I,ATC,-0.46324116473794,-0.544770157337189,-0.386325759440661
K,AAA,-0.0884839759344384,-0.179980177804828,2.05048505903945e-05
L,CTA,0.285886741352745,0.0286654488183558,0.543588823080063
L,CTC,-0.338609725154191,-0.497142220288515,-0.185499530658126
L,CTG,-0.907791383290291,-1.03426028490067,-0.783750888705254
L,CTT,-0.0228282011897099,-0.188855210319161,0.147740398347378
L,TTA,0.446637560561299,0.264403973519802,0.624369674921036
N,AAC,-0.891513611853123,-1.01412661373615,-0.770640552043915
P,CCA,-0.253950333272386,-0.436767626553774,-0.0692980779334903
P,CCC,0.914310241860151,0.651109226047993,1.18230510950088
P,CCG,-0.699798738461733,-0.855901421606541,-0.543096344172955
Q,CAA,0.582972010743618,0.463876117765903,0.708869636058807
R,AGA,2.65617688703537,2.13039992451668,3.20731516480446
R,AGG,2.59897374475002,2.02623530030251,3.23201384544373
R,CGA,1.82336939888,1.52042296826839,2.17337005734444
R,CGC,0.289389641903341,0.204093265160918,0.376548032462597
R,CGG,1.83253700122833,1.57121171653271,2.09382526278496
S,TCA,0.673938314795494,0.50013612061739,0.850337913632393
S,TCC,-0.0707418785097399,-0.182895314320922,0.0402124322019517
S,TCG,0.417307070603967,0.271122661232948,0.565606620907783
T,ACA,1.04047664865255,0.84822588711977,1.23404423892498
T,ACC,-0.0247442776287098,-0.121202964894474,0.0707093937322497
T,ACG,0.486281048509479,0.358458691090345,0.612811429798603
V,GTA,0.00211679356956192,-0.0876604380086064,0.0928814455866813
V,GTC,0.375485036310554,0.271406818926334,0.479735752940178
V,GTG,0.146120528766094,0.066274675540626,0.222866912931204
Y,TAC,-0.529043708467483,-0.657045251131058,-0.406853901594877
Z,AGC,-0.620096533626318,-0.801121109724045,-0.440634700655937
