AA,Codon,Posterior,0.025%,0.975%
A,GCA,0.123681923316699,0.0630053270608187,0.185299436748028
A,GCC,0.404736907619238,0.335065547376871,0.478366061300039
A,GCG,0.428557007050514,0.358948189020157,0.499334163963795
C,TGC,-0.149895481623895,-0.31075716689229,0.0129641374340281
D,GAC,-0.23456250987649,-0.305168934166431,-0.164589812606573
E,GAA,-0.140124189310428,-0.21676005795598,-0.0641242582350971
F,TTC,-0.255156476731598,-0.337244553118944,-0.170260581746697
G,GGA,0.741729722201824,0.602239598333836,0.885782025754452
G,GGC,0.164948674600571,0.105872042477131,0.228300402686
G,GGG,0.717027297663689,0.598351986706257,0.837804393470287
H,CAC,-0.303967645426095,-0.41485154479742,-0.195675371587277
I,ATA,0.678474781274796,0.498809599876404,0.86642500013113
I,ATC,-0.248646998623014,-0.310841979831457,-0.187137401103973
K,AAA,0.0166493216288706,-0.0467512431554496,0.0793874930590391
L,CTA,0.105432487897115,-0.071323499083519,0.283177621662617
L,CTC,-0.270624166882783,-0.380441366136074,-0.159127481654286
L,CTG,-0.405559361737967,-0.495655158162117,-0.314750833064318
L,CTT,-0.270199571789801,-0.37512124851346,-0.160075843706727
L,TTA,-0.0461804967880089,-0.157585335895419,0.0619879140518604
N,AAC,-0.399815475893021,-0.489762134104967,-0.315728607773781
P,CCA,0.0619434890648947,-0.0559844341129065,0.182514628395438
P,CCC,0.538654968696833,0.376726431399584,0.706622424721718
P,CCG,0.00499633560361175,-0.0948895618319511,0.110778994672
Q,CAA,0.054041650868865,-0.0246563914231956,0.13428053855896
R,AGA,0.80412496587038,0.583012969791889,1.0425784766674
R,AGG,1.28026318963766,0.942534345388413,1.66344512104988
R,CGA,1.00839976148605,0.804028131067753,1.23189520835876
R,CGC,0.194740284179151,0.128239947929978,0.263924296200275
R,CGG,1.5584541030407,1.33512506783009,1.79546045362949
S,TCA,0.461670765185356,0.344641403108835,0.585880321264267
S,TCC,0.0806982259675671,-0.00252541266963817,0.166988853737712
S,TCG,0.810412653279304,0.666860713064671,0.959645546972752
T,ACA,0.420692162653804,0.317616763710976,0.527213318645954
T,ACC,0.220337738566101,0.148381455242634,0.29051061347127
T,ACG,0.662736055672169,0.558879107236862,0.774548721313476
V,GTA,-0.0379372565301114,-0.100576954707503,0.0268058402463793
V,GTC,0.296929271423817,0.220632742345333,0.377729699760675
V,GTG,0.462243660640717,0.38885857835412,0.53642699867487
Y,TAC,-0.352682231718302,-0.471530832350254,-0.237199963256717
Z,AGC,-0.158126735554647,-0.269974058121443,-0.0472100906074048
