AA,Codon,Posterior,0.025%,0.975%
A,GCA,0.176262733253348,0.0843741415068507,0.270549894124269
A,GCC,0.310975287117064,0.212047925963998,0.412834901362658
A,GCG,0.176720552644599,0.0835182584822178,0.271905583888292
C,TGC,-0.287673404131283,-0.517035253345966,-0.0642626702785495
D,GAC,-0.244427665273845,-0.351329220086336,-0.139489354193211
E,GAA,-0.161827112919465,-0.256190499663353,-0.0725943088531494
F,TTC,-0.617872622203827,-0.769074043631554,-0.472536862641573
G,GGA,0.788500533056259,0.635728517174721,0.941922280192375
G,GGC,0.0992632726806594,0.00502654758747667,0.193377028405666
G,GGG,0.521672212874889,0.395840740948915,0.654848952591419
H,CAC,-0.50411493177712,-0.696176932752132,-0.321964012086391
I,ATA,0.892625047767162,0.710703779757023,1.08523831069469
I,ATC,-0.304902103643119,-0.410351964831352,-0.203285508602858
K,AAA,-0.0722957535965819,-0.170518217980862,0.0228459969162941
L,CTA,0.299281580416625,0.112587520852685,0.486649053543806
L,CTC,-0.342425266683102,-0.482975775003433,-0.2070507414639
L,CTG,-0.622475771784782,-0.758472914993763,-0.493852230906487
L,CTT,-0.16198931895897,-0.318782311677933,-0.0106602332787589
L,TTA,0.137098829892089,-0.0431886058300734,0.310138031840324
N,AAC,-0.59156410317421,-0.737690672278404,-0.451569326967001
P,CCA,-0.135194851604459,-0.30884986743331,0.0304555438458919
P,CCC,0.588476284560561,0.353239724040031,0.837839798629284
P,CCG,-0.340707594135404,-0.496771743893623,-0.189255747571588
Q,CAA,0.333701039868593,0.218501269444823,0.455093041062355
R,AGA,1.01193710021973,0.800404070317745,1.23195641040802
R,AGG,1.55443709251881,1.28651120364666,1.85141288936138
R,CGA,1.3626180798173,1.11292979121208,1.62772248983383
R,CGC,0.291236150935292,0.169092671573162,0.412565164268017
R,CGG,1.16759208205938,0.942412306368351,1.40612275004387
S,TCA,0.686152802979946,0.466141807287931,0.91387088149786
S,TCC,0.0378762442901359,-0.103365132585168,0.187145798653364
S,TCG,0.548112677574158,0.352032546699047,0.760403148829937
T,ACA,0.749038493847847,0.566554620862007,0.939790099859238
T,ACC,0.183129254382791,0.0627651214599609,0.306520757079124
T,ACG,0.56295159856081,0.402039343863726,0.725700226426124
V,GTA,0.116815592540283,0.0143056851578876,0.219572718814015
V,GTC,0.350051116627455,0.224951479956508,0.481410935521126
V,GTG,0.3594411537081,0.241423050314188,0.485198701173067
Y,TAC,-0.367715693256259,-0.525547829270363,-0.209416054561734
Z,AGC,-0.512867025974393,-0.719672095775604,-0.320282086730003
