AA,Codon,Posterior,0.025%,0.975%
A,GCA,-0.501673423981667,-0.588281279802322,-0.412050224095583
A,GCC,-1.06625684509277,-1.1554475992918,-0.977147106826305
A,GCG,-1.27960633721352,-1.36226871609688,-1.19808372855186
C,TGC,-0.117670504773979,-0.274618263542652,0.0480464559048415
D,GAC,0.836224763941765,0.748596152663231,0.930366621911526
E,GAA,-0.56784128152132,-0.648989324271679,-0.482693038135767
F,TTC,0.808431459259987,0.716832023859024,0.903832204639912
G,GGA,0.0719350397722963,-0.0761642456054688,0.220010593906045
G,GGC,-0.433358833670616,-0.510698685050011,-0.356472672522068
G,GGG,0.0418738824222157,-0.0782357279211283,0.154418225213885
H,CAC,0.680999517059326,0.557602401077747,0.816194987297058
I,ATA,1.270678779459,1.0629063129425,1.48114937245846
I,ATC,0.501653624522686,0.426059459894896,0.576584884524345
K,AAA,-1.08713584041595,-1.18296871185303,-0.995825627446175
L,CTA,1.04327413220406,0.858151915669441,1.22253387868404
L,CTC,0.469228730809689,0.351138294488192,0.583414924144745
L,CTG,-0.809180111050606,-0.897231970727444,-0.719878885149956
L,CTT,0.390583747667074,0.272009501606226,0.507913275063038
L,TTA,-0.046197196572902,-0.162948503345251,0.069351926073432
N,AAC,0.297948819822073,0.196787967532873,0.407810854911804
P,CCA,0.0433752693746828,-0.106384395249188,0.195394726097584
P,CCC,-0.355672822149843,-0.533986079692841,-0.172850342839956
P,CCG,-0.903869066548347,-1.03148566186428,-0.774639941751957
Q,CAA,0.30265040422678,0.206075767055154,0.395117205381393
R,AGA,1.67317538285255,1.39460292160511,1.94879083037376
R,AGG,1.28001916115284,0.914305923879147,1.628714209795
R,CGA,0.660378116166592,0.465290550887585,0.862178862094879
R,CGC,-0.480325068032742,-0.563446448743343,-0.398723003268242
R,CGG,0.10271918888978,-0.0608135882765055,0.261039303988218
S,TCA,-0.166282410641777,-0.316879763454199,-0.0167909408453852
S,TCC,-0.105573827186972,-0.223455676063895,0.00997013025917114
S,TCG,-0.802449476718903,-0.930761441588402,-0.670109844207764
T,ACA,-0.243153704090044,-0.3930076174438,-0.0858528915792703
T,ACC,-1.25237468323708,-1.35259283185005,-1.15246243476868
T,ACG,-1.16218003163338,-1.27687722444534,-1.04482025802135
V,GTA,0.507088219594955,0.409870982170105,0.60987643301487
V,GTC,-0.336616401863098,-0.428489003330469,-0.240437567979097
V,GTG,-0.804858906030655,-0.887358136475086,-0.723286528885364
Y,TAC,0.599435079264641,0.481985548138618,0.720346599817276
Z,AGC,-0.250532203349471,-0.386258234083653,-0.113959170877933
