AA,Codon,Posterior,0.025%,0.975%
A,GCA,0.23103936136663,0.15125326551497,0.310073640197515
A,GCC,0.459075457024574,0.376465880870819,0.542947998642921
A,GCG,0.342344107013941,0.273492433130741,0.410629850625992
C,TGC,-0.0872397858412769,-0.259249501675367,0.0771870749071241
D,GAC,-0.300677145498991,-0.383644733577967,-0.218388054892421
E,GAA,-0.233531698906422,-0.316216088086367,-0.150307100638747
F,TTC,-0.600291434133053,-0.701268002390862,-0.503195485472679
G,GGA,1.32115919089317,1.12492370307446,1.51979075968266
G,GGC,0.191669266986847,0.129081282392144,0.260261929035187
G,GGG,0.793876403903961,0.66576681882143,0.928463298082352
H,CAC,-0.552776772165298,-0.694888323545456,-0.415107280761004
I,ATA,1.53389420058727,1.18171725571156,1.91633233726025
I,ATC,-0.363499767494202,-0.4414062730968,-0.28563030809164
K,AAA,-0.113476167177898,-0.206836397200823,-0.0211389380041509
L,CTA,0.59895574977994,0.314404810220003,0.901764737069607
L,CTC,-0.329237242898345,-0.476715043187141,-0.18182189501822
L,CTG,-0.659440656816959,-0.770194090902805,-0.543706707656383
L,CTT,-0.172382406924875,-0.324748965352774,-0.0108479412505403
L,TTA,0.260893961251713,0.104722416959703,0.429725851863623
N,AAC,-0.660464312410355,-0.775443960726261,-0.546671259403229
P,CCA,-0.197114555262675,-0.37817855104804,-0.0198103372007608
P,CCC,0.731655359196663,0.482503788918257,0.992181688547135
P,CCG,-0.405932140129805,-0.562114527821541,-0.260026886314154
Q,CAA,0.39205645891428,0.280026963353157,0.50345584154129
R,AGA,1.63692313189507,1.1681537181139,2.16285787820816
R,AGG,2.93684036192894,2.21957241296768,3.74358003735542
R,CGA,1.4839691655159,1.19033492207527,1.78506574928761
R,CGC,0.361714468181133,0.281092087179422,0.446918163448572
R,CGG,1.6839964056015,1.43240667283535,1.95166491270065
S,TCA,0.612896285521984,0.444093029201031,0.794347243010998
S,TCC,-0.0040790575936524,-0.110288041830063,0.0992690494284035
S,TCG,0.598903276252747,0.46108760163188,0.738197918236256
T,ACA,0.710780464994907,0.531987178325653,0.894485819339752
T,ACC,0.141970487005077,0.0594497761689127,0.225792517140508
T,ACG,0.678945693957806,0.554632891714573,0.804138334095478
V,GTA,0.0246241750390291,-0.0640502205118537,0.110610355436802
V,GTC,0.395362419575453,0.30297140032053,0.491146323084831
V,GTG,0.349238459193706,0.26741893067956,0.432729246467352
Y,TAC,-0.396979031080008,-0.508516222238541,-0.28256509155035
Z,AGC,-0.625428306305408,-0.806449231505394,-0.445628345012665
