AA,Codon,Posterior,0.025%,0.975%
A,GCA,0.1646536915645,0.0999567676335573,0.230558995530009
A,GCC,0.440844292855263,0.370100209861994,0.512675124406815
A,GCG,0.315061496859789,0.253004759550095,0.376369546353817
C,TGC,-0.121229733054957,-0.289382702857256,0.0402299426496029
D,GAC,-0.376041764456034,-0.45092788413167,-0.304538305103779
E,GAA,-0.170937141224742,-0.247068821266294,-0.0970335697755217
F,TTC,-0.627667189800739,-0.721475563943386,-0.538761992752552
G,GGA,1.40547762284279,1.20817731916904,1.61388492882252
G,GGC,0.172814863601327,0.115184428729117,0.234101193025708
G,GGG,0.798595184493065,0.675700454413891,0.934722420573235
H,CAC,-0.485793064033985,-0.611876885592938,-0.362491777539253
I,ATA,1.42340239064693,1.10630298852921,1.7486679494381
I,ATC,-0.399402264618874,-0.462691387534142,-0.33612010255456
K,AAA,-0.0487018170793141,-0.111431761644781,0.0147935974178836
L,CTA,0.430440691822395,0.196531563997269,0.687363430857658
L,CTC,-0.386346645736694,-0.51041322350502,-0.252710778266191
L,CTG,-0.697415670776367,-0.798528689146042,-0.594758595526218
L,CTT,-0.143593697627298,-0.281204830855131,0.00272372185718276
L,TTA,0.122672232153884,-0.0187948196660727,0.269533757120371
N,AAC,-0.714337462854385,-0.820759522914887,-0.61156467795372
P,CCA,-0.255665121616493,-0.415841224044561,-0.0978289186954498
P,CCC,0.782204823887348,0.527834987640381,1.02469973862171
P,CCG,-0.447306677860022,-0.584628716111183,-0.316622617840767
Q,CAA,0.377402359092236,0.283496440201998,0.471200006455183
R,AGA,1.43126946339607,1.04805296063423,1.85451907515526
R,AGG,2.6590470287323,2.02899375557899,3.32385368347168
R,CGA,1.67722288718224,1.39327083826065,2.00922263264656
R,CGC,0.349408925229311,0.280938824266195,0.421441615372896
R,CGG,1.50463923478127,1.28946896195412,1.74058192968369
S,TCA,0.64295273052454,0.50344764739275,0.79242370724678
S,TCC,0.0834468551509257,-0.00225583530846052,0.165922575443983
S,TCG,0.735640050363541,0.611858408153057,0.864597474038601
T,ACA,0.708628522098064,0.55603067278862,0.868097338080406
T,ACC,0.126007510828646,0.0572647571563721,0.199129354953766
T,ACG,0.660014214861393,0.55111370831728,0.772483323514462
V,GTA,0.0653438830147206,-0.0032363600214012,0.134062783047557
V,GTC,0.3996150578022,0.321875198930502,0.480631449073553
V,GTG,0.356338931083679,0.290361511707306,0.423672571778297
Y,TAC,-0.386519813430309,-0.502901418507099,-0.275675881654024
Z,AGC,-0.635054760718346,-0.781782333552837,-0.488764296472073
