AA,Codon,Posterior,0.025%,0.975%
A,GCA,-0.344882474276423,-0.434228050708771,-0.253109641373158
A,GCC,-0.786996371257305,-0.878571884334087,-0.692466193437576
A,GCG,-0.855896765816212,-0.94323962032795,-0.767927768826485
C,TGC,0.0308391482782496,-0.144418334215879,0.207531004399061
D,GAC,0.758199443387985,0.662122818827629,0.855589330196381
E,GAA,-0.703523124837875,-0.797361049056053,-0.607678644359112
F,TTC,0.932830216181278,0.828659816086292,1.03428460657597
G,GGA,0.0724468891802229,-0.0755483847111464,0.220716489478946
G,GGC,-0.466446532183886,-0.553769265115261,-0.375707820802927
G,GGG,-0.0139539061898598,-0.145511317625642,0.118439023941755
H,CAC,0.615861424213648,0.479687862098217,0.75171135365963
I,ATA,1.14488109701872,0.978277377784252,1.30487020909786
I,ATC,0.528462416857481,0.446245962381363,0.610486903786659
K,AAA,-1.10585539443493,-1.20298286676407,-1.01133263409138
L,CTA,0.961097275066376,0.789194816350937,1.13300897777081
L,CTC,0.33243878621161,0.216272040456533,0.450261061638594
L,CTG,-0.755651717054844,-0.849022802710533,-0.661601614952087
L,CTT,0.169666180477652,0.0527835003100336,0.286117605865002
L,TTA,-0.231709869487211,-0.348300760239363,-0.117996271140873
N,AAC,0.413012071207166,0.302580323815346,0.524295642971992
P,CCA,0.0929130787288028,-0.0543686394579709,0.244673294574022
P,CCC,-0.332434237402678,-0.507279561460018,-0.165201533958316
P,CCG,-0.530450869578123,-0.659666664898396,-0.399158920347691
Q,CAA,0.253603796382248,0.160083052515984,0.350068792700767
R,AGA,1.02161763943434,0.812154425680637,1.22508351802826
R,AGG,1.50643947008848,1.20842136442661,1.79120644032955
R,CGA,0.396211641338468,0.213554927706718,0.577874314785004
R,CGC,-0.312852234661579,-0.407273774594069,-0.220439172908664
R,CGG,0.102745323381762,-0.0761697694659233,0.283464829623699
S,TCA,-0.280094060545252,-0.423134222626686,-0.13394968174398
S,TCC,-0.0441872778278775,-0.17124223895371,0.0888467194512486
S,TCG,-0.476844635465741,-0.631646338105202,-0.325878639519215
T,ACA,-0.489615049675107,-0.626535031199455,-0.352318969368935
T,ACC,-0.968083496904373,-1.07862349450588,-0.858693239092827
T,ACG,-0.916648004925251,-1.04258985519409,-0.790619830787182
V,GTA,0.559164265102148,0.455572670698166,0.665023112297058
V,GTC,-0.0879008748318083,-0.18807131908834,0.0122747475281356
V,GTG,-0.525483704942465,-0.620953345298767,-0.43104364797473
Y,TAC,0.570209900200367,0.43962874263525,0.702814424037933
Z,AGC,-0.271762805496529,-0.397143511474133,-0.146546019986272
