AA,Codon,Posterior,0.025%,0.975%
A,GCA,0.110710000223783,0.0469041799195111,0.174169095605612
A,GCC,0.394125546634197,0.321527563780546,0.466818945109844
A,GCG,0.387049596476555,0.315192194283009,0.457723017781973
C,TGC,-0.154107595186301,-0.326303616166115,0.0155491265933955
D,GAC,-0.222627105498314,-0.297564516961575,-0.146603113785386
E,GAA,-0.163030201184005,-0.240118357911706,-0.0850971262902021
F,TTC,-0.261208027504385,-0.347187680006027,-0.175220876932144
G,GGA,0.768928953778744,0.626841916143894,0.916539362072945
G,GGC,0.190019473561645,0.125037249550223,0.254056364297867
G,GGG,0.695287990003824,0.568562881648541,0.822650714218616
H,CAC,-0.312012238863111,-0.431719617545605,-0.194113125652075
I,ATA,0.623568572586775,0.451467715203762,0.811807487905025
I,ATC,-0.243655766254663,-0.308591688424349,-0.180564321950078
K,AAA,-0.000302698929824692,-0.066827298514545,0.0646684201434255
L,CTA,0.187417633425018,0.00786289679817856,0.373782108724117
L,CTC,-0.209164167644177,-0.319884866476059,-0.0949043426662683
L,CTG,-0.378741761624813,-0.47380336523056,-0.284668405354023
L,CTT,-0.202142393273488,-0.316227139532566,-0.0865998949855566
L,TTA,-0.0405092322817385,-0.154669454693794,0.0772649411112068
N,AAC,-0.408904050764441,-0.501498003304005,-0.316618616133928
P,CCA,0.00561660212561474,-0.121635160408914,0.131465977057815
P,CCC,0.551955728107691,0.382253057509661,0.726099433004856
P,CCG,-0.0537890617932906,-0.16453551389277,0.0527022084221243
Q,CAA,0.0563821787561697,-0.0243301404174417,0.13941665366292
R,AGA,0.817567233276367,0.604082469642162,1.04929659664631
R,AGG,1.10048583769798,0.748984390497208,1.49000217914581
R,CGA,1.14169666838646,0.925639553368092,1.3715211391449
R,CGC,0.191598868305981,0.121154509484768,0.263453079015017
R,CGG,1.40043456975222,1.16949383616447,1.63214563131332
S,TCA,0.405823124474287,0.28464610055089,0.531065694987774
S,TCC,0.0725372548994652,-0.0177243388723582,0.164437397941947
S,TCG,0.739409669160843,0.589985021948814,0.894973263144493
T,ACA,0.447574970173836,0.341337276250124,0.562915404140949
T,ACC,0.192320906931907,0.116282800212502,0.266481499373913
T,ACG,0.642766717034578,0.535912303626537,0.754506343603134
V,GTA,-0.0753212516713662,-0.142026478052139,-0.00767994478810581
V,GTC,0.281135607784986,0.200280889868736,0.363467347621918
V,GTG,0.416367648512125,0.337622880935669,0.497286788374185
Y,TAC,-0.319338406522572,-0.439069782197475,-0.202032610028982
Z,AGC,-0.173836169689591,-0.290661391615868,-0.0608787548728287
