AA,Codon,Posterior,0.025%,0.975%
A,GCA,0.0281606281696423,-0.0782750837504864,0.134897775202989
A,GCC,0.212036889518052,0.100379979610443,0.319492407888174
A,GCG,-0.0245004148956737,-0.123892102763057,0.0702032282948494
C,TGC,-0.0827031168107576,-0.284381779283285,0.115796500816941
D,GAC,-0.342207783457637,-0.439096601307392,-0.250277495756746
E,GAA,-0.101701718912414,-0.194232976436615,-0.0105787810403854
F,TTC,-0.851688454687595,-0.987065106630325,-0.714881440997124
G,GGA,1.27239291527271,1.05987985432148,1.48352724611759
G,GGC,0.249031979331374,0.168004207313061,0.329701253026724
G,GGG,0.91217136619091,0.75219351798296,1.08035712242126
H,CAC,-0.516056066358089,-0.678355252742767,-0.359630731493235
I,ATA,2.12794496183395,1.66078516244888,2.62875715494156
I,ATC,-0.399315007248521,-0.489928007125854,-0.308994001895189
K,AAA,-0.066373208861997,-0.17897219620645,0.0417834590189158
L,CTA,0.325795392968226,0.0401018287986517,0.639287228882313
L,CTC,-0.296552778154425,-0.477093774825335,-0.116458724811673
L,CTG,-0.789012475860119,-0.933035953342915,-0.649158127605915
L,CTT,-0.00109923250786851,-0.191634055972099,0.187542278319597
L,TTA,0.420712339611352,0.219449355453253,0.636147151887417
N,AAC,-0.818212996935844,-0.958950664103031,-0.679148834943772
P,CCA,-0.43556784870103,-0.687594549357891,-0.1858702711761
P,CCC,0.804154580238462,0.455493045598269,1.16941803395748
P,CCG,-1.02472805901766,-1.2437798678875,-0.814193239808083
Q,CAA,0.575170660382509,0.435635656863451,0.719649209082126
R,AGA,2.44356831095219,1.88536075055599,3.08396282792091
R,AGG,2.08421397407055,1.47038914263248,2.82079654335976
R,CGA,2.01210189330578,1.65260727107525,2.3956630051136
R,CGC,0.279196504181623,0.183931542932987,0.377994112670422
R,CGG,1.50753096442223,1.24471968710423,1.76885842382908
S,TCA,0.590479636922479,0.390901375561953,0.796354009211063
S,TCC,0.0552078612906558,-0.0909782407805324,0.201230088993907
S,TCG,0.520404472526908,0.337467125058174,0.717920364439487
T,ACA,0.868281480753422,0.65906917899847,1.08737289011478
T,ACC,-0.0245504562912778,-0.143916405364871,0.0938255293294787
T,ACG,0.377462462975085,0.228942719846964,0.527358296513557
V,GTA,0.0830029505685859,-0.0319899164140224,0.20065807774663
V,GTC,0.316368398311734,0.203338021412492,0.432316999137402
V,GTG,0.113480854561915,0.023028272902593,0.206359634920955
Y,TAC,-0.456867096209526,-0.598273324966431,-0.317294698953629
Z,AGC,-0.673436074471474,-0.887660926580429,-0.470881652832032
