AA,Codon,Posterior,0.025%,0.975%
A,GCA,0.107697162128735,0.0236813126597554,0.191066433116794
A,GCC,0.267729696825147,0.174801694601774,0.363206428289413
A,GCG,0.164033448591316,0.0765818972140551,0.252671877294779
C,TGC,-0.118219270808809,-0.329971737414598,0.096151047758758
D,GAC,-0.157210549078026,-0.241002326458693,-0.0742918333038688
E,GAA,-0.0480885700484512,-0.121733477711678,0.0279413192998616
F,TTC,-0.443493875405192,-0.559030221402645,-0.332923146337271
G,GGA,0.827363980007172,0.693536747992039,0.967182077467441
G,GGC,0.117048149069995,0.0364433761686087,0.195204844325781
G,GGG,0.477079426503181,0.37322571799159,0.584859512746334
H,CAC,-0.42221916116178,-0.582838803529739,-0.261083862185478
I,ATA,0.781647338759899,0.632573029398918,0.93392429202795
I,ATC,-0.192274424599856,-0.276681236177683,-0.10945211853832
K,AAA,-0.129924925619864,-0.212056297436357,-0.0471126175485551
L,CTA,0.222673992318287,0.0843943178653717,0.356667929142713
L,CTC,-0.235995610572398,-0.34435453042388,-0.127481519058347
L,CTG,-0.474623837590218,-0.577154971659184,-0.374791888892651
L,CTT,-0.078972047195175,-0.198016286641359,0.0346777249127625
L,TTA,0.110611331322516,-0.0188721473328769,0.241232833266258
N,AAC,-0.441236644735932,-0.555177257955074,-0.329323298484087
P,CCA,-0.177623782994994,-0.325426535308361,-0.0371413247659803
P,CCC,0.501189909750223,0.302957835793495,0.704603582620621
P,CCG,-0.358452061915398,-0.497284770011902,-0.229859087616205
Q,CAA,0.240768442519754,0.141092142090201,0.341901732981205
R,AGA,0.972208484613895,0.790622481703758,1.17620192468166
R,AGG,1.11895262340307,0.924003617465496,1.32553665041923
R,CGA,1.08963204160929,0.895395395159721,1.29660126268864
R,CGC,0.163510321947886,0.071450699493289,0.260321211069822
R,CGG,1.22813935729265,1.01808719336987,1.44772492647171
S,TCA,0.582842911237478,0.417209263890982,0.75937465429306
S,TCC,-0.019352293002504,-0.123888451606035,0.0875338301062583
S,TCG,0.332994394627213,0.194036892801523,0.475832449644804
T,ACA,0.400582654738426,0.279336550831795,0.528602813184261
T,ACC,0.11170410311064,0.0207234279252589,0.206298026069998
T,ACG,0.410167725750804,0.288108240813017,0.534632840752602
V,GTA,0.00911063670247913,-0.0738865839317441,0.0940486017614603
V,GTC,0.148205364919617,0.0507621217519045,0.245077821984887
V,GTG,0.182815289718378,0.0885380214080215,0.279230214655399
Y,TAC,-0.180204995577992,-0.296618494391441,-0.0616035421378912
Z,AGC,-0.463086097708344,-0.623952880501747,-0.303701464086771
