AA,Codon,Posterior,0.025%,0.975%
A,GCA,-0.336914539414644,-0.431662622094154,-0.238510456308723
A,GCC,-0.718070913922787,-0.816316139698029,-0.620593258738518
A,GCG,-0.784603021562099,-0.881589309871197,-0.689723235368729
C,TGC,-0.0019994623380182,-0.196817008405924,0.195650431886315
D,GAC,0.730828833985329,0.623494638502598,0.840161909162998
E,GAA,-0.743724727988243,-0.850345276296139,-0.63465363830328
F,TTC,0.915253662705421,0.807789127528667,1.02432071566582
G,GGA,0.127774460488409,-0.0213179630693048,0.278058712184429
G,GGC,-0.43754274969101,-0.537778070569038,-0.341308679431677
G,GGG,0.0795525814022245,-0.0637747524306178,0.220611322671175
H,CAC,0.531742286592722,0.388596644252539,0.67762352079153
I,ATA,1.10836840543747,0.942748031020164,1.27615824043751
I,ATC,0.486934652411938,0.401067272573709,0.572867013514042
K,AAA,-1.12240446436405,-1.22605863213539,-1.0208309918642
L,CTA,0.991769878160954,0.807662905752659,1.17481397688389
L,CTC,0.294842785498872,0.168901494517922,0.421643506735563
L,CTG,-0.768120071387291,-0.866278032958508,-0.671177929639816
L,CTT,0.143193411164258,0.0179895960725844,0.267622920870781
L,TTA,-0.255453340946138,-0.373724784702063,-0.137013139203191
N,AAC,0.392869149443507,0.275658222287893,0.511284194886684
P,CCA,0.107909096415366,-0.0504186178557575,0.27353678420186
P,CCC,-0.30722112425426,-0.48337489888072,-0.130131222307682
P,CCG,-0.481960248684883,-0.620222367346287,-0.341594605147839
Q,CAA,0.249303806631267,0.143645887449384,0.352230320125818
R,AGA,1.00936179753542,0.791627812385559,1.22703565657139
R,AGG,1.45853411039114,1.15080404281616,1.75052081644535
R,CGA,0.436366504829377,0.241016380488873,0.636364407837391
R,CGC,-0.279892379023135,-0.378431593626738,-0.176283836737275
R,CGG,0.166896297609905,-0.0250873257406056,0.365112550556659
S,TCA,-0.25365865108557,-0.404880288243294,-0.101199431531131
S,TCC,-0.0204184097541358,-0.153338894620538,0.120794534310698
S,TCG,-0.416526666459441,-0.581463941931725,-0.251687581837177
T,ACA,-0.458044939479232,-0.602066324651241,-0.313808324187994
T,ACC,-0.940115685367584,-1.05493760406971,-0.823068085312843
T,ACG,-0.879456964468956,-1.01385577619076,-0.745297569036484
V,GTA,0.55408161033988,0.442483381181955,0.6646843329072
V,GTC,-0.0652776901763093,-0.173623662814498,0.0429225293919444
V,GTG,-0.473879613649845,-0.57420986443758,-0.372677236795426
Y,TAC,0.48719671010673,0.339525153487921,0.639424267411232
Z,AGC,-0.33486239631325,-0.470368155092001,-0.202464498206973
