AA,Codon,Posterior,0.025%,0.975%
A,GCA,0.108271460231487,0.0425480743870139,0.175068771466613
A,GCC,0.35406377953887,0.278988505899906,0.429050166159868
A,GCG,0.345330441635847,0.274237900972366,0.419932295382023
C,TGC,-0.12951132017956,-0.311952555179596,0.0449137408286326
D,GAC,-0.207289675400406,-0.287892204523087,-0.129340181872249
E,GAA,-0.139081552259251,-0.222389833256602,-0.0586079327389598
F,TTC,-0.251601458741725,-0.339972381293774,-0.162702942639589
G,GGA,0.730504946118593,0.583506268262863,0.874563160538673
G,GGC,0.175295761583745,0.106941870413721,0.243131178244948
G,GGG,0.626322441351414,0.499223147332668,0.759185057878494
H,CAC,-0.256710482827574,-0.37738221809268,-0.134916276112199
I,ATA,0.651007005733252,0.470828728377819,0.836560016870499
I,ATC,-0.220042659069598,-0.286814495921135,-0.154758604615927
K,AAA,0.00809928697757987,-0.0591194295324385,0.074916797876358
L,CTA,0.160635828569176,-0.0226506997365504,0.355591070652008
L,CTC,-0.179291661734623,-0.297602070122957,-0.0615370702929795
L,CTG,-0.366843773126602,-0.460723822563887,-0.273400777578354
L,CTT,-0.180621108847111,-0.29610498920083,-0.0631386168301107
L,TTA,-0.020509854515012,-0.135171534866095,0.0941502427682281
N,AAC,-0.395625980687141,-0.491211792081594,-0.303343050926924
P,CCA,-0.00526655940129931,-0.142958154901862,0.124348887614906
P,CCC,0.535256186962128,0.356728115677834,0.720709078013897
P,CCG,-0.085642930226391,-0.197748524695635,0.0220347211696206
Q,CAA,0.0593255393573534,-0.026466679899022,0.149073228985071
R,AGA,0.83709129127264,0.60474364310503,1.08246855735779
R,AGG,1.16134757359028,0.797183632850647,1.57049818336964
R,CGA,1.10760834569931,0.88492576777935,1.34908114373684
R,CGC,0.173740473224223,0.101370304264128,0.247587468475103
R,CGG,1.34248688627481,1.10640052556992,1.59368171989918
S,TCA,0.392503729346395,0.267610503733158,0.519923770427704
S,TCC,0.060728851075811,-0.0300804491620511,0.15666340701282
S,TCG,0.695242443263531,0.543818306922913,0.855014126002788
T,ACA,0.430168078413606,0.315735555440187,0.54742422401905
T,ACC,0.177728740953654,0.0989754494279623,0.256928297877312
T,ACG,0.620059045851231,0.507352624833584,0.738505870103836
V,GTA,-0.0730038989417044,-0.142226504534483,-0.00307829973753545
V,GTC,0.268538989049196,0.185761938616633,0.354162924736738
V,GTG,0.38231457131803,0.300103770941496,0.466107025742531
Y,TAC,-0.264359583520889,-0.38930080384016,-0.139671312272549
Z,AGC,-0.127570415824418,-0.24470454454422,-0.00892897611483932
