AA,Codon,Posterior,0.025%,0.975%
A,GCA,0.0362591343419066,-0.153944630175829,0.223031318560243
A,GCC,0.166610430698163,-0.0165718613192439,0.353147231787443
A,GCG,-0.0759381938431528,-0.241018070653081,0.0850141067057848
C,TGC,-0.111938794265742,-0.522945791482925,0.303551857173443
D,GAC,-0.159281498565577,-0.306832548975945,-0.00592522639781237
E,GAA,-0.0916310191894096,-0.247113962098956,0.058897335268557
F,TTC,-0.713716021946073,-0.945059609413147,-0.488270482420922
G,GGA,1.00016806572676,0.690611110627651,1.33995634615421
G,GGC,0.331747425091267,0.176748365908861,0.487527624517679
G,GGG,0.619729274532199,0.390220277756453,0.865429876744747
H,CAC,-0.582421582014859,-0.889338046312332,-0.289726896584034
I,ATA,2.20212160257101,1.25483848452568,3.35562654137611
I,ATC,-0.361207436767221,-0.526014174520969,-0.197613364085555
K,AAA,0.0453847594116742,-0.143329805508256,0.223010554537177
L,CTA,0.927683015586436,0.253621848672628,1.7045922100544
L,CTC,0.0328607743689703,-0.308417276293039,0.375322334468364
L,CTG,-0.687690192842484,-0.941148607432842,-0.464460778981447
L,CTT,0.242805061223163,-0.118514980003238,0.607551935315132
L,TTA,0.748728524399921,0.356998068094254,1.14173704981804
N,AAC,-0.759821633654833,-0.986156077682972,-0.547089314460754
P,CCA,-0.597497388077527,-0.981944614648819,-0.243380939587951
P,CCC,1.2538020561561,0.582340720295906,1.96439686119556
P,CCG,-0.900041318583488,-1.2445034891367,-0.580642729997635
Q,CAA,0.35649957720954,0.161555436998606,0.564132112264633
R,AGA,2.80311187748909,1.6596253156662,4.29919619560242
R,AGG,3.31857230428457,1.79229816198349,5.9664981007576
R,CGA,1.64037300581932,1.12232275009155,2.22939903736115
R,CGC,0.335097791682184,0.177760062366724,0.498344819992781
R,CGG,2.06619775090218,1.48575086593628,2.70918345451355
S,TCA,0.351982787520695,0.00996174255851657,0.73115044683218
S,TCC,-0.196471756077209,-0.463489111512899,0.0630587900057428
S,TCG,0.217930755925589,-0.1077547384426,0.536669547855854
T,ACA,0.961916881269216,0.569377933442593,1.3999981880188
T,ACC,0.0792228727404996,-0.142683928087354,0.295663493126631
T,ACG,0.375259199521912,0.126736275106668,0.627921433746815
V,GTA,-0.00123174942317091,-0.204194443672895,0.209852942079306
V,GTC,0.411328725429089,0.181112714484334,0.649115496873856
V,GTG,0.0874313094614085,-0.0786021165549755,0.255633090436459
Y,TAC,-0.391097714562714,-0.601345480978489,-0.192227444797754
Z,AGC,-0.459815096422704,-0.798288869857788,-0.153537518531084
