AA,Codon,Posterior,0.025%,0.975%
A,GCA,-0.369660675650835,-0.443577182292938,-0.295000447332859
A,GCC,-0.867533148407936,-0.941593840718269,-0.793509161472321
A,GCG,-0.994656216847897,-1.06688051223755,-0.922794316709042
C,TGC,0.0537041674414431,-0.0916351899504662,0.204013984277844
D,GAC,0.796669692921638,0.722303569316864,0.867513139545917
E,GAA,-0.694106087374687,-0.765825732052326,-0.620687754452229
F,TTC,0.976519476902485,0.894914086163044,1.0611645758152
G,GGA,0.0847728472290451,-0.0314838263206184,0.201416140422225
G,GGC,-0.441859781748056,-0.509057807922363,-0.374965061247349
G,GGG,0.0201326551114515,-0.0817655192688107,0.1200798233971
H,CAC,0.676403811299801,0.570800274610519,0.787506386637688
I,ATA,1.12466687355042,0.980428804457188,1.26950181424618
I,ATC,0.536635356891155,0.471001626551151,0.599245248734951
K,AAA,-1.07323926234245,-1.15504665374756,-0.993192735314369
L,CTA,1.05329770556688,0.901038087904453,1.19853846430778
L,CTC,0.309136042505503,0.210253157839179,0.406892731040716
L,CTG,-0.765848000395298,-0.843637290596962,-0.685908250510693
L,CTT,0.22417327927798,0.126482531055808,0.32548282071948
L,TTA,-0.178013161518611,-0.272864819318056,-0.0806164853274822
N,AAC,0.402740663045645,0.317549493908882,0.489417166262865
P,CCA,0.0874576936303798,-0.0346174848265946,0.209958530217409
P,CCC,-0.352994133429229,-0.48761855661869,-0.214791648462415
P,CCG,-0.644078510868549,-0.749833458662033,-0.53999584466219
Q,CAA,0.312166610237956,0.234833940863609,0.388422526419163
R,AGA,1.07345117897987,0.874544203281403,1.26807081997395
R,AGG,1.47635481212139,1.20738903284073,1.74892110526562
R,CGA,0.523685032641888,0.364873789250851,0.681117966771126
R,CGC,-0.374246691140532,-0.446625482290983,-0.300423762947321
R,CGG,0.0840574237043715,-0.0708637770265341,0.2350397054106
S,TCA,-0.318117715586722,-0.442754427343607,-0.19775971621275
S,TCC,-0.0668643947560158,-0.174501308426261,0.0377291448414325
S,TCG,-0.606184225493669,-0.729950022697449,-0.481262958049774
T,ACA,-0.49657818557024,-0.61668998748064,-0.378616718947888
T,ACC,-1.09355705628395,-1.18095223009586,-1.00542895793915
T,ACG,-1.04013928081989,-1.1424338966608,-0.935794371366501
V,GTA,0.588593462246656,0.503160934150219,0.673108227550983
V,GTC,-0.138064870910905,-0.219280886277556,-0.0583995874971152
V,GTG,-0.560444001626968,-0.630377049744129,-0.489276666939259
Y,TAC,0.639964479362965,0.534239158034325,0.742129871249199
Z,AGC,-0.262695864917338,-0.37434896081686,-0.150697877258062
