AA,Codon,Posterior,0.025%,0.975%
A,GCA,0.120297005522624,0.0643900215625763,0.176553506031632
A,GCC,0.436548202252388,0.370524463802576,0.49949703514576
A,GCG,0.471877381616831,0.406779822707176,0.537828288972378
C,TGC,-0.169445327540139,-0.325044365227222,-0.0143398596905173
D,GAC,-0.2445897880584,-0.311941468715668,-0.17758069448173
E,GAA,-0.169187297251821,-0.241729513928294,-0.100246577523649
F,TTC,-0.290414750611782,-0.366410233080387,-0.21367203630507
G,GGA,0.763579109942913,0.635716585814953,0.894803595542908
G,GGC,0.177481355707347,0.121258312277496,0.234070018306375
G,GGG,0.671017694497108,0.562068343162537,0.785759381949902
H,CAC,-0.351486929681897,-0.456876919418573,-0.247477968409658
I,ATA,0.643308411705494,0.475415504723787,0.815564754605293
I,ATC,-0.249591864821315,-0.306679345667362,-0.193516053631902
K,AAA,-0.0160961293856859,-0.0774224987253547,0.044843406882137
L,CTA,0.107150897145317,-0.0575056304223835,0.277096357196569
L,CTC,-0.193112390865758,-0.296883346885443,-0.0860047936439515
L,CTG,-0.374336376172304,-0.458089598268271,-0.289969194680452
L,CTT,-0.241619748575985,-0.343680850416422,-0.141288674250245
L,TTA,-0.0831365982011948,-0.187215639278293,0.0157306880690157
N,AAC,-0.402585156971216,-0.480832559615374,-0.325355060398579
P,CCA,0.00784368355605634,-0.102372829243541,0.119267413951456
P,CCC,0.554338891237974,0.403229369968176,0.70640741288662
P,CCG,0.0155846919068419,-0.0794996375218034,0.110219600610435
Q,CAA,0.0195137866515954,-0.0532343123108149,0.0918482542037963
R,AGA,0.760435523992777,0.549069187045097,0.978915692865848
R,AGG,1.12190488560796,0.777473105490208,1.46401720046997
R,CGA,0.997949076521397,0.810896721482277,1.19336696565151
R,CGC,0.226801985031366,0.164024188742042,0.290360797941685
R,CGG,1.4112677131176,1.20564889013767,1.62796579301357
S,TCA,0.428770491954684,0.32318918555975,0.545140333473682
S,TCC,0.0839707354818158,0.00268012565211393,0.167665095254779
S,TCG,0.845010055029392,0.714600768685341,0.982885536551475
T,ACA,0.43445936589241,0.337902969866991,0.533762280642986
T,ACC,0.255552179563045,0.18860301785171,0.322428543120622
T,ACG,0.71722581820488,0.618147680163384,0.813341972231865
V,GTA,-0.0871694444086781,-0.144241945445538,-0.0278515829239041
V,GTC,0.312460175323486,0.239841460809112,0.385198210924864
V,GTG,0.439489975303411,0.368749521672726,0.509523020684719
Y,TAC,-0.367159026888013,-0.474029856920242,-0.260348561406136
Z,AGC,-0.179811079297028,-0.286460012197495,-0.0726461097598076
