AA,Codon,Posterior,0.025%,0.975%
A,GCA,0.252616946819425,0.191349640488625,0.314458075165749
A,GCC,0.377496987915039,0.315806745737791,0.439762193709612
A,GCG,0.328605574443936,0.270775156468153,0.386785440891981
C,TGC,-0.3716203956604,-0.542053189873695,-0.206751791387796
D,GAC,-0.311630772668123,-0.374918007105589,-0.249131186679006
E,GAA,-0.147198426437378,-0.213559917360544,-0.0834405792877079
F,TTC,-0.559829260361195,-0.644243049621582,-0.474041960388422
G,GGA,1.22834801158905,1.07628439068794,1.3819154381752
G,GGC,0.164808939248323,0.11354651786387,0.217023965343833
G,GGG,0.764754149472713,0.660678043961525,0.873692984879017
H,CAC,-0.492748301452398,-0.602130943536758,-0.385240387171507
I,ATA,1.83164814691544,1.5539286673069,2.11969361901283
I,ATC,-0.381802536451817,-0.44248520731926,-0.323205646872521
K,AAA,-0.178376955702901,-0.255259924381971,-0.104603447578847
L,CTA,0.317109268941113,0.106135409511626,0.534031735360622
L,CTC,-0.330180470424891,-0.452948206663132,-0.209373788908124
L,CTG,-0.725262279367447,-0.82767004519701,-0.627941787242889
L,CTT,-0.0891404379841672,-0.220438902825117,0.0404616854153572
L,TTA,0.282987972774543,0.144369036704302,0.421866143494844
N,AAC,-0.621175679129362,-0.708151713013649,-0.53378859013319
P,CCA,-0.167073965330116,-0.307934527844191,-0.0345820727758112
P,CCC,0.61318297522068,0.431974870711565,0.793765994906425
P,CCG,-0.468856761145592,-0.583142940700054,-0.354162337630987
Q,CAA,0.367068700674176,0.283730585873127,0.45310285910964
R,AGA,2.73508374254704,2.27476944327354,3.19510779976845
R,AGG,2.50155760529041,1.98733384013176,3.06946315765381
R,CGA,1.70910523364544,1.45733844637871,1.96758780181408
R,CGC,0.235181004726887,0.173831810429692,0.298355962336063
R,CGG,1.69942853620052,1.47864320874214,1.93315798044205
S,TCA,0.776980689156055,0.63204263150692,0.924595293402672
S,TCC,0.00682683759634965,-0.077930324524641,0.0949976881965994
S,TCG,0.587121986490488,0.469110962003469,0.71233855932951
T,ACA,0.937669040703774,0.79113827496767,1.0892324835062
T,ACC,0.0600529007111923,-0.0106311022303998,0.128612585365772
T,ACG,0.515157144230604,0.418904307484627,0.614252027869225
V,GTA,0.0119148850267493,-0.0526609811931849,0.0786003964021802
V,GTC,0.352983266803622,0.280084335803986,0.431322099268436
V,GTG,0.289790096518397,0.229223976656795,0.352457045018673
Y,TAC,-0.347546814361215,-0.438340035825968,-0.256357027590275
Z,AGC,-0.634656958550215,-0.783838994801044,-0.49526053071022
