AA,Codon,Posterior,0.025%,0.975%
A,GCA,-0.332008561103046,-0.432987360656261,-0.233264117687941
A,GCC,-0.707848130118847,-0.807557891309261,-0.607245083153248
A,GCG,-0.783489123117924,-0.882928656041622,-0.683016394078731
C,TGC,0.0319476135522738,-0.165963729098439,0.235476529970765
D,GAC,0.712590223580599,0.606971253454685,0.822952595353126
E,GAA,-0.775582932245731,-0.881001624464989,-0.670986586809158
F,TTC,0.89929300712347,0.791705480217934,1.00885822176933
G,GGA,0.121538291017227,-0.0361733488738537,0.270628513395786
G,GGC,-0.453150768297911,-0.553095854818821,-0.354070980846882
G,GGG,0.0454639881810186,-0.0953041482716799,0.193122515082359
H,CAC,0.560317376852036,0.412405553460121,0.706660254299641
I,ATA,1.11129663364887,0.947850151360035,1.28211569190025
I,ATC,0.487990071290731,0.403387099504471,0.573390275239944
K,AAA,-1.12136609423161,-1.22501003146172,-1.01689047813416
L,CTA,1.00282198135853,0.819007439911365,1.18629220724106
L,CTC,0.307901898368448,0.180803090333939,0.438053478300571
L,CTG,-0.773594770216942,-0.874167601764202,-0.669325703382492
L,CTT,0.147159478560045,0.0242815570905805,0.267414867132902
L,TTA,-0.246591841667518,-0.366251597553492,-0.129073091968894
N,AAC,0.425199579942226,0.305684987455606,0.543807470798492
P,CCA,0.101934746462454,-0.0564213154837489,0.261412999778986
P,CCC,-0.289765525815263,-0.468270207941532,-0.114262077212334
P,CCG,-0.464156153395772,-0.601243151724339,-0.326278070360422
Q,CAA,0.235495848115534,0.130911455303431,0.339476101100445
R,AGA,0.990887273490429,0.759198376536369,1.22055513560772
R,AGG,1.4045035009861,1.0947584092617,1.71017262339592
R,CGA,0.439279458656907,0.243385168910027,0.636391344666481
R,CGC,-0.319979064644873,-0.420215430855751,-0.218821618705988
R,CGG,0.125501344856917,-0.0680906755849719,0.323248103260994
S,TCA,-0.261045592247508,-0.413772964477539,-0.110530021972954
S,TCC,-0.0122970667220154,-0.147931317612529,0.126933879777789
S,TCG,-0.43693582431078,-0.604861523211002,-0.276243026554585
T,ACA,-0.452094722121954,-0.597009184956551,-0.311258340626955
T,ACC,-0.902694808995724,-1.01830927431583,-0.789484041929245
T,ACG,-0.830901867961884,-0.967774577438831,-0.697675156593323
V,GTA,0.581412723910809,0.473703908920288,0.694354344904423
V,GTC,-0.0371367043213806,-0.14531494602561,0.068286994472146
V,GTG,-0.460438128590584,-0.560131533443928,-0.357197415083647
Y,TAC,0.488852513802052,0.340168409794569,0.636189171671867
Z,AGC,-0.312708842103928,-0.448194137960672,-0.177994431555271
