AA,Codon,Posterior,0.025%,0.975%
A,GCA,0.105107170365547,0.038681579567492,0.174052400141954
A,GCC,0.34695598809123,0.271512073278427,0.423506473749876
A,GCG,0.345486756774783,0.272169096022844,0.420250876247883
C,TGC,-0.15225297328498,-0.340216948091984,0.0279319281224161
D,GAC,-0.196938594020158,-0.277206687629223,-0.117397202737629
E,GAA,-0.12014202835795,-0.205058797076345,-0.04202105877921
F,TTC,-0.240883848828077,-0.329518321156502,-0.153429117798805
G,GGA,0.731286514794827,0.586053042113781,0.881397905945778
G,GGC,0.183823841153085,0.115472748689353,0.254970868676901
G,GGG,0.651759409916401,0.519829493761063,0.790133075416088
H,CAC,-0.276014692184702,-0.395336777716875,-0.152314845472574
I,ATA,0.648560820424557,0.466275534778833,0.83682179749012
I,ATC,-0.221072492200136,-0.285396278649569,-0.15630403123796
K,AAA,0.00785306090697932,-0.0621921832673252,0.0768601264804602
L,CTA,0.148933633303424,-0.0384282883256674,0.341656512022018
L,CTC,-0.190073615494068,-0.311861088871956,-0.0695130541920662
L,CTG,-0.364671879658103,-0.461717797070742,-0.268733678013086
L,CTT,-0.185061892493599,-0.301338993012905,-0.0694781159982086
L,TTA,-0.0291026821746802,-0.14722646959126,0.0896931853145359
N,AAC,-0.416499847877026,-0.512282879650593,-0.321530241519213
P,CCA,-0.00160624913450883,-0.131939723715186,0.132464005798101
P,CCC,0.521034783771634,0.344651587307453,0.702195218205452
P,CCG,-0.0959351582870891,-0.208568712323904,0.0149207320995627
Q,CAA,0.0677096483645626,-0.0168810567818582,0.154934519156814
R,AGA,0.845084695208073,0.599105006456375,1.09713104069233
R,AGG,1.20638993728161,0.847468838095665,1.59934746325016
R,CGA,1.09665252552032,0.870800207555294,1.33006297945976
R,CGC,0.195589625743032,0.119603268057108,0.270022894442081
R,CGG,1.37648458459377,1.13513514995575,1.63060184419155
S,TCA,0.39801418274045,0.273557881265879,0.529876309633255
S,TCC,0.0569456140629969,-0.0377899240702391,0.152282885834575
S,TCG,0.712889792478085,0.555283905565739,0.876939550042152
T,ACA,0.432251105582714,0.321204395592213,0.548084938526154
T,ACC,0.160439585407637,0.0842268077656627,0.238535780459642
T,ACG,0.589812769162655,0.478013956546783,0.709599159657955
V,GTA,-0.0862984076083405,-0.156035766005516,-0.0153698723297567
V,GTC,0.25209078784883,0.169724297523499,0.336676175892353
V,GTG,0.376499782666564,0.290743923187256,0.458856660872698
Y,TAC,-0.264568148939312,-0.391813217848539,-0.137282318994403
Z,AGC,-0.143673048502987,-0.262990543991327,-0.0247493675909938
