AA,Codon,Posterior,0.025%,0.975%
A,GCA,-0.105746354943672,-0.351581019163132,0.136660077795386
A,GCC,0.0156554114463124,-0.226669643074274,0.24456830099225
A,GCG,-0.296075890366596,-0.525475585460663,-0.0853326940909029
C,TGC,-0.311691527573689,-0.776524291932583,0.110133037343621
D,GAC,-0.272539176203473,-0.449060290306807,-0.093941966071725
E,GAA,-0.0826760930947996,-0.245908257737756,0.0679115755483508
F,TTC,-0.841265936350822,-1.11008236706257,-0.586025929450989
G,GGA,1.36117270060778,0.970431788265705,1.81177835166454
G,GGC,0.260862454381073,0.113519619591534,0.414127039164305
G,GGG,0.819746281772852,0.555640113353729,1.11103012263775
H,CAC,-0.355698439868866,-0.624200284481049,-0.0973057493567472
I,ATA,1.65048689140677,0.864449600875378,2.61062110066414
I,ATC,-0.473437539538741,-0.668296307325363,-0.286866318434477
K,AAA,-0.000480703951923897,-0.210392567887902,0.196836068853736
L,CTA,0.527808420858067,0.0157735519809649,1.10273322463036
L,CTC,-0.184674609856959,-0.463823407143354,0.0900226300582287
L,CTG,-0.490167896687984,-0.718649218976498,-0.272417140007019
L,CTT,0.456196805085835,0.114104899391532,0.830288146436214
L,TTA,0.660754795651138,0.322844050824642,1.01665573716164
N,AAC,-0.882091018885374,-1.14936779439449,-0.636980840563774
P,CCA,-0.375819644795405,-0.798869982361794,0.0410039437003432
P,CCC,0.827627143504471,0.244185318797827,1.4672509431839
P,CCG,-0.923501482135057,-1.31065373718739,-0.574994850158691
Q,CAA,0.503630853453279,0.272199846804142,0.75140573233366
R,AGA,2.8917886090517,1.73175287842751,4.24387803077698
R,AGG,3.83571202132702,2.32775830626488,5.99618066549301
R,CGA,2.81785471076965,1.94321142137051,3.84230270385742
R,CGC,0.357209792260081,0.18177243731916,0.54108013510704
R,CGG,1.21139567062855,0.824666874110699,1.64063920080662
S,TCA,0.39662136822819,0.0871608514338732,0.717327791452407
S,TCC,0.00804769634345148,-0.265326812118292,0.279785793274641
S,TCG,0.396865222034138,0.0940943099558353,0.714678616821766
T,ACA,1.33632523439527,0.892673574388027,1.84083961248398
T,ACC,0.131478150918711,-0.0819771843031049,0.338999044895172
T,ACG,0.596375278680026,0.324183513969183,0.879670588672161
V,GTA,0.0311549706360642,-0.185931523516774,0.255022186040878
V,GTC,0.295408837269014,0.0825757505372167,0.526088398694992
V,GTG,0.0584079706967021,-0.115491045452654,0.231082119420171
Y,TAC,-0.438008621749561,-0.705639284849167,-0.19056763201952
Z,AGC,-0.388124823004543,-0.711366236209869,-0.0886220915243034
