AA,Codon,Posterior,0.025%,0.975%
A,GCA,-0.347046379268169,-0.445744542777538,-0.249946992471814
A,GCC,-0.760750912427902,-0.859876425564289,-0.661654818058014
A,GCG,-0.842959075140953,-0.937448671460152,-0.749154488742352
C,TGC,0.0699415305081457,-0.118509503826499,0.266694067418575
D,GAC,0.757777124512196,0.656985025107861,0.86139238923788
E,GAA,-0.729153324913979,-0.826765145361424,-0.627080424129963
F,TTC,0.902143713212013,0.791493006050587,1.01319997608662
G,GGA,0.145801647541725,-0.00691441012313589,0.292930689454079
G,GGC,-0.427295852538943,-0.521139341592789,-0.333089480549097
G,GGG,0.0653619836291298,-0.0708226643502712,0.201212961226702
H,CAC,0.569528929448128,0.425599374622107,0.70756830573082
I,ATA,1.1220139236927,0.953844933211803,1.28450286388397
I,ATC,0.500262176418304,0.417819542437792,0.58790128827095
K,AAA,-1.13301245809793,-1.23743579983711,-1.03169858753681
L,CTA,1.0148970823884,0.833898216485977,1.19756777882576
L,CTC,0.323471309912205,0.20005165040493,0.452274043112993
L,CTG,-0.75784524422884,-0.854044687747955,-0.658906285464764
L,CTT,0.168468034698564,0.04788031661883,0.292986955493688
L,TTA,-0.25029652966978,-0.366017878055573,-0.138807160034776
N,AAC,0.398406705206633,0.286436925083399,0.511438679695129
P,CCA,0.108882051998728,-0.0432913481257856,0.268137588351965
P,CCC,-0.321569317176193,-0.495455376803875,-0.145325706899166
P,CCG,-0.498248916149139,-0.631331144273281,-0.363526692986488
Q,CAA,0.233314585833251,0.133114606142044,0.333067358285189
R,AGA,1.01048586355448,0.787284253537655,1.22735203206539
R,AGG,1.50242477693558,1.21002430021763,1.79915472865105
R,CGA,0.536256627480686,0.341251919418573,0.728084027767181
R,CGC,-0.314025118391216,-0.410948224365711,-0.218679160624743
R,CGG,0.151622819880303,-0.0369132773950696,0.337441922724247
S,TCA,-0.289962149986997,-0.444325714558363,-0.140543727204204
S,TCC,-0.0164943876925543,-0.149234618991613,0.119474457763135
S,TCG,-0.491219439741969,-0.654801839590073,-0.33027370274067
T,ACA,-0.485978166133165,-0.623868025839329,-0.349082865566015
T,ACC,-0.963367979001999,-1.07695005536079,-0.853804980218411
T,ACG,-0.907479885864258,-1.04512441456318,-0.77173819988966
V,GTA,0.577074259370565,0.46791460365057,0.686368781328201
V,GTC,-0.0602557518381094,-0.165634613856673,0.0462190555408597
V,GTG,-0.488725853347778,-0.591081883013248,-0.387762999534607
Y,TAC,0.484962536728382,0.3395866304636,0.631149841845036
Z,AGC,-0.301141197729856,-0.434132701158524,-0.164439125731587
