AA,Codon,Posterior,0.025%,0.975%
A,GCA,-0.0245386641005828,-0.16890362650156,0.123866560682654
A,GCC,0.168352013844931,0.0190414746291935,0.317645587027073
A,GCG,-0.0909895502081959,-0.226101444661617,0.035739143937826
C,TGC,-0.465643082050805,-0.804934951663017,-0.144870842620731
D,GAC,-0.333987079685926,-0.450771099328995,-0.216973769292235
E,GAA,0.000775293449656601,-0.115732020139694,0.113858644478023
F,TTC,-0.855308523702621,-1.03464500308037,-0.681098380684853
G,GGA,1.26486005035639,0.97827300876379,1.57517159581184
G,GGC,0.209297612717748,0.110643658228219,0.310291523486376
G,GGG,0.724491222792864,0.53174269348383,0.930265566706657
H,CAC,-0.477713426884077,-0.675292755663395,-0.28690465465188
I,ATA,1.69152409225702,1.15826054215431,2.29743257164955
I,ATC,-0.23550167411007,-0.352505726367235,-0.123836388625205
K,AAA,-0.0778894597851451,-0.21779362373054,0.0592284692451357
L,CTA,0.50390048004922,0.0777694782242179,0.982945193350315
L,CTC,-0.229059126236738,-0.465281137824059,0.00742176013300195
L,CTG,-0.728298558962345,-0.914933879673481,-0.549294897913933
L,CTT,0.153026061086066,-0.124369608610868,0.428875038772821
L,TTA,0.409542210357636,0.150551696494222,0.677864922583103
N,AAC,-0.903608755028248,-1.11079188585281,-0.703276866674423
P,CCA,-0.265619590456737,-0.556436082720757,0.0237045480869709
P,CCC,1.68013251404762,1.16222775578499,2.27962997555733
P,CCG,-0.80171570059061,-1.04888348579407,-0.573646298050881
Q,CAA,0.558722692096233,0.393438816070557,0.739980648458004
R,AGA,2.89325364058018,1.88505357205868,4.11010397672653
R,AGG,2.20633834440708,1.29291145205498,3.40656356811523
R,CGA,1.49411561254263,1.08839934170246,1.9493105918169
R,CGC,0.271606904684007,0.141571177169681,0.404574755579233
R,CGG,1.51987513873577,1.13232372701168,1.91497740745544
S,TCA,0.658352759206295,0.404635655134916,0.942723543941975
S,TCC,0.00166897473615318,-0.16534223780036,0.166927552223206
S,TCG,0.357362809179164,0.163409353047609,0.563241158425808
T,ACA,1.00240390338302,0.704513929784298,1.33454871177673
T,ACC,-0.0143375014701251,-0.168500604853034,0.134210602939129
T,ACG,0.406526309126616,0.21196350492537,0.597489047050476
V,GTA,-0.0489759893573522,-0.213372649624944,0.118360742181539
V,GTC,0.214857299836125,0.0433478413149714,0.383127579092979
V,GTG,0.000873053367008833,-0.135734125599265,0.137938621267676
Y,TAC,-0.325328601376712,-0.494052181392908,-0.15661015547812
Z,AGC,-0.762226591390371,-1.05695564448833,-0.484666545689106
