AA,Codon,Posterior,0.025%,0.975%
A,GCA,0.111829869636672,0.0482864428311586,0.178064944595098
A,GCC,0.377130960923433,0.303933554887772,0.453470729291439
A,GCG,0.379374531671405,0.30875516012311,0.453271191567182
C,TGC,-0.18143685767695,-0.370510765910149,-0.0029541189200246
D,GAC,-0.222559888969362,-0.301371995359659,-0.147043361887336
E,GAA,-0.147889556526765,-0.230131359770894,-0.0670397467911244
F,TTC,-0.243306857034564,-0.333514212816954,-0.154496416822076
G,GGA,0.716092361551523,0.579486434161663,0.86044057905674
G,GGC,0.169862294081599,0.103848005086184,0.237271903455257
G,GGG,0.63968011713028,0.517309898138046,0.77024450302124
H,CAC,-0.281350863810629,-0.398434961587191,-0.161660999059677
I,ATA,0.640445240014792,0.460836309194565,0.828553216159344
I,ATC,-0.227488263230026,-0.292087617516518,-0.163877355307341
K,AAA,0.0131521751905892,-0.053877183329314,0.0801423536613582
L,CTA,0.140662729890592,-0.0449691345915198,0.32949453741312
L,CTC,-0.201270711735473,-0.324375527352095,-0.0818229198455812
L,CTG,-0.376038657659292,-0.469404496252537,-0.284199115633965
L,CTT,-0.200271622455679,-0.316932328045368,-0.0862130766734482
L,TTA,-0.0246293060741653,-0.136139152571559,0.0879948738962411
N,AAC,-0.399443695101142,-0.493386947363615,-0.308307505398989
P,CCA,-0.00544568444792731,-0.134344596415758,0.122223448194563
P,CCC,0.546174199298024,0.371648326516151,0.729932017624378
P,CCG,-0.0739559473649075,-0.183463341370225,0.0350743180140852
Q,CAA,0.0697683517640202,-0.0154648897703737,0.155745315179229
R,AGA,0.829228809326887,0.599718645215034,1.08638199865818
R,AGG,1.1122722859025,0.760600513219833,1.48916853368282
R,CGA,0.999980465435982,0.790758253633976,1.23140465021133
R,CGC,0.192833570706844,0.121156898140907,0.266610164195299
R,CGG,1.35261777260304,1.12318404316902,1.58401288092136
S,TCA,0.41549386960566,0.290206054598093,0.54494656175375
S,TCC,0.0592254923206256,-0.031858226377517,0.151552426069975
S,TCG,0.75624895504117,0.600968679785728,0.913805970549583
T,ACA,0.447213965877891,0.337897434085608,0.557152545452118
T,ACC,0.190042807168514,0.116027047112584,0.267197978496551
T,ACG,0.637071753102541,0.526688432693481,0.749297352135181
V,GTA,-0.0836102058893091,-0.150564195215702,-0.015276768594049
V,GTC,0.265561071507633,0.183254199102521,0.35081502199173
V,GTG,0.394309430867434,0.311230333894491,0.477475013583899
Y,TAC,-0.262910165975988,-0.384349727630615,-0.143818100169301
Z,AGC,-0.152222009372083,-0.269001732766628,-0.0353740032762289
