AA,Codon,Posterior,0.025%,0.975%
A,GCA,-0.419889279872179,-0.50124014467001,-0.335712625086308
A,GCC,-0.878783521711826,-0.96097240447998,-0.794295606017113
A,GCG,-0.966553126990795,-1.04375078082085,-0.888456802070141
C,TGC,0.0188084545854217,-0.138795308023691,0.183269732818007
D,GAC,0.753772422778606,0.669120493531227,0.841430968046188
E,GAA,-0.659826284456253,-0.740173716843128,-0.576965214312077
F,TTC,0.955627123236656,0.862935224175453,1.05101123154163
G,GGA,0.0658729081733829,-0.0632166588678956,0.193309962376952
G,GGC,-0.469335770636797,-0.547065925598144,-0.391348568350077
G,GGG,0.0148246713959557,-0.099382740072906,0.130210924893618
H,CAC,0.647274146032333,0.528076572716236,0.765627221763134
I,ATA,1.13356814157963,0.987944430112839,1.28870730102062
I,ATC,0.575404010093212,0.503844293951988,0.646277545392513
K,AAA,-1.13063447474241,-1.21915263533592,-1.04143222272396
L,CTA,1.00693353557587,0.851384143531323,1.16765545904636
L,CTC,0.402525881555676,0.292200557142496,0.515042495727539
L,CTG,-0.708354123842716,-0.795758928358555,-0.621347285807133
L,CTT,0.270445696632564,0.161459584534168,0.379835373163223
L,TTA,-0.188675867956132,-0.290617778897285,-0.0833309855312109
N,AAC,0.472319730347395,0.373352507501841,0.575106897950172
P,CCA,0.0914096461183009,-0.0479435066692531,0.227372490242123
P,CCC,-0.313056483276142,-0.468095380067825,-0.154883196204901
P,CCG,-0.640443181592226,-0.759048555791378,-0.524606892466545
Q,CAA,0.209738860011846,0.123153419233859,0.296904244273901
R,AGA,0.992481763350964,0.779689088463783,1.20018416345119
R,AGG,1.41379227998257,1.12190937399864,1.69362844526768
R,CGA,0.391504133401811,0.222933681681752,0.559421670436859
R,CGC,-0.297459089878201,-0.380259394645691,-0.213500113785267
R,CGG,0.0287474190233319,-0.144139007478952,0.193087549880147
S,TCA,-0.380797752657533,-0.513261254131794,-0.246113120019436
S,TCC,-0.0483812284748599,-0.166945852339268,0.0682087006047368
S,TCG,-0.622824335449934,-0.759416204690933,-0.485417268425226
T,ACA,-0.497712718033791,-0.626451316475868,-0.368216978758574
T,ACC,-1.03266692425013,-1.13107141554356,-0.933877940475941
T,ACG,-1.01060257283449,-1.12783918678761,-0.895206618309021
V,GTA,0.475771079552174,0.386912570148706,0.569788630306721
V,GTC,-0.139565865048382,-0.22791893184185,-0.0480751322582365
V,GTG,-0.649310671675205,-0.731629034876823,-0.569652642309666
Y,TAC,0.547585584098101,0.427103646844625,0.664101901650429
Z,AGC,-0.26130519984737,-0.376717615872622,-0.142588035389781
