AA,Codon,Posterior,0.025%,0.975%
A,GCA,0.231680638438463,0.149077734351158,0.312558245658875
A,GCC,0.380672050744295,0.299691618233919,0.462427759170532
A,GCG,0.135100289439876,0.0639678739011288,0.202648675814271
C,TGC,-0.430861543218791,-0.637124016880989,-0.239191283658147
D,GAC,-0.322914303517342,-0.402359828352928,-0.247129323706031
E,GAA,-0.203792153012753,-0.280968248844147,-0.13193492628634
F,TTC,-0.76339727935791,-0.86814116537571,-0.656956379115582
G,GGA,1.25460290923119,1.09085316061974,1.434823179245
G,GGC,0.221025287331641,0.156833186000586,0.286632207036018
G,GGG,0.763839493536949,0.641514290869236,0.88654860407114
H,CAC,-0.536530852127075,-0.665214274823666,-0.402373591810465
I,ATA,1.99571064324379,1.65895166993141,2.34373100399971
I,ATC,-0.499457931751013,-0.57565690279007,-0.422382450848818
K,AAA,-0.164138939764351,-0.255341651290655,-0.0730209765955806
L,CTA,0.408184689335711,0.155878096818924,0.686254340410232
L,CTC,-0.360835626634955,-0.508374628424644,-0.215443271026016
L,CTG,-0.877220221233368,-0.995096364617348,-0.762971125543118
L,CTT,-0.0207990123623556,-0.179764445498586,0.13886312879622
L,TTA,0.433584269556403,0.274370475113392,0.608254897594452
N,AAC,-0.890140879011154,-1.01133355796337,-0.77372669428587
P,CCA,-0.504932187044621,-0.688221918046474,-0.325391714274883
P,CCC,0.744278939223289,0.484865292906761,1.00104285776615
P,CCG,-0.873849316382408,-1.04298399090767,-0.717226883769035
Q,CAA,0.596816600543261,0.482944905012846,0.711998584866524
R,AGA,3.25037510433197,2.6695712864399,3.93553501963615
R,AGG,3.37779796290398,2.62561676502228,4.30613384246826
R,CGA,1.80846835653782,1.53567282557487,2.09450434446335
R,CGC,0.194514391596615,0.113813282735646,0.27438869997859
R,CGG,1.82983589119911,1.5773813277483,2.10184738636017
S,TCA,0.831633367455006,0.662765029072762,1.00879630446434
S,TCC,0.00611512737845096,-0.100555426441133,0.11350300591439
S,TCG,0.511870025998354,0.380187677592039,0.649826069176197
T,ACA,1.16497217690945,0.980536414682865,1.35704588890076
T,ACC,0.0007600459207325,-0.0892693482339382,0.0875598138198256
T,ACG,0.543231476455927,0.420207992941141,0.663668209314346
V,GTA,0.0993464728188646,0.0126845517894253,0.184927103295922
V,GTC,0.345450910279155,0.254370820522308,0.437125001102686
V,GTG,0.217963140672445,0.144154399633408,0.291673086583614
Y,TAC,-0.447246861386299,-0.560156433284283,-0.332216443121433
Z,AGC,-0.624645013141632,-0.788325487077236,-0.460028969496489
