AA,Codon,Posterior,0.025%,0.975%
A,GCA,0.145522338211164,0.0858938021585345,0.203575987368822
A,GCC,0.44241790547967,0.372242313623428,0.511025539040565
A,GCG,0.448489111316204,0.382554319500923,0.51667553037405
C,TGC,-0.143629003585075,-0.304072234779596,0.0123257184168323
D,GAC,-0.220367041733861,-0.289715691655874,-0.151596568152309
E,GAA,-0.191107284854352,-0.26726199015975,-0.118773522414267
F,TTC,-0.27753986928463,-0.360395322740078,-0.197215996682644
G,GGA,0.77469693312645,0.644708798825741,0.913497526943684
G,GGC,0.191939111429453,0.132375812157989,0.25064974501729
G,GGG,0.6720798851192,0.557155148684979,0.790614001452923
H,CAC,-0.332574816605449,-0.441518251597881,-0.221379442512989
I,ATA,0.638852410262823,0.463237789273262,0.811574958264828
I,ATC,-0.272409172415733,-0.332706587016583,-0.212077262997627
K,AAA,0.011854975047255,-0.0518412095494568,0.0740667706355452
L,CTA,0.149841035877937,-0.0264945452101529,0.330438836663961
L,CTC,-0.264938116469234,-0.375250613689423,-0.154459228366613
L,CTG,-0.419205299651623,-0.51113750487566,-0.329437680542469
L,CTT,-0.280603811652958,-0.387194438278675,-0.172705652564764
L,TTA,-0.0764953776071554,-0.182457738369703,0.0294092604424804
N,AAC,-0.447414311373234,-0.534537528455257,-0.360392313450575
P,CCA,0.0044672295566259,-0.114156571961939,0.118237202987075
P,CCC,0.518318084847927,0.36362879127264,0.677336132526398
P,CCG,0.0124992836073364,-0.0879301888868213,0.111559072881937
Q,CAA,0.0851505763660287,0.00589938233606517,0.164216858148575
R,AGA,0.84267801540494,0.615968190133572,1.08749477267265
R,AGG,1.19930745409727,0.856712305545807,1.58744896650314
R,CGA,1.14562418425083,0.939192631840706,1.36184073388576
R,CGC,0.183119948102534,0.116949653066695,0.249937314912677
R,CGG,1.48762795932293,1.27188686728477,1.71491150259972
S,TCA,0.474526131749153,0.357520048320293,0.599224534630775
S,TCC,0.0735696145879418,-0.00988251427188516,0.158677184954286
S,TCG,0.857417970073223,0.717870725691318,1.00320129990578
T,ACA,0.441915048891306,0.338075373321772,0.547963264584541
T,ACC,0.223815484263003,0.152143933996558,0.295355727523565
T,ACG,0.703132650196552,0.600288881361485,0.810846579074859
V,GTA,-0.0368264491359507,-0.0995206465944648,0.0257802166510373
V,GTC,0.304547590193152,0.226093139499426,0.380801254510879
V,GTG,0.494399539709091,0.420110177248716,0.569248616695404
Y,TAC,-0.30290339627862,-0.411065977811813,-0.190498248487711
Z,AGC,-0.181006363692973,-0.290529372543097,-0.0707193534821272
