AA,Codon,Posterior,0.025%,0.975%
A,GCA,-0.454389863348007,-0.553381995856762,-0.354123336076736
A,GCC,-1.00584044094086,-1.11087868213654,-0.903213231265545
A,GCG,-1.23029127058983,-1.32452960014343,-1.1372516900301
C,TGC,-0.182920620207954,-0.372066859155893,0.00134127632773018
D,GAC,0.838659257459641,0.738784652948379,0.940618790686131
E,GAA,-0.62148308891058,-0.716989867389202,-0.528336350619793
F,TTC,0.766292384600639,0.663318631052971,0.876486542820931
G,GGA,0.0676459207986933,-0.111104047298431,0.245878975838423
G,GGC,-0.391942726767063,-0.485308863222599,-0.295077349245548
G,GGG,0.0353261474316831,-0.107703357934952,0.177773009240627
H,CAC,0.691548180365562,0.555439929664135,0.83501059114933
I,ATA,1.31273704924583,1.08867563307285,1.55266483426094
I,ATC,0.493512000310421,0.411910018324852,0.578268809616566
K,AAA,-1.08849740772247,-1.18886271119118,-0.985008469223976
L,CTA,1.02182950611115,0.823236227035522,1.2239698857069
L,CTC,0.475201818698645,0.348665149509907,0.607246322929859
L,CTG,-0.799840219688416,-0.898115432262421,-0.691648259758949
L,CTT,0.409759704357386,0.274588280916214,0.548399344086647
L,TTA,-0.0845009287339577,-0.215717663988471,0.0470532165840269
N,AAC,0.280431093303859,0.1613604683429,0.406134637445211
P,CCA,0.0236824545047879,-0.149819065630436,0.194994941726327
P,CCC,-0.277754673665296,-0.495333784073591,-0.0620796936564146
P,CCG,-0.852359232711792,-1.00487082004547,-0.699696907401085
Q,CAA,0.336996232426167,0.235930995643139,0.441758654266596
R,AGA,1.64527402441502,1.33577990233898,1.97640147805214
R,AGG,1.0814694578886,0.673458254337311,1.49386486411095
R,CGA,0.685224407452345,0.436992508918047,0.927480198442936
R,CGC,-0.490741001605988,-0.58161688297987,-0.397484409809113
R,CGG,0.0538986295946044,-0.1250085150823,0.232949084788561
S,TCA,-0.1961972183523,-0.370291614532471,-0.0277697192970663
S,TCC,-0.174340246017173,-0.307122312486172,-0.0455958903767168
S,TCG,-0.826520221376419,-0.983180479705334,-0.66967059224844
T,ACA,-0.275086085716635,-0.446743965893984,-0.0918357476592063
T,ACC,-1.21169526481628,-1.32436111271381,-1.10192072093487
T,ACG,-1.15497170331478,-1.29023061394691,-1.02633579969406
V,GTA,0.426851994603872,0.306477458775044,0.55005544424057
V,GTC,-0.380167343068123,-0.490809564292431,-0.273017166554928
V,GTG,-0.864749114108086,-0.960999941825867,-0.768241484463215
Y,TAC,0.560882035779953,0.419180190563202,0.704931868612766
Z,AGC,-0.219974037020281,-0.365622468292713,-0.0734066233038902
