AA,Codon,Posterior,0.025%,0.975%
A,GCA,0.142620274363738,0.0760733982548118,0.21107641607523
A,GCC,0.408386027693748,0.33105593547225,0.487717334926128
A,GCG,0.291158621621132,0.223984384164214,0.360205361247063
C,TGC,-0.0742582387647206,-0.254252593964338,0.10066496450454
D,GAC,-0.377303842329979,-0.456106183677912,-0.299707401543856
E,GAA,-0.139609767752886,-0.21883087605238,-0.0620443333871662
F,TTC,-0.597785752940178,-0.700835593044758,-0.495710901170969
G,GGA,1.42148361053467,1.19415756762028,1.66197152137756
G,GGC,0.151922870156169,0.0887643957510591,0.214555498957634
G,GGG,0.812169343471527,0.666865895688534,0.963380673527718
H,CAC,-0.493766623187065,-0.626922336220741,-0.366168214380741
I,ATA,1.36622763471603,1.0273459404707,1.7127598553896
I,ATC,-0.393819661831856,-0.464503210037947,-0.324322966486216
K,AAA,-0.0483824104815581,-0.11868960019201,0.0207410244271159
L,CTA,0.45282520699203,0.190892767161131,0.726219074428082
L,CTC,-0.39225612835288,-0.529375174641609,-0.255411323904991
L,CTG,-0.705940880155563,-0.821313112974167,-0.596030503511429
L,CTT,-0.160775444282647,-0.313627585023642,-0.00912046995945272
L,TTA,0.160178416216141,0.000242906410858268,0.322232859581709
N,AAC,-0.702230179214478,-0.825407308340073,-0.586959624290466
P,CCA,-0.244095973437093,-0.424337523430586,-0.0614033271558582
P,CCC,0.706445359075069,0.431217608600855,0.993101462721825
P,CCG,-0.481228924894333,-0.642201049625874,-0.324914412200451
Q,CAA,0.352724837517738,0.255585077404976,0.451315101236105
R,AGA,1.46140877745152,1.03638759553432,1.94276458024979
R,AGG,2.95507634067535,2.205513048172,3.77289688587189
R,CGA,1.63884301953316,1.32787755727768,1.98763697445393
R,CGC,0.35714424238205,0.2833106957376,0.429290825873613
R,CGG,1.56138883938789,1.3247642993927,1.81467782855034
S,TCA,0.657619498682022,0.49990478977561,0.819925428926945
S,TCC,0.115300662121046,0.0259572765789926,0.205551914870739
S,TCG,0.744802862489223,0.606161533296108,0.888815282285213
T,ACA,0.74211082406044,0.576785908639431,0.917088322341442
T,ACC,0.105573054481135,0.032586196064949,0.178203777968884
T,ACG,0.660138894712925,0.54717943072319,0.778404891490936
V,GTA,0.100739676128235,0.0263553575146943,0.176175157725811
V,GTC,0.419376410901546,0.33167961537838,0.505560427904129
V,GTG,0.386163059258461,0.315819750726223,0.458211621642113
Y,TAC,-0.361062028825283,-0.481356573849916,-0.241641103103757
Z,AGC,-0.661664145433903,-0.823298415541649,-0.501848827302456
