AA,Codon,Posterior,0.025%,0.975%
A,GCA,0.201341034914926,0.081138901039958,0.319270576536655
A,GCC,0.452231058979034,0.324510930478573,0.581322963535786
A,GCG,0.363976262891293,0.246735760569572,0.475726824253798
C,TGC,-0.293654321118095,-0.627860681712627,0.0206478564999998
D,GAC,-0.26215697799027,-0.361394168436527,-0.159018449485302
E,GAA,-0.166828058316978,-0.287087623029947,-0.0528942325152457
F,TTC,-0.635408989334106,-0.796527855098248,-0.484226991981268
G,GGA,1.29614546532631,0.99780730754137,1.60719151496887
G,GGC,0.124661989080883,0.0186956964433193,0.227382170408964
G,GGG,0.802338642692566,0.595416586101055,1.03045665919781
H,CAC,-0.439095547699928,-0.633181363344193,-0.249861720576882
I,ATA,1.29418401075602,0.826425789296627,1.81536626815796
I,ATC,-0.324446802139282,-0.434638001024723,-0.217720280587673
K,AAA,-0.17083363162661,-0.322004922479391,-0.0268499965779483
L,CTA,0.212394209640037,-0.124390772357583,0.571796843409538
L,CTC,-0.254450647720252,-0.461378691345453,-0.0357827608473599
L,CTG,-0.702664177381992,-0.869414922595024,-0.537619535624981
L,CTT,0.0188477130266081,-0.220109252259135,0.268609099835157
L,TTA,0.527543195053935,0.261617152392864,0.794531928002834
N,AAC,-0.695433788371086,-0.863918353617191,-0.535539050400257
P,CCA,-0.309772359670792,-0.573470732569694,-0.0541041525080799
P,CCC,0.786931259537488,0.389406483620405,1.1999256759882
P,CCG,-0.588827250117063,-0.827108013629913,-0.37872868552804
Q,CAA,0.286201998621225,0.145854450017214,0.432704891264439
R,AGA,1.14290324082375,0.607802119851112,1.77579838335514
R,AGG,3.87941301488876,2.43659130334854,5.63858593702316
R,CGA,1.63129216225147,1.18209117352962,2.13415592908859
R,CGC,0.338351331847906,0.22339278422296,0.456007024645805
R,CGG,1.5895976140976,1.24882484674454,1.93868966698647
S,TCA,0.570852827215195,0.35161608979106,0.805776983499527
S,TCC,0.194712920060661,0.0412942395545542,0.35825552418828
S,TCG,0.883684975802898,0.651892837882042,1.13597649335861
T,ACA,0.742934424823523,0.467007617652416,1.04415190517902
T,ACC,-0.00845293369514475,-0.142548571154475,0.125000636093318
T,ACG,0.669751901602745,0.471265604346991,0.874862068891525
V,GTA,-0.0570750807371849,-0.184537530690432,0.0763176077976823
V,GTC,0.480263403230906,0.322293746471405,0.644052058458328
V,GTG,0.316431687101722,0.199751967936754,0.433915499597788
Y,TAC,-0.426348821368814,-0.599131715297699,-0.252986157685518
Z,AGC,-0.545285478448868,-0.810596160590649,-0.294873990118503
