AA,Codon,Posterior,0.025%,0.975%
A,GCA,-0.469560964661837,-0.557260569930077,-0.384028261899948
A,GCC,-1.05797085827589,-1.14103028774261,-0.975514449179173
A,GCG,-1.23630238301754,-1.31724894940853,-1.15775711238384
C,TGC,-0.267337190349493,-0.422803428024054,-0.104444985836744
D,GAC,0.827624979889393,0.746190375089645,0.909643803536892
E,GAA,-0.585677273285389,-0.663387057185173,-0.507071924209595
F,TTC,0.821203759121895,0.7286456361413,0.914934845268726
G,GGA,0.274278404244781,0.132225544005632,0.416576621681452
G,GGC,-0.352552008116245,-0.426126130670309,-0.2786880902946
G,GGG,0.0812183245767992,-0.0334812473505735,0.192208749055862
H,CAC,0.684371199560165,0.571087783575058,0.799483431875706
I,ATA,1.23619782035351,1.03240257203579,1.44265978038311
I,ATC,0.4989986374259,0.430592902749777,0.570149949193001
K,AAA,-1.08237180788517,-1.16979420483112,-0.995831914246082
L,CTA,1.1438353397131,0.969828987121582,1.32004122138023
L,CTC,0.446090343105793,0.332713623344898,0.555522982776165
L,CTG,-0.795051789140701,-0.881953239440918,-0.710500748455525
L,CTT,0.422982300031185,0.307796523720026,0.538656713068485
L,TTA,-0.0925207018015397,-0.206254904344678,0.0246191534213721
N,AAC,0.256593376547843,0.157137216627598,0.357969184964895
P,CCA,0.0723639276776977,-0.0750224489718676,0.221215603873134
P,CCC,-0.310869972432777,-0.486757858097553,-0.13177020214498
P,CCG,-0.89938122831583,-1.02359339296818,-0.777755232155323
Q,CAA,0.311447040453553,0.221984131634235,0.399441246688366
R,AGA,1.68348572635651,1.39194932579994,1.96516695916653
R,AGG,1.16882921293974,0.819038255512714,1.51462538838386
R,CGA,0.692870679628849,0.482274481654167,0.897482417523861
R,CGC,-0.454473992878199,-0.533855201303959,-0.377303621917963
R,CGG,0.0169879384849125,-0.142567022889853,0.174666223302483
S,TCA,-0.310854938276112,-0.457078991830349,-0.160137497261167
S,TCC,-0.234577619078755,-0.349863251298666,-0.121020004712045
S,TCG,-0.83667803401947,-0.963439856469631,-0.706377975642681
T,ACA,-0.214686098830914,-0.3611587934196,-0.0714035140350461
T,ACC,-1.1932908926487,-1.28749653697014,-1.09605409801006
T,ACG,-1.11497061733007,-1.2285972237587,-1.00096325874329
V,GTA,0.414016571778059,0.316580734401941,0.511103042960167
V,GTC,-0.344650250893831,-0.438445968925953,-0.249539785087109
V,GTG,-0.821187923657894,-0.898215256631374,-0.742512001097202
Y,TAC,0.592378477907181,0.483983289450407,0.706193497776985
Z,AGC,-0.227440765895648,-0.352968599647284,-0.101168470270932
