AA,Codon,Posterior,0.025%,0.975%
A,GCA,0.150001145789772,0.0881925286725163,0.214221729338169
A,GCC,0.441645974683762,0.37113267108798,0.511954443156719
A,GCG,0.292549054372311,0.231799150630832,0.351905715465546
C,TGC,-0.0157913429296081,-0.171552731469274,0.143581269308925
D,GAC,-0.371326124286652,-0.4426453538239,-0.300940138101578
E,GAA,-0.159988523162901,-0.230665650591254,-0.0909802537411452
F,TTC,-0.638074567443132,-0.731606824696064,-0.545745630562306
G,GGA,1.21546765922308,1.02530887424946,1.40649808347225
G,GGC,0.132442777152732,0.076719087921083,0.190072606876492
G,GGG,0.782374663984776,0.659469458460808,0.912658195197582
H,CAC,-0.488655736988783,-0.602831503748894,-0.376349190622568
I,ATA,1.46645836526155,1.15064343810081,1.78841215968132
I,ATC,-0.397183374089003,-0.459925489127636,-0.33436721637845
K,AAA,-0.0516972367905502,-0.115681018307805,0.0124299598392099
L,CTA,0.318481894683919,0.0867102086544037,0.555267059803009
L,CTC,-0.37101355638355,-0.498499797284603,-0.242089875414968
L,CTG,-0.709738654816151,-0.814724104106426,-0.610608552396298
L,CTT,-0.173021878602146,-0.308448662608862,-0.0324307395145297
L,TTA,0.167524955224653,0.0247529021464288,0.315294978022575
N,AAC,-0.682983180165291,-0.788714671134949,-0.582882307469845
P,CCA,-0.275191422539949,-0.436720785498619,-0.117972276546061
P,CCC,0.737407082056999,0.495881365984678,0.981635004281997
P,CCG,-0.44924990952909,-0.588064064085484,-0.314841916412115
Q,CAA,0.37107129072845,0.280996266752481,0.468906307220459
R,AGA,1.41990093716383,1.02423342168331,1.85376852750778
R,AGG,2.82719999592304,2.17705780863762,3.51088981032371
R,CGA,1.63920735025406,1.33948952555656,1.95759217441082
R,CGC,0.334662568062544,0.268661148846149,0.403374617546797
R,CGG,1.61369814229012,1.39803774058819,1.84269568622112
S,TCA,0.739601708930731,0.591671146452427,0.89476837515831
S,TCC,0.144219900158048,0.0613997618667781,0.227713441476226
S,TCG,0.738461964678764,0.613395908474922,0.866655346751213
T,ACA,0.698954355835915,0.550322251021862,0.854870711266994
T,ACC,0.0972940687739381,0.029303666530177,0.165872345864773
T,ACG,0.635208066499233,0.532709278166294,0.739362689852715
V,GTA,0.107719006883574,0.0394175958819687,0.176650215685368
V,GTC,0.400480114352703,0.321293971687555,0.48102561160922
V,GTG,0.36161107109189,0.298919520527124,0.426395679265261
Y,TAC,-0.380999255180359,-0.492756788432598,-0.276058544963598
Z,AGC,-0.65434101293087,-0.798232884705067,-0.506132282316685
