AA,Codon,Posterior,0.025%,0.975%
A,GCA,0.144374184775352,0.0687919517979026,0.222763296589255
A,GCC,0.350291149753332,0.271219471096993,0.429811868816614
A,GCG,0.252824499571323,0.178018775209785,0.325520101189613
C,TGC,-0.12111266313774,-0.314086899906397,0.0736008064821361
D,GAC,-0.349245096069574,-0.425786458700895,-0.274389781802893
E,GAA,-0.221399714146554,-0.294641105085611,-0.147729568555951
F,TTC,-0.60315520362258,-0.704103334248066,-0.506120966374874
G,GGA,1.06437885727882,0.890162990987301,1.24444661438465
G,GGC,0.111157959653786,0.0484988287091255,0.171609470620751
G,GGG,0.746215165936947,0.621220910549164,0.877874177694321
H,CAC,-0.503971333128214,-0.634534625709057,-0.375779866427183
I,ATA,1.6959672743082,1.34169491231442,2.06798355579376
I,ATC,-0.421346671825647,-0.490946082770824,-0.351914825290441
K,AAA,-0.125694617849845,-0.21586780436337,-0.036263039894402
L,CTA,0.237124486850225,-0.00581567122135311,0.49237101227045
L,CTC,-0.248778613549471,-0.38995465785265,-0.100593187101186
L,CTG,-0.699738961827755,-0.814199024438858,-0.590952491760254
L,CTT,-0.194046311450424,-0.346530440449715,-0.0392466054297985
L,TTA,0.328207269258052,0.160204137116671,0.501094362139701
N,AAC,-0.685566769635677,-0.798096118867397,-0.572829163074493
P,CCA,-0.287265944659431,-0.461087191849947,-0.116080156341195
P,CCC,0.571975404295325,0.339757816493511,0.816519664227962
P,CCG,-0.499883306995034,-0.651741228997707,-0.35755874440074
Q,CAA,0.39388183684051,0.288200920075178,0.499920754879713
R,AGA,1.72905665601492,1.2436485439539,2.2559710085392
R,AGG,2.99992683718204,2.28226357102394,3.77013744115829
R,CGA,1.55863904936314,1.25497656464577,1.89477145075798
R,CGC,0.295248562774062,0.217466105520725,0.376080711185932
R,CGG,1.8486697126627,1.59106233417988,2.11970634460449
S,TCA,0.675719754987955,0.508133378624916,0.845302852988243
S,TCC,0.0983103868798942,0.00322057454031892,0.199300031363964
S,TCG,0.689655490255356,0.546426662802696,0.83471077978611
T,ACA,0.69194135401845,0.530716243386269,0.859405200183392
T,ACC,0.174318405431905,0.0911736788228154,0.255182830989361
T,ACG,0.637223946714401,0.520478609204292,0.751171198487282
V,GTA,0.0668181128308934,-0.0162204704247415,0.152085222676396
V,GTC,0.549400656712055,0.449661581218243,0.652169808745384
V,GTG,0.355036315062642,0.279836988449097,0.430249181389809
Y,TAC,-0.39281313855648,-0.508118999004364,-0.282381255924702
Z,AGC,-0.620079802531004,-0.79037180095911,-0.45823887810111
