AA,Codon,Posterior,0.025%,0.975%
A,GCA,-0.456297616255283,-0.556869569420815,-0.351737087965012
A,GCC,-1.01956826756001,-1.12230135500431,-0.914749976992607
A,GCG,-1.24959838376045,-1.34560430347919,-1.15591036081314
C,TGC,-0.220749693683244,-0.398926876485348,-0.0285044551827011
D,GAC,0.805737716031074,0.700606437027454,0.910312728583813
E,GAA,-0.62216347618103,-0.719557398557663,-0.523096036911011
F,TTC,0.79891880030632,0.681809403002262,0.908334288001061
G,GGA,0.109588438889499,-0.0698509484529495,0.287180642783642
G,GGC,-0.399271985155344,-0.494820710271597,-0.30631667971611
G,GGG,0.00627198899352661,-0.137147061899304,0.157695069909096
H,CAC,0.711921546399593,0.572559155523777,0.860366594791412
I,ATA,1.13818615908623,0.903680023550987,1.38167711794376
I,ATC,0.45240397683382,0.364750023931265,0.541657115519047
K,AAA,-1.05743813989162,-1.15609540045261,-0.953478889167309
L,CTA,1.01686343896389,0.811600437760353,1.23336722254753
L,CTC,0.464025126969814,0.336501169204712,0.599846225976944
L,CTG,-0.774049795103073,-0.879976026713848,-0.670981512963772
L,CTT,0.404625596004724,0.269959477335215,0.54679276496172
L,TTA,-0.0635620222440979,-0.198108290880918,0.0733077619224787
N,AAC,0.294726811650395,0.166576894000173,0.423075053095818
P,CCA,0.0445175654553532,-0.132243834063411,0.220972780138254
P,CCC,-0.315473574092193,-0.531106185913086,-0.0988178344443439
P,CCG,-0.87934249420166,-1.02865392267704,-0.732291692495346
Q,CAA,0.267890842822194,0.159824514016509,0.377625505626202
R,AGA,1.58481006455421,1.25010251104832,1.89997509419918
R,AGG,1.21427689373493,0.812244558334351,1.62239352762699
R,CGA,0.597543047690392,0.347255474328995,0.846522633731365
R,CGC,-0.506479349315166,-0.595691801607609,-0.41208643168211
R,CGG,0.0708503969042154,-0.1141347784549,0.257411012798548
S,TCA,-0.181879822672391,-0.353915958106518,-0.0130649098660796
S,TCC,-0.13410612329854,-0.267741765081882,0.000314355549562682
S,TCG,-0.807926147317886,-0.958263887465,-0.657107388973236
T,ACA,-0.281722680345969,-0.454075194895267,-0.102217576466501
T,ACC,-1.22030575489998,-1.33316977918148,-1.10327041447163
T,ACG,-1.15766045732498,-1.29607136845589,-1.0157752007246
V,GTA,0.448582844215631,0.323727230727673,0.571702033281326
V,GTC,-0.396070362257957,-0.504179318249226,-0.286013925075531
V,GTG,-0.896805131292343,-0.997192490100861,-0.796582278609276
Y,TAC,0.542738818991184,0.399757615476847,0.688266742229462
Z,AGC,-0.258027735219151,-0.406841862946749,-0.115522559173405
