AA,Codon,Posterior,0.025%,0.975%
A,GCA,0.0817820073902636,-0.0436965249478817,0.213232582062483
A,GCC,0.387036788976192,0.242706273496151,0.526225988566875
A,GCG,0.256932159242034,0.13124784976244,0.381589699536562
C,TGC,-0.157405846750649,-0.466523180156946,0.147332055866718
D,GAC,-0.272143218177557,-0.38767267242074,-0.159349009022117
E,GAA,-0.224099118803442,-0.358188500255346,-0.101451650261879
F,TTC,-0.770744054567814,-0.949473808705807,-0.596518503129482
G,GGA,1.28048666007519,0.969803991913796,1.6313800662756
G,GGC,0.166623628991749,0.0668751202523708,0.26736753359437
G,GGG,0.820596677398682,0.615390162169933,1.0368820220232
H,CAC,-0.596249706077576,-0.804328539967537,-0.39831210449338
I,ATA,1.86050074954033,1.1965975522995,2.63800520896912
I,ATC,-0.374749491596222,-0.505234943330288,-0.255104656517506
K,AAA,-0.0859106637291192,-0.226335459202528,0.0514611874707043
L,CTA,0.395777083865739,-0.0197696960531175,0.84480382502079
L,CTC,-0.351784343549516,-0.571725361049175,-0.130383053421974
L,CTG,-0.639105390489101,-0.818258781731129,-0.463080078363418
L,CTT,-0.0611546078981832,-0.318703018128872,0.21466556340456
L,TTA,0.193226530417684,-0.0627194982022047,0.442150799930096
N,AAC,-0.576935607647896,-0.7603844165802,-0.39933253005147
P,CCA,-0.159100214845102,-0.452020812779665,0.140034435689449
P,CCC,0.540954771731049,0.1617347124964,0.932788239419461
P,CCG,-0.559754826742411,-0.817964462935925,-0.323587404936552
Q,CAA,0.423934322202206,0.260683608800173,0.602846296131611
R,AGA,1.99569089405537,1.13776456713676,3.00239706635475
R,AGG,2.0830525573492,1.21607899367809,3.1768615424633
R,CGA,1.7723070823431,1.2544170498848,2.41693335771561
R,CGC,0.273403673456609,0.146571519225836,0.398170132189989
R,CGG,2.01419481854439,1.55145425200462,2.53043082952499
S,TCA,0.666664398789406,0.374098221957684,0.991704849898815
S,TCC,-0.102626537529775,-0.266333212703466,0.0624637733213604
S,TCG,0.531249721735716,0.314672241359949,0.770266152918339
T,ACA,0.825831915688515,0.545383277535439,1.10359733998775
T,ACC,0.306852942706645,0.16350597217679,0.443241246044636
T,ACG,0.676682238292694,0.489460971206427,0.862869094312191
V,GTA,0.0268418812676769,-0.134699625149369,0.183063219487667
V,GTC,0.477878604656458,0.309184284508228,0.659092678129673
V,GTG,0.366996382507682,0.225918151065707,0.511666367948055
Y,TAC,-0.36415813921988,-0.540066605806351,-0.197013894096017
Z,AGC,-0.55762261339426,-0.809059475362301,-0.320742342621088
