AA,Codon,Posterior,0.025%,0.975%
A,GCA,0.144481918882206,0.07203423473984,0.212092558294535
A,GCC,0.417211003673077,0.343255900591612,0.496029899269342
A,GCG,0.302369959795475,0.235567997395992,0.369262418150902
C,TGC,-0.0502889559642056,-0.229075525701046,0.119142485037446
D,GAC,-0.356956884741783,-0.437547805160284,-0.279082627594471
E,GAA,-0.137677004296519,-0.217529004439712,-0.0598326183855533
F,TTC,-0.623473841762543,-0.724796167016029,-0.52083166539669
G,GGA,1.37349792952538,1.15720524787903,1.61063728630543
G,GGC,0.155489061078429,0.0917128600180149,0.221419002115726
G,GGG,0.838309688663483,0.693093685805798,0.996157094836235
H,CAC,-0.506994044220448,-0.640316627919674,-0.37641973271966
I,ATA,1.58292422008514,1.22496284544468,1.94807430207729
I,ATC,-0.367677914267778,-0.438417749106884,-0.297458632290363
K,AAA,-0.0643946409728145,-0.135662803798914,0.00207144067389893
L,CTA,0.456979834926128,0.197937602549791,0.732614895701408
L,CTC,-0.38616399974823,-0.523833124339581,-0.250730752944946
L,CTG,-0.725925806283951,-0.839693881571293,-0.612798731029034
L,CTT,-0.157078084018227,-0.309361722320318,-0.00270841583260334
L,TTA,0.141146235298162,-0.0220669739879668,0.304990981519222
N,AAC,-0.711908587133884,-0.834364822506905,-0.598465099930763
P,CCA,-0.257196127826162,-0.440378330647945,-0.0869775192812085
P,CCC,0.746289273762703,0.480603270232677,1.03599987626076
P,CCG,-0.464171793323755,-0.615936553478241,-0.315434688329697
Q,CAA,0.403340109229088,0.30169296041131,0.506398268043995
R,AGA,1.51473000128269,1.08068869411945,1.99236309528351
R,AGG,2.74048278307915,2.01864909529686,3.52746351361275
R,CGA,1.7428780362606,1.38859524130821,2.13392355442047
R,CGC,0.365038835793734,0.287515880912542,0.4409878090024
R,CGG,1.53534439134598,1.31193780899048,1.7819420337677
S,TCA,0.65359380595684,0.493299001455307,0.818057934939861
S,TCC,0.0967669498664269,0.00699813845567405,0.186100253090262
S,TCG,0.737511925673485,0.596781910955906,0.878849542140961
T,ACA,0.747695835673809,0.575569996237755,0.916296951472759
T,ACC,0.110046031541331,0.0350455855019391,0.187792209908366
T,ACG,0.662318575704098,0.542153717577457,0.782673515379429
V,GTA,0.0898249274824004,0.0102318344870582,0.168650537356734
V,GTC,0.42841202480793,0.345422139763832,0.513041286170483
V,GTG,0.405836978363991,0.331189102679491,0.481696539372206
Y,TAC,-0.347946012592316,-0.476463897526264,-0.223633311316371
Z,AGC,-0.629874444711208,-0.788408124446869,-0.468632282316685
