AA,Codon,Posterior,0.025%,0.975%
A,GCA,-0.505047951626778,-0.579783950746059,-0.429580924659967
A,GCC,-1.03246752028465,-1.10784239470959,-0.959808574616909
A,GCG,-1.28476746177673,-1.35236681997776,-1.21435796320438
C,TGC,-0.2597172339499,-0.406751693040133,-0.119673425704241
D,GAC,0.799291612625122,0.727989216148853,0.871485017240047
E,GAA,-0.553152541077137,-0.624317580461502,-0.480667249113321
F,TTC,0.759467378592491,0.677091130614281,0.843641494214535
G,GGA,0.245210007958114,0.116923004575074,0.374333465844393
G,GGC,-0.392369457674026,-0.457934468984604,-0.324680151045322
G,GGG,0.0374738533663127,-0.063122034072876,0.136875047907233
H,CAC,0.73311891977787,0.625259600579739,0.846134559810162
I,ATA,1.23670051841736,1.04961776137352,1.43115752339363
I,ATC,0.492610933446884,0.429339325428009,0.555399392545223
K,AAA,-1.08180088505745,-1.16596743166447,-1.00088401138783
L,CTA,1.06455556807518,0.886756251752377,1.25007345974445
L,CTC,0.472178349208832,0.370842082053423,0.572025062143803
L,CTG,-0.779053842759132,-0.85589831918478,-0.699480682611465
L,CTT,0.441595405197144,0.334163425862789,0.547110961377621
L,TTA,-0.0517467043803372,-0.155972076579928,0.0495233466848731
N,AAC,0.302295642220974,0.205416724085808,0.398047416657209
P,CCA,-0.0447459701800453,-0.176926297694445,0.079927659034729
P,CCC,-0.384825122350454,-0.554628653824329,-0.221449837461114
P,CCG,-0.973112424564362,-1.0870629042387,-0.8579047113657
Q,CAA,0.384400808376074,0.305302275717258,0.464753521978855
R,AGA,1.59767758355141,1.32488603591919,1.85564501881599
R,AGG,1.43200985131264,1.13253961801529,1.73094193339348
R,CGA,0.631162633752823,0.451305861771107,0.812384940683842
R,CGC,-0.498454745209217,-0.573803669214249,-0.425552628189325
R,CGG,0.0207983264819894,-0.123814964294434,0.16706615909934
S,TCA,-0.289743483145535,-0.419207323342562,-0.151850966364145
S,TCC,-0.217601662439108,-0.31757844761014,-0.113692326657474
S,TCG,-0.856213102960587,-0.967915713787079,-0.737526905536652
T,ACA,-0.283650148814917,-0.412280887365341,-0.153446613624692
T,ACC,-1.22090260243416,-1.30646263062954,-1.13722294569016
T,ACG,-1.134856285882,-1.23438071608543,-1.03525747060776
V,GTA,0.444507538342476,0.356526187062263,0.534622393548489
V,GTC,-0.377272818547487,-0.461369382590055,-0.294582720845938
V,GTG,-0.867365683746338,-0.937429402768612,-0.795432758331299
Y,TAC,0.587979619538784,0.482953169941902,0.691977904736996
Z,AGC,-0.249307267112657,-0.361153725534678,-0.138289168477058
