AA,Codon,Posterior,0.025%,0.975%
A,GCA,0.182931015822291,0.127377093583345,0.241402805969119
A,GCC,0.390348017716408,0.330043295025826,0.452560463547707
A,GCG,0.310754501861334,0.256467735767364,0.36657233312726
C,TGC,-0.11617171010561,-0.26695226803422,0.0369340004399419
D,GAC,-0.296570183867216,-0.36201881468296,-0.23382165171206
E,GAA,-0.2112864646703,-0.277919342368841,-0.146255520731211
F,TTC,-0.570061828923225,-0.655257171392441,-0.489067573845386
G,GGA,1.07914077577591,0.925458660721779,1.23400545716286
G,GGC,0.14489121670723,0.0939527487382293,0.196007286384702
G,GGG,0.799708122229576,0.687588578462601,0.909876026213169
H,CAC,-0.581276918113232,-0.691475850343704,-0.473043205589056
I,ATA,1.76058491640091,1.42393871843815,2.11093437671661
I,ATC,-0.356574251157045,-0.419350405037403,-0.292817045748234
K,AAA,-0.120511308096722,-0.194117619469762,-0.0534478939138353
L,CTA,0.489419322477281,0.22448538094759,0.763719634711742
L,CTC,-0.391493662559986,-0.513696034252644,-0.263050588965416
L,CTG,-0.756014443731308,-0.855618226528168,-0.657935106754303
L,CTT,-0.209018386387452,-0.339960962533951,-0.0708707733079791
L,TTA,0.187173658279795,0.0426083330065012,0.334165699034929
N,AAC,-0.727210950565338,-0.82230291813612,-0.624980479478836
P,CCA,-0.176856470317114,-0.319910119473934,-0.0334237183444202
P,CCC,0.705039466619492,0.486906038224697,0.933574236929417
P,CCG,-0.371287699717283,-0.494252050668001,-0.251159117370844
Q,CAA,0.38500535569191,0.298907797783613,0.478994411975145
R,AGA,1.82598910140991,1.37255200445652,2.31449255347252
R,AGG,2.36623826804161,1.8351109623909,2.94393219947815
R,CGA,1.57970146770477,1.31507061123848,1.86792656481266
R,CGC,0.36766609787941,0.297059801220894,0.435883197933435
R,CGG,1.68994996261597,1.47207825481892,1.92218593657017
S,TCA,0.64056420583725,0.503273981809616,0.781418842077255
S,TCC,0.129208743370163,0.0445669014006853,0.215351019054651
S,TCG,0.737420649981499,0.617652370035648,0.864286391437054
T,ACA,0.690074920427799,0.553570646047592,0.827205330133438
T,ACC,0.128200034876168,0.061403516959399,0.194998444616795
T,ACG,0.567177396380901,0.474074499309063,0.661824731528759
V,GTA,0.0508531400454558,-0.0150010928045958,0.116887372359633
V,GTC,0.422508144164085,0.345521169155836,0.50307844132185
V,GTG,0.312368833428621,0.25279918462038,0.37037125825882
Y,TAC,-0.405430795514584,-0.500380407273769,-0.312824296951294
Z,AGC,-0.532791854679584,-0.673941093683243,-0.399439763277769
