AA,Codon,Posterior,0.025%,0.975%
A,GCA,0.166233241795003,0.108010051771998,0.22559670843184
A,GCC,0.418884541499615,0.35569434762001,0.484930764883757
A,GCG,0.318375446599722,0.261185140162706,0.375884077697992
C,TGC,-0.0223455214152244,-0.173389968276024,0.136558958515525
D,GAC,-0.354618232560158,-0.421864771097898,-0.288365049660206
E,GAA,-0.179339313453436,-0.247947783395648,-0.11180217768997
F,TTC,-0.592776442110538,-0.679231491684914,-0.506694787740707
G,GGA,1.22963744142056,1.05172182917595,1.4149719119072
G,GGC,0.152063759170473,0.0948402155190706,0.20797065757215
G,GGG,0.812088180732727,0.694390344619751,0.930529861152172
H,CAC,-0.521210640907288,-0.6350382193923,-0.412580590695143
I,ATA,1.45944506342411,1.16404129862785,1.76839756071568
I,ATC,-0.393474576127529,-0.453199429810047,-0.334110576659441
K,AAA,-0.0512816879021353,-0.113366205617785,0.00935931429266932
L,CTA,0.407232190140616,0.161187411472201,0.655135188996792
L,CTC,-0.394055685847998,-0.509934686124325,-0.271765811741352
L,CTG,-0.724729106378555,-0.822304332256317,-0.622495645284653
L,CTT,-0.189534183464898,-0.318797342479229,-0.0474665075540542
L,TTA,0.126821620721731,-0.00868382137268782,0.259698337316513
N,AAC,-0.719115623378754,-0.821973368525505,-0.618339304625988
P,CCA,-0.184029743131192,-0.323346185684204,-0.0409836132079362
P,CCC,0.797127687966824,0.580642318725586,1.02580885887146
P,CCG,-0.38827979798913,-0.515760366618633,-0.267911771684885
Q,CAA,0.317635669010878,0.234377404674888,0.402002581954002
R,AGA,1.50340230481625,1.12503769099712,1.92127369046211
R,AGG,2.40419117193222,1.89080928266048,2.98358663320541
R,CGA,1.69865445828438,1.41547433435917,2.00153532624245
R,CGC,0.360731430399418,0.2940704010427,0.427596719563007
R,CGG,1.59702751297951,1.38307484388351,1.81647013127804
S,TCA,0.724593370652199,0.582899533212185,0.870514254271984
S,TCC,0.136929060233338,0.0595234576612711,0.21929478533566
S,TCG,0.75816989467144,0.634507702291012,0.876330029964447
T,ACA,0.749209235978126,0.604407799243927,0.888758891820908
T,ACC,0.109671083878842,0.0415912079624832,0.175603014975786
T,ACG,0.642766137588024,0.54731270968914,0.741589154303074
V,GTA,0.0931620426590554,0.0249292365275323,0.162315000593662
V,GTC,0.419404109811783,0.348927816748619,0.502127249538898
V,GTG,0.390421505773068,0.328527280688286,0.454066181927919
Y,TAC,-0.376655981183052,-0.48607477247715,-0.270193867385387
Z,AGC,-0.635730535256863,-0.770711681246757,-0.500321085751057
