AA,Codon,Posterior,0.025%,0.975%
A,GCA,0.22768514510449,0.0465002937242389,0.413750685751438
A,GCC,0.737285239458084,0.492985866218805,1.00879273116589
A,GCG,0.454268164476752,0.236128261312842,0.673571044206619
C,TGC,-0.567267262532213,-1.08155747354031,-0.117613345757127
D,GAC,-0.496422516560555,-0.724956214427948,-0.279851945489645
E,GAA,-0.166354675889808,-0.360859579592943,0.0182744036894292
F,TTC,-0.952530879211426,-1.36882975101471,-0.572665371000767
G,GGA,1.14227435295582,0.782297573983669,1.51736109554768
G,GGC,0.28442110821039,0.0862926919013262,0.498518362641335
G,GGG,1.134578718853,0.786619199812412,1.51532295644283
H,CAC,-0.875252936008573,-1.40881931483746,-0.414309713989496
I,ATA,0.675430502918735,0.23501050285995,1.16646253466606
I,ATC,-0.642594330453873,-0.919525581598282,-0.392449138313532
K,AAA,0.0343664594291826,-0.188836503773928,0.263778758794069
L,CTA,0.285652563789021,-0.173728379234672,0.759163463115692
L,CTC,-0.293426656533917,-0.684117372334003,0.0622451375238598
L,CTG,-1.12754804513454,-1.45472132265568,-0.830192050337791
L,CTT,-0.163987058008741,-0.547162948548794,0.22222115136683
L,TTA,0.492208404385275,-0.00947878903243691,1.0367646664381
N,AAC,-1.03968366373777,-1.42380048334599,-0.69683835953474
P,CCA,-0.268362143597123,-0.619553017616272,0.0801399130374193
P,CCC,0.986008727069944,0.376554563641548,1.69527698457241
P,CCG,-0.570036243310571,-0.902963265776634,-0.256135033816099
Q,CAA,0.897343431437016,0.596497786045074,1.23447159230709
R,AGA,2.118901633358,1.47416134774685,2.86510136723518
R,AGG,2.85572747826576,1.93116071522236,4.15600256919861
R,CGA,3.67365560417175,2.48839491605759,5.04041687250137
R,CGC,0.584201707583666,0.361591447144747,0.817191030085087
R,CGG,3.88743910646439,2.55461288094521,5.43157322406769
S,TCA,0.753867031860352,0.3891920119524,1.19648869335651
S,TCC,0.240496760492388,-0.0346377749927342,0.527725909650326
S,TCG,1.35232548820972,0.762511670589447,2.09657045006752
T,ACA,1.38008514096737,0.824764183163643,2.04112123847008
T,ACC,0.108720432313311,-0.10893415696919,0.322826307266951
T,ACG,0.609032399502397,0.278632062673569,0.972660377621651
V,GTA,0.00597599130640738,-0.188757925853133,0.196709210798144
V,GTC,0.532852316741645,0.25103073194623,0.834072601795197
V,GTG,0.44633094323501,0.193396120518446,0.719829979538918
Y,TAC,-0.724254443520308,-1.07860578596592,-0.401014693081379
Z,AGC,-0.616729328501225,-0.979514357447624,-0.277173139154911
