AA,Codon,Posterior,0.025%,0.975%
A,GCA,-0.379147233463638,-0.513917218148708,-0.259426382929087
A,GCC,-0.617238478434086,-0.76940121948719,-0.483669736236334
A,GCG,-0.877412067950517,-1.06071452498436,-0.705107361078262
C,TGC,-0.0973737321690034,-0.362681975215673,0.174064778164029
D,GAC,0.750098412435502,0.619110077619553,0.929903498291969
E,GAA,-0.691626467023976,-0.826625987887383,-0.467635225504637
F,TTC,0.692896075557079,0.555439737439156,0.821419286727905
G,GGA,0.0768405330674728,-0.242950500920415,0.319806412607431
G,GGC,-0.358448468180443,-0.474859820306301,-0.238257996737957
G,GGG,-0.0018290558008317,-0.257513154298067,0.225504875183105
H,CAC,0.451143904101301,0.273480219393969,0.6398557305336
I,ATA,0.360273005789483,-0.0752481685951352,0.775060537457466
I,ATC,0.472293926513195,0.363162997364998,0.61448379009962
K,AAA,-1.14479504964584,-1.27583129703999,-1.01723194420338
L,CTA,0.855262672987022,0.321977581083775,1.16459547877312
L,CTC,0.450046132306568,0.28441978469491,0.650379818677902
L,CTG,-0.790744721851684,-0.930291141569614,-0.572669236361981
L,CTT,0.273647344032698,0.112042414024472,0.448990581184626
L,TTA,-0.187011966233331,-0.436946751177311,-0.00899263168685152
N,AAC,0.121717865942117,-0.0218534016050398,0.26149792894721
P,CCA,-0.00342952772209446,-0.17553438320756,0.162525383755565
P,CCC,0.017261297239074,-0.177693822607398,0.196148319542408
P,CCG,-0.698131645226479,-0.856467413902283,-0.550455556809903
Q,CAA,0.370928277771268,0.252572951465845,0.48719278126955
R,AGA,1.38665334486468,0.680028465390205,1.64464115202427
R,AGG,1.80502098499453,0.863380244374275,2.18167725205421
R,CGA,0.924740649113007,0.348535437136889,1.16415746510029
R,CGC,-0.20218282916965,-0.329254943132401,-0.0924300095066428
R,CGG,0.742115653322823,0.355479493737221,0.973294056952
S,TCA,-0.194877107569226,-0.429798211157322,-0.0122624115319923
S,TCC,-0.0445251952347709,-0.196340675652027,0.107447993010282
S,TCG,-0.232858872439252,-0.485612837970257,-0.0267391895875335
T,ACA,-0.251141387037653,-0.422310434281826,-0.091414406336844
T,ACC,-0.917971302729845,-1.04423523545265,-0.779963581264019
T,ACG,-0.619087267915159,-0.7975580945611,-0.457448598742485
V,GTA,0.453387603223138,0.310681182146072,0.570926150679588
V,GTC,-0.0286888785113799,-0.18557909168303,0.0974095679819582
V,GTG,-0.536066975226998,-0.736070902645588,-0.400260065495968
Y,TAC,0.411780718879029,0.25211964994669,0.60425141453743
Z,AGC,-0.417114403365995,-0.552848464250565,-0.252744762599468
