AA,Codon,Posterior,0.025%,0.975%
A,GCA,0.182995414829045,0.0426452817395329,0.330659637600183
A,GCC,0.226128393894021,0.0764977222308516,0.372827669233084
A,GCG,0.0609296662797315,-0.10847357455641,0.213960249349475
C,TGC,-0.245891930741648,-0.606360539793968,0.0495708897709846
D,GAC,-0.337902791395597,-0.503629569709301,-0.202637430652976
E,GAA,-0.16547060554279,-0.378809988498688,-0.0214541899971664
F,TTC,-0.689705224297712,-0.87931407392025,-0.51426295042038
G,GGA,1.73702981348038,1.30136731266975,2.2447288274765
G,GGC,0.143643067596457,0.0382576492615044,0.251381096243858
G,GGG,1.12553213040829,0.799055810272694,1.49654252827168
H,CAC,-0.324148194210952,-0.548921190202236,-0.109484813921154
I,ATA,4.49936364710331,3.05294024944305,5.89381275177002
I,ATC,-0.424131572040916,-0.583621983230114,-0.290849924832582
K,AAA,-0.0912416537513433,-0.268758194893599,0.0684779329225421
L,CTA,1.10385848993361,0.497903487831354,2.00448760986328
L,CTC,-0.122996772990517,-0.393559090793133,0.133779287710785
L,CTG,-0.734475610429049,-0.997152152657509,-0.537048687040806
L,CTT,0.199779489065919,-0.0803718328475952,0.482527636736631
L,TTA,0.604912346030772,0.303016141802073,0.991098901629447
N,AAC,-0.643437899585522,-0.840364411473274,-0.45044434145093
P,CCA,-0.264107258046462,-0.54798069447279,0.0190479803364724
P,CCC,0.579069862152543,0.186740793287754,0.997673839330673
P,CCG,-0.72157696750164,-0.984739273786545,-0.479501347988844
Q,CAA,0.468843995696306,0.293603220582008,0.661186772584915
R,AGA,2.54562921533585,1.80628855228424,3.51319310069084
R,AGG,4.0414663415432,2.53761976361275,6.08258453607559
R,CGA,1.75764468179941,1.25541925132275,2.40243142843246
R,CGC,0.283700753097236,0.15648181438446,0.430560603737831
R,CGG,1.17407180684805,0.824697856605053,1.67384289503098
S,TCA,0.714732012789976,0.455049556493759,1.02084171772003
S,TCC,0.0733202698385689,-0.0742063418030739,0.222105964273214
S,TCG,0.25170996828042,0.0557485174387694,0.47770701944828
T,ACA,1.07600438755155,0.742378917336464,1.43385771811008
T,ACC,-0.144340580598268,-0.319482135772705,-0.00153082556789741
T,ACG,0.142477782027506,-0.0525443653576076,0.34332208186388
V,GTA,0.102153476342856,-0.0217497606761754,0.254426151514053
V,GTC,0.335913941182662,0.183357936888933,0.509294372797012
V,GTG,0.131172329116381,0.00947798911947757,0.281246240437031
Y,TAC,-0.333887706051022,-0.558961962163448,-0.144116270542145
Z,AGC,-0.402770116931945,-0.660255445539951,-0.188383346796036
