AA,Codon,Posterior,0.025%,0.975%
A,GCA,0.128908226373635,0.035535363201052,0.25271578207612
A,GCC,0.227660114978009,0.113092960603535,0.372872101515531
A,GCG,0.428057331049815,0.261361788213253,0.62358628809452
C,TGC,-0.0256584391972967,-0.314795692265034,0.261743733286857
D,GAC,-0.200786524485238,-0.375241033732891,-0.0844899460673332
E,GAA,-0.197721790373453,-0.423723340034485,-0.0611527656204999
F,TTC,-0.0330498669660869,-0.147400948405266,0.0984670754522079
G,GGA,0.867466796737909,0.570256853103638,1.22057504653931
G,GGC,0.103681040815561,0.0100254465127364,0.205829102173448
G,GGG,0.803966177886724,0.539953130483627,1.09927998483181
H,CAC,-0.160746574839437,-0.340279001742601,0.000248500797897543
I,ATA,2.0963253112793,1.26324381828308,2.90410044193268
I,ATC,-0.199437330280058,-0.336023922264576,-0.100875364802778
K,AAA,0.00877713367451747,-0.0987374605610967,0.119028832577169
L,CTA,0.367167327614775,-0.0313188348896801,1.01934530138969
L,CTC,-0.33785052030813,-0.536709025502205,-0.167890686541796
L,CTG,-0.3491320982893,-0.571065607666969,-0.200203605368733
L,CTT,-0.322951547222026,-0.506387655436993,-0.152707885950804
L,TTA,-0.109185594196264,-0.30913952216506,0.175053267180917
N,AAC,-0.151757658085285,-0.277986720949411,-0.0178170505445453
P,CCA,0.078011898386871,-0.0627843540161848,0.240603617951273
P,CCC,0.126428585831325,-0.0285944126546383,0.303792755305766
P,CCG,0.0849159031080009,-0.0391391618177295,0.238420052826405
Q,CAA,-0.0630259452084108,-0.171110346913338,0.0385216751135884
R,AGA,0.397215180484822,0.134555779770017,1.1595234721899
R,AGG,0.739189492794126,0.293619479238987,1.69220755398273
R,CGA,0.495626768410206,0.246597495675087,1.05407372117042
R,CGC,0.0888276960758973,0.00442057156469673,0.207025654241443
R,CGG,0.589614888086915,0.340225245803595,0.999511888623237
S,TCA,0.308557423491031,0.144017901644111,0.558914245665073
S,TCC,0.0646269003434256,-0.0459947570227087,0.189403839409351
S,TCG,0.436342402587086,0.229419647529721,0.717857526242732
T,ACA,0.223108825966064,0.0979498591274023,0.380408362299204
T,ACC,0.1489754979474,0.0516566509380937,0.258506870269775
T,ACG,0.33535244980948,0.190884901583195,0.521939651668072
V,GTA,0.0203778646072462,-0.0610694469884038,0.1409962259233
V,GTC,0.229386955158785,0.11393389813602,0.386532963812351
V,GTG,0.43816168872416,0.299420205503702,0.666010092198849
Y,TAC,-0.169537566110967,-0.355166844278574,-0.0232145016081632
Z,AGC,-0.0402622741558025,-0.187304331362247,0.0741052264347672
