AA,Codon,Posterior,0.025%,0.975%
A,GCA,-0.464089083456993,-0.545647192001343,-0.385807975381613
A,GCC,-0.89123706548214,-0.974240888655186,-0.809176677465439
A,GCG,-1.0084930467248,-1.08388335108757,-0.932347863912582
C,TGC,0.00670195121487595,-0.146214943006635,0.159208964556456
D,GAC,0.812742623353004,0.734486199915409,0.892322307825088
E,GAA,-0.686684580504894,-0.767071907222271,-0.605324852466583
F,TTC,0.897819474327564,0.811080655455589,0.988103924691677
G,GGA,0.128216433338686,-0.000326850995043059,0.254184325039387
G,GGC,-0.432657037872076,-0.509099845588207,-0.356487591564655
G,GGG,0.0448342003717491,-0.0643344165757298,0.154642263054848
H,CAC,0.65519338092804,0.540438050031662,0.767234908044338
I,ATA,1.19858220158815,1.04957935512066,1.35169928371906
I,ATC,0.555074164181948,0.486942561715841,0.626119111478329
K,AAA,-1.07378712558746,-1.15889795720577,-0.989415785670281
L,CTA,1.01147816001177,0.855216394364834,1.1694390386343
L,CTC,0.40590206310153,0.302745682001114,0.510548077523708
L,CTG,-0.760474087321758,-0.842046044766903,-0.677507323026657
L,CTT,0.255845356327295,0.15059668160975,0.361437062174082
L,TTA,-0.229344828572124,-0.333596737682819,-0.127153762429953
N,AAC,0.463849393409491,0.36504450365901,0.55855111926794
P,CCA,0.0418332990694806,-0.0891128238290548,0.176369430869817
P,CCC,-0.39052820315659,-0.544694788753986,-0.241197444498539
P,CCG,-0.619649838358164,-0.735506649315357,-0.501372745633125
Q,CAA,0.27423365124613,0.189624982327223,0.358597876876593
R,AGA,0.998306000685692,0.780915407836437,1.20879574716091
R,AGG,1.48512717318535,1.20446900129318,1.76908492445946
R,CGA,0.490596684411168,0.315789280086756,0.664326629042625
R,CGC,-0.323009343725443,-0.401447173953056,-0.245929479598999
R,CGG,0.0135024583575585,-0.147084452956915,0.175719318911433
S,TCA,-0.371318433603644,-0.501976628601551,-0.240407303348184
S,TCC,-0.143631902344659,-0.252050812542438,-0.0282060740049928
S,TCG,-0.681120713180304,-0.814984047412872,-0.545134972035885
T,ACA,-0.491462213790417,-0.616228634119034,-0.36043488457799
T,ACC,-1.01950791467428,-1.11285683512688,-0.920354126393795
T,ACG,-0.993021392655373,-1.1082787245512,-0.877021911740303
V,GTA,0.473181476104259,0.382948610931635,0.567512133717537
V,GTC,-0.186385048751999,-0.275069338083267,-0.0981398966163397
V,GTG,-0.653712239766121,-0.73415861427784,-0.575480964779854
Y,TAC,0.619121966648102,0.506280970573425,0.733348639309406
Z,AGC,-0.251655461033434,-0.366053226590157,-0.140663426369429
