AA,Codon,Posterior,0.025%,0.975%
A,GCA,0.167258151654899,0.111063519492745,0.226320621371269
A,GCC,0.445308625751734,0.378647565096617,0.515607777237892
A,GCG,0.47207277713418,0.405990397185087,0.537484084069729
C,TGC,-0.134999566060963,-0.291685607284307,0.0171522496733813
D,GAC,-0.254298296812177,-0.324039278924465,-0.186697749421
E,GAA,-0.173588502203301,-0.24927662089467,-0.0995690727606416
F,TTC,-0.240359447029233,-0.318861750513315,-0.163440776988864
G,GGA,0.72986157694459,0.601414833962917,0.866664850711822
G,GGC,0.173088718056679,0.113957674056292,0.232617731764913
G,GGG,0.654089915466309,0.541134463250637,0.76678811609745
H,CAC,-0.336489110228419,-0.441370142251253,-0.234176198393106
I,ATA,0.5767222032547,0.402550157904625,0.749924370646476
I,ATC,-0.26084449314177,-0.318965585529804,-0.203166551142931
K,AAA,-0.0154811802689142,-0.0776709536090493,0.047059388179332
L,CTA,0.144546902979509,-0.0322867798618972,0.322871479392052
L,CTC,-0.262258188046515,-0.362446682155132,-0.157651049271226
L,CTG,-0.379977280807495,-0.465670884400606,-0.294268080592155
L,CTT,-0.264441866657138,-0.367678538709879,-0.162061797082424
L,TTA,-0.0421819281269707,-0.152143801748753,0.0692791778594255
N,AAC,-0.442709523165226,-0.527749498188496,-0.356823856383562
P,CCA,0.034823488236604,-0.0818902811035514,0.151192166656256
P,CCC,0.587409252756834,0.426395615935326,0.75296872407198
P,CCG,5.08311196117575e-05,-0.0972298296168446,0.0983118386939168
Q,CAA,0.0429924372407691,-0.0323516682721674,0.118341350927949
R,AGA,0.834195857566595,0.608674275875092,1.08275880217552
R,AGG,1.11812994860411,0.77534973025322,1.47754288911819
R,CGA,1.04015548676252,0.834520237147808,1.25167120695114
R,CGC,0.19698802793473,0.133468670025468,0.261591702699661
R,CGG,1.50094106843472,1.27728844285011,1.72656343281269
S,TCA,0.457121258831024,0.343839679658413,0.574123325943947
S,TCC,0.12183090204146,0.038005246873945,0.20667747631669
S,TCG,0.895394718837738,0.755126215517521,1.0397871941328
T,ACA,0.440582974982262,0.337972293049097,0.545770345628261
T,ACC,0.217551987488568,0.148901350423694,0.288353279978037
T,ACG,0.693551186484098,0.589454956352711,0.797862420976162
V,GTA,-0.0356065366234225,-0.099099045060575,0.0256146544124931
V,GTC,0.334470359301567,0.258142346888781,0.411637502163649
V,GTG,0.494102170437574,0.421546259522438,0.568286319077015
Y,TAC,-0.35165092921555,-0.462892938405275,-0.24346907697618
Z,AGC,-0.18675651069181,-0.295464292168617,-0.0773386724293232
