AA,Codon,Posterior,0.025%,0.975%
A,GCA,0.153529078194499,0.0773643421009183,0.232795628905296
A,GCC,0.317009477135539,0.236767035350204,0.397443514317274
A,GCG,0.0946454979303991,0.0259634943213314,0.163791944459081
C,TGC,-0.326234346411237,-0.496321761608124,-0.160900877788663
D,GAC,-0.339056096851826,-0.406961064785719,-0.273131459951401
E,GAA,-0.185796303255111,-0.261186608672142,-0.111444487608969
F,TTC,-0.694750038909912,-0.789149606227875,-0.599939772486687
G,GGA,1.32059051815271,1.15427848696709,1.4924310863018
G,GGC,0.153668794038147,0.0939850725233555,0.213091489672661
G,GGG,0.806457092666626,0.686040465533733,0.932925593852997
H,CAC,-0.52216274471879,-0.644876538217068,-0.403353097289801
I,ATA,1.85877247567177,1.55065157413483,2.17073439955711
I,ATC,-0.378388219869137,-0.451086232066155,-0.308936285972595
K,AAA,-0.145949512931192,-0.235743102058768,-0.0604666410945358
L,CTA,0.64538800354898,0.389370285719633,0.912252512574196
L,CTC,-0.370766274105012,-0.506718990206718,-0.237184635922313
L,CTG,-0.784225893735886,-0.893157224357128,-0.677259516716003
L,CTT,0.0332165542446182,-0.112472659908235,0.182441771775484
L,TTA,0.575291325098276,0.417356730252504,0.745756615698337
N,AAC,-0.968334946656227,-1.08902634084225,-0.854576289653778
P,CCA,-0.33769036761336,-0.506271252036095,-0.167122342437506
P,CCC,0.882641603785753,0.644974511861801,1.13874329030514
P,CCG,-0.775893648988008,-0.926462453603744,-0.628077770769596
Q,CAA,0.485086085084081,0.381945753842592,0.593061827123165
R,AGA,3.19308885874748,2.6630459189415,3.76826205253601
R,AGG,2.82817542848587,2.13420746326447,3.515274310112
R,CGA,2.00389832165241,1.70303085148334,2.32425833940506
R,CGC,0.18892052462846,0.111075837165117,0.265118117630482
R,CGG,1.91933569331169,1.65933966934681,2.17721228599548
S,TCA,0.821159700345993,0.669862793385983,0.983551052212715
S,TCC,0.070387651864671,-0.0300516525283456,0.170518655329943
S,TCG,0.608447096562386,0.471755044162273,0.743091735243797
T,ACA,1.16453884699345,0.986598287522793,1.35632808208466
T,ACC,-0.0181408786683514,-0.109697525203228,0.0709721392020582
T,ACG,0.524915433245897,0.403325198590755,0.648865059018135
V,GTA,0.0992411489209815,0.0125716291368008,0.189170412346721
V,GTC,0.326892084386945,0.239130720496178,0.415602221339941
V,GTG,0.16724420863837,0.0947220621630549,0.239227860420942
Y,TAC,-0.397174938806891,-0.503371712565422,-0.292222883552313
Z,AGC,-0.528927933567762,-0.681941656768322,-0.379885988682509
