AA,Codon,Posterior,0.025%,0.975%
A,GCA,-0.456898378747702,-0.540489496290684,-0.37393199428916
A,GCC,-0.850471756947041,-0.933307954668999,-0.767178745567799
A,GCG,-0.985176769161224,-1.06644684970379,-0.905534274876118
C,TGC,-0.0359628587523485,-0.196322036534548,0.126331620290875
D,GAC,0.796780276584625,0.710614171624184,0.887171903252602
E,GAA,-0.721561354732513,-0.804991374909878,-0.639663864672184
F,TTC,0.878838556575775,0.78616850823164,0.973325857520103
G,GGA,0.102644533600625,-0.0262959322426468,0.234876772761345
G,GGC,-0.37952321241796,-0.456669320166111,-0.301770236343145
G,GGG,0.0792740392712312,-0.0383277070708573,0.196092055737972
H,CAC,0.727640410959721,0.602804292738438,0.851721207797527
I,ATA,1.07646423903704,0.919236987829208,1.23756832182407
I,ATC,0.530559605044126,0.456503193080425,0.604647813737392
K,AAA,-1.09341327044964,-1.181524258852,-1.00314863622189
L,CTA,1.02222357537746,0.863482190668583,1.18944897055626
L,CTC,0.420784439268708,0.308986955881119,0.531755535304546
L,CTG,-0.721850908219814,-0.808378154039383,-0.634433421492577
L,CTT,0.215026820520312,0.107186919264495,0.325507635623217
L,TTA,-0.256024136891961,-0.360619042813778,-0.150565380603075
N,AAC,0.436562231057882,0.337930831313133,0.538710243999958
P,CCA,0.0215888272037919,-0.116141442395747,0.160488774254918
P,CCC,-0.331047728313506,-0.490216940641403,-0.17489148080349
P,CCG,-0.581392487597466,-0.700525143742561,-0.458511525392532
Q,CAA,0.230683570863307,0.142151775956154,0.319979193806648
R,AGA,1.04276266255379,0.84352964758873,1.24266740381718
R,AGG,1.33116475272179,1.06342161893845,1.62768188416958
R,CGA,0.426850399020314,0.25164247751236,0.604880300164223
R,CGC,-0.337302371951938,-0.418665955960751,-0.257389866560698
R,CGG,-0.0385602170493163,-0.209309488907456,0.127300963923335
S,TCA,-0.299297860601544,-0.431482120603323,-0.163943437486887
S,TCC,-0.0590292390133278,-0.174212403222919,0.0595234672538935
S,TCG,-0.547120141273737,-0.681879894435406,-0.412166690826416
T,ACA,-0.579405969077349,-0.71206811517477,-0.445162861049175
T,ACC,-1.04145729262829,-1.14487578868866,-0.941599962115288
T,ACG,-1.05815737335682,-1.17862309813499,-0.939571687579155
V,GTA,0.499112687593698,0.408740154653788,0.596347562968731
V,GTC,-0.0713879930403846,-0.161314562708139,0.0160167224239558
V,GTG,-0.584612302303314,-0.664858262240887,-0.50333197414875
Y,TAC,0.591397116053104,0.472986607253551,0.712738682329655
Z,AGC,-0.205882789963577,-0.326197133213282,-0.0858392527326942
