AA,Codon,Posterior,0.025%,0.975%
A,GCA,0.164698795438558,0.106628554686904,0.224603404849768
A,GCC,0.42088605325222,0.352292412519455,0.489155551791191
A,GCG,0.459206982636452,0.395301724970341,0.526078109443188
C,TGC,-0.103669741688864,-0.265759248286486,0.0587818888016045
D,GAC,-0.245299316871166,-0.316205652803183,-0.173291788995266
E,GAA,-0.152462292523682,-0.228667863830924,-0.078391882404685
F,TTC,-0.228266867531836,-0.310471982508898,-0.147418776154518
G,GGA,0.76116850515604,0.628167872130871,0.900272582471371
G,GGC,0.145579278119653,0.0864753631874919,0.205558425188065
G,GGG,0.634778538388014,0.519921341538429,0.751427230238914
H,CAC,-0.386511538335681,-0.496417567133904,-0.273121863603592
I,ATA,0.688140142124891,0.509428504109383,0.877364259958267
I,ATC,-0.245248860025406,-0.306256245076656,-0.18500991538167
K,AAA,-0.006221886336241,-0.0702707517892122,0.0568840057589114
L,CTA,0.134478900083224,-0.0485294456593692,0.318854655325413
L,CTC,-0.274529200825095,-0.383589436858892,-0.166225131228566
L,CTG,-0.407050288408995,-0.497501220554113,-0.318105212599039
L,CTT,-0.238554305480421,-0.345614013075829,-0.134106481075287
L,TTA,-0.0219041312239078,-0.133196094632149,0.0871769228950143
N,AAC,-0.424745182335377,-0.515083053708076,-0.340234918892384
P,CCA,0.0484067633699968,-0.0762966927140951,0.168971318006515
P,CCC,0.538169492667913,0.379837258905172,0.704168236255646
P,CCG,-0.0236346827634069,-0.129005793482065,0.0758197391405702
Q,CAA,0.0715926257382984,-0.0041597981704399,0.152263282239437
R,AGA,0.790177204364538,0.569356924295425,1.0170275837183
R,AGG,1.28237625659704,0.919307643175125,1.65441281199455
R,CGA,1.09880313067436,0.891681784391403,1.31685247719288
R,CGC,0.205171048016846,0.139753898978233,0.27197133526206
R,CGG,1.55539709060192,1.33779107034206,1.7947961628437
S,TCA,0.417124735295773,0.301854332536459,0.53822236508131
S,TCC,0.080107877806998,-0.00597951334202662,0.165740931034088
S,TCG,0.797181729388237,0.65692785680294,0.937771198153496
T,ACA,0.494921587795019,0.389382515847683,0.602326743304729
T,ACC,0.226649537651241,0.154007015749812,0.297460775077343
T,ACG,0.735920289993286,0.62850386351347,0.845332482457161
V,GTA,-0.0478637447519617,-0.11106317806989,0.0141424053581431
V,GTC,0.266118452292681,0.191251347959042,0.341480768471956
V,GTG,0.454108350944519,0.379585094004869,0.528961810469627
Y,TAC,-0.33400596345067,-0.448413840681314,-0.225152994692326
Z,AGC,-0.220128389395028,-0.332865778356791,-0.10515515152365
