AA,Codon,Posterior,0.025%,0.975%
A,GCA,0.228314783760905,0.146451122686267,0.311211121082306
A,GCC,0.335615639522672,0.254689590632916,0.417336320877075
A,GCG,0.14215641439613,0.0694778587669134,0.213450383394956
C,TGC,-0.243002126324337,-0.419018100202084,-0.0715819509699941
D,GAC,-0.267323489543796,-0.346947422623634,-0.189495861530304
E,GAA,-0.137152581804618,-0.218641360476613,-0.058766126446426
F,TTC,-0.721931812381744,-0.824805065989494,-0.62057635486126
G,GGA,1.38033143985271,1.20188248455524,1.57311903834343
G,GGC,0.120063988157129,0.0550451518967748,0.182779646292329
G,GGG,0.82783861913681,0.694522579014301,0.965374636650085
H,CAC,-0.583640458965301,-0.726409335434437,-0.44058580249548
I,ATA,2.21803098902702,1.85683825612068,2.62876943349838
I,ATC,-0.44670317709446,-0.525537370145321,-0.369223086535931
K,AAA,-0.141715154336393,-0.237074796482921,-0.051343953702599
L,CTA,0.413168136669509,0.163095593079925,0.671601670980453
L,CTC,-0.298333684721589,-0.438517880439758,-0.148218328505755
L,CTG,-0.780845114517212,-0.896988774836063,-0.669012139737606
L,CTT,0.190021277023526,0.0224643469322473,0.352079335600138
L,TTA,0.541383241176605,0.377703081071377,0.702901439368725
N,AAC,-0.934450142931938,-1.05503886044025,-0.815618500113487
P,CCA,-0.384962067916989,-0.583336600661278,-0.190172570571303
P,CCC,0.805471383208036,0.541417454183102,1.07713829874992
P,CCG,-0.920955070662498,-1.09553792774677,-0.754108119010926
Q,CAA,0.581062940895557,0.462835424393415,0.704093411564827
R,AGA,2.54743276057243,2.06050968766212,3.05912923812866
R,AGG,3.48353647251129,2.68374640345573,4.3377179145813
R,CGA,2.15308465554714,1.82258767485619,2.50695794224739
R,CGC,0.247800282774866,0.169717246666551,0.327174680680037
R,CGG,1.86318456754684,1.60803746879101,2.13073219060898
S,TCA,0.685895906037092,0.52142931073904,0.851861847937107
S,TCC,0.0721229547959256,-0.0350119984708726,0.177038849517703
S,TCG,0.509578770118952,0.372596427053213,0.648733912408352
T,ACA,1.30362167187929,1.10635862350464,1.5088760137558
T,ACC,0.00690313817578099,-0.0836273105815053,0.0957617076113819
T,ACG,0.541269684326649,0.41615724787116,0.666244994103908
V,GTA,0.00124184222747772,-0.0854198789224029,0.0905371248722076
V,GTC,0.266314582887292,0.175172794237733,0.363927113264799
V,GTG,0.124639204840409,0.0481517786160111,0.201907530426979
Y,TAC,-0.451998549225926,-0.569013401865959,-0.337733342498541
Z,AGC,-0.617235921287537,-0.783878557384014,-0.451718463003636
