AA,Codon,Posterior,0.025%,0.975%
A,GCA,-0.332763330027461,-0.429670768231153,-0.236411785706878
A,GCC,-0.763012068033218,-0.860389935970306,-0.665409618616104
A,GCG,-0.821217009997368,-0.917232063412666,-0.72625458240509
C,TGC,0.00427637198535558,-0.182268207147717,0.195151313021779
D,GAC,0.718422422432899,0.620042125880718,0.819605214893818
E,GAA,-0.723861270034313,-0.826013396680355,-0.624754220247269
F,TTC,0.896772010874748,0.792182029783726,1.00473918020725
G,GGA,0.150304365821643,0.000759404305426872,0.30078968629241
G,GGC,-0.423098538285494,-0.516841453313827,-0.330024721473455
G,GGG,0.0380314349967761,-0.101822455786169,0.171981941536069
H,CAC,0.583820515370369,0.442111920565367,0.722995302081108
I,ATA,1.1226525210619,0.957355482876301,1.28677124977112
I,ATC,0.506584844380617,0.426179724186659,0.589459937810898
K,AAA,-1.11105886933804,-1.20973663330078,-1.01148498952389
L,CTA,0.977616324925423,0.803626416623592,1.15838996171951
L,CTC,0.294400294312835,0.173100281879306,0.416361865401268
L,CTG,-0.787744469594955,-0.883097977936268,-0.691637386381626
L,CTT,0.153545074989076,0.0326019552536309,0.278976511210203
L,TTA,-0.261563812936097,-0.374837938696146,-0.148271996155381
N,AAC,0.415745093813539,0.302999790012836,0.531437554955482
P,CCA,0.128301476315268,-0.0294208078179508,0.282491897791624
P,CCC,-0.305457076555863,-0.477352078258991,-0.135895083844662
P,CCG,-0.50400879149735,-0.638630872964859,-0.375425714999437
Q,CAA,0.24162102227062,0.141024803370237,0.341620745509863
R,AGA,0.986068876719475,0.75755730420351,1.21037224829197
R,AGG,1.45890501282215,1.15917412936687,1.75721443593502
R,CGA,0.456352781821787,0.259559714049101,0.646271975338459
R,CGC,-0.29528070512712,-0.391254202276468,-0.198200636357069
R,CGG,0.17994079036943,-0.00415060180239379,0.363547926396131
S,TCA,-0.264160471862182,-0.410962959378958,-0.115356314554811
S,TCC,-0.0392376490882338,-0.174263932183385,0.0921862576156854
S,TCG,-0.427720795379579,-0.580677054822445,-0.272506759315729
T,ACA,-0.459631209775805,-0.601847113668919,-0.319383364915848
T,ACC,-0.942111629712582,-1.05632477104664,-0.833441384136677
T,ACG,-0.884638423967361,-1.01927884221077,-0.749238678812981
V,GTA,0.541309995061159,0.438419992476702,0.645199349522591
V,GTC,-0.0951838000320337,-0.196333744376898,0.00965988531243055
V,GTG,-0.512803682297468,-0.61076366007328,-0.415484077483416
Y,TAC,0.525190198075771,0.384462245553732,0.667662072181702
Z,AGC,-0.314193832871318,-0.447555444389582,-0.181115109845996
