AA,Codon,Posterior,0.025%,0.975%
A,GCA,0.104630941679026,0.0410767666995525,0.168176532909274
A,GCC,0.380528636020422,0.30604589432478,0.459451537579298
A,GCG,0.367075843673944,0.294121320545673,0.441553702950478
C,TGC,-0.133503200249917,-0.308231497555971,0.0438608609139919
D,GAC,-0.200408618953824,-0.276593241840601,-0.124396242573857
E,GAA,-0.151510292569362,-0.230693696811795,-0.0720978157594802
F,TTC,-0.239949221846461,-0.3276755169034,-0.155811489000916
G,GGA,0.713415727084875,0.569591107964516,0.863726870715618
G,GGC,0.167092037066072,0.0999372199177742,0.233320201188326
G,GGG,0.660286727911234,0.533102315664291,0.792885868251324
H,CAC,-0.291178909061849,-0.410586752742529,-0.173463416099548
I,ATA,0.639705603802204,0.460839819908142,0.825372320413589
I,ATC,-0.23139126137495,-0.296841089427471,-0.168623523041606
K,AAA,0.00291591691091346,-0.0641490798443556,0.0687809301540255
L,CTA,0.171432953165917,-0.0120206569554284,0.36193527802825
L,CTC,-0.179159281136864,-0.294111182540655,-0.0629606805741787
L,CTG,-0.353711015218496,-0.449416979402304,-0.260970905423164
L,CTT,-0.187813848811254,-0.303568643331528,-0.0733349697664381
L,TTA,-0.0160611520120692,-0.132127190008759,0.0947766169905661
N,AAC,-0.410456928104162,-0.50454186052084,-0.320023266971111
P,CCA,-0.0187290557016953,-0.143736520782113,0.10941762290895
P,CCC,0.530844604876637,0.365272532403469,0.707427050173282
P,CCG,-0.0721102021331608,-0.181873156875372,0.0361663800664246
Q,CAA,0.0638838125752508,-0.0179848624393344,0.151636901497841
R,AGA,0.855983106428385,0.61822717487812,1.10899665653706
R,AGG,1.15559794492722,0.799477283656597,1.54725597202778
R,CGA,1.08402037701607,0.863350789248943,1.3191676825285
R,CGC,0.181798832203448,0.109822865016758,0.255665905028582
R,CGG,1.32233625626564,1.09215098619461,1.56533753275871
S,TCA,0.397471751102805,0.273223797231913,0.521152319014072
S,TCC,0.0709090561396944,-0.0175699461251497,0.163351031765342
S,TCG,0.701926840913296,0.552325017750263,0.852158555388451
T,ACA,0.430685897099972,0.31875019967556,0.541704995930195
T,ACC,0.179443499280512,0.104752038046718,0.254795249551535
T,ACG,0.623051110833883,0.51136354804039,0.736381405591965
V,GTA,-0.0673412147484603,-0.135341773927212,0.000414552493748467
V,GTC,0.284979380252957,0.202029255405068,0.368980262428522
V,GTG,0.405733286130428,0.32828376442194,0.488361562043428
Y,TAC,-0.288868132080138,-0.408694554120302,-0.166047492995858
Z,AGC,-0.143718679039929,-0.264509108662605,-0.0291779499035329
