AA,Codon,Posterior,0.025%,0.975%
A,GCA,0.172108692625853,0.0371211712248623,0.308769708126783
A,GCC,0.288062610012293,0.154805196449161,0.418870823830366
A,GCG,0.0117835681265889,-0.105360868945718,0.127042627334595
C,TGC,-0.282006635207605,-0.584748293459415,0.0190093060955401
D,GAC,-0.289261172164977,-0.395735363662243,-0.183244000375271
E,GAA,-0.0474396307765994,-0.153975288942456,0.0598445587791502
F,TTC,-0.818055666732788,-0.974629572033882,-0.662459817528725
G,GGA,1.35404866981506,1.0708158493042,1.65630577802658
G,GGC,0.164301681672968,0.0585382713936269,0.270045994967222
G,GGG,0.798697727036476,0.607912494242191,1.00501753985882
H,CAC,-0.624477214705944,-0.826603309810162,-0.431359420716763
I,ATA,1.68333962540627,1.18795218169689,2.23326776027679
I,ATC,-0.45671561152637,-0.570760995149612,-0.343938053399324
K,AAA,-0.0218775418140078,-0.153147344663739,0.107461616955697
L,CTA,0.556466972427443,0.205105124041438,0.936177097260952
L,CTC,-0.045351128103559,-0.239083211123943,0.148567548394203
L,CTG,-0.55894218890667,-0.708815787732601,-0.413633424788714
L,CTT,0.118600065337065,-0.0876650916412473,0.327986527234316
L,TTA,0.89212260492444,0.635125416517258,1.14391281604767
N,AAC,-0.918223084485531,-1.10309375524521,-0.744494992494583
P,CCA,-0.617352822238207,-0.914969179034233,-0.322561676800252
P,CCC,0.753618997557461,0.340426925569773,1.17595464289188
P,CCG,-1.08806260625124,-1.3567064166069,-0.827409765124321
Q,CAA,0.54262209790349,0.385568211972713,0.708108828961849
R,AGA,3.31533491139412,2.32407336831093,4.45930722951889
R,AGG,3.73812044670582,2.15515729188919,5.47670735120773
R,CGA,1.83353338956833,1.4154165238142,2.31267305016517
R,CGC,0.240161169185722,0.124375390075147,0.353707803040743
R,CGG,1.59165939052105,1.23648477494717,1.97677175104618
S,TCA,0.682410932892561,0.436678332835436,0.937544605135917
S,TCC,0.0333139589761867,-0.140299424529076,0.207047102972865
S,TCG,0.245487716562249,0.0703654048964382,0.42896855995059
T,ACA,0.852128384494781,0.586298103630543,1.14253923296928
T,ACC,-0.145875169137042,-0.297538947314024,-0.000806652714164004
T,ACG,0.26468474787664,0.0846515538170934,0.442375592142343
V,GTA,-0.0927590196568965,-0.231429066881537,0.0496517344377933
V,GTC,0.258615055705048,0.111086373403668,0.412532127648592
V,GTG,0.0094831441888442,-0.111810636147857,0.128667495772242
Y,TAC,-0.480796031665802,-0.657246950268745,-0.313768012821674
Z,AGC,-0.58099081761241,-0.835109893977642,-0.338685223460198
