AA,Codon,Posterior,0.025%,0.975%
A,GCA,-0.346396660754085,-0.439413803070784,-0.254110071063042
A,GCC,-0.768730419266224,-0.861774370074272,-0.675059108436108
A,GCG,-0.85031788995266,-0.940663455426693,-0.758383543789387
C,TGC,-0.0129979975819708,-0.188018882274628,0.170704087242484
D,GAC,0.739301954114437,0.640933799743652,0.840654590725899
E,GAA,-0.726974540376663,-0.822237375378609,-0.628155581653118
F,TTC,0.862865154075623,0.759809768199921,0.967567075788975
G,GGA,0.0939332500740944,-0.0546044893562794,0.245204973593354
G,GGC,-0.4482566159904,-0.539310635626316,-0.354389404505491
G,GGG,0.0734607021076168,-0.062440727930516,0.202940083667636
H,CAC,0.620786883574724,0.48163233101368,0.758568641543388
I,ATA,1.16619436084032,1.00750384032726,1.32585763633251
I,ATC,0.53470372864604,0.453980165719986,0.617231777310371
K,AAA,-1.14397376549244,-1.24202575683594,-1.04480794966221
L,CTA,0.995597892153263,0.825890983641148,1.16822015941143
L,CTC,0.296462573096156,0.172849270328879,0.420781847834587
L,CTG,-0.778609560203552,-0.873029604554176,-0.680817863345146
L,CTT,0.142972792673492,0.0241215842776001,0.263059978932142
L,TTA,-0.271611235369742,-0.383009843528271,-0.160628396645189
N,AAC,0.43304941688776,0.326729916036129,0.543330512940884
P,CCA,0.0894816517453175,-0.0595742554403841,0.243707188218832
P,CCC,-0.279847029102402,-0.452186685800552,-0.107610125094652
P,CCG,-0.496623460900784,-0.630192431807518,-0.362986123561859
Q,CAA,0.235594713926315,0.136423109471798,0.334567519277334
R,AGA,1.07306532876492,0.868830449879169,1.28708882629871
R,AGG,1.25044943391085,0.973040628433228,1.5351911842823
R,CGA,0.528568405592442,0.339970081299543,0.71755176782608
R,CGC,-0.334101969328523,-0.426523545384407,-0.239613284170628
R,CGG,0.155001506731432,-0.0280133036430925,0.333794348686933
S,TCA,-0.299751838602126,-0.452216946333647,-0.150990849360824
S,TCC,-0.0414978669248609,-0.171298951283097,0.0880828656256198
S,TCG,-0.518593187317252,-0.678441546857357,-0.361302211880684
T,ACA,-0.505390065991879,-0.6473483979702,-0.364511555433273
T,ACC,-0.939693859291077,-1.05037336945534,-0.829527816176415
T,ACG,-0.932021574664116,-1.05931426286697,-0.802097029983998
V,GTA,0.54980875145793,0.444906121492386,0.655333697795868
V,GTC,-0.0842583884832922,-0.186612531915307,0.0202277619857339
V,GTG,-0.516846018737555,-0.61251075565815,-0.421836801618338
Y,TAC,0.474566237056255,0.341493403911591,0.613558426499367
Z,AGC,-0.289064357014745,-0.420007947087288,-0.161332775652409
