AA,Codon,Posterior,0.025%,0.975%
A,GCA,0.11144324238319,0.0491557921282947,0.176115329936147
A,GCC,0.382092710876465,0.309816989302635,0.455150043219328
A,GCG,0.384470741862059,0.313931587338448,0.45540749579668
C,TGC,-0.123156027096187,-0.305013911426067,0.0470900333486496
D,GAC,-0.211873507550359,-0.286571606993675,-0.136862804740667
E,GAA,-0.149507733501121,-0.229602776840329,-0.0698201049119236
F,TTC,-0.218464951880276,-0.302815484255552,-0.131359526887536
G,GGA,0.756734731328487,0.610254144668579,0.908862817287445
G,GGC,0.181612549389899,0.116060688532889,0.248468025028706
G,GGG,0.62983118698597,0.506913563609123,0.758167727291584
H,CAC,-0.315495829974115,-0.438563001155853,-0.196860599517822
I,ATA,0.603751448017359,0.430229208618402,0.783424691855907
I,ATC,-0.248130216929317,-0.312729814648628,-0.185402202233672
K,AAA,0.0192891906818041,-0.0472324672155082,0.0864107927307486
L,CTA,0.156374273689138,-0.026735035283491,0.343081424385309
L,CTC,-0.180982082047756,-0.294203021377325,-0.0680340822786094
L,CTG,-0.35958313215971,-0.454869325459003,-0.269292142242193
L,CTT,-0.181322623111214,-0.296503302454948,-0.0629252962768078
L,TTA,-0.00833775347767114,-0.118670053221285,0.102771229483187
N,AAC,-0.421891210746765,-0.516076537966728,-0.32997881770134
P,CCA,0.0059603809568822,-0.125812591612339,0.134664674475789
P,CCC,0.507904374629259,0.327819928526878,0.685654106736183
P,CCG,-0.0757710825176728,-0.187090103700757,0.0336839864961802
Q,CAA,0.0687011758357541,-0.0159250849392265,0.152763360738754
R,AGA,0.770597184485197,0.55138147175312,1.00011922419071
R,AGG,1.3838174402833,1.0131874114275,1.76188099980354
R,CGA,1.00225386427641,0.792267341911793,1.23033552467823
R,CGC,0.204441471019387,0.132255808264017,0.274368326365948
R,CGG,1.33972423335314,1.11270202994347,1.57356830537319
S,TCA,0.421291259872913,0.297918443381786,0.548072889447212
S,TCC,0.0710915837266555,-0.0190951929427683,0.16047072224319
S,TCG,0.775446480166912,0.625237038731575,0.933659218251705
T,ACA,0.460759308370948,0.349574074149132,0.574623283743858
T,ACC,0.176461453082412,0.100803590007126,0.250754507631063
T,ACG,0.658247042626143,0.548908898234367,0.771882238984108
V,GTA,-0.0711657340485486,-0.138623873516917,-0.00485615711659195
V,GTC,0.278564155063033,0.197675830498338,0.360953266173601
V,GTG,0.410826444715261,0.330178491026163,0.491606252640486
Y,TAC,-0.25511726796478,-0.376124557107687,-0.136999299749732
Z,AGC,-0.160448841077357,-0.279187418520451,-0.0441923388279975
