AA,Codon,Posterior,0.025%,0.975%
A,GCA,0.0700663571719668,-0.037908564787358,0.179116964712739
A,GCC,0.270401212650538,0.153474444150925,0.380149599909782
A,GCG,-0.0087016076073664,-0.108793734759092,0.0886868640780449
C,TGC,-0.318992958639615,-0.548638477921486,-0.0926816342398525
D,GAC,-0.236230204425752,-0.335601422935724,-0.136753536388278
E,GAA,-0.155025008698262,-0.259853827953339,-0.0507225211709738
F,TTC,-0.764340611457825,-0.900453552603722,-0.633584378659726
G,GGA,1.50182353074551,1.25001631081104,1.75973306596279
G,GGC,0.189391833301261,0.103972813487053,0.273824185878038
G,GGG,0.767302116221189,0.607760846614838,0.931186170876026
H,CAC,-0.483213664880395,-0.652253352105618,-0.318286801874638
I,ATA,1.88825283029079,1.44146988987923,2.39087684750557
I,ATC,-0.421569073706865,-0.513340154290199,-0.324917117506266
K,AAA,-0.147135555527733,-0.272716917097569,-0.0266590828076005
L,CTA,0.715389197941124,0.360861152410507,1.0926428258419
L,CTC,-0.180629567290616,-0.364604631066322,0.00226863489369858
L,CTG,-0.689334480178356,-0.835151149332523,-0.549686026573181
L,CTT,0.357098991388408,0.139554465562105,0.584915885329246
L,TTA,0.629765316867828,0.403279118984938,0.850417949259281
N,AAC,-0.843721383404732,-0.991772255301476,-0.700820876657963
P,CCA,-0.526225964966416,-0.77516755014658,-0.284162049740553
P,CCC,1.12415692282915,0.728167425096035,1.55679978430271
P,CCG,-0.944940438318253,-1.16941384673119,-0.728667728602886
Q,CAA,0.687435477137566,0.536717355251312,0.844411341845989
R,AGA,2.08777646102905,1.55356807112694,2.65031464099884
R,AGG,2.16906264045238,1.54585277736187,2.90487380027771
R,CGA,1.6145158236742,1.27171358764172,1.99013308286667
R,CGC,0.292425360275805,0.191842794045806,0.394187194108963
R,CGG,1.4193359077692,1.14257766902447,1.70368361771107
S,TCA,0.678076417413354,0.453060808777809,0.910806919634342
S,TCC,-0.0715670593200872,-0.226824372634292,0.0772978316992519
S,TCG,0.357033243111894,0.185370799526572,0.543455064296722
T,ACA,0.82914094517231,0.607756863534451,1.06507121622562
T,ACC,-0.041732086332731,-0.182793470099568,0.0891698395833373
T,ACG,0.41112215423733,0.242599355056882,0.580450142920017
V,GTA,-0.0158923063764756,-0.144255064800382,0.112629729881883
V,GTC,0.242333762862149,0.111426114104688,0.37352409362793
V,GTG,0.012384801053712,-0.0948958618566394,0.118285287544131
Y,TAC,-0.409593830534816,-0.568090105056763,-0.257816142588854
Z,AGC,-0.687271699684858,-0.914027598500252,-0.468133146315814
