AA,Codon,Posterior,0.025%,0.975%
A,GCA,-0.462699448484182,-0.572195434570313,-0.354220125824213
A,GCC,-1.017848320508,-1.12918680608273,-0.913336852192879
A,GCG,-1.23409252085686,-1.33498658537865,-1.13869278430939
C,TGC,-0.119881273782608,-0.310502433776855,0.0814000286161899
D,GAC,0.861777045536041,0.753907454013824,0.972494937479496
E,GAA,-0.593747752434015,-0.692818042635918,-0.488870271295309
F,TTC,0.792851439392567,0.679446874558926,0.912216845154762
G,GGA,0.0648028060647055,-0.124985128641129,0.256732341647148
G,GGC,-0.38742479814589,-0.48511541262269,-0.292445030808449
G,GGG,0.0316490677944475,-0.114633450098336,0.182629931345582
H,CAC,0.701819797211885,0.551660667359829,0.85482919216156
I,ATA,1.18021616151333,0.924490043520927,1.42500222921371
I,ATC,0.492654364389181,0.403695299476385,0.581994304060936
K,AAA,-1.078450563097,-1.18412801027298,-0.973110827803612
L,CTA,0.992640730249882,0.767520602047443,1.2176903873682
L,CTC,0.472386466634274,0.338995700329542,0.608272948861122
L,CTG,-0.781988176882267,-0.885134710371494,-0.674225094914436
L,CTT,0.410710021913052,0.272241097688675,0.555979400873184
L,TTA,-0.0691711439813196,-0.20546223372221,0.0686766421422362
N,AAC,0.251440484415813,0.122835039719939,0.38161081969738
P,CCA,0.0444977480544789,-0.139815260842443,0.233052294701338
P,CCC,-0.314785506649761,-0.541209258139133,-0.0908328376710416
P,CCG,-0.874897620475292,-1.02994896173477,-0.721583105623722
Q,CAA,0.305976147121191,0.191829849407077,0.420601460337639
R,AGA,1.55857679440975,1.21422270834446,1.88803881406784
R,AGG,1.09817151483893,0.688229615986347,1.51549569964409
R,CGA,0.625324866238236,0.365292317420244,0.876593281328678
R,CGC,-0.519883745747805,-0.619481560587883,-0.417585817724466
R,CGG,0.0450116363033929,-0.152902730554342,0.239601581916213
S,TCA,-0.183928745355387,-0.363632511347532,-0.00327798725920731
S,TCC,-0.145445334490716,-0.28303055986762,-0.00614891466684649
S,TCG,-0.810527452659607,-0.964943313598633,-0.650905661284924
T,ACA,-0.278908783122617,-0.460608904063702,-0.0930187867954374
T,ACC,-1.23581468584538,-1.35517792403698,-1.11564369797707
T,ACG,-1.17686813811064,-1.32379877269268,-1.03884377479553
V,GTA,0.444921679890156,0.319690550118685,0.570431311428547
V,GTC,-0.398610171601176,-0.516481441259384,-0.283166939765215
V,GTG,-0.868094403576851,-0.970341154932976,-0.764209470152855
Y,TAC,0.560753726357222,0.415070056915283,0.711393694579601
Z,AGC,-0.255310340248421,-0.416675607860088,-0.096617420576513
