AA,Codon,Posterior,0.025%,0.975%
A,GCA,0.225969561805707,-0.000142717101698507,0.458106763660907
A,GCC,0.405964099919051,0.180174578353763,0.637375600636005
A,GCG,0.412734172072448,0.194911063462496,0.62608757764101
C,TGC,0.332641806721082,-0.0543012044392526,0.762989094853401
D,GAC,-0.215163744066861,-0.406275905668736,-0.0275633198674769
E,GAA,-0.190415068734583,-0.401954662799835,0.00169563684612494
F,TTC,-0.599519079323113,-0.881036023795605,-0.328457964211702
G,GGA,1.49476596702337,1.000573143363,2.06157882213592
G,GGC,0.339454962840676,0.142764216661453,0.5388033375144
G,GGG,0.633019950935245,0.359798468649387,0.932501229643822
H,CAC,-0.39554166116713,-0.773340207338333,-0.0238502656109634
I,ATA,1.63926642211974,0.775255127251148,2.70965730547905
I,ATC,-0.347969681137567,-0.549390853941441,-0.159220222383738
K,AAA,-0.09261084565661,-0.37690409719944,0.177598989382386
L,CTA,1.06238036327782,0.211774594709277,2.15561454296112
L,CTC,-0.308934806282445,-0.66546683460474,0.0336809387430548
L,CTG,-0.587916050824523,-0.883335927128792,-0.318707618862391
L,CTT,-0.019915572656072,-0.416122974455357,0.394226761162281
L,TTA,0.350571034184375,-0.0830388464033604,0.78667575865984
N,AAC,-0.827762580233812,-1.16619296073914,-0.523538967967034
P,CCA,-0.228569930096048,-0.628444828093052,0.158390534296631
P,CCC,0.905855772147514,0.282383311539888,1.58808249235153
P,CCG,-0.342654608966119,-0.695154991745949,-0.0179548160173002
Q,CAA,0.177616016260249,-0.0575967669487,0.413883677870035
R,AGA,1.13522529976191,0.402591111510992,2.10729216337204
R,AGG,2.4508910076499,1.1459980905056,4.29805170297622
R,CGA,1.47705882992148,0.843071542680264,2.25288042426109
R,CGC,0.314142876475304,0.122684599086642,0.505057150125504
R,CGG,1.75417335333824,1.1524356842041,2.45137147307396
S,TCA,0.540226211140025,0.159192792326212,0.96821521371603
S,TCC,0.144073002689352,-0.128769519552588,0.439131811261177
S,TCG,0.674420583987236,0.320215847343206,1.04938435852528
T,ACA,1.15785415093005,0.590871271491051,1.84120169579983
T,ACC,0.144156687944492,-0.096073199622333,0.37247758731246
T,ACG,0.91553419445157,0.561411693692207,1.31833460330963
V,GTA,0.128667669889738,-0.111218609288335,0.381183886528015
V,GTC,0.640581099116802,0.382278484851122,0.911436606943607
V,GTG,0.409840297545493,0.211057154461741,0.612915636599064
Y,TAC,-0.396100470967824,-0.652162152528763,-0.148809146881104
Z,AGC,-0.42850765038667,-0.78632789850235,-0.0908057408407333
