AA,Codon,Posterior,0.025%,0.975%
A,GCA,0.146976669088006,0.0760433122515678,0.218906719610095
A,GCC,0.416228726100922,0.338816522061825,0.495658496767282
A,GCG,0.292979627835751,0.225844771787524,0.360451278835535
C,TGC,-0.119254214863428,-0.302982067316771,0.0546088796108961
D,GAC,-0.391142078489065,-0.477334109693766,-0.305644523352385
E,GAA,-0.154955661312677,-0.23682425096631,-0.0796830186620355
F,TTC,-0.618109842133522,-0.723844762146473,-0.514350536465645
G,GGA,1.42746236466169,1.18650198876858,1.66782111525536
G,GGC,0.150087082723156,0.084444778598845,0.215470950677991
G,GGG,0.817885524845123,0.670847596228123,0.971951557695866
H,CAC,-0.500009715348482,-0.637303298711777,-0.370980431139469
I,ATA,1.53838501074314,1.18145852386951,1.92878420948982
I,ATC,-0.393380651944876,-0.464623965322971,-0.322541254758835
K,AAA,-0.0539336631978957,-0.126930924132466,0.0180501763243228
L,CTA,0.487711374550406,0.207906519249082,0.782283563911915
L,CTC,-0.390814616523683,-0.535165414214134,-0.248326159268618
L,CTG,-0.720145558691025,-0.836268469691277,-0.608181555569172
L,CTT,-0.161892263985524,-0.316652888804674,-0.0103780642384664
L,TTA,0.145279541229679,-0.0158718472346663,0.307593984156847
N,AAC,-0.679709486347437,-0.802080951631069,-0.561390915513039
P,CCA,-0.255841894981486,-0.438147834688425,-0.0733797078952194
P,CCC,0.746714861693978,0.466620520502329,1.04265566468239
P,CCG,-0.46491426025629,-0.621720111370087,-0.31036474108696
Q,CAA,0.375421658465266,0.271305939555168,0.47893521413207
R,AGA,1.54623463751078,1.09400301277637,2.05064913034439
R,AGG,2.91029578433037,2.17144818902016,3.69172209501266
R,CGA,1.70208780543804,1.36047731041908,2.08994559049606
R,CGC,0.373174254387617,0.292958638817072,0.451742926239967
R,CGG,1.55782538645267,1.30545791089535,1.81643243432045
S,TCA,0.652846091133356,0.491490705311298,0.822513177990913
S,TCC,0.102471393748128,0.0140112631255761,0.194501752406359
S,TCG,0.736360538840294,0.595143404603004,0.879908086359501
T,ACA,0.739709563922882,0.567486850917339,0.917804585397243
T,ACC,0.116866479597043,0.0377771520055831,0.194248736649752
T,ACG,0.672994876456261,0.55772443562746,0.794717182219028
V,GTA,0.092062442332982,0.0161361693404615,0.171333506703377
V,GTC,0.431282284510136,0.343937803059816,0.522659347951412
V,GTG,0.388816362076998,0.316966959834099,0.462687804549932
Y,TAC,-0.359573451338708,-0.487825042754412,-0.233818864822388
Z,AGC,-0.631968748497963,-0.797582364082336,-0.47247506082058
