AA,Codon,Posterior,0.025%,0.975%
A,GCA,0.0871801607171356,-0.0209236671682447,0.193973621726036
A,GCC,0.34724312685281,0.216320825740695,0.483374057710171
A,GCG,0.195409239126556,0.0785270495340228,0.316837175935507
C,TGC,-0.0798876900082538,-0.348296701908112,0.187178359925747
D,GAC,-0.276971987320483,-0.397571136802435,-0.155943670496345
E,GAA,-0.129537936144002,-0.235352892801166,-0.0270598174538463
F,TTC,-0.534945746743679,-0.698515681922436,-0.373269494622946
G,GGA,0.787178231352568,0.60701496899128,0.983808137476444
G,GGC,0.167813928944129,0.0565912234596908,0.280653413385153
G,GGG,0.700045965927839,0.529697678983212,0.873544101417065
H,CAC,-0.259152382727712,-0.470502113550901,-0.0629720589146019
I,ATA,0.965030158722401,0.701277457177639,1.2565781801939
I,ATC,-0.417965737876296,-0.548240403831005,-0.292652316391468
K,AAA,-0.099727461021316,-0.220950901135802,0.0165256880223751
L,CTA,0.21027570244412,-0.0229970573913306,0.442812056094408
L,CTC,-0.425312143951654,-0.605469392240047,-0.245815515518188
L,CTG,-0.771101105058193,-0.937818884849548,-0.6048160597682
L,CTT,-0.084798141268397,-0.285050393640995,0.118801185674965
L,TTA,0.308154875161522,0.0691212613135576,0.555726566910744
N,AAC,-0.774452663981914,-0.984766390919685,-0.579925027489663
P,CCA,-0.174557137577335,-0.364434769749641,0.0125582455424591
P,CCC,0.549628492791206,0.27526479139924,0.837077839672565
P,CCG,-0.292193563251931,-0.475036861002445,-0.113540426082909
Q,CAA,0.306345794017613,0.164183358475566,0.459469251334667
R,AGA,1.56150957628489,1.23044470846653,1.9284832239151
R,AGG,1.4752064717412,1.1655671775341,1.80187704563141
R,CGA,1.90986616561413,1.52839607298374,2.3143232345581
R,CGC,0.361927731093764,0.223215001448989,0.505448301136494
R,CGG,1.78565652122498,1.4287983506918,2.19142634272575
S,TCA,0.983346547502279,0.674611327052116,1.32001233696938
S,TCC,0.155808267048705,-0.00642078894888982,0.32086831331253
S,TCG,0.579175795862079,0.354938902705908,0.8260213509202
T,ACA,0.630130479365587,0.418956852704287,0.85603387504816
T,ACC,0.227808269189671,0.086053554341197,0.376104594022036
T,ACG,0.424228865599632,0.255508007854223,0.600344057381153
V,GTA,-0.0277479096272571,-0.140409749373794,0.0874346761032938
V,GTC,0.371083052460849,0.210963786393404,0.539816276729107
V,GTG,0.302985975418985,0.154904090613127,0.459634964168072
Y,TAC,-0.332897262503207,-0.508579583466053,-0.164761430025101
Z,AGC,-0.476204169978201,-0.723154321312904,-0.240097687393427
