AA,Codon,Posterior,0.025%,0.975%
A,GCA,-0.450323667883873,-0.553863386809826,-0.341655664145947
A,GCC,-1.02505556623936,-1.12548965811729,-0.922500692307949
A,GCG,-1.22374325618744,-1.31840124726295,-1.12318596839905
C,TGC,-0.117691025756684,-0.312697583436966,0.0815953796729446
D,GAC,0.840745934486389,0.734128488600254,0.947699594497681
E,GAA,-0.6000092674613,-0.702591675519943,-0.497566036880016
F,TTC,0.767286696600914,0.650886391103268,0.881757800281048
G,GGA,0.0220341010476055,-0.168221379444003,0.21804746426642
G,GGC,-0.388038293391466,-0.487170258909464,-0.289341112226248
G,GGG,0.0220142311314121,-0.12313762512058,0.166115257516503
H,CAC,0.726619547200203,0.57295365780592,0.876083095371723
I,ATA,1.18712855496407,0.934801419079304,1.44255439937115
I,ATC,0.49071457978487,0.40019164532423,0.578638404607773
K,AAA,-1.09132256088257,-1.19654543697834,-0.982151989638805
L,CTA,0.993400939106941,0.77371239811182,1.20939742028713
L,CTC,0.439234484517574,0.30512567460537,0.572281394898892
L,CTG,-0.777769618844986,-0.889365826547146,-0.676529324054718
L,CTT,0.411268236988783,0.267752858996391,0.549235066771507
L,TTA,-0.0778521523730291,-0.211995351687074,0.0593537251465024
N,AAC,0.246209828730859,0.114178117737174,0.374306735396385
P,CCA,0.0614639712270742,-0.111336883716285,0.250179866701365
P,CCC,-0.286124319806555,-0.506140261888504,-0.0668934972956776
P,CCG,-0.854270993113518,-1.00150905251503,-0.694031631946564
Q,CAA,0.288008937120438,0.178838989883661,0.399637140333652
R,AGA,1.5759259093523,1.23987063765526,1.90961102843285
R,AGG,1.02030175612569,0.610921809077263,1.4143320441246
R,CGA,0.658682439923286,0.421175675839186,0.908912523090839
R,CGC,-0.503871611893177,-0.60391684025526,-0.40116893351078
R,CGG,0.0384142689009957,-0.160018442943692,0.223874020949006
S,TCA,-0.205476819450286,-0.387166355550289,-0.0271756419911981
S,TCC,-0.14871042723813,-0.292087934911251,-0.00631926456699129
S,TCG,-0.813478235983849,-0.95842861533165,-0.65530482083559
T,ACA,-0.265174748052191,-0.438001883774996,-0.0901754872873425
T,ACC,-1.21408245112896,-1.33776035010815,-1.09450365006924
T,ACG,-1.14748861336708,-1.28603654503822,-1.00945009589195
V,GTA,0.463724317520857,0.34509704709053,0.590934683382511
V,GTC,-0.400793164408207,-0.524114756286144,-0.286940667778253
V,GTG,-0.873372651433945,-0.979838918149471,-0.773165683448315
Y,TAC,0.52806999194622,0.379112689197063,0.682671925425529
Z,AGC,-0.276585645243898,-0.42871675863862,-0.122375366464257
