AA,Codon,Posterior,0.025%,0.975%
A,GCA,0.141337348147482,0.0732205905020237,0.2087273016572
A,GCC,0.422601374685764,0.346746999025345,0.499809051305056
A,GCG,0.287544114178419,0.220540539175272,0.352956622093916
C,TGC,-0.119430369058304,-0.312608183175325,0.0666609965264797
D,GAC,-0.378244154047966,-0.461035281419754,-0.295695233345032
E,GAA,-0.152491644620267,-0.234120420739055,-0.0721114542335271
F,TTC,-0.599194381546974,-0.708433625102043,-0.49430295675993
G,GGA,1.47174979071617,1.23093509972095,1.72586631476879
G,GGC,0.1501421874322,0.0863659659400582,0.216660284996033
G,GGG,0.824371004056931,0.672883027791977,0.974965633451939
H,CAC,-0.516930363869667,-0.651340276002884,-0.385418588668108
I,ATA,1.52825719046593,1.17101022899151,1.92088222205639
I,ATC,-0.39202451595068,-0.465525672584772,-0.316616040468216
K,AAA,-0.0478841862030677,-0.119725615158677,0.022677932260558
L,CTA,0.481490115232021,0.199558822438121,0.771614648401737
L,CTC,-0.367396524292231,-0.505960036814213,-0.226881362497806
L,CTG,-0.722912859916687,-0.835399161279202,-0.611732029914856
L,CTT,-0.164690301227511,-0.313221039623022,-0.00838931144680821
L,TTA,0.153526729607768,-0.00864192238077521,0.312947849184275
N,AAC,-0.675918233883381,-0.798016551136971,-0.557297821342945
P,CCA,-0.270738176146708,-0.456700451672077,-0.100939101539552
P,CCC,0.716514815193415,0.445614359527826,1.00877980589867
P,CCG,-0.482559482038021,-0.642122143507004,-0.331921937316656
Q,CAA,0.388593992352486,0.290785969793797,0.492781832814217
R,AGA,1.5315499266386,1.08668800890446,2.01739350557327
R,AGG,3.06607881712914,2.38971151709557,3.88519139885902
R,CGA,1.67097554655075,1.35785259604454,2.00959658622742
R,CGC,0.362982437628508,0.284360509365797,0.438806844502687
R,CGG,1.57060461454391,1.32215264737606,1.84795434176922
S,TCA,0.669352926051617,0.49798104390502,0.843480610847473
S,TCC,0.103688659597671,0.0152085430454463,0.197006083279848
S,TCG,0.737882027220726,0.600127637386322,0.879269197583199
T,ACA,0.733700288569927,0.569085152447224,0.911405299603939
T,ACC,0.105987989669305,0.0288300467655063,0.18453119546175
T,ACG,0.654147753500938,0.534853644669056,0.776217384636402
V,GTA,0.0839337961215002,0.00850445532705635,0.157724514603615
V,GTC,0.434674234712124,0.343183283507824,0.531167559325695
V,GTG,0.392658742535114,0.321026162803173,0.470645909756422
Y,TAC,-0.337366392838955,-0.464158907532692,-0.211954621970654
Z,AGC,-0.612528751289845,-0.777725894749165,-0.460214195400476
