AA,Codon,Posterior,0.025%,0.975%
A,GCA,0.068811341126819,-0.112667368538678,0.245524486899376
A,GCC,0.363266355771571,0.173062342777848,0.551769043505192
A,GCG,0.169064699032326,-0.00210167018522043,0.328436587005854
C,TGC,-0.160981325965986,-0.605561830103397,0.272963427752257
D,GAC,-0.369984782712907,-0.524486744403839,-0.217065258696675
E,GAA,-0.252000036064722,-0.417581761628389,-0.0885648572817444
F,TTC,-0.463703465792537,-0.688693141937256,-0.241236593946815
G,GGA,1.43232795798779,1.02337265908718,1.89668750762939
G,GGC,0.161899556558824,0.0178197991568595,0.305941614508629
G,GGG,1.00701594940424,0.708908389508724,1.33310608565807
H,CAC,-0.767388223624229,-1.10188640654087,-0.449140758812427
I,ATA,3.1761542640686,1.73234075605869,5.03584868907928
I,ATC,-0.327279100736976,-0.494506964087486,-0.164996192231774
K,AAA,-0.0937649819105776,-0.301842026412487,0.0960695136338472
L,CTA,0.411564648973642,-0.153628979250789,1.05661544799805
L,CTC,-0.280107346149592,-0.614337848126888,0.0388967553153635
L,CTG,-0.658181164073944,-0.924830736219883,-0.412251971662044
L,CTT,-0.329689013974671,-0.67377457767725,-0.00631931347306809
L,TTA,0.164001588753465,-0.185252011194825,0.513475757837295
N,AAC,-0.732014489972591,-0.971177509427071,-0.501641947031021
P,CCA,-0.165481727027224,-0.547407671809196,0.217592537775636
P,CCC,0.828716574078798,0.30424447208643,1.41031423509121
P,CCG,-0.54680298230052,-0.870656545460224,-0.248816538229585
Q,CAA,0.374160897181928,0.174280767142773,0.595769947767258
R,AGA,2.02644559304714,1.02067855000496,3.20383053421974
R,AGG,5.29360973596573,2.61287922859192,10.7050667285919
R,CGA,2.03465031569004,1.29847733676434,2.89594058990479
R,CGC,0.488434612292051,0.320639529824257,0.670564213395119
R,CGG,1.66719892642498,1.19713657796383,2.18516191840172
S,TCA,0.477667163802707,0.158022938668728,0.819793739914894
S,TCC,0.217142969690741,-0.031495478656143,0.496895289421082
S,TCG,0.643131097400188,0.344327203929424,0.96808669269085
T,ACA,0.508444354453031,0.132332693785429,0.919831638038159
T,ACC,-0.0353385566070207,-0.2687379963696,0.191889582946897
T,ACG,0.572957722041011,0.28045602068305,0.871683557331562
V,GTA,0.17923593968146,-0.0341021211817861,0.401770493388176
V,GTC,0.547615201097727,0.328880820423365,0.781666339933872
V,GTG,0.368678548966348,0.200308024138212,0.535623815655708
Y,TAC,-0.381123081144691,-0.587687385082245,-0.188574234396219
Z,AGC,-0.539223670819774,-0.914834919571877,-0.200639309361577
