AA,Codon,Posterior,0.025%,0.975%
A,GCA,0.30133688365811,0.088760644569993,0.511487622559071
A,GCC,0.932462898755074,0.613643035292625,1.311884111166
A,GCG,0.583581054642797,0.32197919562459,0.855757139623165
C,TGC,0.0045824114216608,-0.579372406005859,0.572380697727204
D,GAC,-0.303121584256703,-0.546610547602177,-0.0857486434280872
E,GAA,-0.353993720247224,-0.561977760493755,-0.157239105179906
F,TTC,-0.935793810260296,-1.38202472031116,-0.553293085098267
G,GGA,0.911980314767361,0.52481230199337,1.34294318854809
G,GGC,0.284498871038947,0.0495583139359951,0.532753768563271
G,GGG,1.0837797550559,0.656406423449516,1.54803754091263
H,CAC,-1.05454185447097,-1.72672693431377,-0.498533574491739
I,ATA,1.33302681657076,0.722593288123608,2.03775547146797
I,ATC,-0.338609088847972,-0.587171602249146,-0.0924956697970629
K,AAA,-0.183655095671152,-0.421321803331375,0.0431477992795408
L,CTA,0.1916697968002,-0.33882312476635,0.749294057488441
L,CTC,-0.583009124524519,-0.99871201813221,-0.17757122144103
L,CTG,-1.15981460049152,-1.52549239695072,-0.804986290633678
L,CTT,-0.281901057621028,-0.715499660372734,0.186594295129181
L,TTA,0.152082766819053,-0.333974032104015,0.668303993344307
N,AAC,-0.84705864584446,-1.26473372280598,-0.460262231528759
P,CCA,-0.140040475640205,-0.466295241564512,0.179724494367838
P,CCC,0.794746588287223,0.257883855700493,1.41980612576008
P,CCG,-0.388739782074885,-0.706135421991348,-0.113094669580459
Q,CAA,0.355589756801911,0.101634926535189,0.625868187844753
R,AGA,2.50880817632675,1.69639819562435,3.59598589539528
R,AGG,4.78445476365089,2.85791976451874,7.02137855291367
R,CGA,2.6159325773716,1.82096715867519,3.80912467241287
R,CGC,0.576668586495519,0.328400157392025,0.862431919574738
R,CGG,2.47114612145424,1.64346952438354,3.39368811845779
S,TCA,1.56159165437222,0.918031077086926,2.29097090363503
S,TCC,0.112625468128228,-0.150424170121551,0.395280037820339
S,TCG,1.80181918270588,1.0687742292881,2.68790972232819
T,ACA,0.723553602257371,0.35301006436348,1.16610805392265
T,ACC,0.249807548861285,-0.00524872650858015,0.526109720766544
T,ACG,0.774135192370415,0.403230730444193,1.21650274693966
V,GTA,-0.0435650377237493,-0.228217894583941,0.14349112175405
V,GTC,0.604674722693861,0.297827889025211,0.944317971169949
V,GTG,0.166571757401786,-0.0400879680179059,0.384265185147524
Y,TAC,-0.759780224424601,-1.21097814440727,-0.341442868858576
Z,AGC,-1.04657672932148,-1.65089444816113,-0.520905970036983
