AA,Codon,Posterior,0.025%,0.975%
A,GCA,-0.367677208393812,-0.462133485078812,-0.271515692770481
A,GCC,-0.776515480029583,-0.873340776562691,-0.678336341679096
A,GCG,-0.855028798782825,-0.947092872858047,-0.763347312808037
C,TGC,0.0327523396652032,-0.156376371905208,0.219816821441054
D,GAC,0.733959056913853,0.634185807406902,0.834505169093609
E,GAA,-0.717032526528835,-0.812070912122726,-0.619561031460762
F,TTC,0.870715408706665,0.764519019424915,0.975572508573532
G,GGA,0.12713372884846,-0.0190527567174286,0.279567272216082
G,GGC,-0.427566821101308,-0.519888979196548,-0.3346924521029
G,GGG,0.0291773344398307,-0.106762341782451,0.160641369596124
H,CAC,0.560325486183166,0.423239181190729,0.700178810954094
I,ATA,1.06373335208893,0.902458089590073,1.22480434477329
I,ATC,0.466319254004955,0.384433457255363,0.54961667060852
K,AAA,-1.14846626986265,-1.24538134038448,-1.04892952442169
L,CTA,1.01272927924395,0.834350417554379,1.19005863368511
L,CTC,0.346805570201576,0.224448339641094,0.465054280310869
L,CTG,-0.745380361652374,-0.840879985690117,-0.650197790563107
L,CTT,0.205501739493757,0.0882631447166204,0.322980409860611
L,TTA,-0.242959644537326,-0.357829022407532,-0.131587301939726
N,AAC,0.378402803885937,0.268996084481478,0.489285303652286
P,CCA,0.11665238566201,-0.0328581843525171,0.262992920726538
P,CCC,-0.235312251467397,-0.40524540618062,-0.0611175916157665
P,CCG,-0.467958395802975,-0.590971353650093,-0.337807075679302
Q,CAA,0.201575596472248,0.100731676444411,0.302809626609087
R,AGA,0.99325617929697,0.777094113826752,1.21403976380825
R,AGG,1.43198480170965,1.14043267667294,1.72030652165413
R,CGA,0.449519126656652,0.260276211798191,0.636539754271507
R,CGC,-0.296543808954954,-0.391599709540606,-0.20079212076962
R,CGG,0.103181221001135,-0.0820617493242025,0.288806071132421
S,TCA,-0.290932382379472,-0.437398750334978,-0.149289328977466
S,TCC,-0.0557083312010967,-0.187925435975194,0.0697068689391015
S,TCG,-0.525345564898849,-0.678468903899193,-0.36915410682559
T,ACA,-0.507093420866132,-0.647473369538784,-0.368641412258148
T,ACC,-0.959276329910755,-1.0683481156826,-0.847063791751862
T,ACG,-0.892304087913036,-1.0218042910099,-0.762540790438652
V,GTA,0.571378242778778,0.46389791443944,0.676434861123562
V,GTC,-0.0854250044481949,-0.189325036481023,0.0204749202821404
V,GTG,-0.513996734499931,-0.611234930157661,-0.419940929859877
Y,TAC,0.516852135688066,0.377313981205225,0.654803456366062
Z,AGC,-0.328482219742239,-0.46000723913312,-0.196253696829081
