AA,Codon,Posterior,0.025%,0.975%
A,GCA,0.121868427569838,0.0586019576527178,0.18580363728106
A,GCC,0.385341725113988,0.31244103461504,0.46021061912179
A,GCG,0.386176838213205,0.316180866956711,0.458510532230139
C,TGC,-0.154449309976165,-0.328735360503197,0.0184391846414653
D,GAC,-0.208886179331318,-0.288419622927904,-0.133938583359122
E,GAA,-0.155559583909158,-0.239043045789003,-0.0740532172843815
F,TTC,-0.222789158758521,-0.308000306040049,-0.135288076847792
G,GGA,0.731179498487711,0.587717074155808,0.877546259760857
G,GGC,0.170619753433764,0.10696357768029,0.236400240287185
G,GGG,0.668559295326471,0.54105419665575,0.796749766170978
H,CAC,-0.275755891296267,-0.393603892624378,-0.161923800781369
I,ATA,0.690709625297785,0.51100101172924,0.880810566246509
I,ATC,-0.208117129471153,-0.2715779684484,-0.144800313562155
K,AAA,0.0207973991127208,-0.0464921218343079,0.0848494635894894
L,CTA,0.143420172378133,-0.0391977946273983,0.337791722267866
L,CTC,-0.219074966280162,-0.338182251155376,-0.102199486643076
L,CTG,-0.386375055742264,-0.480531104654074,-0.294151668250561
L,CTT,-0.227821333307028,-0.341615584492683,-0.115054363943636
L,TTA,-0.0311240824684578,-0.144530609250069,0.0832632577046751
N,AAC,-0.386660960718989,-0.478928532451391,-0.298787700384855
P,CCA,-0.0111686207229048,-0.136997109279037,0.116853852197528
P,CCC,0.474125055024028,0.302597342431545,0.652073483169079
P,CCG,-0.0939601743859581,-0.199244143813849,0.0116697382414713
Q,CAA,0.0904918373664637,0.00567237715004012,0.173667849227786
R,AGA,0.848164519417286,0.619600568711758,1.09634418189526
R,AGG,1.18591966694593,0.826970519125462,1.56175276637077
R,CGA,1.08941963711977,0.871868434548378,1.31697886586189
R,CGC,0.183039867372811,0.11010102648288,0.255041556060314
R,CGG,1.40606603214741,1.17397981882095,1.65091615021229
S,TCA,0.41217293035388,0.293485314399004,0.536290849745273
S,TCC,0.0781738663357384,-0.00858199768699705,0.168641909584403
S,TCG,0.780179183793068,0.629392045736313,0.935627155005932
T,ACA,0.461149429923296,0.351273001730442,0.579519176483154
T,ACC,0.187487524303794,0.113248690962791,0.264007533341646
T,ACG,0.625626898223162,0.517318579554558,0.741565980017185
V,GTA,-0.0810224125656623,-0.149943374097347,-0.0121391592081637
V,GTC,0.280343476353586,0.199445831775665,0.362962778657675
V,GTG,0.409313485074043,0.333129469305277,0.488443634659052
Y,TAC,-0.283772779026628,-0.407028528302908,-0.164083238318563
Z,AGC,-0.132471801686499,-0.249939817935228,-0.0133650166215376
