AA,Codon,Posterior,0.025%,0.975%
A,GCA,0.069086189007615,-0.0539214276708663,0.188125608861446
A,GCC,0.295882544447482,0.16908254288137,0.429030118137598
A,GCG,0.000564415459944752,-0.109076696075499,0.112072186172009
C,TGC,-0.241821187283871,-0.522025512158871,0.0292486723512408
D,GAC,-0.320445479089022,-0.420628428459167,-0.219332488253713
E,GAA,-0.0887691863277498,-0.190566870570183,0.0134317750809714
F,TTC,-0.825704211139679,-0.975178687274456,-0.678717988729477
G,GGA,1.53758845722675,1.25752326250076,1.83736705183983
G,GGC,0.145862079933216,0.0534178270027042,0.237803475931287
G,GGG,0.766548889482021,0.595087672770023,0.947849158942699
H,CAC,-0.539717708012462,-0.719691532850266,-0.367206160724163
I,ATA,1.54411625941992,1.14847847521305,1.98263168931007
I,ATC,-0.289938332666457,-0.390404493361712,-0.190194683149457
K,AAA,-0.0139642881059102,-0.13964852206409,0.107948379404843
L,CTA,0.73409544916302,0.325827316194773,1.16249439418316
L,CTC,-0.267006253055064,-0.454215324670076,-0.0783529352396727
L,CTG,-0.709625825673342,-0.857992167770863,-0.56268631964922
L,CTT,0.119511153812015,-0.0992768995463848,0.33069529980421
L,TTA,0.519959744882584,0.298641725629568,0.749823293089867
N,AAC,-0.870945230996609,-1.03784328699112,-0.707107526063919
P,CCA,-0.654656292200088,-0.93357512652874,-0.390041124820709
P,CCC,0.829281637271494,0.399406258761883,1.26397159695625
P,CCG,-1.12055946928263,-1.37211633622646,-0.877483156323433
Q,CAA,0.610121807360649,0.455835897475481,0.768757139146328
R,AGA,2.41710472173691,1.7514845341444,3.17164191603661
R,AGG,2.54149162738323,1.72491570115089,3.48331878185272
R,CGA,1.81274080221653,1.4226153075695,2.23329480290413
R,CGC,0.352195259404182,0.241144122555852,0.466307608038187
R,CGG,1.65895162439346,1.33216924965382,1.988823351264
S,TCA,0.602137519329786,0.387302346527576,0.822017212212086
S,TCC,0.126820472135599,-0.0416745049878955,0.286986058205366
S,TCG,0.377474389074743,0.19952580332756,0.553914600610733
T,ACA,1.04712360466719,0.778264246881008,1.32410410344601
T,ACC,-0.06403562543557,-0.202698040381074,0.0721376568078994
T,ACG,0.345137299846997,0.174246331304312,0.511764170229435
V,GTA,-0.0344484208176673,-0.14674417078495,0.0838958121836185
V,GTC,0.26065898957327,0.138753652945161,0.386171260476112
V,GTG,0.129500459912163,0.0279171723406762,0.227483731508255
Y,TAC,-0.359392145974934,-0.512980400025845,-0.209403819963336
Z,AGC,-0.662404239672422,-0.90020994246006,-0.429093244671822
