AA,Codon,Posterior,0.025%,0.975%
A,GCA,0.106834473292623,0.0391908978112042,0.180086448043585
A,GCC,0.239920624035597,0.163770466297865,0.32090642079711
A,GCG,0.131655080364645,0.0615882886573672,0.203058563917875
C,TGC,-0.0870096451648802,-0.259560865908861,0.0794525327160956
D,GAC,-0.120735286831204,-0.199918996542692,-0.0397823061794043
E,GAA,-0.0881183479326079,-0.158312698826194,-0.0176111550536006
F,TTC,-0.295050619709492,-0.390052086114883,-0.198894334211945
G,GGA,0.68593981910944,0.56794253885746,0.801461192965508
G,GGC,0.0787189233587007,0.0117621519835666,0.147488224133849
G,GGG,0.416898949986696,0.321914538741112,0.509323191642761
H,CAC,-0.167459602693049,-0.295168194174767,-0.0418039487674832
I,ATA,0.846331621098518,0.714914718270302,0.982047003507614
I,ATC,-0.125851895024721,-0.206608203798532,-0.0440193267539143
K,AAA,-0.0308112093790645,-0.101886068657041,0.0413131858222187
L,CTA,0.14240294311156,0.0264007566031069,0.265679259598255
L,CTC,-0.229216654413939,-0.336488430202007,-0.125509789958596
L,CTG,-0.411465097337961,-0.508578324317932,-0.313849238306284
L,CTT,-0.120011830377739,-0.225945307686925,-0.00957270683720706
L,TTA,0.123537434910261,-0.00250638505676761,0.25191655382514
N,AAC,-0.368611652636528,-0.468674574792385,-0.272576051205397
P,CCA,-0.0125560011905967,-0.142834858223796,0.117897564917803
P,CCC,0.415116140699387,0.250676154345274,0.583515752851963
P,CCG,-0.127322752321919,-0.247678888589144,-0.00960426237434147
Q,CAA,0.233031515225768,0.133172772824764,0.334422203153372
R,AGA,0.723331303691864,0.576200532913208,0.878518480062485
R,AGG,0.736192199349403,0.59147412776947,0.8877730473876
R,CGA,0.866266703820229,0.707987248897552,1.03090631663799
R,CGC,0.163784197123488,0.0723007878288627,0.253342801332474
R,CGG,0.85907883310318,0.69495921432972,1.0266137868166
S,TCA,0.471850652271509,0.325220540910959,0.625368671119213
S,TCC,-0.0335929170558208,-0.136780744045973,0.0705656437203288
S,TCG,0.520621635174751,0.361436448246241,0.677197986841202
T,ACA,0.413222441840172,0.296730916947126,0.526836659014225
T,ACC,0.138876111180522,0.0517624606378376,0.228053073585033
T,ACG,0.342320306664705,0.235200414434075,0.452248169481754
V,GTA,0.0376583755479689,-0.0397864630445838,0.117930133827031
V,GTC,0.163628410315514,0.074949249625206,0.251735127717257
V,GTG,0.168718769884109,0.0861619958654046,0.255036268383265
Y,TAC,-0.25114567604363,-0.365221808850765,-0.144377807527781
Z,AGC,-0.345685546076298,-0.497908522933722,-0.194864244386554
