AA,Codon,Posterior,0.025%,0.975%
A,GCA,-0.462818349146843,-0.568614956736565,-0.355164291709661
A,GCC,-1.05201812741756,-1.15240369141102,-0.948475606739521
A,GCG,-1.24858666477203,-1.34271364808083,-1.1541212707758
C,TGC,-0.0990632432518534,-0.284912580996752,0.099875775910914
D,GAC,0.857945412373543,0.758126431703568,0.960181114077568
E,GAA,-0.610527171242237,-0.701226353645325,-0.513623595237732
F,TTC,0.773630749535561,0.666336840391159,0.882320120930672
G,GGA,0.0441281762368511,-0.134477120637894,0.221604903042317
G,GGC,-0.411073291760683,-0.504583442211151,-0.318582475185394
G,GGG,0.0326920396515954,-0.111808265931904,0.171509521454573
H,CAC,0.697941067528725,0.556231941282749,0.841761986911297
I,ATA,1.17932482542992,0.957460595667362,1.39569332003593
I,ATC,0.491143479394913,0.408273239433765,0.576637810468674
K,AAA,-1.07118445196152,-1.17357495427132,-0.970484991371632
L,CTA,1.02601931455135,0.811181238293648,1.22989594936371
L,CTC,0.459742624521255,0.326542615890503,0.591739962995052
L,CTG,-0.771778495073319,-0.873475646972656,-0.670184779167175
L,CTT,0.437307058650255,0.296067402511835,0.575788374245167
L,TTA,-0.0375613135693115,-0.168912336230278,0.0929361792281271
N,AAC,0.304271852383018,0.183546996861696,0.430548820644617
P,CCA,0.0284608239104622,-0.148160182312131,0.211736093088985
P,CCC,-0.330672801562399,-0.549647027254105,-0.11400874145329
P,CCG,-0.898065155124664,-1.0428607404232,-0.748906145989895
Q,CAA,0.278304723416269,0.1697848752141,0.387412860244513
R,AGA,1.45388196959496,1.11527795791626,1.79070782959461
R,AGG,1.16900231462717,0.77331175506115,1.59099386632442
R,CGA,0.58931456182003,0.348070253431797,0.824662560224533
R,CGC,-0.504933216285706,-0.602130472660065,-0.408152103424072
R,CGG,0.0422183814666118,-0.148677757009864,0.228242615237832
S,TCA,-0.206142599444604,-0.374854079633951,-0.0345726252533495
S,TCC,-0.152177897151624,-0.284952992945909,-0.0186840751208365
S,TCG,-0.810410506105423,-0.963054367899895,-0.662509879469871
T,ACA,-0.241113138479926,-0.423436649143696,-0.0607964744791388
T,ACC,-1.22501978011131,-1.34090590178967,-1.11018695533276
T,ACG,-1.14960232048035,-1.28705652058125,-1.01135266125202
V,GTA,0.423119779670239,0.296777667105198,0.545407330989838
V,GTC,-0.403908318823576,-0.516158324480057,-0.288895609229803
V,GTG,-0.880909244418144,-0.977718396484852,-0.778629420697689
Y,TAC,0.522887569379807,0.384885220229626,0.66564204543829
Z,AGC,-0.2676823971048,-0.419893079996109,-0.119408317282796
