AA,Codon,Posterior,0.025%,0.975%
A,GCA,0.198000971482694,0.0702049739658833,0.329061637818813
A,GCC,0.404984847098589,0.28093414157629,0.535249279439449
A,GCG,0.279571866194904,0.166251520439982,0.395246443897486
C,TGC,0.0211293041090212,-0.244690040871501,0.294028398394585
D,GAC,-0.297380461081862,-0.409988686442375,-0.18452355787158
E,GAA,-0.190223126357864,-0.307080116868019,-0.0761772403493523
F,TTC,-0.567052044427395,-0.711724279820919,-0.413678600639105
G,GGA,1.17071585524082,0.899321299791336,1.44929401278496
G,GGC,0.197068651180714,0.0922480089589953,0.299935686588287
G,GGG,0.802833713507652,0.614846217632294,1.01578414440155
H,CAC,-0.480408905169368,-0.692344544827938,-0.277680791914463
I,ATA,1.4096723597765,0.931106469035149,1.96541245281696
I,ATC,-0.298709337508678,-0.406718195229769,-0.189522167295218
K,AAA,-0.142100474338915,-0.297760598361492,0.00675280366558589
L,CTA,0.319719328867819,-0.082641009055078,0.760551299154758
L,CTC,-0.438497734376788,-0.664580942690372,-0.216783107072115
L,CTG,-0.764562885963917,-0.953166423738003,-0.587874993681908
L,CTT,-0.103226594381148,-0.357227064669132,0.16796529777348
L,TTA,-0.00339117999093432,-0.248230380192399,0.246145056933165
N,AAC,-0.685501599812508,-0.869649913907051,-0.509868328273296
P,CCA,-0.309368847042508,-0.573691894114017,-0.0535297735594213
P,CCC,0.816225123888254,0.417512539029121,1.24013258814812
P,CCG,-0.486045059713721,-0.725416845083237,-0.26366606131196
Q,CAA,0.574180722278357,0.399759089201689,0.761597067117691
R,AGA,2.04877172265053,1.22956421375275,3.11413811445236
R,AGG,3.06924199328423,1.94107504785061,4.47164167165756
R,CGA,2.16180601086617,1.57632145285606,2.81939749121666
R,CGC,0.397632581406832,0.276078722625971,0.527212999761105
R,CGG,1.64833531355858,1.28335488736629,2.04793514609337
S,TCA,0.578851958620548,0.335698466002941,0.837897291779518
S,TCC,0.15401554973973,-0.00778744866838678,0.328079448640347
S,TCG,0.737061358034611,0.50278609842062,0.977439510822296
T,ACA,0.821809860539436,0.527016699314117,1.15625941157341
T,ACC,0.161241452641707,0.0116736287483945,0.305789151787758
T,ACG,0.570624767559767,0.38331525400281,0.75771210193634
V,GTA,0.179312450903794,0.040193467028439,0.329268210381269
V,GTC,0.548736734974384,0.396546651422977,0.713327987492085
V,GTG,0.428261121302843,0.306730860471725,0.555153898894787
Y,TAC,-0.426957328695059,-0.606815072894096,-0.255747451633215
Z,AGC,-0.654319824588299,-0.958505147695541,-0.366780197620392
