AA,Codon,Posterior,0.025%,0.975%
A,GCA,0.146199207066745,0.0741577981039882,0.220075505226851
A,GCC,0.437057251954079,0.359375988692045,0.516203391551971
A,GCG,0.299909193229675,0.233979419618845,0.365310914814472
C,TGC,-0.132565023700357,-0.315593668073416,0.0410327282734216
D,GAC,-0.387590320068598,-0.467754507809877,-0.308635161817074
E,GAA,-0.14556471362412,-0.225160364806652,-0.0683083452284336
F,TTC,-0.602273066568375,-0.705609196424484,-0.500864416360855
G,GGA,1.44343506922722,1.21713695526123,1.68249326348305
G,GGC,0.162308529622853,0.0996500462293625,0.227441161125898
G,GGG,0.810877948117256,0.673368982970715,0.952885819971562
H,CAC,-0.49950996311903,-0.629274456202984,-0.37325539663434
I,ATA,1.53865633218288,1.20483844578266,1.89629087150097
I,ATC,-0.391617352414131,-0.461569533497095,-0.320805292576551
K,AAA,-0.056923796674257,-0.127248889952898,0.0114674461539836
L,CTA,0.453834373608232,0.179304576292634,0.738392773270607
L,CTC,-0.381204027026892,-0.516432359814644,-0.239260355755687
L,CTG,-0.727447189712524,-0.841059403121471,-0.616440930962563
L,CTT,-0.183155448987766,-0.330882304906845,-0.0233633460011333
L,TTA,0.116878899762905,-0.0424715667031705,0.271163809299469
N,AAC,-0.720397636079788,-0.837038750946522,-0.607517875730991
P,CCA,-0.243438020204904,-0.422881446033716,-0.0656024487689137
P,CCC,0.755339171016216,0.483890946209431,1.03751682639122
P,CCG,-0.448493779051304,-0.596847538650036,-0.307494006305933
Q,CAA,0.39639472925663,0.29393120482564,0.502065414190292
R,AGA,1.67733403148651,1.19719953238964,2.19163767695427
R,AGG,2.80103121461868,2.11425132751465,3.57219240069389
R,CGA,1.75047167863846,1.42242066562176,2.10091616511345
R,CGC,0.364522482383251,0.293174993246794,0.443652907758951
R,CGG,1.55853187203407,1.31600386500359,1.81038023233414
S,TCA,0.668351227724552,0.510073836147785,0.83431061655283
S,TCC,0.104902416933405,0.0156101819593459,0.194319285452366
S,TCG,0.733887957346439,0.602647902071476,0.868874895572662
T,ACA,0.712350144279003,0.548174220323563,0.88655671775341
T,ACC,0.112071452580672,0.0357160380110145,0.188784464076162
T,ACG,0.655715807235241,0.537030053138733,0.771664001047611
V,GTA,0.101636354960967,0.0260266879573464,0.178608482703567
V,GTC,0.431764142656326,0.340205108374357,0.522843372821808
V,GTG,0.394720779120922,0.322847636044025,0.465928775072098
Y,TAC,-0.335379912269115,-0.463583132624626,-0.210669055581093
Z,AGC,-0.620090223968029,-0.77816981524229,-0.465097141265869
