AA,Codon,Posterior,0.025%,0.975%
A,GCA,-0.478889061963558,-0.561645703017712,-0.394227809458971
A,GCC,-1.03421869072914,-1.11625745892525,-0.951628406345844
A,GCG,-1.22030069050789,-1.2944565474987,-1.14336469173431
C,TGC,-0.0965127302917033,-0.247038128599525,0.0548378578387201
D,GAC,0.824562628912926,0.743249860405922,0.905983124673367
E,GAA,-0.60925629761219,-0.685388147830963,-0.532719253003597
F,TTC,0.818507708144188,0.730160601437092,0.907566407322884
G,GGA,0.213762944019248,0.067171492613852,0.358294146507978
G,GGC,-0.436866408991814,-0.507318642735481,-0.367814960330725
G,GGG,0.0229694112169542,-0.0821904227137566,0.131157514825463
H,CAC,0.714740358424187,0.601334390044212,0.830655828118324
I,ATA,1.27462984271049,1.08330312669277,1.471143206954
I,ATC,0.492715821695328,0.42294143140316,0.560887467861175
K,AAA,-1.09823793742657,-1.1816378235817,-1.01090828478336
L,CTA,0.968822632336616,0.800015223026276,1.14300263524055
L,CTC,0.455418025201559,0.348432459682226,0.560351763665676
L,CTG,-0.81835112247467,-0.9025056630373,-0.73245472162962
L,CTT,0.3781887178123,0.265405020862818,0.493294421583414
L,TTA,-0.0462998202796382,-0.158374190703034,0.0634984433650971
N,AAC,0.287459406191111,0.188499462977052,0.388573112338781
P,CCA,0.103934509303226,-0.0315874529071152,0.241724062338471
P,CCC,-0.373794123885036,-0.53908074349165,-0.196612373366952
P,CCG,-0.863668281555176,-0.979479478299618,-0.746788515150547
Q,CAA,0.317886774015427,0.226381340995431,0.405330221354961
R,AGA,1.50628456249237,1.23031834959984,1.79048451781273
R,AGG,1.14509703830481,0.805570065975189,1.48606671094894
R,CGA,0.675576386857033,0.473848083615303,0.880889078974724
R,CGC,-0.546624154543877,-0.624289514124393,-0.466182550787926
R,CGG,0.0210920701003837,-0.13988921828568,0.185754100978374
S,TCA,-0.275880881710351,-0.41380425170064,-0.129217848181724
S,TCC,-0.170143727191305,-0.285405462235212,-0.0520148638635873
S,TCG,-0.825686139297485,-0.949345092475414,-0.699438746273518
T,ACA,-0.365181343138218,-0.509627774357796,-0.2185097720474
T,ACC,-1.26095968642235,-1.35427280366421,-1.16852642595768
T,ACG,-1.17969408137798,-1.28853869736195,-1.07018033862114
V,GTA,0.38895797405839,0.292650162428617,0.486456885933876
V,GTC,-0.414218344056606,-0.504786983132362,-0.321848081052303
V,GTG,-0.900028568029404,-0.977976602315903,-0.823219309747219
Y,TAC,0.589467450392246,0.482567948848009,0.701554635167122
Z,AGC,-0.281927202916145,-0.407919801771641,-0.157581939548254
