AA,Codon,Posterior,0.025%,0.975%
A,GCA,0.155761486969888,0.0924410231411457,0.22000507414341
A,GCC,0.426251916432381,0.358140554279089,0.498823626339436
A,GCG,0.283842426979542,0.225549259781837,0.343000417202711
C,TGC,-0.13491474437337,-0.29862717166543,0.0159966797800737
D,GAC,-0.370795382386446,-0.438981533050537,-0.297551502287388
E,GAA,-0.14640963069275,-0.216838816925883,-0.0766240647062659
F,TTC,-0.635924286460877,-0.725708444416523,-0.54451185464859
G,GGA,1.24964003760815,1.05514017939568,1.44691895544529
G,GGC,0.174960230574012,0.119585190527141,0.232677602767944
G,GGG,0.8157485216856,0.698353280127048,0.942134645581245
H,CAC,-0.510369713675976,-0.628283160924912,-0.39670404791832
I,ATA,1.41479152164459,1.11480337977409,1.73791750669479
I,ATC,-0.394214690136909,-0.454333194345236,-0.332133278250694
K,AAA,-0.0434740066241255,-0.106092175655067,0.0172522713430226
L,CTA,0.506987543040514,0.277743773162365,0.746968951821327
L,CTC,-0.373010069769621,-0.491200402379036,-0.248815508931875
L,CTG,-0.688235780799389,-0.78516781181097,-0.590389481186867
L,CTT,-0.131650186892052,-0.271125652641058,0.00350411676918157
L,TTA,0.123156315931151,-0.0119154374348,0.260231430083513
N,AAC,-0.707638346838951,-0.811751607060432,-0.607118213176727
P,CCA,-0.301591541155428,-0.459515897929668,-0.146245426684618
P,CCC,0.813713636016846,0.566119216382504,1.06587203145027
P,CCG,-0.478447575670481,-0.619705687463284,-0.340087009221315
Q,CAA,0.366250141727924,0.270678655803204,0.459647253900766
R,AGA,1.59654757635593,1.18513307869434,2.04311954379082
R,AGG,2.80350548467636,2.17756715416908,3.51362566351891
R,CGA,1.6275104932785,1.33472536802292,1.94448405206203
R,CGC,0.38936811965704,0.319357789307833,0.459250430762768
R,CGG,1.58194650979042,1.35704065859318,1.81359918415546
S,TCA,0.719926912510395,0.573518839478493,0.869582544267178
S,TCC,0.114372536799638,0.0321165224537253,0.196542193740606
S,TCG,0.741502326154709,0.622230680286884,0.868428292870522
T,ACA,0.806100171232224,0.654130558669567,0.965519647300243
T,ACC,0.127647379326727,0.0580815204419196,0.195136547833681
T,ACG,0.665716252553463,0.561724281311035,0.76738510876894
V,GTA,0.117843263063533,0.046147548686713,0.19249403513968
V,GTC,0.436403518176079,0.357448509335518,0.520074075460434
V,GTG,0.40504120439291,0.34059676900506,0.471215754747391
Y,TAC,-0.377066693454981,-0.485066573321819,-0.266976554691792
Z,AGC,-0.607018847095966,-0.747767102718353,-0.468001782894134
