AA,Codon,Posterior,0.025%,0.975%
A,GCA,0.222316618403792,0.150707715749741,0.294176793843508
A,GCC,0.425215223419666,0.352939826250076,0.500166676938534
A,GCG,0.321989076811075,0.255791345238686,0.386555774509907
C,TGC,-0.177614659462241,-0.342706169188023,-0.0145465066423639
D,GAC,-0.329081326925755,-0.399721413105726,-0.259171820431948
E,GAA,-0.200741609829664,-0.272626044601202,-0.129914342239499
F,TTC,-0.666228698801994,-0.760719366371632,-0.573436839878559
G,GGA,1.26026830830574,1.08178613781929,1.453755864501
G,GGC,0.135894186115265,0.0786802323535085,0.192336910963058
G,GGG,0.748709112715721,0.637679988145828,0.868187898397446
H,CAC,-0.535748716104031,-0.656243559718132,-0.414864202588797
I,ATA,1.60412206583023,1.2740450412035,1.94273369908333
I,ATC,-0.353224523800611,-0.419007878005505,-0.285641411691904
K,AAA,-0.0768648140796111,-0.160010215640068,0.00661855743965137
L,CTA,0.431499649387598,0.188178245723248,0.698968833684921
L,CTC,-0.390834480029345,-0.519686804711819,-0.26184955984354
L,CTG,-0.695343216657639,-0.805269385874271,-0.589150516688824
L,CTT,-0.0876511390341286,-0.234090654179454,0.0623497939668596
L,TTA,0.283275190477073,0.136694226786494,0.444061026722193
N,AAC,-0.697972419261932,-0.806821575760841,-0.586843933165073
P,CCA,-0.363913929781318,-0.52497780174017,-0.203561244532466
P,CCC,0.754210284972191,0.511732330918312,0.997107234597207
P,CCG,-0.512451548504829,-0.662328313291073,-0.373484937846661
Q,CAA,0.486774988818169,0.379263004660606,0.597287605702877
R,AGA,1.63871114666462,1.20487234890461,2.12745366096497
R,AGG,2.71013706355095,2.06713948249817,3.41314735412598
R,CGA,1.65958236207962,1.35380775332451,1.98542230725288
R,CGC,0.386841876041889,0.310756281763315,0.46331500634551
R,CGG,1.78109437117577,1.52510397136211,2.03759205341339
S,TCA,0.656198794293404,0.499243352562189,0.817889849841595
S,TCC,0.0692230012557702,-0.0320420680567622,0.164791595190764
S,TCG,0.750078853654861,0.619586052000523,0.894509850442409
T,ACA,0.757067406141758,0.594397504627705,0.922599451243877
T,ACC,0.107077856205242,0.0257404673378915,0.183217470347881
T,ACG,0.630429518330097,0.514992260932922,0.742658503353596
V,GTA,0.095318472384027,0.0157059523975477,0.175243719294667
V,GTC,0.469858175599575,0.379222398996353,0.561000154912472
V,GTG,0.377649190920591,0.305578434467316,0.449581256508827
Y,TAC,-0.442011408138275,-0.549288542568684,-0.336866993457079
Z,AGC,-0.685754224002361,-0.856987641751766,-0.522103101015091
