AA,Codon,Posterior,0.025%,0.975%
A,GCA,-0.249684377256362,-0.360539178550243,-0.15255963280797
A,GCC,-0.476355264911056,-0.60720494389534,-0.365586350113154
A,GCG,-0.601158342859894,-0.766195531189442,-0.468930446356535
C,TGC,0.0760536999827571,-0.1778334941715,0.370880805701017
D,GAC,0.609984803341609,0.502145129442215,0.740251012146473
E,GAA,-0.823467221755907,-0.954657500982285,-0.630456836521626
F,TTC,0.702686250734341,0.555757191777229,0.818967479467392
G,GGA,0.285730000626046,-0.0776016796007752,0.524528740346432
G,GGC,-0.294653916711826,-0.408534787595272,-0.18860774487257
G,GGG,0.0812193944909548,-0.290904827415943,0.327513624727726
H,CAC,0.44836172100167,0.281439857929945,0.647489908337593
I,ATA,0.55943413375048,0.0422960622236134,0.912428687512874
I,ATC,0.393002068781108,0.290761273354292,0.538443692028522
K,AAA,-1.04802370708926,-1.17309097647667,-0.798730614781385
L,CTA,0.910369110863097,0.497032235562801,1.17626430094242
L,CTC,0.330221674239077,0.17573176920414,0.529014399647712
L,CTG,-0.851577887407568,-0.999538715183735,-0.546168588101865
L,CTT,0.170611648578863,0.0219863367266953,0.376584359258413
L,TTA,-0.166472826979129,-0.310269191861153,-0.00984190350864085
N,AAC,0.157179558751546,0.0295926387421787,0.31962256655097
P,CCA,0.0943863284214836,-0.0523148518055677,0.239565907418728
P,CCC,0.0579457517095958,-0.117263010516763,0.211857707425952
P,CCG,-0.596633225235343,-0.720599739253521,-0.471679549664259
Q,CAA,0.346829309862026,0.249771063402295,0.450129737704992
R,AGA,1.48744649336934,0.747831845283508,1.73579828441143
R,AGG,1.98788082093243,1.14301456511021,2.3181672334671
R,CGA,1.08707184386216,0.567890475690365,1.29674330949783
R,CGC,-0.173855358282453,-0.301468250155449,-0.0757841262966395
R,CGG,0.898485336199484,0.322408172488213,1.11403377056122
S,TCA,-0.0192629905179201,-0.207349228858948,0.130019213631749
S,TCC,0.0327338994830564,-0.0947317911311984,0.165864059701562
S,TCG,0.0324169162587394,-0.163382386416197,0.190885744988918
T,ACA,-0.172750413005753,-0.342909372597933,-0.032210882473737
T,ACC,-0.824903723355755,-0.946165895462036,-0.700321656465531
T,ACG,-0.466222270302696,-0.633207969367504,-0.322924566268921
V,GTA,0.496378234363347,0.387172444909811,0.595057065784931
V,GTC,0.107460242016989,-0.026189580745995,0.221243380010128
V,GTG,-0.292928176593222,-0.441704241931438,-0.172372615337372
Y,TAC,0.335936646380165,0.189084922149777,0.492953070253134
Z,AGC,-0.415694118781903,-0.528876158595085,-0.287954898923636
