AA,Codon,Posterior,0.025%,0.975%
A,GCA,0.184069172238589,-0.474985590577126,0.913223873078823
A,GCC,0.269397108836344,-0.362541800737381,1.10249516367912
A,GCG,-0.183274481144754,-0.794709686934948,0.275094882398844
C,TGC,0.458058072000177,-2.23949490189552,3.35778380036352
D,GAC,-0.884840801640693,-1.72128886282444,-0.277847849577666
E,GAA,0.0466972278207632,-0.448193725198507,0.445122773200273
F,TTC,-2.30231408263315,-4.4518813252449,-0.820798695087436
G,GGA,2.65987975911293,0.529056270420551,8.54997749328612
G,GGC,-0.139636043840455,-0.673679985105991,0.301756117492914
G,GGG,2.77493746419549,1.23593115210533,4.34484717845917
H,CAC,-0.789464004463202,-2.1729540348053,0.176252440363168
I,ATA,18.568794375658,5.58846913576126,34.3442939758301
I,ATC,-0.77371520751284,-1.6153656154871,-0.216511272639036
K,AAA,-0.178909523831184,-1.09410624802113,0.391342210024595
L,CTA,1.54539131858008,-0.722626322507858,4.55643305778503
L,CTC,-1.9615683903028,-3.83726892471313,-0.603812661767007
L,CTG,-2.45276279218197,-4.44738254547119,-1.19452647268772
L,CTT,1.51514135769452,-0.639289861917496,3.19859140515327
L,TTA,1.52354678323949,-0.694813685119152,3.01253679990768
N,AAC,-0.849898646255286,-1.83482829630375,-0.150745722651482
P,CCA,-0.252936257513531,-1.53955966234207,1.0095407307148
P,CCC,9.17757117497921,3.07431566119194,18.0989767074585
P,CCG,-1.0378370854046,-2.25605844855309,-0.20928690545261
Q,CAA,0.77265603198841,0.00727992856409403,2.10834268927574
R,AGA,6.97813129441142,2.15329837799072,11.758864068985
R,AGG,3.42532807992315,0.54745571911335,7.48772964477539
R,CGA,3.50058553284407,1.62955406010151,5.80251176357269
R,CGC,0.200138587171518,-0.11038224119693,0.600928112864494
R,CGG,0.886158060132642,0.169664653018117,1.8489805072546
S,TCA,1.00511370141553,-0.107575721852481,2.75149943828583
S,TCC,0.169015974594338,-0.663361571729183,1.12374525368214
S,TCG,-0.194629481283226,-0.999321906268597,0.548765467107296
T,ACA,0.241862734113152,-0.89984225332737,1.4783641576767
T,ACC,-0.25785998159594,-1.2467128932476,0.477139694243669
T,ACG,-0.575057340215324,-1.66428102254868,0.139108148589729
V,GTA,-0.125016725611257,-0.63053538352251,0.329051327705383
V,GTC,0.357982625306632,-0.222236577793956,1.20579384863376
V,GTG,0.0831678613831842,-0.387513468414545,0.527104479074478
Y,TAC,-0.32365925244514,-1.09949973225594,0.268737684190273
Z,AGC,-0.64215065877997,-1.87091116011143,0.181802487745881
