AA,Codon,Posterior,0.025%,0.975%
A,GCA,-0.353951882052422,-0.443288354575634,-0.265966431051493
A,GCC,-0.802230013430119,-0.890770757198334,-0.712771698832512
A,GCG,-0.901522626030445,-0.986551962792873,-0.8148766964674
C,TGC,0.00849684189892996,-0.167687580361962,0.183178156986833
D,GAC,0.807320426571369,0.720390091836453,0.893956896662712
E,GAA,-0.695172740209103,-0.786835020780563,-0.604258006811142
F,TTC,0.904328715062141,0.808467820286751,1.00280927717686
G,GGA,0.0956063978717428,-0.0382511447183788,0.23385693654418
G,GGC,-0.402727778059244,-0.483967466652393,-0.319277697056532
G,GGG,0.0434740504384841,-0.0764313148334622,0.16727046109736
H,CAC,0.609585120856762,0.481057440489531,0.739141045510769
I,ATA,1.11186730102301,0.950106452405453,1.27250213027
I,ATC,0.526287168323994,0.449449194967747,0.601371341943741
K,AAA,-1.12892582215071,-1.21825180351734,-1.03845039308071
L,CTA,1.0378640504241,0.873561279475689,1.20173567533493
L,CTC,0.420657639884949,0.310562735795975,0.530368395149708
L,CTG,-0.75299419567585,-0.840692900121212,-0.662612299621105
L,CTT,0.215761437457241,0.104216311872005,0.32680199444294
L,TTA,-0.245501885027066,-0.350133137404919,-0.138321938365698
N,AAC,0.4442544701159,0.339789614826441,0.546631741523743
P,CCA,0.0508975564391192,-0.0900674894452095,0.19040283896029
P,CCC,-0.324542576698214,-0.483060698956251,-0.16007851138711
P,CCG,-0.62723384744525,-0.746852326393127,-0.506753247976304
Q,CAA,0.235718902761489,0.140694788470864,0.327394427359104
R,AGA,0.973942138922214,0.763351790606976,1.18128912448883
R,AGG,1.52508831930161,1.24558625817299,1.80829275846481
R,CGA,0.38872112210989,0.210587728023529,0.564502537250519
R,CGC,-0.331787446132302,-0.421456182003021,-0.242960864305496
R,CGG,0.0807848944967525,-0.0928862368687987,0.251850616931915
S,TCA,-0.315690121880174,-0.453935931622982,-0.174092987179756
S,TCC,0.00429555662916825,-0.115415014512837,0.12287109810859
S,TCG,-0.513041684359312,-0.654680295288563,-0.374345335364342
T,ACA,-0.476623678436875,-0.608845154941082,-0.340493606030941
T,ACC,-0.966153481376171,-1.06853977739811,-0.862452028691769
T,ACG,-1.0144343511343,-1.13884651958942,-0.892723339796066
V,GTA,0.500738658517599,0.4047079436481,0.597207294404507
V,GTC,-0.142205430883392,-0.23837028555572,-0.048489559814334
V,GTG,-0.572958344429731,-0.661042900383472,-0.48738124743104
Y,TAC,0.560498901772499,0.436653935164213,0.685421387851238
Z,AGC,-0.269041616767645,-0.394339941442013,-0.145436103269458
