AA,Codon,Posterior,0.025%,0.975%
A,GCA,0.0748673336061271,-0.017010803706944,0.166424290463328
A,GCC,0.24444568451494,0.152124939113855,0.335744112730026
A,GCG,-0.00838334243185527,-0.0929115289822221,0.0722179213538766
C,TGC,-0.452271612966806,-0.669092434644699,-0.243181970715523
D,GAC,-0.298032775589824,-0.373392152786255,-0.221466499194503
E,GAA,-0.15443047291367,-0.240559347718954,-0.0701531803235412
F,TTC,-0.695007768464088,-0.801161815226078,-0.591184423863888
G,GGA,1.29113464792967,1.09960908889771,1.4880190372467
G,GGC,0.110661150634034,0.0399536934681237,0.18235326372087
G,GGG,0.850462835335732,0.706296409666538,0.997381892800331
H,CAC,-0.50708919583559,-0.649757261574268,-0.358351834863424
I,ATA,1.92063430609703,1.56536537408829,2.29786837100983
I,ATC,-0.386585098567605,-0.470397061854601,-0.306073613464832
K,AAA,-0.105154753315842,-0.199611733481288,-0.0131132032955067
L,CTA,0.438558718924969,0.167570758983493,0.70876632630825
L,CTC,-0.344292017993331,-0.497618929296732,-0.190093393623829
L,CTG,-0.805971759843826,-0.929435832798481,-0.689137221872807
L,CTT,0.213273035995621,0.0347780328243971,0.395559196174144
L,TTA,0.43001057049036,0.259219433367252,0.601256920397282
N,AAC,-0.94807190220356,-1.0760042399168,-0.82013825327158
P,CCA,-0.384621709846356,-0.584371781349182,-0.192957874014974
P,CCC,0.903747181487083,0.627590373158455,1.19276966750622
P,CCG,-0.820754929625988,-0.996560490131378,-0.65428042113781
Q,CAA,0.580288304626942,0.456664003431797,0.70754209458828
R,AGA,2.69172081854343,2.17710884809494,3.2663381934166
R,AGG,2.59578817327023,1.95183756351471,3.34068259000778
R,CGA,1.96776748452187,1.64248068034649,2.30440592169762
R,CGC,0.334783409523964,0.245486360415816,0.427009629458189
R,CGG,1.67782311689854,1.41877688765526,1.94633724987507
S,TCA,0.692355492639542,0.522360530495644,0.872948706150054
S,TCC,-0.0489276333023772,-0.158368138596416,0.0592947807163
S,TCG,0.427884960818291,0.288114285469055,0.578197704255581
T,ACA,1.01441296319962,0.823887220025063,1.21243329942226
T,ACC,-0.0716270930044135,-0.171857086569071,0.0241488226223737
T,ACG,0.542679376071691,0.406273781508207,0.680090515315533
V,GTA,0.0689825445036153,-0.0239694462623447,0.16332107372582
V,GTC,0.316843631714582,0.217599072307348,0.418844199180603
V,GTG,0.145776274021901,0.0670761931687593,0.225563680008054
Y,TAC,-0.383074253490567,-0.500425219535828,-0.268654408305884
Z,AGC,-0.542237380182743,-0.720820271968842,-0.372843373566866
