AA,Codon,Posterior,0.025%,0.975%
A,GCA,0.114393174284417,0.0504362567327917,0.175274218991399
A,GCC,0.40092728394866,0.330072279274464,0.472057798504829
A,GCG,0.415271640604734,0.346257366240025,0.484178207814693
C,TGC,-0.135907879324065,-0.304051176458597,0.0293512125965207
D,GAC,-0.251345387627184,-0.324859988689423,-0.177996202930808
E,GAA,-0.16833462298587,-0.246834120899439,-0.0921828839927912
F,TTC,-0.244330803908408,-0.325757862627506,-0.163051441684365
G,GGA,0.761434819680452,0.616990368068218,0.904326319694519
G,GGC,0.15611616756469,0.0946610813960433,0.218622516468167
G,GGG,0.658669256836176,0.536149601638317,0.783528082072735
H,CAC,-0.308567614124715,-0.423080535978079,-0.194269886612892
I,ATA,0.65421589512825,0.475741638988256,0.846145921945572
I,ATC,-0.242546195292473,-0.306394226104021,-0.182019054889679
K,AAA,0.0119322150731956,-0.0519420325756073,0.0737595669925213
L,CTA,0.122174963579429,-0.0544967543333769,0.306194499135017
L,CTC,-0.271589392480254,-0.382329148799181,-0.161050198972225
L,CTG,-0.383847335520387,-0.472483190149069,-0.294159416854382
L,CTT,-0.236508163654804,-0.344685562700033,-0.126275338232517
L,TTA,-0.0299782204777032,-0.138874173909426,0.0793503699824214
N,AAC,-0.429698279762268,-0.518424524366856,-0.341623667627573
P,CCA,0.0307763832995637,-0.087507888674736,0.1488316308707
P,CCC,0.530300699484348,0.369486754387617,0.699905006587505
P,CCG,0.00561159558392064,-0.0981716815382242,0.109039746783674
Q,CAA,0.0695223970457352,-0.0102650912012905,0.151644924655556
R,AGA,0.856813198935986,0.633866931498051,1.11253092885017
R,AGG,1.07681372631788,0.745298554003239,1.43921826779842
R,CGA,1.14156968915462,0.925322070717812,1.36904055476189
R,CGC,0.202645954983681,0.135007904469967,0.275104770809412
R,CGG,1.41888050005436,1.19207084774971,1.64922977089882
S,TCA,0.435167168748379,0.317276453226805,0.558887015283108
S,TCC,0.0482875275472077,-0.035361685231328,0.134827955067158
S,TCG,0.77599426484108,0.634499903023243,0.921014007925987
T,ACA,0.436630716300011,0.329567006975412,0.544379591941833
T,ACC,0.190430574858934,0.116829801537097,0.262202578037977
T,ACG,0.719202749550343,0.61045263260603,0.832115359604359
V,GTA,-0.0478425652189145,-0.110719446837902,0.0164076489862054
V,GTC,0.311135742685199,0.232274210453033,0.393885472416878
V,GTG,0.443293287503719,0.36748221591115,0.520179644227028
Y,TAC,-0.312639825196564,-0.426645284891129,-0.198035172745586
Z,AGC,-0.174827432393935,-0.287618181854486,-0.0642504286020994
