AA,Codon,Posterior,0.025%,0.975%
A,GCA,-0.388126360222697,-0.477173206955194,-0.295745053142309
A,GCC,-0.750870823931694,-0.842328920960426,-0.660206586122513
A,GCG,-0.883097065222263,-0.97237763106823,-0.797910769283771
C,TGC,-0.0333743249775914,-0.215002365410328,0.144093212485313
D,GAC,0.773009031379223,0.679583342373371,0.865894669294357
E,GAA,-0.708052645599842,-0.799571096897125,-0.611199340224266
F,TTC,0.932011118912697,0.831456226110458,1.03207135498524
G,GGA,0.151439138039455,0.0111622543539852,0.295019125193357
G,GGC,-0.382932907482982,-0.469210445135832,-0.297018020600081
G,GGG,0.116027983222932,-0.0107756017008796,0.245220048725605
H,CAC,0.560770923256874,0.425922331959009,0.696929264068603
I,ATA,1.13145763089657,0.976640002429485,1.28927269279957
I,ATC,0.523965157967806,0.443557284027338,0.603638260066509
K,AAA,-1.16067104671001,-1.2554376989603,-1.06484988331795
L,CTA,1.03423822588921,0.862840953469276,1.20748115777969
L,CTC,0.364268302690983,0.244261975958943,0.484459578990936
L,CTG,-0.738650372934341,-0.830806919932365,-0.643651428818703
L,CTT,0.197669775147247,0.0845751019194722,0.312505582720041
L,TTA,-0.241859836322814,-0.353904268145561,-0.132949641719461
N,AAC,0.36975803026557,0.261204975098371,0.475125155597925
P,CCA,0.0647814659029093,-0.0832893768325448,0.210459783673286
P,CCC,-0.341511850040406,-0.508963520824909,-0.164808988943696
P,CCG,-0.577891672283411,-0.708908751606941,-0.448443745821714
Q,CAA,0.239167780807614,0.144234675914049,0.334955471009016
R,AGA,1.00925565458536,0.797961555421352,1.2239817917347
R,AGG,1.41541835671663,1.11033936142921,1.71105766892433
R,CGA,0.439056814394891,0.252350796014071,0.62401612251997
R,CGC,-0.321656634172797,-0.410760111361742,-0.232950793206692
R,CGG,0.108853631533504,-0.0724277818575501,0.288379567861557
S,TCA,-0.354961369675398,-0.502345786988735,-0.209857807308436
S,TCC,-0.074023900569474,-0.199053458496928,0.056946659926325
S,TCG,-0.563621684992313,-0.717230531573296,-0.414205783605576
T,ACA,-0.463144643822312,-0.601086759567261,-0.33060339987278
T,ACC,-0.967752457141876,-1.07485698163509,-0.863863001763821
T,ACG,-0.923503908753395,-1.05280123651028,-0.801368682086468
V,GTA,0.530850779211521,0.428138492256403,0.633072443306446
V,GTC,-0.0867765877715166,-0.185841746628284,0.0110613665776327
V,GTG,-0.541995698261261,-0.633498074114323,-0.453568229824305
Y,TAC,0.547382151687145,0.418313495069742,0.680492787063122
Z,AGC,-0.284445394663513,-0.411177218705416,-0.15937202423811
