AA,Codon,Posterior,0.025%,0.975%
A,GCA,0.132342087696493,0.0693260200321674,0.196720133349299
A,GCC,0.365743659633398,0.293226955831051,0.439297986030579
A,GCG,0.40271829662323,0.334063062816858,0.474130766093731
C,TGC,-0.106171920977376,-0.280401532351971,0.06063395999372
D,GAC,-0.231353063759208,-0.305111416429281,-0.159045736864209
E,GAA,-0.160998096474446,-0.240763990953565,-0.085887621715665
F,TTC,-0.261061136980355,-0.344169890880585,-0.175831655785441
G,GGA,0.721127106785774,0.580710391700268,0.865872760117054
G,GGC,0.147510374187306,0.0859306102618575,0.209522614628077
G,GGG,0.60678056896925,0.485338240861893,0.728567709028721
H,CAC,-0.276080621619523,-0.394275380671024,-0.155931737273932
I,ATA,0.635893563443422,0.462651899456978,0.812776051461697
I,ATC,-0.241490691992641,-0.303514865040779,-0.17930443957448
K,AAA,0.0272201742641846,-0.0364250764250755,0.091341988928616
L,CTA,0.124922938249604,-0.0556836125440896,0.311010006070137
L,CTC,-0.232041234345548,-0.344966593384743,-0.116658767312765
L,CTG,-0.392052909818292,-0.482694183290005,-0.302882497757673
L,CTT,-0.224009979433287,-0.332128240168095,-0.110465902276337
L,TTA,-0.0321894726739535,-0.142365485429764,0.0861301116645335
N,AAC,-0.381363461372256,-0.470666942745447,-0.291205927729607
P,CCA,0.0220636638216121,-0.103981729596853,0.149927411228418
P,CCC,0.550573324206471,0.375042619556189,0.720420159399509
P,CCG,-0.0261166404546759,-0.133866388350725,0.0786161672323942
Q,CAA,0.0657259179388959,-0.0124183457810432,0.147499152645469
R,AGA,0.82582241191864,0.601840102672577,1.06004479527473
R,AGG,1.19867877602577,0.829749247431755,1.60151774585247
R,CGA,1.09401344261169,0.878060549497604,1.31889418065548
R,CGC,0.197035081188381,0.129934725165367,0.26583109498024
R,CGG,1.39301606469154,1.16510340571404,1.62926569283009
S,TCA,0.454442390167713,0.330343774706125,0.581785030663013
S,TCC,0.0873722456845644,-0.000317823286604834,0.174802638217807
S,TCG,0.804065655767918,0.659111377596855,0.957482182979584
T,ACA,0.429742623087764,0.324095406383276,0.54193554520607
T,ACC,0.19106394360885,0.117226997762918,0.266898158937693
T,ACG,0.648451261901855,0.54021929204464,0.762564280629158
V,GTA,-0.0617679870563994,-0.1291269864887,0.00468328286660829
V,GTC,0.278545962488651,0.200551838427782,0.360851258039474
V,GTG,0.426827702999115,0.349803079664707,0.507328461110592
Y,TAC,-0.304642453666031,-0.424116007238626,-0.187670306116343
Z,AGC,-0.163667793330102,-0.284014018625021,-0.0473019477911294
