AA,Codon,Posterior,0.025%,0.975%
A,GCA,0.175883556103893,0.0815826458856463,0.270337114483118
A,GCC,0.294182409724593,0.195740984380245,0.388792818039656
A,GCG,0.085615126134899,0.00334329952020198,0.165052650123835
C,TGC,-0.26873071159579,-0.497210945934057,-0.0452769624069334
D,GAC,-0.298710867106915,-0.392282769829035,-0.207932774350047
E,GAA,-0.150806633073837,-0.244476361572742,-0.0549658298492432
F,TTC,-0.873434740757942,-0.999480907618999,-0.753384010493755
G,GGA,1.24690605401993,1.03770463168621,1.45500781834126
G,GGC,0.107539278757572,0.0339928290806711,0.183310119435191
G,GGG,0.782447706770897,0.623758599162102,0.939825867116451
H,CAC,-0.425856378269196,-0.59514821767807,-0.260971246659756
I,ATA,1.80265594959259,1.41310057342052,2.21098650693893
I,ATC,-0.465157167601585,-0.553688009083271,-0.375563780963421
K,AAA,-0.0777330169867013,-0.184161129593849,0.0254600757732987
L,CTA,0.565928318715096,0.261847169697285,0.895282852649689
L,CTC,-0.0851641250971792,-0.258323699235916,0.0936902755871414
L,CTG,-0.730746032267809,-0.85820624679327,-0.60141386538744
L,CTT,0.143796052948849,-0.0374334583990276,0.327350956201553
L,TTA,0.527796843248606,0.34446693956852,0.723759070038795
N,AAC,-0.839881012070179,-0.986084850132465,-0.699624408781529
P,CCA,-0.319658940060774,-0.52880442738533,-0.111218888871372
P,CCC,1.05684091780782,0.734329874813557,1.38235942721367
P,CCG,-0.740825766503811,-0.921151006221771,-0.561356003582478
Q,CAA,0.551755393660069,0.421001976728439,0.683932468295097
R,AGA,2.69358089103699,2.10301527380943,3.34346837997436
R,AGG,4.37431639113426,3.0532805621624,5.86385952234268
R,CGA,2.05524508907795,1.6795590788126,2.43884724974632
R,CGC,0.378197471231222,0.284388402849436,0.475078757107258
R,CGG,1.83637354724407,1.53143446147442,2.15590104460716
S,TCA,0.790424684804678,0.601261448860168,0.989476431906223
S,TCC,0.105486977600328,-0.0123341064434499,0.2254075050354
S,TCG,0.50468968026638,0.355015806108713,0.661310757696628
T,ACA,1.07668115838766,0.854035893082619,1.31418463885784
T,ACC,-0.0783620563459855,-0.188556887954474,0.0291051561944187
T,ACG,0.413117815068364,0.272219572216272,0.56193068921566
V,GTA,0.0831770768396796,-0.0248873158823699,0.195654340833425
V,GTC,0.383101465412974,0.266111662983894,0.50476082265377
V,GTG,0.143887894288544,0.0550321301445365,0.232749278843403
Y,TAC,-0.43184697317183,-0.570400433242321,-0.293622155487537
Z,AGC,-0.586516275078058,-0.776500636339188,-0.406889795511961
