AA,Codon,Posterior,0.025%,0.975%
A,GCA,-0.457039179694653,-0.540334975719452,-0.374414131045341
A,GCC,-0.849791411733627,-0.934854993224144,-0.767622910439968
A,GCG,-0.985337512993813,-1.0670879393816,-0.905100922286511
C,TGC,-0.0360096425975478,-0.19266895391047,0.130774306133389
D,GAC,0.796724593484402,0.708133433759212,0.884768714010715
E,GAA,-0.722006537842751,-0.808489790558815,-0.635885056853294
F,TTC,0.878951531267166,0.787542623281479,0.970296926796436
G,GGA,0.100149751144822,-0.0311484647449106,0.230237239971757
G,GGC,-0.380168903651834,-0.457256055623293,-0.30314055159688
G,GGG,0.0797859860268348,-0.03169822152704,0.200282990187406
H,CAC,0.727583631646633,0.605537886917591,0.853508840501308
I,ATA,1.07356185815334,0.920095947384834,1.23387650847435
I,ATC,0.532480997800827,0.459870536625385,0.606040006875992
K,AAA,-1.09274499619007,-1.18073737919331,-1.00320917963982
L,CTA,1.01941558278799,0.863447131216526,1.17740253210068
L,CTC,0.417377092239261,0.304156083613634,0.5321244135499
L,CTG,-0.726292017769814,-0.809504196047783,-0.638943211734295
L,CTT,0.208636029174551,0.102832667715847,0.315886598080397
L,TTA,-0.260501719465852,-0.362212892621756,-0.160137229785323
N,AAC,0.43674201117754,0.338713469356298,0.538463258743286
P,CCA,0.0227770797838966,-0.121303301677108,0.160824301838875
P,CCC,-0.333064146571606,-0.496944669634104,-0.174696721509099
P,CCG,-0.583373386675119,-0.704843613505364,-0.459748421609402
Q,CAA,0.231385266825557,0.143724896386266,0.324795528501272
R,AGA,1.04185914882422,0.839483198523521,1.24648293554783
R,AGG,1.34677483434677,1.04643288254738,1.63933956623077
R,CGA,0.429147266365588,0.247079967707396,0.601287743449211
R,CGC,-0.336997267001867,-0.420484615117311,-0.253073947131634
R,CGG,-0.0378894795165346,-0.201147539541125,0.127174953743815
S,TCA,-0.300225430732965,-0.438805986940861,-0.166928132623434
S,TCC,-0.0592339985293329,-0.175484374165535,0.0614278896711767
S,TCG,-0.548243606817722,-0.688589891791344,-0.406981342285872
T,ACA,-0.579983354908228,-0.712177036702633,-0.446162504702806
T,ACC,-1.04247129557133,-1.14468423724174,-0.944184952974319
T,ACG,-1.05942680255175,-1.17477492690086,-0.94158186763525
V,GTA,0.498991636186838,0.404590038955212,0.590239080786705
V,GTC,-0.0723836988989813,-0.166204154491425,0.0211254774127154
V,GTG,-0.585345762693882,-0.668693093955517,-0.502607335150242
Y,TAC,0.588621111017466,0.474487368762493,0.705013440549374
Z,AGC,-0.206981195605081,-0.327557124942541,-0.0809880448505283
