AA,Codon,Posterior,0.025%,0.975%
A,GCA,0.164772728048265,0.105355145968497,0.224394833296537
A,GCC,0.41979805521965,0.352719841897488,0.488568915426731
A,GCG,0.460292537981272,0.394829134643078,0.530108155310154
C,TGC,-0.103436777159023,-0.266990347951651,0.0543919026851654
D,GAC,-0.244720957553387,-0.317695547640324,-0.17403875887394
E,GAA,-0.152131307744607,-0.227914876118302,-0.0768595637753607
F,TTC,-0.229093795500696,-0.308381574600935,-0.151454676687717
G,GGA,0.764072250759602,0.629511670768261,0.905991047620773
G,GGC,0.145877538748831,0.0856131469830871,0.206373614445329
G,GGG,0.63455021790266,0.517194779217243,0.75082380771637
H,CAC,-0.385225275009871,-0.502776783704758,-0.273180811852217
I,ATA,0.693457234203815,0.515667682886124,0.877428765594959
I,ATC,-0.245891694992781,-0.307464405894279,-0.185334185883403
K,AAA,-0.00646584735544348,-0.0704260312020779,0.056057047471404
L,CTA,0.138447608267152,-0.0329299257136881,0.320821159332991
L,CTC,-0.269587784871459,-0.381708025932312,-0.158199726045132
L,CTG,-0.400896539205313,-0.490412775427103,-0.314854431897402
L,CTT,-0.231073374763131,-0.340113986283541,-0.121259860135615
L,TTA,-0.0165566142340114,-0.122075323946774,0.0911634495481848
N,AAC,-0.424452495723963,-0.512377497553825,-0.339217410236597
P,CCA,0.0478256276459815,-0.0708540331572294,0.173719662055373
P,CCC,0.541157516932487,0.375220535695553,0.712839460372925
P,CCG,-0.0215621046603814,-0.125264163687825,0.0821520002558826
Q,CAA,0.0708512876697751,-0.00803007176145911,0.149878699332475
R,AGA,0.78941428412199,0.570995450019836,1.01168105304241
R,AGG,1.26452041749954,0.902045680582523,1.66799034178257
R,CGA,1.09600531812906,0.890454323589802,1.32623456418514
R,CGC,0.205183908712864,0.140799869596958,0.271489217877388
R,CGG,1.55347699961662,1.33426709473133,1.78410291671753
S,TCA,0.41893240814209,0.303213852643967,0.540255549550057
S,TCC,0.0807675189124158,-0.00587452288018539,0.167899018153548
S,TCG,0.798904051399231,0.656122082471848,0.949592232704163
T,ACA,0.494820316794515,0.390937213599682,0.601940803229809
T,ACC,0.227386318640411,0.155560536682606,0.298051089793444
T,ACG,0.735641806924343,0.6255087018013,0.842180760204792
V,GTA,-0.0469375718948169,-0.110945322364569,0.0178043691907078
V,GTC,0.266879462647438,0.192430580407381,0.344679353386164
V,GTG,0.456046982550621,0.380375123769045,0.53360952436924
Y,TAC,-0.332278684195876,-0.445392373204231,-0.221215898543596
Z,AGC,-0.21896498722136,-0.335341377556324,-0.105252993665636
