AA,Codon,Posterior,0.025%,0.975%
A,GCA,0.228466407193989,0.146356401592493,0.309124466776848
A,GCC,0.334683067122102,0.253089120239019,0.416736749559641
A,GCG,0.142262921545096,0.0706362156197429,0.212959330901504
C,TGC,-0.245606043108506,-0.419719529151917,-0.074420677870512
D,GAC,-0.267063102273643,-0.346482928842306,-0.186783850938082
E,GAA,-0.13581980723124,-0.215993613377213,-0.0546944592148066
F,TTC,-0.721971047985554,-0.821087338030338,-0.619021834433079
G,GGA,1.38102263150215,1.20556077957153,1.57182928919792
G,GGC,0.119825591354701,0.0564499519765377,0.183601300418377
G,GGG,0.825756192862988,0.693431048095226,0.961595994234085
H,CAC,-0.584852621603012,-0.729007720947266,-0.443899148702622
I,ATA,2.22199672813416,1.85660206973553,2.61375254392624
I,ATC,-0.448296111798286,-0.525194473564625,-0.37040959969163
K,AAA,-0.141686706620455,-0.237763464450836,-0.0494777910411359
L,CTA,0.416689695320651,0.180722670257092,0.663310906291008
L,CTC,-0.293069187341258,-0.440185509622097,-0.143538891524077
L,CTG,-0.775588939249516,-0.89285237789154,-0.665752598643303
L,CTT,0.198280862980476,0.0322403993457556,0.35938483774662
L,TTA,0.547912409925461,0.384116739034653,0.709220187366008
N,AAC,-0.935121909594536,-1.0572305470705,-0.817235566675663
P,CCA,-0.385021158985211,-0.583226339519024,-0.189953224360943
P,CCC,0.813550723975897,0.549513989686966,1.08904828727245
P,CCG,-0.917405767667294,-1.0925387352705,-0.750854377448559
Q,CAA,0.580515607219934,0.459209027886391,0.704551418125629
R,AGA,2.55968273117542,2.06804072260857,3.06555039286613
R,AGG,3.43405118207932,2.67960330843925,4.28837085962295
R,CGA,2.14476783483028,1.83111837208271,2.4925166785717
R,CGC,0.246793121191859,0.166409393772483,0.326552160084248
R,CGG,1.86153547542095,1.60822590589523,2.13848233222961
S,TCA,0.68683911703825,0.521947619318962,0.857141844928265
S,TCC,0.0726647393967665,-0.0344244853593409,0.18263416737318
S,TCG,0.511923372632265,0.371071790903807,0.654054556787014
T,ACA,1.30566318649054,1.10419234335423,1.50952800512314
T,ACC,0.00734555191415093,-0.0793363077566028,0.093460320867598
T,ACG,0.543113901698589,0.416910137236118,0.667224875092506
V,GTA,0.00164321950075573,-0.0872812364250422,0.0924769308418035
V,GTC,0.267454296062887,0.169579765573144,0.367436145246029
V,GTG,0.125728970423122,0.0488280054181814,0.203239998593926
Y,TAC,-0.449346902954578,-0.566017159819603,-0.33760179579258
Z,AGC,-0.618177040493488,-0.79096345603466,-0.448938184976578
