AA,Codon,Posterior,0.025%,0.975%
A,GCA,-0.332555965673923,-0.427428334951401,-0.238646621629596
A,GCC,-0.710068561673164,-0.809121990203857,-0.613400863111019
A,GCG,-0.783895963001251,-0.880420997738838,-0.688024479150772
C,TGC,0.0301886550644689,-0.16532241217792,0.220645736902952
D,GAC,0.712807873022556,0.608090272545814,0.82129784822464
E,GAA,-0.776953388810158,-0.883091622591019,-0.674742448329925
F,TTC,0.899829998970032,0.786069396138191,1.01406086087227
G,GGA,0.121579619116208,-0.0274319576099515,0.275102601200342
G,GGC,-0.452385424792767,-0.550870111584663,-0.350922364741564
G,GGG,0.0470762548981991,-0.09870894998312,0.195313854143024
H,CAC,0.560569235932827,0.417742395401001,0.710710561275482
I,ATA,1.11554292635918,0.948068255186081,1.28624849319458
I,ATC,0.485612455523014,0.40225259065628,0.571925215423107
K,AAA,-1.1261458129406,-1.23490481674671,-1.02386565506458
L,CTA,0.98988220539093,0.811747884750366,1.17073423862457
L,CTC,0.306459876331687,0.185912108048797,0.438606913387776
L,CTG,-0.777038497686386,-0.876566128432751,-0.675463303923607
L,CTT,0.145869839175814,0.0266226849518716,0.270233606547117
L,TTA,-0.251353272032738,-0.370326047390699,-0.130527903884649
N,AAC,0.422129035133123,0.303497898578644,0.544179925322533
P,CCA,0.103485990431117,-0.0507304510101676,0.261130225658417
P,CCC,-0.284657341384096,-0.461738176643848,-0.102228959277272
P,CCG,-0.459568996024132,-0.596054834127426,-0.324985195696354
Q,CAA,0.234922861501575,0.131096818298101,0.334728235006332
R,AGA,1.00134694666862,0.779337601363659,1.21969193518162
R,AGG,1.38395540444851,1.08228605985641,1.68300705552101
R,CGA,0.44166512144804,0.239596551284194,0.633323039114475
R,CGC,-0.318273122340441,-0.415366949886084,-0.223020092770457
R,CGG,0.133178769757831,-0.0620362942107022,0.332625204324722
S,TCA,-0.259479360485077,-0.405293950438499,-0.112939485907555
S,TCC,-0.014261230514021,-0.151074230670929,0.117534061335027
S,TCG,-0.437112466228008,-0.602229599654674,-0.275144295394421
T,ACA,-0.454222751563787,-0.590783052146435,-0.31067603379488
T,ACC,-0.903622783994675,-1.01489976644516,-0.782530531287193
T,ACG,-0.829364744639397,-0.973595729470253,-0.68472044467926
V,GTA,0.582869052278996,0.471297793090343,0.694501002132893
V,GTC,-0.0390045017141412,-0.146795442327857,0.069022504799068
V,GTG,-0.46287898555994,-0.564683903753757,-0.363674703240395
Y,TAC,0.49004942061305,0.346322221308947,0.636691422760487
Z,AGC,-0.314889592932165,-0.447389601171017,-0.182664998993277
