AA,Codon,Posterior,0.025%,0.975%
A,GCA,-0.10839475332888,-0.349496731907129,0.128439296036959
A,GCC,0.01866726573864,-0.226622303575277,0.246743055433035
A,GCG,-0.296546106589399,-0.518796855211258,-0.0859288766980171
C,TGC,-0.319839736461884,-0.785896150767803,0.110945978574455
D,GAC,-0.270854697427154,-0.456858758628368,-0.0913938151672482
E,GAA,-0.0794891964798531,-0.239826990664005,0.0722358472645283
F,TTC,-0.840681534433365,-1.11819429695606,-0.587643088400364
G,GGA,1.36031406366825,0.981155031919479,1.79955205321312
G,GGC,0.262959345757216,0.121178900450468,0.414801820367575
G,GGG,0.815454876089096,0.549841862916946,1.10298574864864
H,CAC,-0.355089459204581,-0.631577818095684,-0.095815054886043
I,ATA,1.64704880158901,0.855698369443417,2.56879363656044
I,ATC,-0.471409458190203,-0.652098554372788,-0.283432613313198
K,AAA,0.000574412772553478,-0.20793203227222,0.202680152654648
L,CTA,0.568525644137338,0.0727946454659104,1.20943070650101
L,CTC,-0.180879639432719,-0.432460338622332,0.075870263017714
L,CTG,-0.482038137042522,-0.691131390631199,-0.285955040156841
L,CTT,0.464666207155958,0.131419883295894,0.824436125159264
L,TTA,0.671850163473748,0.317616333812475,1.01965155303478
N,AAC,-0.879710301721096,-1.1449362963438,-0.629144941270351
P,CCA,-0.375788473575379,-0.819195263087749,0.0300518671981991
P,CCC,0.806631159429811,0.21758547835052,1.45163303017616
P,CCG,-0.931202939784527,-1.31393729150295,-0.586920830607414
Q,CAA,0.50321644641161,0.27628208771348,0.760486210882664
R,AGA,2.75028332352638,1.66575345993042,4.26232361793518
R,AGG,5.36270846600533,2.7273521065712,8.16925995349884
R,CGA,2.7730889070034,1.76289588809013,4.02674188613892
R,CGC,0.351290001451969,0.175928117707372,0.535737909376621
R,CGG,1.17788965549469,0.794400803744793,1.59041483104229
S,TCA,0.392673847494705,0.0777403010055423,0.722480814158917
S,TCC,0.00740507183882582,-0.251582060009241,0.271443542093039
S,TCG,0.395536459922232,0.0999357989057899,0.705478255450726
T,ACA,1.34131922676563,0.884185846149921,1.84248424470425
T,ACC,0.13279999911543,-0.0817972617223859,0.337714213132858
T,ACG,0.598988252219558,0.324514695256948,0.884608329832554
V,GTA,0.0301030246014707,-0.183168075978756,0.251746384054422
V,GTC,0.294287327048706,0.0774436011910438,0.52006721496582
V,GTG,0.0575209376483952,-0.115034087561071,0.231447023898363
Y,TAC,-0.440047650773078,-0.694533960521221,-0.183968119323253
Z,AGC,-0.388152355531696,-0.729544666409492,-0.0840233920142055
