AA,Codon,Posterior,0.025%,0.975%
A,GCA,0.105095546272956,0.0412641547620296,0.170520965382457
A,GCC,0.347405724418163,0.274798396974802,0.42152538895607
A,GCG,0.344676644217968,0.270454706251621,0.41873939037323
C,TGC,-0.153033493468087,-0.338083078712225,0.0228982201311738
D,GAC,-0.196738110230863,-0.274657211452723,-0.117161187343299
E,GAA,-0.118359094678418,-0.203425151482224,-0.0369107445701957
F,TTC,-0.242099571114779,-0.331878975778818,-0.152127554640174
G,GGA,0.730399375474453,0.586523103713989,0.884699583053589
G,GGC,0.182362549421191,0.11359251588583,0.253554259985685
G,GGG,0.648646558070183,0.514663924276829,0.781963868439198
H,CAC,-0.276262389913201,-0.400983796268702,-0.153819973766804
I,ATA,0.642801020407677,0.456078341603279,0.836051261425018
I,ATC,-0.218152959915996,-0.282814077287912,-0.154769295826554
K,AAA,0.00977401358966345,-0.0578088186681271,0.0744874523952603
L,CTA,0.163028299026702,-0.018907062523067,0.35277653709054
L,CTC,-0.187444741976971,-0.312734638899565,-0.0662365240976214
L,CTG,-0.360363161349297,-0.459254510700703,-0.264504055678844
L,CTT,-0.18183620414352,-0.298956947028637,-0.0685794888064265
L,TTA,-0.0225887771922629,-0.136158847808838,0.0963117994368076
N,AAC,-0.415467744374275,-0.513495676219463,-0.322692956030369
P,CCA,-0.00490647848017252,-0.135398317500949,0.128931262344122
P,CCC,0.514233841025829,0.340153266489506,0.698113206028938
P,CCG,-0.101383922095108,-0.212508318573236,0.0119784286711365
Q,CAA,0.0683472059082545,-0.0178310098592192,0.154710322245955
R,AGA,0.835402954399586,0.596884508430958,1.08506424427032
R,AGG,1.22848169357777,0.871473498642445,1.62250629067421
R,CGA,1.09288146114349,0.866834895312786,1.34482341706753
R,CGC,0.193793542805314,0.117547349818051,0.266000806540251
R,CGG,1.36453837349415,1.12086543738842,1.62320772707462
S,TCA,0.398078738224506,0.27516290768981,0.52534421980381
S,TCC,0.059739097684063,-0.0319936839863658,0.155855885520577
S,TCG,0.71420018529892,0.558449164032936,0.876025983691216
T,ACA,0.433036626666784,0.318826942145824,0.544243079423904
T,ACC,0.158963540254533,0.0807168520987034,0.234156965091825
T,ACG,0.585628293418884,0.465142038464546,0.71158389300108
V,GTA,-0.0858373861510889,-0.153067554906011,-0.0173791730310767
V,GTC,0.253725067651272,0.170503820106387,0.338247974961996
V,GTG,0.377593914043903,0.298000424355268,0.461672903597355
Y,TAC,-0.265582008066773,-0.391660919040442,-0.14390657171607
Z,AGC,-0.141980017826076,-0.257077825814486,-0.023984971223399
