AA,Codon,Posterior,0.025%,0.975%
A,GCA,0.0979168909045053,0.0275826865341514,0.172348683327436
A,GCC,0.252048644322157,0.170826825499535,0.335238511860371
A,GCG,0.141537348510325,0.0631860453635454,0.218304558098316
C,TGC,-0.181057332085783,-0.365751247853041,-0.000712002209183934
D,GAC,-0.191591227167845,-0.268742179125547,-0.113054019212723
E,GAA,-0.058287188410922,-0.123448502831161,0.0121141514740884
F,TTC,-0.40659822435379,-0.511657205224037,-0.307618702203035
G,GGA,0.650136883580685,0.534928633272648,0.770316629111767
G,GGC,0.111821077788621,0.0365112382918596,0.186904485523701
G,GGG,0.488699560689926,0.386552906036377,0.596664080023766
H,CAC,-0.333499983634055,-0.4873545140028,-0.179847526922822
I,ATA,0.725464150691032,0.592723481357098,0.866647839546204
I,ATC,-0.16828895372469,-0.245549891889095,-0.0900669828057289
K,AAA,-0.0427959361963904,-0.118182203546166,0.0311545295175165
L,CTA,0.0205287787446316,-0.0999565247446299,0.143910864368081
L,CTC,-0.307659477573633,-0.410111752152443,-0.198883724212646
L,CTG,-0.445700239539146,-0.542955301702023,-0.351928128302097
L,CTT,-0.147444239371968,-0.253021564334631,-0.0333449813537299
L,TTA,0.0765822937630393,-0.0496739945374429,0.201769791916013
N,AAC,-0.420246783286333,-0.528893561661243,-0.317623464018106
P,CCA,-0.109351655692415,-0.232210960611701,0.021593906218186
P,CCC,0.294920444276929,0.138829714432359,0.459102232009173
P,CCG,-0.244779750536382,-0.364169538021088,-0.127038177847862
Q,CAA,0.218020261834562,0.124076911248267,0.312863323092461
R,AGA,0.819581887817383,0.656414295732975,0.992197129130364
R,AGG,1.05365343358517,0.867337504029274,1.24378394186497
R,CGA,1.01209104232788,0.839180406928062,1.1890128672123
R,CGC,0.141439508408401,0.0501024956814945,0.235355179384351
R,CGG,1.10616881608963,0.916966372728348,1.30284511446953
S,TCA,0.54046751588583,0.388042735308409,0.702852116525173
S,TCC,0.042930650857275,-0.0702015280723572,0.152754224836826
S,TCG,0.574323751425743,0.413600002974272,0.741130527853966
T,ACA,0.439975246405601,0.326003547012806,0.561335633695126
T,ACC,0.108420629798682,0.0201695848722011,0.198695592209697
T,ACG,0.430451189851761,0.310875337570906,0.547900086641312
V,GTA,0.130572582983598,0.0496535898186266,0.212457232549787
V,GTC,0.20751464805752,0.119274267926812,0.294459830969572
V,GTG,0.267747123840451,0.182164809852839,0.356102480739355
Y,TAC,-0.254342744641006,-0.372259321063757,-0.131840121746063
Z,AGC,-0.382253819480538,-0.535113272070885,-0.227714761346579
