AA,Codon,Posterior,0.025%,0.975%
A,GCA,0.094382360814877,-0.0656787486746907,0.264961162209511
A,GCC,0.55504787080884,0.330236104875803,0.798235732316971
A,GCG,0.346230728087368,0.14940598346293,0.550652948021889
C,TGC,0.0891682627652772,-0.337026570737362,0.52670621573925
D,GAC,-0.47042057749927,-0.690559175610542,-0.251897209137678
E,GAA,-0.171156130713465,-0.340606761723757,-0.00138153294392396
F,TTC,-1.23002539796829,-1.62545152008533,-0.854213705658913
G,GGA,1.67787386262417,1.23655861914158,2.16957722902298
G,GGC,0.160997288654529,-0.000571382154885213,0.325617364048958
G,GGG,0.936996985721588,0.65246934145689,1.23476667404175
H,CAC,-0.785779937362671,-1.20455702245235,-0.401418920606375
I,ATA,0.981063590049744,0.483377066254616,1.5111103862524
I,ATC,-0.692023204624653,-0.96179965287447,-0.446623114496469
K,AAA,-0.22421488741221,-0.421908569335938,-0.0361478107050061
L,CTA,0.167152705832291,-0.294367522746325,0.692939499020577
L,CTC,-0.743459239411354,-1.11897833943367,-0.406186459213495
L,CTG,-1.2427677932024,-1.57945832312107,-0.927437196671963
L,CTT,-0.525139352411032,-0.887463438510895,-0.164485387131572
L,TTA,-0.342190230848035,-0.748076412081718,0.0459341418929399
N,AAC,-1.12517184658051,-1.45475143492222,-0.813867123425007
P,CCA,0.0200398283010109,-0.326915811002254,0.378315781056881
P,CCC,1.00448644708991,0.413355825841427,1.66201931536198
P,CCG,-0.434114804921439,-0.728616787493229,-0.139845011010766
Q,CAA,0.485463404178619,0.269966419786215,0.711595864593983
R,AGA,1.70156698365211,1.24606432616711,2.25580427050591
R,AGG,1.71388068199158,1.28296543955803,2.27143098115921
R,CGA,2.67307050266266,1.91141946911812,3.72907311320305
R,CGC,0.638325839924812,0.413918087631464,0.884357707202435
R,CGG,2.3653746491909,1.68464137613773,3.21881902217865
S,TCA,0.914820348262787,0.499268158525228,1.4417257130146
S,TCC,0.271555373871024,0.0103544391226023,0.535755656659603
S,TCG,0.916038817894459,0.476588325947523,1.42844477593899
T,ACA,0.903461135756969,0.543679794669151,1.31165762841702
T,ACC,0.126488229625576,-0.0760466517880559,0.326516716182232
T,ACG,0.842167833447456,0.506920203566551,1.20380331575871
V,GTA,0.0935245046276861,-0.0925822734832764,0.279412260651588
V,GTC,0.708187111979723,0.418613293021917,1.0174994468689
V,GTG,0.467674975562096,0.238217115774751,0.707245196402073
Y,TAC,-0.69163717162013,-1.04070988297462,-0.361518774926662
Z,AGC,-0.676585903728008,-1.09142633676529,-0.290508448332548
