AA,Codon,Posterior,0.025%,0.975%
A,GCA,-0.329639093917608,-0.425446309894323,-0.231853355467319
A,GCC,-0.719179272258282,-0.817333121597767,-0.619573254883289
A,GCG,-0.767074409604073,-0.86460227817297,-0.66659955829382
C,TGC,0.0295535309734514,-0.163793927803636,0.22460061982274
D,GAC,0.742092075037956,0.637480364739895,0.850458867847919
E,GAA,-0.777336173927784,-0.884256336092949,-0.668699117004871
F,TTC,0.902984350478649,0.790042877197266,1.01618055403233
G,GGA,0.118006995245572,-0.0412665879353881,0.27031165137887
G,GGC,-0.447893904906511,-0.550420069694519,-0.348719494044781
G,GGG,0.0841518723286197,-0.0601994127035141,0.227583640441298
H,CAC,0.542929396593571,0.401719038188458,0.693839730322361
I,ATA,1.11129897443056,0.942998673021793,1.2795323908329
I,ATC,0.487895230048895,0.40070278942585,0.573847678303719
K,AAA,-1.1193410779357,-1.22347217202187,-1.01460490822792
L,CTA,0.980260754573345,0.795845583081245,1.16070301234722
L,CTC,0.270935830567777,0.141360796615481,0.399850155413151
L,CTG,-0.785300215995312,-0.884916165471077,-0.684373582899571
L,CTT,0.142652831432072,0.0189179662615061,0.262972234934568
L,TTA,-0.261724321829528,-0.379248813539743,-0.144538199901581
N,AAC,0.415544342854619,0.29643811956048,0.534963539242744
P,CCA,0.118141720741898,-0.0486618195660412,0.283950033783913
P,CCC,-0.284962077367026,-0.463210059702396,-0.106521021015942
P,CCG,-0.475077068114281,-0.610061590373516,-0.337843464314938
Q,CAA,0.225272280010581,0.121453015506268,0.327788028866053
R,AGA,1.02519175710678,0.807344734668732,1.24519408941269
R,AGG,1.41882662838697,1.09822915792465,1.73160028457642
R,CGA,0.453317336302996,0.250774724781513,0.652141734957695
R,CGC,-0.300290065188706,-0.401041644066572,-0.199220018088818
R,CGG,0.130562736460704,-0.0622341371141374,0.333177549391985
S,TCA,-0.257155229993444,-0.412401761114597,-0.104362258687615
S,TCC,-0.0184995939344873,-0.156602105870843,0.118441615998745
S,TCG,-0.422895466527343,-0.584454287588596,-0.258874808996916
T,ACA,-0.462898030129075,-0.603739048540592,-0.316556725651026
T,ACC,-0.922307346844673,-1.0383337020874,-0.805545815825462
T,ACG,-0.848811372113228,-0.987054342031479,-0.711335831880569
V,GTA,0.573665269684792,0.463538488000631,0.687431810796261
V,GTC,-0.040466752636925,-0.149229262024164,0.0653586123138665
V,GTG,-0.446748998761177,-0.550206279754639,-0.345979309082031
Y,TAC,0.47866769682467,0.327117376029491,0.631501996517181
Z,AGC,-0.338284987914562,-0.475701174885035,-0.196350622177124
