AA,Codon,Posterior,0.025%,0.975%
A,GCA,0.102760886201546,-0.186969190835953,0.396970015019178
A,GCC,0.155059508536729,-0.128162147849798,0.431463567912579
A,GCG,-0.082510459250932,-0.343245162069797,0.166970445588231
C,TGC,0.226362644725014,-0.344990263134241,0.851865704357624
D,GAC,-0.388532469611429,-0.599496987462044,-0.1799939006567
E,GAA,-0.145403420545175,-0.368276779353619,0.0593325836583971
F,TTC,-0.942774324780703,-1.28960871994495,-0.626513683795929
G,GGA,1.12065253287554,0.639728102087975,1.67954802513123
G,GGC,0.180124939164898,-0.0324333687312901,0.403441995382309
G,GGG,0.837793187391758,0.439968793839216,1.29166838228703
H,CAC,-0.115609882109755,-0.513922713696957,0.277203559875488
I,ATA,2.70970971708298,1.19731268882751,4.85910756587982
I,ATC,-0.396970852440596,-0.625527337193489,-0.172813991829753
K,AAA,0.0520901803336299,-0.212960547581315,0.300138888508081
L,CTA,0.838894665522379,0.0197908381465823,1.86248917877674
L,CTC,-0.201078751374333,-0.581747557222843,0.193185332044959
L,CTG,-0.622387680836022,-0.942519484460354,-0.322361102700233
L,CTT,0.389426676253011,-0.102436413429677,0.929761162400245
L,TTA,0.843952693375808,0.325066567212343,1.4226106107235
N,AAC,-0.757759198266268,-1.09649087488651,-0.429986369609833
P,CCA,-0.163744072392112,-0.624505804479122,0.311346804350614
P,CCC,2.37287343549728,1.15110348761082,4.00475229024887
P,CCG,-0.86046536282897,-1.26696195602417,-0.50062585324049
Q,CAA,0.635275525781512,0.339800328016281,0.945606549084186
R,AGA,2.14485132080317,1.07248324453831,3.5910658121109
R,AGG,3.52448927028179,1.25338496267796,6.260997402668
R,CGA,2.08211518980265,1.22093193233013,3.17012915015221
R,CGC,0.315697261512466,0.107341558672488,0.526524271070957
R,CGG,1.58250908386707,0.986825461685658,2.35932887196541
S,TCA,0.543440288091521,0.151596950739622,0.972949704527855
S,TCC,0.184183668672724,-0.167437243834138,0.535070157051086
S,TCG,0.167114821634303,-0.142506405338645,0.491294064372778
T,ACA,0.605040426373249,0.109201191365719,1.13963645994663
T,ACC,-0.0426822618168895,-0.404544719308615,0.279600736498833
T,ACG,-0.0867045865746753,-0.452821873873472,0.243526787683368
V,GTA,-0.0271299110634143,-0.248550983518362,0.197253278642893
V,GTC,0.346773029614554,0.0992677683010697,0.605501225590706
V,GTG,0.102404095225633,-0.0904489791020751,0.292138087749481
Y,TAC,-0.217968867297182,-0.533551929891109,0.0851788632571696
Z,AGC,-0.408463529588512,-0.860809856653214,0.000180988534338492
