AA,Codon,Posterior,0.025%,0.975%
A,GCA,0.104540892137482,0.0388642086647451,0.169932670518756
A,GCC,0.354852812242508,0.279609700292349,0.430229808390141
A,GCG,0.334941574156284,0.258326682448387,0.408290961384773
C,TGC,-0.151435299873397,-0.3325539290905,0.0234763205982744
D,GAC,-0.214036297486722,-0.294560974091291,-0.136222137138248
E,GAA,-0.11862778081767,-0.203084939718246,-0.0376995407044888
F,TTC,-0.243497525463998,-0.332451052963734,-0.153653337433934
G,GGA,0.736598181325197,0.589674726128578,0.891568069159985
G,GGC,0.181306925547123,0.113757379353046,0.25031593516469
G,GGG,0.621633844834566,0.487683044373989,0.756823088228702
H,CAC,-0.264632611563802,-0.386771348118782,-0.144168670848012
I,ATA,0.648590165221691,0.465227325260639,0.835186040401458
I,ATC,-0.220381770525873,-0.284884135425091,-0.155118682980537
K,AAA,0.00685405118626375,-0.0614443028345704,0.0725792309269309
L,CTA,0.168826791527306,-0.0234407015144825,0.36381636634469
L,CTC,-0.162744350116537,-0.284778837859631,-0.0383954021148384
L,CTG,-0.355451758924127,-0.451133195310831,-0.262516600638628
L,CTT,-0.181567419187166,-0.293610166013241,-0.0694025427103043
L,TTA,-0.0170450545753154,-0.136304545775056,0.0956894826143979
N,AAC,-0.410376380321383,-0.505379277467728,-0.315253878384829
P,CCA,-0.0120261333588595,-0.147938691824675,0.125990108028054
P,CCC,0.517376064506173,0.337817449867725,0.700451204180717
P,CCG,-0.0893976804130652,-0.202701582014561,0.0211051838472483
Q,CAA,0.0746327183421643,-0.00993959128390998,0.164244137704372
R,AGA,0.815087080180645,0.58363988250494,1.05230824053287
R,AGG,1.19432375010252,0.829359428584576,1.59387717843056
R,CGA,1.08335485728979,0.852673332393169,1.32690407931805
R,CGC,0.184807183051109,0.111034379899502,0.257659909129143
R,CGG,1.37467126822472,1.12605064809322,1.61526615023613
S,TCA,0.395342844900489,0.275586557388306,0.528010119497776
S,TCC,0.0605965115352315,-0.0321847747080028,0.155564076825976
S,TCG,0.700938593250513,0.543316331505775,0.857282884418964
T,ACA,0.437590036487579,0.323523999005556,0.557056537270546
T,ACC,0.169798280899227,0.0914243027567864,0.247823827341199
T,ACG,0.600071641850471,0.485168445855379,0.718112871050835
V,GTA,-0.0828238313262671,-0.151346040144563,-0.0132824803004042
V,GTC,0.255012287774682,0.169681907817721,0.339857790619135
V,GTG,0.366404527184367,0.284995352476835,0.449878584593534
Y,TAC,-0.258930524071492,-0.389530570805073,-0.131958772242069
Z,AGC,-0.126618789087875,-0.248712173476815,-0.00874452611897143
