AA,Codon,Posterior,0.025%,0.975%
A,GCA,0.209615751887858,0.121363799646497,0.294958829134703
A,GCC,0.38154087216258,0.28182138428092,0.483728561550379
A,GCG,0.246554391416907,0.156401512399316,0.340052751451731
C,TGC,-0.0280204506066279,-0.22442876175046,0.167863557487726
D,GAC,-0.235945338621736,-0.335101540386677,-0.139083571359515
E,GAA,-0.0842817975551974,-0.165834175050259,-0.00691163169685748
F,TTC,-0.505645625793934,-0.643367099761963,-0.369420216977596
G,GGA,0.818415440845489,0.670027694106102,0.974446968734264
G,GGC,0.123588016032928,0.0376993813551962,0.211880672723055
G,GGG,0.631220621669292,0.504418301582336,0.752823732793331
H,CAC,-0.487033235281706,-0.66842504888773,-0.308379804342985
I,ATA,1.03217888457775,0.843069402873516,1.23546961843967
I,ATC,-0.334843839591742,-0.43292947858572,-0.240183801949024
K,AAA,-0.0130773063993474,-0.103262873739004,0.0785788280889392
L,CTA,0.189286024827632,0.0249656139407307,0.36384616792202
L,CTC,-0.323474657344818,-0.450196184962988,-0.188620346039534
L,CTG,-0.619793228530884,-0.739014720916748,-0.49724161028862
L,CTT,-0.117993129112867,-0.259748393297195,0.022028489690274
L,TTA,0.252391051624401,0.0868781061843038,0.427294094860554
N,AAC,-0.65933238350153,-0.803749059140682,-0.516953618824482
P,CCA,-0.0459886205051662,-0.196005532890558,0.114901128411293
P,CCC,0.755548501336575,0.520744562149048,1.00660746991634
P,CCG,-0.30917905908227,-0.445094607770443,-0.179617904499173
Q,CAA,0.30379070699513,0.184242363274097,0.425472149252892
R,AGA,1.09216464803219,0.893138806521893,1.31387471854687
R,AGG,1.36618111999035,1.13877173960209,1.60547510683537
R,CGA,1.40396483232975,1.1621626406908,1.65540066957474
R,CGC,0.17222961502173,0.0704395340755582,0.277713640779257
R,CGG,1.39555600657463,1.16544617712498,1.63178865909576
S,TCA,0.865984725892544,0.625520239770412,1.10232916474342
S,TCC,0.0252631027274487,-0.115776112303138,0.164915695041418
S,TCG,0.562626469260454,0.377860800176859,0.760056908428669
T,ACA,0.602282908773422,0.438123444467783,0.766306395828724
T,ACC,0.108034797609958,-0.000752675176045158,0.215717739239335
T,ACG,0.482957244735956,0.338528206199408,0.623447081446648
V,GTA,0.0281179641187598,-0.0667957073077559,0.119919202104211
V,GTC,0.27244243362844,0.158068417012692,0.3896698102355
V,GTG,0.269913790473342,0.160161900147796,0.384860485047102
Y,TAC,-0.233464718792215,-0.36752121001482,-0.106096812523901
Z,AGC,-0.443597019547224,-0.620776352286339,-0.273505698889494
