AA,Codon,Posterior,0.025%,0.975%
A,GCA,-0.4559831353724,-0.556436271965504,-0.354982764273882
A,GCC,-1.03863328106403,-1.13556999266148,-0.936187720298767
A,GCG,-1.21039842610359,-1.29863342642784,-1.11813540756702
C,TGC,-0.0565211111384801,-0.23571144901216,0.119605359248817
D,GAC,0.854219278097153,0.755855414271355,0.952051617205143
E,GAA,-0.598976640295982,-0.691775964200497,-0.504265362024307
F,TTC,0.82042712700367,0.716971638798714,0.924816153943538
G,GGA,0.0961141545611055,-0.0727163378149271,0.261862147599459
G,GGC,-0.387856773918867,-0.474117586016655,-0.300636374950409
G,GGG,0.0149301008986557,-0.116955747455358,0.148921670019627
H,CAC,0.733723972773552,0.595590335130691,0.8713668435812
I,ATA,1.23028453059196,1.00498261153698,1.4512054502964
I,ATC,0.49863742929101,0.417193395644426,0.579674994945526
K,AAA,-1.0973524399519,-1.19638366997242,-0.997669562697411
L,CTA,1.03837181909084,0.837056776881218,1.2389137417078
L,CTC,0.500849609643221,0.376549238711596,0.623808631300926
L,CTG,-0.779721813583374,-0.87757211625576,-0.681922414898873
L,CTT,0.40064317241013,0.270040766149759,0.532347692549229
L,TTA,-0.0921779882793213,-0.218920098245144,0.0343681620433926
N,AAC,0.25992011003308,0.143039178103209,0.381408521533012
P,CCA,0.0619223101156571,-0.10160279981792,0.230566381663084
P,CCC,-0.329604990320001,-0.525220902264118,-0.128060745447874
P,CCG,-0.886528374946117,-1.02695815265179,-0.741596527397633
Q,CAA,0.281238609856367,0.176623260974884,0.386739469319582
R,AGA,1.45744383548498,1.13339819610119,1.78299554288387
R,AGG,1.21981748424768,0.851560372114182,1.59074364006519
R,CGA,0.627546403476596,0.406640112400055,0.862253318727016
R,CGC,-0.512434045040607,-0.604255662858486,-0.419238479435444
R,CGG,0.00454739972397238,-0.172932610288262,0.181739580631256
S,TCA,-0.293126538659772,-0.457010427117348,-0.120728417299688
S,TCC,-0.180807053423075,-0.310965510457754,-0.0490340595133603
S,TCG,-0.84034705851078,-0.987528204917908,-0.691629034280777
T,ACA,-0.259418497155362,-0.42705532386899,-0.0977359730750324
T,ACC,-1.26503919987679,-1.37667092680931,-1.15132192671299
T,ACG,-1.18061693360806,-1.31130473911762,-1.05208359062672
V,GTA,0.429701624962687,0.310001084953547,0.544943216443062
V,GTC,-0.387772249156237,-0.492166623473167,-0.28282929584384
V,GTG,-0.867205913281441,-0.962890054285526,-0.773315411806107
Y,TAC,0.547460003143549,0.412359926849604,0.68591755926609
Z,AGC,-0.23338606045281,-0.374449237436056,-0.0913372948765756
