AA,Codon,Posterior,0.025%,0.975%
A,GCA,0.144214683292806,0.0766669506207109,0.212876847013831
A,GCC,0.431619372206926,0.355088590830564,0.508790525794029
A,GCG,0.279573068451881,0.21561180613935,0.343643493205309
C,TGC,-0.164092946329163,-0.340802577883005,0.0020562761230394
D,GAC,-0.386282062420249,-0.466660597920418,-0.307331715524197
E,GAA,-0.151887250081077,-0.230333599075675,-0.0765067543834448
F,TTC,-0.638919055402279,-0.737860475480556,-0.540034154057503
G,GGA,1.39133836784363,1.18153196573257,1.61642745733261
G,GGC,0.149401597142592,0.0877607405185699,0.210956870391965
G,GGG,0.831205510699749,0.691907478868961,0.979228627681732
H,CAC,-0.522380364394188,-0.650636593997479,-0.395393816381693
I,ATA,1.47082772853374,1.13755700290203,1.81694352328777
I,ATC,-0.397250966733694,-0.46572876945138,-0.330742198973894
K,AAA,-0.0441146816056444,-0.112849920988083,0.0234460196923464
L,CTA,0.434873222748702,0.172861556336284,0.704703450202942
L,CTC,-0.412582683175802,-0.546692459285259,-0.277315374463797
L,CTG,-0.721774179792404,-0.833034253120422,-0.614715939760208
L,CTT,-0.153713675657255,-0.302333404868841,-0.00795746921794501
L,TTA,0.169102737997318,0.0170246695168316,0.323129377514124
N,AAC,-0.686150943660736,-0.801785503327846,-0.572952330112457
P,CCA,-0.269238972954825,-0.443685626238585,-0.0955557126551867
P,CCC,0.757809075278044,0.490407779812813,1.02892352342606
P,CCG,-0.45905502076447,-0.615353225171566,-0.31307085454464
Q,CAA,0.393957278522849,0.293638587743044,0.496802880614996
R,AGA,1.6654177967906,1.20259081125259,2.18314749598503
R,AGG,2.70839812886715,2.05051087141037,3.4226509809494
R,CGA,1.6972404553175,1.36835242807865,2.02946490645409
R,CGC,0.367821400532126,0.293099130690098,0.439349030703306
R,CGG,1.60881283807755,1.36822496652603,1.85527203679085
S,TCA,0.733205708754063,0.574271064996719,0.894201426208019
S,TCC,0.119710895948816,0.0297822645865381,0.207913696393371
S,TCG,0.750730473983288,0.620944480597973,0.887960363924503
T,ACA,0.715975614190102,0.559050089120865,0.881572961807251
T,ACC,0.131090803161077,0.0561726573854685,0.205758208781481
T,ACG,0.668728887444735,0.559702636301518,0.783009773492813
V,GTA,0.09973124684917,0.0270186317618936,0.176594080030918
V,GTC,0.424197283160687,0.339575706422329,0.508957229554653
V,GTG,0.388407450187206,0.319516614824533,0.458007721602917
Y,TAC,-0.350911287498474,-0.471714094281197,-0.232844265922904
Z,AGC,-0.650859211456776,-0.805158852040768,-0.501789109408855
