AA,Codon,Posterior,0.025%,0.975%
A,GCA,0.138013084766106,0.0358135970309377,0.238353339210153
A,GCC,0.407266516089439,0.30035854652524,0.513656869530678
A,GCG,0.244894923189282,0.153805914521217,0.336907905340195
C,TGC,-0.152414244852785,-0.360457698255777,0.0533566869795322
D,GAC,-0.390304662486911,-0.490489406883717,-0.294825369864702
E,GAA,-0.204649815603346,-0.304203562438488,-0.109118244983256
F,TTC,-0.599369184547663,-0.727255865931511,-0.475781175494194
G,GGA,1.15916488068104,0.942776326835155,1.38136897087097
G,GGC,0.137458938359143,0.0582547847181559,0.217201674357057
G,GGG,0.764452709686756,0.613672438263893,0.923234970867634
H,CAC,-0.48473763487339,-0.646569024026394,-0.327097699046135
I,ATA,1.34037914303541,0.956718444824219,1.75658711493015
I,ATC,-0.358163607230782,-0.448790568858385,-0.269458922743797
K,AAA,-0.0666656629378426,-0.179234113544226,0.0426281095482409
L,CTA,0.277893349202958,-0.0410744503140449,0.612007667124271
L,CTC,-0.453508002907038,-0.634756971895695,-0.270227915048599
L,CTG,-0.791444780063629,-0.942037536203861,-0.646857576072216
L,CTT,-0.168605238426226,-0.368604760617018,0.0353346929885447
L,TTA,0.163056241852105,-0.0377168263308704,0.371725449711084
N,AAC,-0.623147722262144,-0.765832653641701,-0.486435195058584
P,CCA,-0.3276326078641,-0.547389996051788,-0.112325077131391
P,CCC,0.803898362605274,0.486279866844416,1.13148464858532
P,CCG,-0.456269671884179,-0.647885206341744,-0.274831305444241
Q,CAA,0.559433066231012,0.406535328179598,0.707559441030025
R,AGA,1.9242751373291,1.27781180143356,2.63314240574837
R,AGG,2.16281396961212,1.49949859082699,2.93208904862404
R,CGA,1.41040307451487,1.07798862159252,1.76435090899467
R,CGC,0.26822783882916,0.174697928130627,0.360624697804451
R,CGG,1.45206012305021,1.19095739126205,1.71789589822292
S,TCA,0.644253386506438,0.431788351386786,0.882700097560883
S,TCC,0.0314934402948387,-0.108799446187913,0.174532183259726
S,TCG,0.738804403448105,0.546411913633347,0.937314347922802
T,ACA,0.667884817478061,0.45351359769702,0.894507113099098
T,ACC,0.0925834523450641,-0.0302270635496825,0.21078428812325
T,ACG,0.542549783754349,0.388886208832264,0.699440766870975
V,GTA,0.126223475089083,0.0157520603854209,0.242430083826184
V,GTC,0.463175415474176,0.34501793757081,0.584200961887836
V,GTG,0.333208143052459,0.241422167047858,0.427531105279922
Y,TAC,-0.340945327216387,-0.480514328926802,-0.205384724214673
Z,AGC,-0.654769524639845,-0.871949388086796,-0.437033274769783
