AA,Codon,Posterior,0.025%,0.975%
A,GCA,-0.508831943762302,-0.541713379323483,-0.475580523908138
A,GCC,-1.06695668907166,-1.10514107048512,-1.02895930409431
A,GCG,-1.24563384490013,-1.2800666064024,-1.21192483603954
C,TGC,-0.156136848449707,-0.216420707851648,-0.0969426741823554
D,GAC,0.812070767760277,0.777948354184627,0.846068753302097
E,GAA,-0.589944319963455,-0.619447553157806,-0.559284450113773
F,TTC,0.868388871860504,0.821910439431667,0.918447758257389
G,GGA,0.286406523627043,0.212100522220135,0.357451070100069
G,GGC,-0.41726249216795,-0.444549759477377,-0.390700049698353
G,GGG,0.067485032194946,0.013775817072019,0.120444992370904
H,CAC,0.757956030678749,0.707815101742744,0.808752512931824
I,ATA,1.57208549537659,1.47924313247204,1.66472916007042
I,ATC,0.540758398663998,0.507833507657051,0.575476309657097
K,AAA,-1.12731157164574,-1.16078942418098,-1.09461497962475
L,CTA,1.13820357275009,1.07339011132717,1.20133922696114
L,CTC,0.478664158129692,0.432443411648273,0.527634172141552
L,CTG,-0.82095246860981,-0.869896653294563,-0.767690855264664
L,CTT,0.435333226203918,0.390415279567242,0.483192985504866
L,TTA,-0.0588806578746706,-0.106029114127159,-0.014191071386449
N,AAC,0.326506212639809,0.274520932137966,0.381618135422468
P,CCA,-0.122108263766766,-0.17704705670476,-0.0673593867570162
P,CCC,-0.413786184644699,-0.487821891158819,-0.338641438633204
P,CCG,-1.00877186570168,-1.05675839185715,-0.959485767781734
Q,CAA,0.347185972738266,0.306177572906017,0.385564769804478
R,AGA,1.77543850264549,1.6186366558075,1.91503242850304
R,AGG,1.92511527891159,1.75380588769913,2.10006333589554
R,CGA,0.715801757979393,0.60729268938303,0.819268725812435
R,CGC,-0.410084230327606,-0.444794189929962,-0.377167376130819
R,CGG,0.12392574343197,0.0296378453727812,0.218054876103997
S,TCA,-0.477676153874397,-0.548165385425091,-0.410584306716919
S,TCC,-0.240864159154892,-0.286239721626043,-0.195909143611789
S,TCG,-0.873296922183037,-0.933234359323978,-0.813620668649673
T,ACA,-0.364768463802338,-0.43714485168457,-0.295784060657024
T,ACC,-1.27139261856079,-1.30775979459286,-1.23405647277832
T,ACG,-1.21877751479149,-1.27771813571453,-1.16624200046062
V,GTA,0.425520785725117,0.390143022686243,0.461171258985996
V,GTC,-0.31741666059494,-0.355157025158405,-0.278870278596878
V,GTG,-0.822347433710098,-0.853362217545509,-0.790734772384167
Y,TAC,0.603290052986145,0.558329193294048,0.648034273087978
Z,AGC,-0.279994395947456,-0.334807774424553,-0.22087709903717
