AA,Codon,Posterior,0.025%,0.975%
A,GCA,-0.33826145375371,-0.425467455387116,-0.252157214283943
A,GCC,-0.458842779636383,-0.575051945447922,-0.35489444732666
A,GCG,-0.554347369647026,-0.686265628039837,-0.438808044791222
C,TGC,-0.083254057593763,-0.230958862230182,0.0639951772987843
D,GAC,0.663473087406158,0.572471179068089,0.749827797710896
E,GAA,-0.736104457807541,-0.812895849347115,-0.659310199320316
F,TTC,0.570682395541668,0.475436862558126,0.663010874390602
G,GGA,0.587490550935268,0.494319652020931,0.684953165054321
G,GGC,-0.223315080067515,-0.326736100763083,-0.123150548711419
G,GGG,0.578753477013111,0.479037145525217,0.682408073544502
H,CAC,0.431807255554199,0.29407140687108,0.553566557168961
I,ATA,1.50735523271561,1.40786501169205,1.61754204332829
I,ATC,0.357032284724712,0.26948524788022,0.440572004765272
K,AAA,-0.944839331507683,-1.02667543292046,-0.859145623445511
L,CTA,1.27170779762268,1.13744816482067,1.40755020081997
L,CTC,0.221721140925959,0.112861475907266,0.330906011909246
L,CTG,-1.0844049885273,-1.19112693667412,-0.976534481346607
L,CTT,0.114208422717598,0.00397053360939026,0.214103520661592
L,TTA,-0.199442309764028,-0.30394459143281,-0.104556371830404
N,AAC,0.128704671315764,0.0331795575097203,0.218400738760829
P,CCA,0.0484509200683184,-0.0714440288022161,0.173144731298089
P,CCC,0.0850639176680237,-0.0592705407179892,0.221109687164426
P,CCG,-0.731507615876198,-0.888454546034336,-0.593312519788742
Q,CAA,0.511229681932926,0.410726726055145,0.614538675546646
R,AGA,1.560057883358,1.40671604275703,1.73542709648609
R,AGG,2.13068547935486,1.9472115457058,2.32062969207764
R,CGA,1.12330493428707,0.996110855042934,1.26066454350948
R,CGC,-0.207015579447895,-0.34005806222558,-0.0868773197755217
R,CGG,0.638088119006157,0.500216513872147,0.76850857436657
S,TCA,-0.246437520386279,-0.352904096245766,-0.138969501852989
S,TCC,0.015419781022727,-0.12561136521399,0.144711841270328
S,TCG,-0.27777086917311,-0.430074521899223,-0.132383296638727
T,ACA,-0.209713645482063,-0.311242977529764,-0.10362758487463
T,ACC,-0.895513119912148,-1.02323088645935,-0.77102856785059
T,ACG,-0.671652234089375,-0.796563401818275,-0.553908744454384
V,GTA,0.532455829119682,0.435326591134071,0.630895246565342
V,GTC,0.0669026733652972,-0.0474762052297592,0.170697003975511
V,GTG,-0.206609781718533,-0.341258762776852,-0.0941278990358114
Y,TAC,0.530924683892727,0.424574432522059,0.637382413446903
Z,AGC,-0.307516639864445,-0.424070696532726,-0.201445825770497
