AA,Codon,Posterior,0.025%,0.975%
A,GCA,0.197410516148806,0.173743845894933,0.221063035354018
A,GCC,0.437317217516899,0.403842766582966,0.470693393796682
A,GCG,0.303943115210533,0.277033125609159,0.332705079764128
C,TGC,-0.169143367445469,-0.22092275545001,-0.118404643796384
D,GAC,-0.321625115740299,-0.349914131313562,-0.294536653906107
E,GAA,-0.199873247563839,-0.223820738121867,-0.175405652821064
F,TTC,-0.643362948918343,-0.68931045383215,-0.597908222675324
G,GGA,1.10205423305035,1.02587998509407,1.18380426466465
G,GGC,0.161574777644873,0.143048198893666,0.181096979230642
G,GGG,0.779414207553863,0.721198196709156,0.835004661977291
H,CAC,-0.567720727312565,-0.615748627483845,-0.520127719640732
I,ATA,1.16439464988708,1.05475419461727,1.28330349624157
I,ATC,-0.397090506124496,-0.427386451512575,-0.367913255095482
K,AAA,-0.0819826949954033,-0.105438160896301,-0.0588573346845805
L,CTA,0.292375660216808,0.218213406577706,0.366551075875759
L,CTC,-0.376008279514313,-0.42646409869194,-0.327639476954937
L,CTG,-0.702579558730125,-0.759458720684052,-0.646354213356972
L,CTT,-0.179560470473766,-0.229794317483902,-0.127632879465818
L,TTA,0.225054478722811,0.17363600730896,0.279964240640402
N,AAC,-0.712644012212753,-0.765016415715218,-0.660240934789181
P,CCA,-0.127164940518141,-0.176601881161332,-0.0776510551571846
P,CCC,0.800150103020668,0.72007010281086,0.881458063423634
P,CCG,-0.388482080161571,-0.434253670275211,-0.342290780693293
Q,CAA,0.402653257572651,0.365873345732689,0.440957590192556
R,AGA,1.54526973104477,1.37468435168266,1.74578736126423
R,AGG,1.94797900342941,1.69753521382809,2.20540111064911
R,CGA,1.55554547100067,1.4328295737505,1.68721442818642
R,CGC,0.311137821805477,0.282788550108671,0.341043808311224
R,CGG,1.6413290207386,1.52986088693142,1.75053783357143
S,TCA,0.768389186143875,0.700741195678711,0.836989541351795
S,TCC,0.107531576582789,0.0781692860648036,0.135689613595605
S,TCG,0.711135403609276,0.654327996075153,0.766673569381237
T,ACA,0.789321332359314,0.723401287198067,0.862230029702187
T,ACC,0.157116062182188,0.132941467687488,0.182029836624861
T,ACG,0.653538205265999,0.602888698875904,0.705205161869526
V,GTA,0.0711764725461602,0.0487644394859672,0.0941310994327068
V,GTC,0.417941780734062,0.386251690983772,0.451630461215973
V,GTG,0.326276496958733,0.30093005001545,0.351820939779282
Y,TAC,-0.410720916104317,-0.45028618350625,-0.373752511292696
Z,AGC,-0.552753468418121,-0.613611716032028,-0.4956656858325
