AA,Codon,Posterior,0.025%,0.975%
A,GCA,0.0440568604354448,-0.0366568500176072,0.124744126014411
A,GCC,0.467178871297836,0.362086970359087,0.587792973220348
A,GCG,0.562012980520725,0.446398720145226,0.703973673284054
C,TGC,0.253499852885306,0.129370131716132,0.386756113171577
D,GAC,0.249158474692702,0.168662434071302,0.337639174610376
E,GAA,-0.06100202244221,-0.131795709580183,0.0124857353279368
F,TTC,0.182574606579542,0.106801136769354,0.265017040073872
G,GGA,-0.0887980632646009,-0.174283280968666,-0.00854994566179812
G,GGC,0.489479930746555,0.392601577192545,0.59357613325119
G,GGG,0.126749796213815,0.0362974465824664,0.224970378726721
H,CAC,0.331659923171997,0.207606168091297,0.464055959135294
I,ATA,-0.473072647035122,-0.564635223150253,-0.390468014776707
I,ATC,0.273407971358299,0.199114181101322,0.354692552238703
K,AAA,-0.116537493103324,-0.189427433162928,-0.046836532279849
L,CTA,-0.392900494134426,-0.510831366479397,-0.279240620881319
L,CTC,0.211089427682757,0.107670911960304,0.320231353491545
L,CTG,0.558785417258739,0.444870565086603,0.659026545286179
L,CTT,-0.220092729073763,-0.301277098059654,-0.123903253301978
L,TTA,-0.272852958738804,-0.353746076673269,-0.178465604037046
N,AAC,0.423992472267151,0.343180618435144,0.513149164617062
P,CCA,-0.0372067508870597,-0.142082019895315,0.0613599514588714
P,CCC,0.426480061876774,0.292138338088989,0.564867131412029
P,CCG,0.782066191983223,0.645733734965324,0.938081482052803
Q,CAA,-0.41568286498785,-0.515229731798172,-0.316279158741236
R,AGA,-0.813795479249954,-0.97550201267004,-0.683299492299557
R,AGG,-0.604954765498638,-0.767247408628464,-0.445970748364925
R,CGA,-0.267249216531217,-0.407840645313263,-0.146349021047354
R,CGC,0.466012161582708,0.338366275280714,0.609320569038391
R,CGG,0.26793428594172,0.12436686810106,0.418075806647539
S,TCA,0.0183431409932353,-0.0606487755663693,0.100289848819375
S,TCC,0.391669960927963,0.281277483701706,0.517178609967232
S,TCG,0.638838452160358,0.506306912004948,0.785778224468231
T,ACA,-0.0281398403868381,-0.111069163680077,0.0579059178940952
T,ACC,0.626480687260628,0.512715281546116,0.748936234414578
T,ACG,0.542300680279732,0.434138029068708,0.667060655355454
V,GTA,0.0123967936467114,-0.0660657718777657,0.0930188246071339
V,GTC,0.40137367452383,0.302591708302498,0.508308534324169
V,GTG,0.615286186993122,0.500457902252674,0.746010476350784
Y,TAC,0.252799876311421,0.159379424899817,0.346145987510681
Z,AGC,0.358744679927826,0.258324282616377,0.471588519215584
