AA,Codon,Posterior,0.025%,0.975%
A,GCA,-0.337211259365082,-0.437147457152605,-0.23937328569591
A,GCC,-0.726802045667171,-0.826646919548512,-0.626453311741352
A,GCG,-0.787917701435089,-0.887754942476749,-0.686677394807339
C,TGC,0.068821434286148,-0.131444274634123,0.265894661098718
D,GAC,0.72209080632925,0.610503827035427,0.830945852398872
E,GAA,-0.765469383132458,-0.873705859482288,-0.656977935135365
F,TTC,0.886579252767563,0.775104789435863,0.997060662508011
G,GGA,0.13415427104191,-0.0237047435250133,0.288890160620212
G,GGC,-0.447853266400099,-0.54756752550602,-0.349152854084969
G,GGG,0.0721260521925666,-0.074717765673995,0.216851564869285
H,CAC,0.545693477004766,0.400587920099497,0.692741626501083
I,ATA,1.10135510950089,0.935265575349331,1.26767714619637
I,ATC,0.484051386427879,0.395222301781178,0.573931497335434
K,AAA,-1.11984577581882,-1.22583094239235,-1.01282552480698
L,CTA,0.983815168869495,0.791566668450832,1.16430126428604
L,CTC,0.286003046029806,0.156629959121346,0.415194950997829
L,CTG,-0.770136835479736,-0.871177630126476,-0.666434310376644
L,CTT,0.139969433468045,0.0149092232109979,0.266409154236317
L,TTA,-0.246024103699625,-0.365931031107903,-0.119447466358543
N,AAC,0.415561845698953,0.299489916115999,0.53252679258585
P,CCA,0.090694147382526,-0.0755231292918324,0.256499809026718
P,CCC,-0.311709784242883,-0.484962910413742,-0.141139658913016
P,CCG,-0.490958724337816,-0.63186264783144,-0.350961801409721
Q,CAA,0.246020725686848,0.140349285304546,0.351669825613499
R,AGA,1.01451666830778,0.795152503252029,1.24104253649712
R,AGG,1.44609119428396,1.15143176615238,1.73777817189693
R,CGA,0.479431268286705,0.284202099591494,0.677478158473968
R,CGC,-0.291832126198709,-0.392630320042372,-0.188886806741357
R,CGG,0.154639908103089,-0.0358685273677111,0.345370323210955
S,TCA,-0.255355061241915,-0.40779031291604,-0.10653976071626
S,TCC,0.0014529738225624,-0.138900382816792,0.139363912865519
S,TCG,-0.409690659284592,-0.577105236053467,-0.247741048038006
T,ACA,-0.465451697954536,-0.608085806667805,-0.323902445286512
T,ACC,-0.933736311066151,-1.0471942961216,-0.818446373939514
T,ACG,-0.838517659962177,-0.976498770713806,-0.705540512502194
V,GTA,0.570220794719458,0.4596619553864,0.679380241036415
V,GTC,-0.034762181206469,-0.146346379071474,0.0747838731855154
V,GTG,-0.449026781237125,-0.552228683233261,-0.345182006806135
Y,TAC,0.469601890194416,0.325340630114079,0.618119095265865
Z,AGC,-0.343740523557365,-0.475395075976849,-0.207406918331981
