AA,Codon,Posterior,0.025%,0.975%
A,GCA,0.107907972846273,0.041993316821754,0.17518613114953
A,GCC,0.359122341758013,0.281927172839642,0.43485594317317
A,GCG,0.346625663253665,0.274253437668085,0.422228020429611
C,TGC,-0.179212033812891,-0.369520615041256,0.00390670264023347
D,GAC,-0.202165451755375,-0.280407000333071,-0.122731415554881
E,GAA,-0.125306463628693,-0.210370970144868,-0.0409850263036788
F,TTC,-0.233075558145344,-0.320988680422306,-0.145447489991784
G,GGA,0.722982430070639,0.575831261277199,0.877852389216423
G,GGC,0.181346687408537,0.11345273964107,0.251474212855101
G,GGG,0.63133686824441,0.501364670693874,0.765352949500084
H,CAC,-0.266770083966106,-0.390201757848263,-0.148206251487136
I,ATA,0.658565932118893,0.479764878004789,0.84990669041872
I,ATC,-0.218740341511369,-0.284611686319113,-0.152272947877646
K,AAA,0.0072494600547936,-0.0633169775828719,0.0746865799650549
L,CTA,0.166507414736513,-0.0232426534406841,0.376668745279312
L,CTC,-0.174457983019575,-0.297854641079903,-0.0516266227699819
L,CTG,-0.36687269988656,-0.468726308643818,-0.269723599404097
L,CTT,-0.179683313448727,-0.304320650547743,-0.0645645750686527
L,TTA,-0.0298124496837257,-0.15369379222393,0.0869222264736891
N,AAC,-0.411156014856696,-0.507584929466248,-0.314437418431044
P,CCA,0.00643481406867941,-0.125981630012393,0.14013880006969
P,CCC,0.539664727911353,0.365224174410105,0.721676406264305
P,CCG,-0.0780612998707995,-0.19023840688169,0.032613633479923
Q,CAA,0.0613892047226316,-0.0269660690333694,0.149104921892285
R,AGA,0.829711094558239,0.588954426348209,1.0701272547245
R,AGG,1.17176220737696,0.817929708957672,1.55105348229408
R,CGA,1.06163078066111,0.837110452353954,1.30124025642872
R,CGC,0.180905027393252,0.106651225499809,0.255656415224075
R,CGG,1.34995657757521,1.11798366904259,1.59758289456367
S,TCA,0.395229764857888,0.270784495770931,0.523581592738628
S,TCC,0.0493436168064786,-0.0425586187280714,0.142449391633272
S,TCG,0.692020255458355,0.539759629964829,0.848904313147068
T,ACA,0.43752356646955,0.326025042682886,0.551715233922004
T,ACC,0.175721401908249,0.0986180080100894,0.253177298605442
T,ACG,0.590277529686689,0.475796531885862,0.70780493915081
V,GTA,-0.0808989909759432,-0.150277690961957,-0.0100187941687182
V,GTC,0.251218424530327,0.165551230311394,0.339082094281912
V,GTG,0.368224666300416,0.283283327519894,0.453224938362837
Y,TAC,-0.252408046807349,-0.376552029699087,-0.12859409339726
Z,AGC,-0.122451772656311,-0.244075329601765,-0.00510628963820637
