AA,Codon,Posterior,0.025%,0.975%
A,GCA,0.176809283557889,-0.0811068825423717,0.43527198061347
A,GCC,0.310374311501623,0.0534493465907872,0.572019912302494
A,GCG,0.0180252303979214,-0.199854941293597,0.233271762728691
C,TGC,0.236808960805493,-0.335932698845863,0.900643119215964
D,GAC,-0.271958414666712,-0.478130458295345,-0.0665976591408253
E,GAA,-0.092916772731956,-0.310453732311726,0.118522929958999
F,TTC,-0.515760319476033,-0.894721713662147,-0.138505721837282
G,GGA,0.939975790992379,0.512046065926552,1.4501322478056
G,GGC,0.142238126210604,-0.0684312667697668,0.353345699608325
G,GGG,0.712621545787156,0.339171674847603,1.1484432965517
H,CAC,-0.198055890152925,-0.654417537152767,0.247045215219259
I,ATA,1.11536731840307,0.287910760939121,2.19708111286163
I,ATC,-0.543053687404096,-0.83062843978405,-0.282767295837403
K,AAA,-0.0291820586815228,-0.336651542037725,0.236814177408814
L,CTA,0.269690849023682,-0.475929512828588,1.12309423387051
L,CTC,-0.476330865770578,-0.910740664601326,-0.0412276412360376
L,CTG,-0.758213843223453,-1.16544398665428,-0.399951380491257
L,CTT,0.162139489227375,-0.385804685205221,0.651280046999454
L,TTA,0.0302986828147434,-0.457949521392584,0.531337821483612
N,AAC,-0.93385404163599,-1.34012921750546,-0.563618588447571
P,CCA,0.378783186764501,-0.26264735236764,1.04924136102199
P,CCC,0.752591926907521,0.0753137234598399,1.47396159172058
P,CCG,-0.674926295534521,-1.09521244168282,-0.288277409970761
Q,CAA,0.593634194126725,0.276067234575748,0.933660465478897
R,AGA,10.7528034885406,4.96027046442032,14.9536644697189
R,AGG,14.5625457968712,9.43995201587677,17.2681670188904
R,CGA,1.54369671355784,0.706060981750488,2.65025056600571
R,CGC,0.11179902946185,-0.18160529024899,0.412882813811302
R,CGG,1.02816870241463,0.447617194801569,1.63775088787079
S,TCA,0.278576412620704,-0.253157074004412,0.833617638051509
S,TCC,-0.292741079285694,-0.756164336204529,0.133612785488367
S,TCG,0.26938294687586,-0.244424166157842,0.804405657947063
T,ACA,1.31979986442029,0.640560103952885,2.13243309259415
T,ACC,0.0264145171679906,-0.284979590773582,0.305668556690216
T,ACG,0.316096649234334,-0.0289939953945577,0.662498186528683
V,GTA,0.268244243009941,-0.0430812085978687,0.627514860033989
V,GTC,0.25561901695549,-0.0146150133339688,0.530010816454887
V,GTG,0.152306758457085,-0.0735320931300521,0.377728049457073
Y,TAC,-0.284986586939474,-0.627723109722137,0.058431581966579
Z,AGC,-0.177091371614492,-0.653342193365097,0.269006635993719
