AA,Codon,Posterior,0.025%,0.975%
A,GCA,-0.337540288645029,-0.433151313662529,-0.237289217859507
A,GCC,-0.749604958629608,-0.847657877206802,-0.651845447719097
A,GCG,-0.800804920780659,-0.896936970949173,-0.701521189510822
C,TGC,0.0350798032024029,-0.152748511731625,0.229513695836067
D,GAC,0.731931800436974,0.629532961547375,0.835699915885925
E,GAA,-0.71219132874012,-0.818518109619617,-0.610034810006619
F,TTC,0.877348481154442,0.767590969800949,0.990687750279903
G,GGA,0.109711820608332,-0.0470480842515826,0.263882064819336
G,GGC,-0.454287181299925,-0.55027916431427,-0.354298401623964
G,GGG,0.0646291058499526,-0.0778015572577715,0.204959204792976
H,CAC,0.575927999955416,0.433602809160948,0.719140939414501
I,ATA,1.10734456781149,0.942688004672527,1.27276406884193
I,ATC,0.484910065734386,0.401066682487726,0.569911341369152
K,AAA,-1.13870380123854,-1.24362419247627,-1.03574904501438
L,CTA,1.00717008264065,0.831373375654221,1.18976961672306
L,CTC,0.335421547646821,0.209294848144054,0.463724735379219
L,CTG,-0.749726766514778,-0.850900104641914,-0.650282554328442
L,CTT,0.166953811162135,0.0447277814149857,0.290851990878582
L,TTA,-0.245718043290824,-0.361081794649363,-0.126518714055419
N,AAC,0.385777919924259,0.266650880873203,0.501727968454361
P,CCA,0.0890937555193494,-0.070489794947207,0.244130338728428
P,CCC,-0.315686601957679,-0.491376974433661,-0.139656211435795
P,CCG,-0.504697994530201,-0.638208708167076,-0.373529966175556
Q,CAA,0.226180078826845,0.121942972950637,0.327835430204868
R,AGA,1.01298757311106,0.795188848674297,1.23227798044682
R,AGG,1.4102930565834,1.11354794502258,1.7034969240427
R,CGA,0.446934440137446,0.251699717342854,0.637928801774979
R,CGC,-0.3199919791013,-0.418256837874651,-0.218941440060735
R,CGG,0.130644171552401,-0.0584894089959562,0.309845308214426
S,TCA,-0.265890202926658,-0.416368778049946,-0.115109495818615
S,TCC,-0.0193653423189636,-0.157836327701807,0.118199315853417
S,TCG,-0.474494923886657,-0.641155548393726,-0.316031391918659
T,ACA,-0.43664117270112,-0.575792023539543,-0.290640243887901
T,ACC,-0.921730333101749,-1.03645280897617,-0.8057338103652
T,ACG,-0.864997421073914,-0.998352099955082,-0.728065015375614
V,GTA,0.581613162535429,0.471580018848181,0.689956149458885
V,GTC,-0.0441735579132786,-0.150753525272012,0.062831662222743
V,GTG,-0.44123297405839,-0.542394191026688,-0.338892424851656
Y,TAC,0.490780242189765,0.34700034558773,0.635213756561279
Z,AGC,-0.311871673214436,-0.444494257122278,-0.180837552621961
