AA,Codon,Posterior,0.025%,0.975%
A,GCA,0.107648380858777,0.0429288258776069,0.173015167564154
A,GCC,0.372360752406716,0.298224552720785,0.447725117206573
A,GCG,0.354023413428664,0.280902227014303,0.430211309343576
C,TGC,-0.156493974483798,-0.343406211584806,0.0157889293506741
D,GAC,-0.207689353336394,-0.287183136492968,-0.12958069704473
E,GAA,-0.158170621972904,-0.242426849529147,-0.074110353551805
F,TTC,-0.228026564781368,-0.319959960877895,-0.139564584195614
G,GGA,0.741671557486057,0.596426041424274,0.897300413250923
G,GGC,0.183744129676372,0.115809250064194,0.252231977880001
G,GGG,0.634632350462675,0.503309187293053,0.764009094238281
H,CAC,-0.28616370383352,-0.410620309412479,-0.165568048506975
I,ATA,0.652237844157219,0.472662913054228,0.832837925851345
I,ATC,-0.219397493308783,-0.283445630222559,-0.153207743540406
K,AAA,0.0167096960297675,-0.0487941176630557,0.0841183321550488
L,CTA,0.147521361068303,-0.0432791206985712,0.332004306465387
L,CTC,-0.210441141317307,-0.330304192006588,-0.0914220392704013
L,CTG,-0.382692486989498,-0.481175351142883,-0.285558011382818
L,CTT,-0.200122224482801,-0.313856291770935,-0.0855959383770824
L,TTA,-0.0294242688960445,-0.145956844463944,0.0897023484110832
N,AAC,-0.391297900626063,-0.485491508990526,-0.294004168361425
P,CCA,0.00648191074806709,-0.124568648636341,0.139922620356083
P,CCC,0.538069671812654,0.359177502989769,0.726560278236865
P,CCG,-0.0713112695653457,-0.180694904178381,0.0382833829149603
Q,CAA,0.0744947712391193,-0.00951792811974883,0.161784209683537
R,AGA,0.824758438485861,0.587820661067963,1.06334503293037
R,AGG,1.20503430184126,0.84198649674654,1.59330949485302
R,CGA,1.08753673582077,0.870842629671097,1.32082538604736
R,CGC,0.195553239502013,0.12249439060688,0.27071770876646
R,CGG,1.36948885207176,1.14833026230335,1.6083012342453
S,TCA,0.399504004892707,0.277107148617506,0.525140187144279
S,TCC,0.0604863731409765,-0.0311889095231891,0.154439921304584
S,TCG,0.743830494225025,0.592335845530033,0.903974941372871
T,ACA,0.417689063212276,0.307829119265079,0.52888071835041
T,ACC,0.168684958231822,0.0918532036244869,0.249068791046739
T,ACG,0.612277788084745,0.502649673819542,0.727142633497715
V,GTA,-0.0867422016216791,-0.154971949383616,-0.0186606626026332
V,GTC,0.257968289370835,0.173729868605733,0.343522226065397
V,GTG,0.362787944826484,0.282839046418667,0.446774971485138
Y,TAC,-0.26717634344846,-0.388786722719669,-0.146237095445395
Z,AGC,-0.14528879616383,-0.266467167437077,-0.0306720806285742
