AA,Codon,Posterior,0.025%,0.975%
A,GCA,0.208651880954954,0.0528339522890747,0.371714354306459
A,GCC,0.29574568599537,0.151120536774397,0.445821537077427
A,GCG,0.0536419169401697,-0.0779451997950673,0.185096791386604
C,TGC,-0.19227245418081,-0.573676607012749,0.178766784444451
D,GAC,-0.309620647701621,-0.439931017905474,-0.178209507465363
E,GAA,-0.0695412695917599,-0.204243979230523,0.0603866105899214
F,TTC,-0.790170500296354,-0.988633824884891,-0.594942004978657
G,GGA,1.4262954585433,1.10355297029018,1.77845098376274
G,GGC,0.354717297376692,0.225370486080647,0.483019877970219
G,GGG,0.788746307325363,0.573005425930023,1.01026009321213
H,CAC,-0.461329047011584,-0.683134943246841,-0.250066558644176
I,ATA,1.70297566342354,1.08940550088882,2.4198750436306
I,ATC,-0.266185986303166,-0.391619912534952,-0.138825155422091
K,AAA,0.0955706118385555,-0.043607325386256,0.227429002150893
L,CTA,0.499182320014638,0.0280226462054998,1.0253154784441
L,CTC,-0.166181925038458,-0.448080603033304,0.113479223102331
L,CTG,-0.828018534123898,-1.04272666871548,-0.628247281908989
L,CTT,0.25266633356394,-0.0654167987406254,0.57043087631464
L,TTA,0.517603008103743,0.201738991215825,0.844404159486294
N,AAC,-0.800613025194406,-1.00998134315014,-0.599759757518769
P,CCA,-0.314039509489399,-0.679595997929573,0.039661747869104
P,CCC,1.30994565130919,0.728850662708282,1.90904804766178
P,CCG,-0.944812507551908,-1.26082885563374,-0.655629102885723
Q,CAA,0.596079355373979,0.403100208938122,0.805364464223385
R,AGA,3.2562709240675,2.12963768839836,4.68198173046112
R,AGG,4.69895145652294,2.63059750795364,7.59948014020919
R,CGA,1.70150439138412,1.22722591459751,2.22166792154312
R,CGC,0.283054522050172,0.157061638310552,0.416662365198135
R,CGG,1.53845435367823,1.1598424911499,1.94312333166599
S,TCA,0.763099858990312,0.446142215281725,1.12268517911434
S,TCC,-0.099507357444379,-0.272132816165686,0.0772340804338455
S,TCG,0.460922410745919,0.224695955589414,0.711339057981967
T,ACA,1.07470451847911,0.733444200456142,1.44203214347362
T,ACC,0.0101644480735791,-0.1548638548702,0.168815496563911
T,ACG,0.450692417495698,0.244555622339249,0.659919096529483
V,GTA,-0.0891310218137053,-0.250151234120131,0.0798782931640744
V,GTC,0.337388000814989,0.150662237778306,0.530697065591812
V,GTG,0.062227278254152,-0.0796024698764086,0.213093248009682
Y,TAC,-0.414228098855913,-0.60702740252018,-0.235647504404187
Z,AGC,-0.651571057485044,-0.989774638414383,-0.336970770359039
