AA,Codon,Posterior,0.025%,0.975%
A,GCA,-0.480250595116615,-0.579723097383976,-0.377206490188837
A,GCC,-1.00464879717827,-1.10151675641537,-0.905480280518532
A,GCG,-1.21655268535614,-1.30913923680782,-1.12357968389988
C,TGC,-0.151229465531476,-0.343341636657715,0.0336687059141696
D,GAC,0.85218773086071,0.753898471593857,0.952572901546955
E,GAA,-0.594297662901878,-0.68541474044323,-0.494489271193743
F,TTC,0.773041412615776,0.662886627018452,0.880411283671856
G,GGA,0.0896338738186867,-0.0873033847659826,0.276189443469048
G,GGC,-0.401519418442249,-0.492987644672394,-0.309998773038387
G,GGG,-0.000997360420806944,-0.14380114339292,0.137556520104408
H,CAC,0.673384342491627,0.534599579870701,0.814907306432724
I,ATA,1.26641267745495,1.04399959445,1.48722321987152
I,ATC,0.490352557444572,0.409354659169912,0.572805400192738
K,AAA,-1.07797490544319,-1.17946924567223,-0.976478141546249
L,CTA,0.966555843067169,0.75776714682579,1.17423468828201
L,CTC,0.453984069597721,0.322402675449848,0.586010551452637
L,CTG,-0.76337553832531,-0.863157007098198,-0.665278784930706
L,CTT,0.405120435142517,0.264939527213573,0.545105142891407
L,TTA,-0.0640335465999044,-0.191342010721564,0.0709982339292765
N,AAC,0.251326256750524,0.128704042732716,0.37763432264328
P,CCA,0.074352889484691,-0.100339914485812,0.255182675272226
P,CCC,-0.232854187766992,-0.438037497550249,-0.0177265806123613
P,CCG,-0.830790218186378,-0.982758419215679,-0.682240900397301
Q,CAA,0.286306802627444,0.183163243532181,0.392693696171045
R,AGA,1.49941509122849,1.18642830848694,1.80758601129055
R,AGG,1.23862878816128,0.82024656534195,1.66867228448391
R,CGA,0.651469983172417,0.401526988297701,0.888398876786232
R,CGC,-0.511522308719158,-0.609580117464066,-0.417657546699047
R,CGG,0.0319944286325772,-0.153388429805636,0.21490036547184
S,TCA,-0.222973088020302,-0.393113480508328,-0.0547779886983335
S,TCC,-0.169653902359633,-0.30222010910511,-0.0325815635733306
S,TCG,-0.801239232087135,-0.947418181598186,-0.655892178416252
T,ACA,-0.233537108403389,-0.416122300177813,-0.0638550912961364
T,ACC,-1.2462800798893,-1.35580032169819,-1.13503465652466
T,ACG,-1.15375487949848,-1.28926319181919,-1.02254542410374
V,GTA,0.454789579224586,0.338681221753359,0.571675343811512
V,GTC,-0.38971667227149,-0.495489627867937,-0.278729048371315
V,GTG,-0.887915361189842,-0.984075258672237,-0.792970666289329
Y,TAC,0.559434701597691,0.423870596289635,0.698403020203114
Z,AGC,-0.291318647771701,-0.437591726332903,-0.135792100429535
