AA,Codon,Posterior,0.025%,0.975%
A,GCA,0.157058472749591,0.093409370072186,0.226781904324889
A,GCC,0.408093021965027,0.330862495303154,0.48287694901228
A,GCG,0.283528173691034,0.217186139151454,0.348320789635181
C,TGC,-0.0966444211113587,-0.278571598231792,0.0794560503214599
D,GAC,-0.384631015646458,-0.462213396281004,-0.3075529769063
E,GAA,-0.154351211681589,-0.232742860168219,-0.0803638331592083
F,TTC,-0.603292735219002,-0.704256877303123,-0.504255256056786
G,GGA,1.3916918390274,1.15895146727562,1.62309142053127
G,GGC,0.156565303838253,0.0915369339287281,0.2172168944031
G,GGG,0.8437813174963,0.702234104275703,0.995364429056644
H,CAC,-0.480787834727764,-0.610151128470898,-0.357536046206951
I,ATA,1.42436213891506,1.09904510974884,1.77579257190228
I,ATC,-0.392174011325836,-0.462231236696243,-0.321087749302387
K,AAA,-0.0542452768159521,-0.121756342612207,0.0122486873995513
L,CTA,0.519901495820284,0.25033466219902,0.809975573420525
L,CTC,-0.381168069291115,-0.52204732298851,-0.239980481937527
L,CTG,-0.735545057439804,-0.847812080383301,-0.62450433075428
L,CTT,-0.160311632107157,-0.312196055799723,-0.00677420791471377
L,TTA,0.140159604414061,-0.0168291356414557,0.298614532500505
N,AAC,-0.679598457741737,-0.797438582777977,-0.56303563863039
P,CCA,-0.288398669206817,-0.470821622014046,-0.10830641426146
P,CCC,0.659221977052093,0.393535946309567,0.922280660271645
P,CCG,-0.507202462631464,-0.664702481031418,-0.35538113489747
Q,CAA,0.390622493314743,0.285721176862717,0.496571848541498
R,AGA,1.62152044966221,1.17080132365227,2.10739254951477
R,AGG,2.67842268362045,1.92118214964867,3.47984966635704
R,CGA,1.67447915220261,1.34244352579117,2.0331406056881
R,CGC,0.368449159479141,0.29694714769721,0.443775449693203
R,CGG,1.57418905301094,1.33117443025112,1.82443561255932
S,TCA,0.682259706938267,0.524981613457203,0.843012362718582
S,TCC,0.114906728166575,0.0267027265857905,0.205908259004355
S,TCG,0.724852587759495,0.591263116896153,0.865059651434422
T,ACA,0.699191014778614,0.537641416490078,0.860767704248428
T,ACC,0.12122761655855,0.0468940771184862,0.19310513921082
T,ACG,0.653701682114601,0.539702114462852,0.776032264530659
V,GTA,0.088005599119229,0.0117470293072984,0.163934428989887
V,GTC,0.425583368772268,0.343527881801128,0.510018034279346
V,GTG,0.401361475658417,0.328694082051516,0.475133300572634
Y,TAC,-0.359720385706425,-0.48634522780776,-0.244232522696257
Z,AGC,-0.600223226082325,-0.759711234271526,-0.443528118729591
