AA,Codon,Posterior,0.025%,0.975%
A,GCA,0.2241649452582,0.105010619573295,0.345485678315163
A,GCC,0.363583926433325,0.240122751891613,0.480885227024555
A,GCG,0.303973021227121,0.194407105445862,0.40363280698657
C,TGC,-0.109626833257527,-0.384587445110083,0.15504476800561
D,GAC,-0.348012854504585,-0.445796196162701,-0.247237377986312
E,GAA,-0.174643685666844,-0.287023972719908,-0.0675926264375448
F,TTC,-0.58422993118763,-0.725888189673424,-0.443534050136805
G,GGA,1.34750916078091,1.07224539220333,1.63672097027302
G,GGC,0.164718084792793,0.0722285194322467,0.258514432609081
G,GGG,0.792827326989174,0.620499359071255,0.980649012327194
H,CAC,-0.50084198679328,-0.67296366840601,-0.335290484875441
I,ATA,1.2198406178236,0.808025579154491,1.68637130558491
I,ATC,-0.42959880053997,-0.535624268651009,-0.325062794238329
K,AAA,-0.110251986984289,-0.241507495567203,0.0164247501641512
L,CTA,0.540175551647693,0.179467757791281,0.9332464158535
L,CTC,-0.311932802579179,-0.491429939866066,-0.137179088592529
L,CTG,-0.578294519233704,-0.721732790768147,-0.436400002986193
L,CTT,0.144748905952191,-0.0759066432714462,0.377142661809921
L,TTA,0.31210143859759,0.0956058070063591,0.527163563668728
N,AAC,-0.653572446584701,-0.811840173602104,-0.505511704087257
P,CCA,-0.485707480981946,-0.744721639156342,-0.219298432394862
P,CCC,0.339865209968202,-0.00315810139290988,0.66800728738308
P,CCG,-0.659300766861439,-0.899059817194939,-0.432694729417562
Q,CAA,0.566018285310268,0.40516205728054,0.730881564319134
R,AGA,1.24056995931864,0.75803347826004,1.81963720023632
R,AGG,2.58814117846489,1.653945556283,3.66206946969032
R,CGA,1.57911976308823,1.14193384647369,2.06067016720772
R,CGC,0.346573143768311,0.235557057708502,0.456966769695282
R,CGG,1.68807943778038,1.35728726387024,2.03325274586678
S,TCA,0.677355233192444,0.454265636205673,0.902256809175015
S,TCC,0.186284940414736,0.0444883553311229,0.336319476366043
S,TCG,0.88633902926445,0.676780468225479,1.10818068683147
T,ACA,0.610024084967375,0.386142846941948,0.845834143459797
T,ACC,0.1764528465899,0.0404031397774816,0.307315675914288
T,ACG,0.672783185958862,0.497160302847624,0.850884985923767
V,GTA,0.0476255117853607,-0.0663369175046682,0.165288059785962
V,GTC,0.415604776710272,0.29301400333643,0.54326229095459
V,GTG,0.349223994040489,0.251056223362684,0.447124551981688
Y,TAC,-0.326925697934628,-0.483218671381474,-0.177245700731874
Z,AGC,-0.506233771264553,-0.732693418860435,-0.275509629398584
