AA,Codon,Posterior,0.025%,0.975%
A,GCA,0.258059047994018,0.114890821836889,0.406492660939693
A,GCC,0.612574959290028,0.419153979420662,0.815889739990234
A,GCG,0.390039349204302,0.232426254823804,0.564210674166679
C,TGC,-0.23252422730306,-0.706335557997227,0.216266625374556
D,GAC,-0.416841552257538,-0.598230405151844,-0.236115509644151
E,GAA,-0.249239846298471,-0.385861049592495,-0.108240056969225
F,TTC,-0.536203819316626,-0.773596338927746,-0.318354048579931
G,GGA,1.55736521215439,1.18203894495964,1.98271359801292
G,GGC,0.25988728301113,0.102551994659007,0.424807734042406
G,GGG,0.837831376457214,0.580311353504658,1.09891997277737
H,CAC,-0.87696046833992,-1.28276259899139,-0.507591508328915
I,ATA,1.7455662512064,1.2448974519968,2.31702247262001
I,ATC,-0.269179251119401,-0.440571347624063,-0.103794877231121
K,AAA,-0.014260452064248,-0.180398084595799,0.157098577544093
L,CTA,0.403425221076468,-0.00810129622695967,0.81107943803072
L,CTC,-0.588500771737099,-0.858063362538815,-0.323198209702969
L,CTG,-1.03386784486771,-1.29271839857101,-0.788781346380711
L,CTT,-0.085801806769782,-0.41189970523119,0.230199531465769
L,TTA,0.190600324870323,-0.140471528097987,0.537000599503517
N,AAC,-0.744186170840263,-1.01829408705235,-0.495792369544506
P,CCA,-0.313228855893458,-0.606834591925144,-0.0271774208173155
P,CCC,1.3729075799942,0.768356223404407,2.04577097296715
P,CCG,-0.653441719371825,-0.914981126785278,-0.390051693469286
Q,CAA,0.524603146660328,0.311908485740423,0.753506655991077
R,AGA,1.85412125926018,1.36917098462582,2.40145660638809
R,AGG,2.77851532640457,2.12127690911293,3.55977851748467
R,CGA,1.78992627186775,1.3322142124176,2.27287753820419
R,CGC,0.503178591763973,0.308669228106737,0.708931261301041
R,CGG,2.38041998176575,1.80118334889412,3.05284208059311
S,TCA,0.619489177143574,0.300394728034735,0.959481491148472
S,TCC,-0.0708054790759052,-0.254216627031565,0.117105505988002
S,TCG,1.00795142821074,0.585211232304573,1.51249264478684
T,ACA,1.10007306576967,0.763312529027462,1.46190082132816
T,ACC,0.355058436194062,0.162723560258746,0.556531785428524
T,ACG,0.834636541044712,0.565394756197929,1.12679895162582
V,GTA,0.0178471343403558,-0.121063237264752,0.163442052528262
V,GTC,0.432729720962048,0.233036527037621,0.645981459319592
V,GTG,0.433721595802903,0.23388942219317,0.633585888147354
Y,TAC,-0.451256853780895,-0.692970292270184,-0.228338596224785
Z,AGC,-0.654640499304235,-1.00197307467461,-0.326101268082857
