AA,Codon,Posterior,0.025%,0.975%
A,GCA,-0.362267109897733,-0.45062812268734,-0.27124916613102
A,GCC,-0.803305487680435,-0.89410315155983,-0.713294410705566
A,GCG,-0.908763510084152,-0.996319253742695,-0.821812821924687
C,TGC,0.0562968823581818,-0.126651899516582,0.234653633460402
D,GAC,0.779650712168217,0.685641257464886,0.877583557367325
E,GAA,-0.73101873011589,-0.822307687997818,-0.639050705730915
F,TTC,0.909046911120415,0.808444486558437,1.01025691628456
G,GGA,0.0937510158375568,-0.0454247765243053,0.235376520082354
G,GGC,-0.393738807591796,-0.481736516952515,-0.308320123702288
G,GGG,0.0853257714798194,-0.0389899548143148,0.214216858148575
H,CAC,0.63090201010108,0.497950449585915,0.764492124319077
I,ATA,1.09182525041103,0.931633299589157,1.24892214238644
I,ATC,0.508252612733841,0.430216863751411,0.587949392199516
K,AAA,-1.14522881512642,-1.242260029912,-1.04715293645859
L,CTA,1.04124732438326,0.872620539367199,1.20860550105572
L,CTC,0.349238749334216,0.233988068625331,0.464747039973736
L,CTG,-0.746150128161907,-0.836821979284286,-0.654596707224846
L,CTT,0.214657701165229,0.101226894184947,0.326619983464479
L,TTA,-0.187420015675947,-0.294702881574631,-0.0787500537931919
N,AAC,0.441515862688422,0.33518460392952,0.552437208592892
P,CCA,0.0362585943333164,-0.110658114030957,0.185685789212584
P,CCC,-0.324507314887643,-0.490421381592751,-0.158378787338734
P,CCG,-0.563024170148373,-0.691009651124477,-0.436197024583817
Q,CAA,0.236502017077059,0.140895988792181,0.333136958628893
R,AGA,1.04083135207891,0.831180654466152,1.25248899459839
R,AGG,1.36703067140579,1.09253162145615,1.63983888924122
R,CGA,0.410666851682216,0.229781925305724,0.59393631964922
R,CGC,-0.3470953330338,-0.43897557258606,-0.254764077812433
R,CGG,0.123623815927109,-0.0503368434496224,0.299541685730219
S,TCA,-0.279347735756636,-0.421236680448055,-0.134894362092018
S,TCC,-0.0645667871353598,-0.193409569561481,0.0597798609174786
S,TCG,-0.584121720647812,-0.733178237080574,-0.434870903193951
T,ACA,-0.520952843803167,-0.659458796679974,-0.387932359427214
T,ACC,-1.01270354027748,-1.12015487849712,-0.907752852141857
T,ACG,-0.921071201467514,-1.04535784125328,-0.794587947428227
V,GTA,0.526430383569002,0.424934343993664,0.627900420129299
V,GTC,-0.11108976885328,-0.213186690583825,-0.00916204671375455
V,GTG,-0.588889109277725,-0.678445285558701,-0.49416870251298
Y,TAC,0.553539059197903,0.426154171675444,0.683006612956524
Z,AGC,-0.332601280990243,-0.461155549436808,-0.207629318162799
