AA,Codon,Posterior,0.025%,0.975%
A,GCA,0.118306230164878,0.0560716153122485,0.181946126744151
A,GCC,0.400242263567448,0.327228438854218,0.473042377829552
A,GCG,0.419427609109879,0.349224302917719,0.490736881643534
C,TGC,-0.171778767702433,-0.349301768839359,-0.00497300401912126
D,GAC,-0.235005452133715,-0.310473348200321,-0.16114066503942
E,GAA,-0.146582779177465,-0.227899216115475,-0.069105193950236
F,TTC,-0.247598330521584,-0.333438626676798,-0.163371301814914
G,GGA,0.765379669612646,0.628087840974331,0.907359530031681
G,GGC,0.152772873719782,0.0921542298048735,0.216355779021978
G,GGG,0.628028257191181,0.506393215060234,0.749791166186333
H,CAC,-0.322424559636414,-0.439508447796106,-0.204943300783634
I,ATA,0.670875618195534,0.493411818891764,0.862163540720939
I,ATC,-0.232475577169657,-0.293310508131981,-0.17015445381403
K,AAA,0.0199512769529536,-0.0447324922308326,0.0845317412167787
L,CTA,0.120126416824818,-0.0578670900315046,0.305194538831711
L,CTC,-0.222210296533536,-0.337134048342705,-0.108943934924901
L,CTG,-0.387729423218966,-0.478426419198513,-0.298059552907944
L,CTT,-0.235566029334813,-0.345539668947458,-0.123630329035223
L,TTA,-0.0750226394915878,-0.186126440390944,0.0347084058448671
N,AAC,-0.427524088183045,-0.522118620574474,-0.337297266721726
P,CCA,0.04023663578302,-0.0834238490089774,0.164311670139432
P,CCC,0.536695896068215,0.372375122457743,0.704477961361408
P,CCG,-0.0340662329450497,-0.139831680431962,0.0697691248729825
Q,CAA,0.0674617705564815,-0.013825166085735,0.150270914658904
R,AGA,0.794023143929243,0.574466119706631,1.02572167217731
R,AGG,1.23974157458544,0.891559572517872,1.61621873676777
R,CGA,1.11864022196531,0.900007469952106,1.34178198873997
R,CGC,0.211877656650543,0.140381463617086,0.283015099912882
R,CGG,1.36920770546198,1.14763303697109,1.59722767472267
S,TCA,0.402439758497477,0.285160198807716,0.522388517856598
S,TCC,0.0836995792785095,-0.00375580326654017,0.174371826648712
S,TCG,0.830536503171921,0.679455389082432,0.983800925314426
T,ACA,0.463464793020487,0.354408380389214,0.575351870059967
T,ACC,0.214514850203693,0.142662904039025,0.2868467412889
T,ACG,0.636758327418566,0.528095588088036,0.748807641863823
V,GTA,-0.0596484140923352,-0.124627744592726,0.00814873974304645
V,GTC,0.292001574859023,0.212484648451209,0.374490331113338
V,GTG,0.457471626478434,0.37690190449357,0.537141256034374
Y,TAC,-0.308037830506265,-0.423309096693993,-0.195162765309215
Z,AGC,-0.129701821320865,-0.245854815468192,-0.0154660812579096
