AA,Codon,Posterior,0.025%,0.975%
A,GCA,0.112725299011394,0.0219640123657882,0.205918766185641
A,GCC,0.36044357880652,0.260469195246696,0.458067156374454
A,GCG,0.0704801946372281,-0.0101530918153003,0.15256521217525
C,TGC,-0.339881312120566,-0.574705126881599,-0.109051917493343
D,GAC,-0.330689555746317,-0.417461249232292,-0.23852908834815
E,GAA,-0.0772500511086441,-0.163613635674119,0.0072649562032893
F,TTC,-0.783110267961025,-0.905626948177815,-0.661619853973389
G,GGA,1.33701135390997,1.13841993808746,1.54237076640129
G,GGC,0.127157380491256,0.0529801597818732,0.201400458440185
G,GGG,0.781891496002674,0.635699567198753,0.929915361106395
H,CAC,-0.52344800067544,-0.678631143271923,-0.372696053236723
I,ATA,1.802671048522,1.43619317412376,2.19889549016952
I,ATC,-0.416382720881701,-0.499775292724371,-0.337459296733141
K,AAA,-0.125081911345758,-0.228767139464617,-0.0232484115287662
L,CTA,0.468871606895886,0.182164676487446,0.76883210837841
L,CTC,-0.227916881394095,-0.397173597663641,-0.0617563860490919
L,CTG,-0.834465250778198,-0.967709738016129,-0.710544261336327
L,CTT,0.168932074062095,-0.016606869129464,0.35406438857317
L,TTA,0.489826845446229,0.301758543401957,0.67901771068573
N,AAC,-0.818664291954041,-0.957110142707825,-0.688566099107266
P,CCA,-0.405834974495694,-0.626443319022655,-0.180259995907545
P,CCC,0.868662577110529,0.551160265505314,1.19276958405972
P,CCG,-1.00288942139149,-1.19331534206867,-0.815178596973419
Q,CAA,0.568417982882261,0.441128242760897,0.701065577566624
R,AGA,2.8485907479763,2.19608516097069,3.56828865408897
R,AGG,2.62915208957195,2.0450062930584,3.33487905263901
R,CGA,1.98364497663975,1.64294719696045,2.34810432195663
R,CGC,0.338631845390797,0.247163454070687,0.434160500764847
R,CGG,1.65863501770496,1.38433516919613,1.95493140220642
S,TCA,0.62950591237545,0.447693401575089,0.817851239442825
S,TCC,0.0279836595890312,-0.0991168662905693,0.159164202585816
S,TCG,0.496000672394037,0.342895595729351,0.655576349794864
T,ACA,1.17375917048454,0.952494218945503,1.4056241363287
T,ACC,0.0204838456679111,-0.0812433129176497,0.118730003386736
T,ACG,0.477702426540852,0.341860246658325,0.616735045611858
V,GTA,-0.0660911013368139,-0.16954587213695,0.0368971893563866
V,GTC,0.38433588270098,0.268812587112188,0.503269380331039
V,GTG,0.11489138573301,0.0219851215369999,0.20121422894299
Y,TAC,-0.449950553116202,-0.582601863145828,-0.324557115882635
Z,AGC,-0.558712616470456,-0.756808058917522,-0.369237738102675
