AA,Codon,Posterior,0.025%,0.975%
A,GCA,-0.507887292909622,-0.590224236249924,-0.419630181789398
A,GCC,-1.10107652335167,-1.18155072927475,-1.01977034509182
A,GCG,-1.24553851323128,-1.32157640755177,-1.17088414132595
C,TGC,-0.286346818550676,-0.438996309787035,-0.134163140133023
D,GAC,0.825430097532272,0.747453039884567,0.905374309420586
E,GAA,-0.618342278528214,-0.693864098191261,-0.544572746753693
F,TTC,0.792113018274307,0.704244181513786,0.878220254182816
G,GGA,0.120443866717952,-0.0180747193749994,0.262406603991985
G,GGC,-0.438092596888542,-0.508935754001141,-0.368276631087065
G,GGG,-0.0426918158839515,-0.148866393044591,0.0715509936213494
H,CAC,0.72085810508728,0.607042424380779,0.835597164928913
I,ATA,1.23303555247784,1.04318137466908,1.42627250850201
I,ATC,0.510927867650986,0.440570495277643,0.580472628772259
K,AAA,-1.16328047084808,-1.25166766047478,-1.07533744871616
L,CTA,1.12278056354523,0.953905366361141,1.30164737999439
L,CTC,0.460880901730061,0.352806770801544,0.568726658821106
L,CTG,-0.761501776838303,-0.844824130833149,-0.678146199882031
L,CTT,0.455195315349102,0.345146895945072,0.569342096149921
L,TTA,-0.045610403202314,-0.15985119715333,0.0703298605978489
N,AAC,0.303904868078232,0.207705195248127,0.408619490265846
P,CCA,0.000198844359000213,-0.143917148187757,0.142220804467797
P,CCC,-0.392682932651043,-0.568996788561344,-0.213960261642933
P,CCG,-0.984857784318924,-1.1040450245142,-0.864680862426758
Q,CAA,0.250140699470043,0.160807403922081,0.338312419503927
R,AGA,1.70587221059799,1.42579675018787,1.98050861954689
R,AGG,1.38081708114147,1.05078018307686,1.7050106048584
R,CGA,0.708038473629951,0.515273047983646,0.905955398082733
R,CGC,-0.506153785228729,-0.584061013162136,-0.424977288395166
R,CGG,0.0786254188986262,-0.0776679685339332,0.232156345620751
S,TCA,-0.275207418524474,-0.415390798449516,-0.133419544249773
S,TCC,-0.202339579575323,-0.320294660329819,-0.0890400640666484
S,TCG,-0.89638152244091,-1.02646854817867,-0.768354438245296
T,ACA,-0.213042948736623,-0.359762364625931,-0.0674194045364857
T,ACC,-1.23289504346848,-1.3289209395647,-1.13663822412491
T,ACG,-1.17801481986046,-1.29038087427616,-1.06388477683067
V,GTA,0.458031182074547,0.364780810475349,0.555601440370083
V,GTC,-0.36163896446228,-0.454228492826223,-0.268794433772564
V,GTG,-0.859792457771301,-0.939327278733254,-0.778240393102169
Y,TAC,0.623759205138683,0.510484264791012,0.738856203854084
Z,AGC,-0.378168412879109,-0.500536501407623,-0.255031804740429
