AA,Codon,Posterior,0.025%,0.975%
A,GCA,0.168048565402627,0.103068890236318,0.232761851325631
A,GCC,0.466088551640511,0.396126659959555,0.5369829043746
A,GCG,0.294534937363863,0.237989490479231,0.353702472150326
C,TGC,-0.00179627418105665,-0.162026297673583,0.15110220387578
D,GAC,-0.368637070220709,-0.440374660491943,-0.301950128376484
E,GAA,-0.140899459216744,-0.20906850323081,-0.0729623518884182
F,TTC,-0.617792525911331,-0.709408742189407,-0.526874002814293
G,GGA,1.3429287191391,1.14544180035591,1.53025338351727
G,GGC,0.174529671567678,0.117171593382955,0.232053941115737
G,GGG,0.872107384037972,0.74746490418911,0.996528261899948
H,CAC,-0.513566760754585,-0.632064417004585,-0.40274513438344
I,ATA,1.47494684824944,1.16522141396999,1.79243402183056
I,ATC,-0.405636777484417,-0.467054809629917,-0.341632568836212
K,AAA,-0.0120700931424799,-0.0748269213363528,0.0501927985809743
L,CTA,0.342271692310646,0.113256357982755,0.585428746044636
L,CTC,-0.388031903809309,-0.52226278334856,-0.262152609229088
L,CTG,-0.739855086755753,-0.843727308511734,-0.638742531836033
L,CTT,-0.202286603583023,-0.335899151861668,-0.067703466489911
L,TTA,0.122103953271656,-0.021370102558285,0.274584223330021
N,AAC,-0.718236228442192,-0.819108811020851,-0.613963823020458
P,CCA,-0.216507712191122,-0.372408831864595,-0.064892641827464
P,CCC,0.806924101710319,0.570387834310532,1.05332479178905
P,CCG,-0.383034087508917,-0.514241588115692,-0.25605638846755
Q,CAA,0.416146518182754,0.325668447464705,0.506448078155518
R,AGA,1.37474275248051,0.982627131044865,1.8004818290472
R,AGG,2.48405279884338,1.89770446121693,3.11717841625214
R,CGA,1.60512443351746,1.31062387228012,1.90755015313625
R,CGC,0.364778493618965,0.297562222927809,0.431458856165409
R,CGG,1.52520948491096,1.30422285199165,1.75493056774139
S,TCA,0.71220861171484,0.573201309144497,0.860309302806854
S,TCC,0.129348528079374,0.0489501015283167,0.212391798570752
S,TCG,0.7938565117836,0.668964071571827,0.925138504803181
T,ACA,0.685312567186356,0.536779513955116,0.840820802748203
T,ACC,0.116248890159605,0.0448594629764557,0.184550542384386
T,ACG,0.674885595655441,0.568539170920849,0.779406505823135
V,GTA,0.0864378173831967,0.0196857590228319,0.160430204495788
V,GTC,0.409542682993412,0.330556337535381,0.493930771201849
V,GTG,0.384491179180145,0.322736274451017,0.452583363652229
Y,TAC,-0.402786944210529,-0.515759016573429,-0.288704136759043
Z,AGC,-0.526774378526211,-0.665607897937298,-0.386707416176796
