AA,Codon,Posterior,0.025%,0.975%
A,GCA,0.175742964418977,0.0986455397680402,0.251187209784985
A,GCC,0.406281129205227,0.326203042268753,0.483479575067759
A,GCG,0.284203467965126,0.218152180686593,0.352393066883087
C,TGC,-0.11976598968555,-0.283789425343275,0.0449029966257513
D,GAC,-0.336789120614529,-0.40630886554718,-0.267839147895575
E,GAA,-0.199381052947044,-0.271388853341341,-0.126153014227748
F,TTC,-0.596402523505688,-0.686706487834454,-0.504685965180397
G,GGA,1.23062464838028,1.04845379590988,1.41549201607704
G,GGC,0.171016406792402,0.11171414963901,0.23126226067543
G,GGG,0.842327476763725,0.718876568973064,0.969403675198555
H,CAC,-0.643324545073509,-0.775334487855434,-0.50988509953022
I,ATA,1.58194143624306,1.24938758611679,1.93729138970375
I,ATC,-0.399171411156654,-0.469007436186075,-0.327443681657314
K,AAA,-0.0784233907837013,-0.165999609977007,0.00641012323321778
L,CTA,0.435486029788107,0.172076700255275,0.710239952802658
L,CTC,-0.383096925908327,-0.518868383765221,-0.246072020754218
L,CTG,-0.759625826048851,-0.870498338341713,-0.649708876013756
L,CTT,-0.119813235206027,-0.277953044325113,0.039576021861285
L,TTA,0.198392227604026,0.0373708889819682,0.356181003153324
N,AAC,-0.662716007936001,-0.773946687579155,-0.552917939424515
P,CCA,-0.138740350126487,-0.295976048707962,0.0175444353837522
P,CCC,0.892146088480949,0.650111262500286,1.142108091712
P,CCG,-0.341954920530319,-0.471599685400724,-0.214412062242627
Q,CAA,0.437216164976358,0.33013429492712,0.543721261620522
R,AGA,1.68263104510307,1.21755903959274,2.21179186701775
R,AGG,2.17332430615425,1.60176658034325,2.79814492464066
R,CGA,1.41910835118294,1.12795191705227,1.7190056592226
R,CGC,0.344254600405693,0.266321171820164,0.423901782184839
R,CGG,1.62886848220825,1.40330425202847,1.88091698288918
S,TCA,0.653720452642441,0.496612772345543,0.818363671004773
S,TCC,0.0815889489198576,-0.0183986474294215,0.180327240750194
S,TCG,0.768657111907005,0.629090243577957,0.906783163547516
T,ACA,0.724203182172775,0.554649236798286,0.906911079585552
T,ACC,0.133315017113648,0.0460504592396319,0.219558181241155
T,ACG,0.623116655218601,0.507005372643471,0.742844824492931
V,GTA,0.069455635837873,-0.0110709360335022,0.147821240872145
V,GTC,0.441919584357738,0.351641555130482,0.536524905264378
V,GTG,0.367993338000774,0.293342416733503,0.441184364259243
Y,TAC,-0.394956197524071,-0.503265570104122,-0.291591211408377
Z,AGC,-0.535157790601253,-0.697499258816242,-0.375035701692104
