AA,Codon,Posterior,0.025%,0.975%
A,GCA,-0.459027363783121,-0.569010154902935,-0.348296763002872
A,GCC,-1.01725155676603,-1.12445785403252,-0.913282831013203
A,GCG,-1.2313518872261,-1.3280478566885,-1.13275726735592
C,TGC,-0.110382938684779,-0.307868991792202,0.0901552744209763
D,GAC,0.842482734072208,0.732236644625664,0.955705492198467
E,GAA,-0.614970149224997,-0.717388737201691,-0.51052378565073
F,TTC,0.773799987769127,0.658602419495583,0.892102734744549
G,GGA,0.0531200492985241,-0.142728890106082,0.251229590177536
G,GGC,-0.394143825033307,-0.493337549269199,-0.297625777125359
G,GGG,0.0198204508659214,-0.128158044070005,0.168532150611281
H,CAC,0.71566662709713,0.5664621129632,0.863131132721901
I,ATA,1.19623259325027,0.95236943513155,1.44374998807907
I,ATC,0.498971869659424,0.411620219796896,0.587628057599068
K,AAA,-1.08895965709686,-1.19448031187057,-0.982308550179005
L,CTA,0.989964243590832,0.769453439116478,1.21764698624611
L,CTC,0.480074446985126,0.345004322379827,0.615339359641075
L,CTG,-0.772257198691368,-0.876836663484573,-0.664201962947846
L,CTT,0.39367127815187,0.253613605350256,0.537602141499519
L,TTA,-0.0676444805316027,-0.207742611691356,0.0680443156510591
N,AAC,0.250436601864826,0.122668461874127,0.382278794050216
P,CCA,0.083268049504394,-0.100459631718695,0.271643686294555
P,CCC,-0.253815222844481,-0.470559307187796,-0.0304819989949465
P,CCG,-0.827691737866402,-0.986142332851887,-0.66940256357193
Q,CAA,0.308574671562016,0.196371354907751,0.423084224760532
R,AGA,1.50392432019711,1.16094040572643,1.83482139110565
R,AGG,1.03008657854795,0.609914034605026,1.44167621433735
R,CGA,0.637976724369824,0.381462226808071,0.910724939405918
R,CGC,-0.525652771878242,-0.627013590931892,-0.420375780761242
R,CGG,0.0479481295869239,-0.141414653509855,0.237809976935387
S,TCA,-0.183194737240244,-0.361571639031172,-0.0061462430516259
S,TCC,-0.148165195542837,-0.289157138764858,-0.0111853312933818
S,TCG,-0.800405543518066,-0.952927424013615,-0.644150282442571
T,ACA,-0.272960760470293,-0.45389953777194,-0.0864862089976669
T,ACC,-1.21021155097485,-1.33371714353561,-1.09117728769779
T,ACG,-1.15179733462334,-1.29860768616199,-1.01160846948624
V,GTA,0.45804565680027,0.336352095752954,0.583242893218994
V,GTC,-0.392641591396928,-0.510161074995995,-0.280619363486767
V,GTG,-0.887661492323875,-0.991676564514637,-0.782673028111458
Y,TAC,0.542009301072359,0.39407277032733,0.691827285289764
Z,AGC,-0.243378343578096,-0.399055329710245,-0.0818936295807362
