AA,Codon,Posterior,0.025%,0.975%
A,GCA,0.145519596809894,0.073972106166184,0.215379336476326
A,GCC,0.416610884433985,0.339885910600424,0.495420577377081
A,GCG,0.292186524069309,0.22587187923491,0.359409548342228
C,TGC,-0.125104618858467,-0.308071709424257,0.0554450972937047
D,GAC,-0.378811368390918,-0.463468150049448,-0.293267205357552
E,GAA,-0.142978489104938,-0.224948258697987,-0.0631485076621175
F,TTC,-0.603768092834949,-0.710671550035477,-0.500848950445652
G,GGA,1.43665954988003,1.19561405479908,1.69495796263218
G,GGC,0.152819140137732,0.086848864890635,0.219996608793735
G,GGG,0.82537688947916,0.677036748826504,0.976917564868927
H,CAC,-0.509758310493827,-0.639907193183899,-0.380033184587955
I,ATA,1.52059766527414,1.15773539841175,1.89281221330166
I,ATC,-0.397328425765038,-0.469753853231668,-0.327378138899803
K,AAA,-0.048650661858692,-0.120428068935871,0.0199990863446145
L,CTA,0.490505785481958,0.211750654876232,0.781503693759441
L,CTC,-0.397975400754809,-0.54017613530159,-0.259234888851643
L,CTG,-0.727882172858715,-0.843642005324364,-0.614141769707203
L,CTT,-0.14814388468712,-0.304158036410809,0.00841081843245761
L,TTA,0.144474503785058,-0.0151512849610299,0.30720576569438
N,AAC,-0.677937375217676,-0.801885494589806,-0.560422885417938
P,CCA,-0.290860909521393,-0.482366919517517,-0.110458218678832
P,CCC,0.686816706988215,0.402910090237856,0.972809764742851
P,CCG,-0.505081182542443,-0.670356968045235,-0.348134741932154
Q,CAA,0.373911347675323,0.271379712969065,0.480072993785143
R,AGA,1.61109700863361,1.13309018313885,2.12057989835739
R,AGG,3.00414434251785,2.27199013829231,3.79023517370224
R,CGA,1.68956038560867,1.31165938079357,2.0622601211071
R,CGC,0.37650862698257,0.301306842267513,0.453340934962034
R,CGG,1.55519828157425,1.30623969733715,1.81380989849567
S,TCA,0.653832067006826,0.494516645371914,0.827776858210564
S,TCC,0.103808737553976,0.0145697016967461,0.194502444565296
S,TCG,0.728449520885944,0.590620268881321,0.871702592074871
T,ACA,0.743132120507956,0.566872806847096,0.920904272794723
T,ACC,0.104946843037235,0.0269835099577904,0.182027019932866
T,ACG,0.659038724076748,0.542662797868252,0.781044995784759
V,GTA,0.0860319550482935,0.0102689868537709,0.164816742017865
V,GTC,0.427013603806496,0.341727741062641,0.517298580706119
V,GTG,0.400968737906218,0.327076817303896,0.475487104803324
Y,TAC,-0.346984271670878,-0.476981569826603,-0.220705269649625
Z,AGC,-0.6414433355093,-0.813225936889648,-0.478749860078097
