AA,Codon,Posterior,0.025%,0.975%
A,GCA,0.194212031958031,-0.0132070655468851,0.40227352976799
A,GCC,0.339829882743023,0.137594860419631,0.540189363062382
A,GCG,0.406721269343793,0.206130715459585,0.606118427217006
C,TGC,-0.20119737819138,-0.837850874662399,0.388170462101698
D,GAC,-0.435041505342722,-0.63343173712492,-0.240645609050989
E,GAA,-0.277648270607635,-0.501703254878521,-0.0709932317957284
F,TTC,-0.354267271415435,-0.657365521788597,-0.0334116335026923
G,GGA,1.22967503342032,0.754222173988819,1.77696670889854
G,GGC,0.200672355463123,0.0109496757388115,0.391856265068054
G,GGG,0.665041141751409,0.364609971642494,1.00019415318966
H,CAC,-0.720363276796043,-1.14294561743736,-0.333317724615336
I,ATA,3.44926372028589,1.51195319592953,6.28659727573395
I,ATC,-0.401468058077432,-0.643332697451115,-0.164504415541887
K,AAA,-0.505366806977661,-0.88265705704689,-0.151484403386713
L,CTA,1.11964711777472,0.113440361060202,2.46211374402046
L,CTC,-0.655219112910749,-1.05734061896801,-0.280488597601652
L,CTG,-0.922960777336359,-1.28617361783981,-0.604555897414684
L,CTT,-0.258472377144276,-0.718920540809631,0.195136690884828
L,TTA,-0.0326671028349418,-0.479736290872097,0.417215326428413
N,AAC,-0.801272996926308,-1.13409561812878,-0.48580836057663
P,CCA,-0.238511172474496,-0.720601359009743,0.233576994016766
P,CCC,0.182189917819123,-0.336932825297117,0.736951257288456
P,CCG,-0.665196545909718,-1.075056168437,-0.302489306777716
Q,CAA,0.212948108717229,-0.0377170220017433,0.477577528357506
R,AGA,3.47140506105423,1.29611182510853,6.8646614074707
R,AGG,4.17481444327831,1.78081587255001,8.37492845058441
R,CGA,2.5916678345561,1.40751619338989,4.23871550559997
R,CGC,0.433139031941444,0.22324798963964,0.651689018309116
R,CGG,1.26298016531467,0.799515913426876,1.76388456523418
S,TCA,0.850584338924289,0.380331187695265,1.37856141924858
S,TCC,0.228686318501485,-0.0725015476346016,0.551290905475616
S,TCG,0.81984293372184,0.453949050605297,1.2271517843008
T,ACA,0.532787084080241,0.121472516469657,0.986791732907295
T,ACC,0.0783457752511764,-0.178053116798401,0.328258668631315
T,ACG,0.453452200848237,0.143126803636551,0.7685347661376
V,GTA,-0.00162793940180782,-0.342361342906952,0.360932687669992
V,GTC,0.0747971160063491,-0.216178328543901,0.364700385183096
V,GTG,0.0718041349618747,-0.196883258223534,0.330184073746204
Y,TAC,-0.268957184123842,-0.55494336783886,0.0195889635477215
Z,AGC,-0.630482228055689,-1.10153917074204,-0.20909151211381
