AA,Codon,Posterior,0.025%,0.975%
A,GCA,-0.277725535774603,-0.428865464776754,-0.180876301974058
A,GCC,-0.469205996624866,-0.62709649503231,-0.356099328398705
A,GCG,-0.611119268549327,-0.849058875441551,-0.475636775791645
C,TGC,0.0952513749352936,-0.16982239112258,0.417860342562199
D,GAC,0.603016912681796,0.485970695316792,0.734173268079757
E,GAA,-0.786141204931214,-0.923059219121933,-0.484046571701766
F,TTC,0.697301795146614,0.527379050850868,0.809259290993214
G,GGA,0.305643686821149,-0.0883251564577222,0.535018375515938
G,GGC,-0.284588868921623,-0.397514343261719,-0.170646459981799
G,GGG,0.0672150178297277,-0.306770115345716,0.318747076392174
H,CAC,0.424828727000114,0.259823651611805,0.62604438662529
I,ATA,0.450471589562227,-0.327583269774914,0.807805608212948
I,ATC,0.396697634012997,0.298038752377033,0.551732544600964
K,AAA,-1.06204564444646,-1.18097995519638,-0.695850929617886
L,CTA,0.889890608604433,0.441192096471787,1.19063901305199
L,CTC,0.323570252364129,0.173277130723,0.517327512800694
L,CTG,-0.861274747518543,-0.995176865160465,-0.452754760533573
L,CTT,0.159518248960195,0.0184704639948905,0.345771370828151
L,TTA,-0.162488704577477,-0.307297142595053,0.00776854215655459
N,AAC,0.173234922339238,0.0453148767352104,0.395112250000238
P,CCA,0.0702064683789718,-0.0812904881313443,0.210829564556479
P,CCC,0.0511356232459953,-0.134776280447841,0.19747400060296
P,CCG,-0.563886340226233,-0.684115608036518,-0.438393803685904
Q,CAA,0.345939059671853,0.254765796661377,0.459898346662521
R,AGA,1.47281069563366,0.602491596341133,1.71435566544533
R,AGG,1.96915391455085,0.888446360826492,2.31243858337402
R,CGA,1.07777425958216,0.516503705084324,1.28060202598572
R,CGC,-0.187563326105755,-0.380344924330711,-0.0900707269087435
R,CGG,0.879089054663386,0.214139254391193,1.09185895323753
S,TCA,-0.0174740236051837,-0.21396245546639,0.130016001313925
S,TCC,0.0430018569334934,-0.089298926666379,0.173928852751851
S,TCG,0.0468779788441261,-0.175754525884986,0.202036439999938
T,ACA,-0.177484451198811,-0.370356872677803,-0.0394744657911361
T,ACC,-0.822260517516732,-0.941996921598911,-0.691329303383827
T,ACG,-0.454566867904365,-0.645466749370098,-0.3235147126019
V,GTA,0.499581570833549,0.384554094821215,0.600652885437012
V,GTC,0.0968618028289959,-0.0794702596962452,0.208183929696679
V,GTG,-0.291705475597456,-0.515156017243862,-0.171398650854826
Y,TAC,0.338551172995787,0.193412306159735,0.497153437882662
Z,AGC,-0.418429491941538,-0.533536179363728,-0.282649613916874
