AA,Codon,Posterior,0.025%,0.975%
A,GCA,0.123172054576079,-0.205027221515775,0.456864441931248
A,GCC,0.229229573987152,-0.126244465261698,0.565950214862823
A,GCG,-0.28553310170119,-0.656949412822723,0.0870107881724834
C,TGC,-0.126560343862836,-0.833479610085487,0.555040472745895
D,GAC,-0.159925245977449,-0.400383663922548,0.104417757503688
E,GAA,0.0264593589005548,-0.33267462849617,0.269506898522377
F,TTC,-1.24826075498145,-1.66343972980976,-0.830872257053852
G,GGA,1.99934836052656,1.32725432217121,2.88592258691788
G,GGC,0.109042017992964,-0.141293333098292,0.34562092795968
G,GGG,0.895576295974851,0.478801480680704,1.4281779050827
H,CAC,-0.112252150368295,-0.505495144426823,0.267798888683319
I,ATA,3.01272406952381,1.81071879565716,4.71692103147507
I,ATC,-0.389272948669363,-0.659043882787228,-0.126429563388229
K,AAA,-0.275599543268533,-0.754747961461544,0.0739528629928824
L,CTA,1.02213997908361,0.155340685322881,2.11524598002434
L,CTC,-0.2244046661164,-0.66567345559597,0.205844734609127
L,CTG,-0.858382945859432,-1.31231763660908,-0.527509352564812
L,CTT,0.463435004060721,-0.0669787479564548,0.990902402997017
L,TTA,0.440655827061518,-0.0197936920449138,0.921529588103294
N,AAC,-0.972430210366845,-1.36972156763077,-0.625104956328869
P,CCA,-0.203667842900729,-0.713141112029552,0.282691522687674
P,CCC,0.527451121384752,-0.0863708710297942,1.19765925109386
P,CCG,-0.83378734626472,-1.26262866258621,-0.462256776541472
Q,CAA,0.906467132502794,0.553356166183949,1.30724909007549
R,AGA,5.93675596699715,3.9325643658638,9.74577658176422
R,AGG,2.46086980359554,0.832289111614227,4.75073399543762
R,CGA,1.45190963267684,0.724463875591755,2.41589703559875
R,CGC,0.124156106349707,-0.10992130190134,0.384632039070129
R,CGG,0.658784488884453,0.162631041556597,1.29769421815872
S,TCA,0.372599915330519,-0.0862306317314506,0.875197423994541
S,TCC,-0.169232506356352,-0.547280044853687,0.198280952498316
S,TCG,-0.157783805008089,-0.578268632292747,0.254493172466754
T,ACA,0.745090564012318,0.184741124138236,1.36531224250793
T,ACC,-0.303040917679296,-0.719067387282848,0.0510158773511648
T,ACG,-0.0689015592039614,-0.503354924917221,0.349151533097029
V,GTA,-0.25765506235616,-0.589064903557301,0.0951641071587801
V,GTC,-0.152144943908915,-0.469084408134222,0.167604337260127
V,GTG,-0.303075988132285,-0.596790212392807,0.000728003033145195
Y,TAC,-0.392746891904727,-0.718177033960819,-0.0688831835985189
Z,AGC,-0.88082800399214,-1.39227579534054,-0.418767484277487
