AA,Codon,Posterior,0.025%,0.975%
A,GCA,0.0476763159326685,-0.0301740867085755,0.123597701638937
A,GCC,0.310034209862351,0.219550407677889,0.403865922987461
A,GCG,0.203390019753575,0.116153282672167,0.291509514302015
C,TGC,-0.122851944644481,-0.350794542580843,0.099414832890033
D,GAC,-0.212865290253609,-0.304278528690338,-0.122063526697457
E,GAA,-0.118629752433533,-0.195318684726954,-0.0403522090986372
F,TTC,-0.433562673389912,-0.555565206706524,-0.316807045787573
G,GGA,0.894403399527073,0.748619921505451,1.04614337682724
G,GGC,0.115989048434203,0.0345324952155352,0.194980491325259
G,GGG,0.514483124256134,0.4000981092453,0.62551172375679
H,CAC,-0.361630462086201,-0.520027136802673,-0.206419484317303
I,ATA,0.820826907849312,0.672239673137665,0.9796929448843
I,ATC,-0.219545577319711,-0.303092943876982,-0.138862061500549
K,AAA,0.0407192488879487,-0.0394899880513549,0.122303812392056
L,CTA,0.234045424653403,0.0868241144344211,0.385668060928583
L,CTC,-0.227900683746859,-0.343502957373857,-0.112901967763901
L,CTG,-0.508431962555647,-0.611168505251408,-0.402641992270947
L,CTT,-0.0692316045013572,-0.191782225295901,0.0568569724448025
L,TTA,0.18700814737726,0.0487885595299304,0.33439821228385
N,AAC,-0.511802981734276,-0.638724794983864,-0.39445987418294
P,CCA,-0.0856371818934604,-0.228352651000023,0.0565952217206359
P,CCC,0.45334624196291,0.265076798200607,0.649110451340675
P,CCG,-0.285271361624449,-0.411739676445723,-0.163183035328984
Q,CAA,0.36118483068347,0.250461652129889,0.473157092183828
R,AGA,0.964824656260014,0.779283417761326,1.16782614886761
R,AGG,1.10326056419611,0.907576268911362,1.31821166276932
R,CGA,1.22311339832544,1.00617119967937,1.44801690876484
R,CGC,0.19353686888814,0.0922056034207344,0.301057508587837
R,CGG,1.21320063815117,1.00263793468475,1.43415879011154
S,TCA,0.548859720465541,0.371610872447491,0.734946243464947
S,TCC,0.00623200842235565,-0.114608361944556,0.130238680541515
S,TCG,0.571419365990162,0.387302174419165,0.763252791762352
T,ACA,0.53952510189414,0.40256989300251,0.683720538020134
T,ACC,0.1532008476986,0.0593197984620929,0.250409739464521
T,ACG,0.429481558147073,0.30567075535655,0.557370989024639
V,GTA,0.110275721597578,0.0155905020190403,0.205618785321712
V,GTC,0.203798731028661,0.102502437867224,0.30548260062933
V,GTG,0.230843230626732,0.129844236001372,0.331904322654009
Y,TAC,-0.332450082820654,-0.468902534246445,-0.198100600391626
Z,AGC,-0.451239049309492,-0.630276687443256,-0.281747449934483
