AA,Codon,Posterior,0.025%,0.975%
A,GCA,-0.333222059482336,-0.429122031480074,-0.23543894328177
A,GCC,-0.721668347012997,-0.821655450761318,-0.620511981844902
A,GCG,-0.772157456803322,-0.868539240956306,-0.674803727865219
C,TGC,0.0587400564959105,-0.133777701854706,0.256538824737072
D,GAC,0.743763142216206,0.636793434619904,0.856575955450535
E,GAA,-0.77129100522995,-0.874261566996574,-0.666100984811783
F,TTC,0.906788673520088,0.796160177886486,1.01932448744774
G,GGA,0.1223286195783,-0.0386924433521926,0.277089209109545
G,GGC,-0.438882298433781,-0.539878205955029,-0.340681866556406
G,GGG,0.0676525276413406,-0.0758188934996724,0.211030721664429
H,CAC,0.540782613456249,0.398664653301239,0.690132704377174
I,ATA,1.11419298084974,0.94407626837492,1.28566775918007
I,ATC,0.48791040032506,0.40309711843729,0.574513219296932
K,AAA,-1.12185932128429,-1.22397944331169,-1.01691380143166
L,CTA,0.996883457577229,0.809531825780869,1.18407402336597
L,CTC,0.292640274310112,0.165060891583562,0.422701022028923
L,CTG,-0.763764666771889,-0.865852250158787,-0.66252301633358
L,CTT,0.152110367866582,0.0300916050560772,0.280280292034149
L,TTA,-0.251076980049908,-0.368450920283794,-0.133686240017414
N,AAC,0.416270222359896,0.298607499152422,0.534431220591068
P,CCA,0.0964873328014933,-0.0584606957621872,0.25899214670062
P,CCC,-0.288816106786486,-0.463787568360567,-0.114858165569603
P,CCG,-0.469632740077376,-0.605279023945332,-0.334373127669096
Q,CAA,0.238349880380183,0.131734716892242,0.337777344882488
R,AGA,1.01156743382215,0.79557566344738,1.22809322178364
R,AGG,1.4440122549057,1.14964114427567,1.74751609563827
R,CGA,0.439401412134618,0.238524042442441,0.648294065892696
R,CGC,-0.306756142100692,-0.405377081036568,-0.206776406243444
R,CGG,0.158743856243129,-0.0337193951942027,0.358136361837387
S,TCA,-0.248562383584352,-0.398161288350821,-0.0934894781559706
S,TCC,-0.0123325507665279,-0.151425675675273,0.124149914830923
S,TCG,-0.408159396649897,-0.579475876688957,-0.244954998791218
T,ACA,-0.464364292651415,-0.609917809069157,-0.319377766549587
T,ACC,-0.932859783172607,-1.05249480307102,-0.814884385466576
T,ACG,-0.869833885633945,-1.00766354203224,-0.726311555504799
V,GTA,0.573421999883652,0.462326568365097,0.684594002366066
V,GTC,-0.0345618025234151,-0.144537325203419,0.0748831497505305
V,GTG,-0.457501821291447,-0.564246775209904,-0.354546601325273
Y,TAC,0.474994457623363,0.324441480636597,0.628129152953625
Z,AGC,-0.321138693437725,-0.458550800383091,-0.187668126448989
