AA,Codon,Posterior,0.025%,0.975%
A,GCA,0.0858783566184306,-0.205186247453094,0.377042256295681
A,GCC,0.285350226171792,-0.0138917405158281,0.582839834690094
A,GCG,-0.091397022499991,-0.344193138182163,0.142802350595593
C,TGC,-0.50222693057307,-1.21161994636059,0.0907023558393119
D,GAC,-0.0972115432861268,-0.301243844628334,0.105491707101464
E,GAA,0.0310998966908766,-0.16554441191256,0.214900577068329
F,TTC,-0.760699906566739,-1.12167380750179,-0.421899678558111
G,GGA,0.864010376259685,0.456136451661587,1.31706065237522
G,GGC,0.16610333542827,-0.0555224786512554,0.382825076580048
G,GGG,0.732881435190886,0.360692630708218,1.15189913809299
H,CAC,-0.798808579909801,-1.33355588912964,-0.332948478311301
I,ATA,1.33747166329883,0.509297885000706,2.40726820230484
I,ATC,-0.427014165195823,-0.69292501360178,-0.179039415717125
K,AAA,0.156536555008564,-0.0992710560560226,0.409966249763966
L,CTA,0.764697506650444,0.0277462042402476,1.72586084008217
L,CTC,0.188039502157943,-0.246250940486789,0.647214351594448
L,CTG,-0.535415247680247,-0.846951246261597,-0.254524052888155
L,CTT,0.281387964811764,-0.171469361335039,0.740053807199001
L,TTA,0.615739558790089,0.138225940987468,1.15404576361179
N,AAC,-0.78951489764154,-1.11727969348431,-0.468783421069384
P,CCA,-0.474296094112139,-1.06991866528988,0.0751459712162609
P,CCC,1.63951955276355,0.537013363838196,2.97839474081993
P,CCG,-1.07705377081037,-1.62372247874737,-0.610905183851719
Q,CAA,0.500345211727591,0.216056123003364,0.799938187003136
R,AGA,17.1347966391563,9.45361626148224,25.6604989051819
R,AGG,16.4015922938824,5.29024692773819,29.0366876125336
R,CGA,2.02392182166576,1.20838902890682,3.03969170451164
R,CGC,0.393355217147991,0.20368468016386,0.592995482683181
R,CGG,1.33907104892731,0.821899361908436,1.99896856546402
S,TCA,0.894553102337383,0.32189874202013,1.55874993801117
S,TCC,0.0877990971909992,-0.279536411166191,0.469436186552047
S,TCG,0.419878865831798,0.0156901953043416,0.870691575109958
T,ACA,0.97633943590764,0.396627349406481,1.64154706299305
T,ACC,-0.122982502275985,-0.465451721847057,0.180005358532071
T,ACG,0.131343034242619,-0.226416816934943,0.490848882496357
V,GTA,-0.187415525767276,-0.431011735647917,0.0707287482917305
V,GTC,0.21526103446364,-0.0730246162042022,0.502952145040035
V,GTG,0.00286724561439805,-0.221569114550948,0.224915880337357
Y,TAC,-0.369795996823642,-0.684537293016911,-0.0630119150504472
Z,AGC,-0.331357977921105,-0.851788373291492,0.1568094227463
