AA,Codon,Posterior,0.025%,0.975%
A,GCA,0.10681603487063,0.0428310766816139,0.1728515278548
A,GCC,0.356418713471293,0.27959134504199,0.433508913964033
A,GCG,0.338286030125618,0.263390903919935,0.413221974670887
C,TGC,-0.173173158141132,-0.35481323376298,0.00212715918314637
D,GAC,-0.21504185077399,-0.297485525906086,-0.135195080190897
E,GAA,-0.12247269080892,-0.20632047355175,-0.0418810907751322
F,TTC,-0.245914522114396,-0.335339219123125,-0.156992964074016
G,GGA,0.734945486241579,0.580641168355942,0.896408933401108
G,GGC,0.176481411565095,0.108597905933857,0.247150740027428
G,GGG,0.635336198443174,0.503280937671661,0.771599569916725
H,CAC,-0.263443365696073,-0.386465077847242,-0.141597177088261
I,ATA,0.646183114981651,0.465518995374441,0.842656576633453
I,ATC,-0.221027030077577,-0.285388633608818,-0.157865721732378
K,AAA,0.00797939812426514,-0.0616114214062691,0.07536790240556
L,CTA,0.155415678177812,-0.03626360129565,0.35864779651165
L,CTC,-0.179669055904588,-0.301990278065205,-0.062050015386194
L,CTG,-0.371168568018079,-0.468295188248158,-0.279707203060389
L,CTT,-0.188208401926467,-0.302437766641378,-0.0770570835098624
L,TTA,-0.0251345721174992,-0.138675050064921,0.0924862654879689
N,AAC,-0.411332109740376,-0.505610735714436,-0.317208049446345
P,CCA,0.0025735535997399,-0.130423163995147,0.134250530600548
P,CCC,0.520432031530142,0.347925959527493,0.700012154877186
P,CCG,-0.091570357637346,-0.201154853403568,0.013664221484214
Q,CAA,0.0668495056939159,-0.0173136658035219,0.153434656560421
R,AGA,0.8290391895473,0.607582780718803,1.07467487752438
R,AGG,1.17379315371513,0.810906480252743,1.5589069545269
R,CGA,1.10044179418087,0.868569178879261,1.34083335101604
R,CGC,0.188946819125116,0.114822674356401,0.264389412105083
R,CGG,1.34203303979635,1.0978886783123,1.59060794711113
S,TCA,0.389211759376526,0.26566951200366,0.51568006426096
S,TCC,0.0575450953072635,-0.0339562064036727,0.152047565951943
S,TCG,0.689485255730152,0.538796737790108,0.854742495715618
T,ACA,0.43550090046525,0.3251295812428,0.552548636496067
T,ACC,0.174402905233949,0.0963920932263136,0.253224471956491
T,ACG,0.613287410491705,0.500083490461111,0.729831717908382
V,GTA,-0.0818267411447858,-0.151745950430632,-0.0116383061744273
V,GTC,0.250545860953629,0.164501958340406,0.341104408353567
V,GTG,0.373663821804523,0.29152055606246,0.459663240611553
Y,TAC,-0.255973260841146,-0.379685456305742,-0.130955367162824
Z,AGC,-0.136522326628474,-0.255018728971481,-0.0165695897769184
