AA,Codon,Posterior,0.025%,0.975%
A,GCA,-0.502255788350105,-0.593376019597054,-0.413859751075506
A,GCC,-1.06462749735117,-1.15239298939705,-0.976497107744217
A,GCG,-1.27963695011139,-1.36087215542793,-1.19646150767803
C,TGC,-0.116778959835832,-0.275014517456293,0.0419189228676256
D,GAC,0.838664075112343,0.749223999679089,0.926299022138119
E,GAA,-0.567779518407583,-0.651299145817757,-0.482332345843315
F,TTC,0.808092068850994,0.712968176603317,0.904349005222321
G,GGA,0.0736107024350495,-0.0708710389211774,0.227269979566336
G,GGC,-0.435124628466368,-0.513479249179363,-0.360225633531809
G,GGG,0.0422234314643149,-0.0738765286281705,0.15813166461885
H,CAC,0.68148104031086,0.559357529878616,0.806310142576694
I,ATA,1.27179391403198,1.06279288828373,1.48355715870857
I,ATC,0.501217327946424,0.422171558439732,0.577527388930321
K,AAA,-1.08862730147839,-1.17977271080017,-0.993868288397789
L,CTA,1.04680469442606,0.863723200559616,1.2329780548811
L,CTC,0.470694239354134,0.35845305249095,0.579361388087273
L,CTG,-0.807717452967167,-0.893404971063137,-0.717940670251846
L,CTT,0.391832578673959,0.272601187974215,0.507614286243915
L,TTA,-0.0466904997324578,-0.159231171384454,0.0687748495489359
N,AAC,0.298055362568796,0.192608910426497,0.405903467535972
P,CCA,0.0406612826237222,-0.110908763855696,0.195555162802339
P,CCC,-0.35742285243012,-0.540431919693947,-0.174077902361751
P,CCG,-0.905929913008213,-1.02983030676842,-0.779054440557957
Q,CAA,0.304092773681879,0.21411138176918,0.396654262393713
R,AGA,1.68387583115101,1.39939090907574,1.97639958262444
R,AGG,1.31421907989979,0.957230579853058,1.67014085948467
R,CGA,0.657550711345673,0.446636705845594,0.856414321064949
R,CGC,-0.478627887302637,-0.560561108589172,-0.39729542657733
R,CGG,0.102831834200188,-0.0580737953074276,0.258779895305634
S,TCA,-0.16581815138025,-0.312553239613771,-0.0151504004141316
S,TCC,-0.104402487442182,-0.223496714606881,0.0110553782898932
S,TCG,-0.801522332632542,-0.933876068890095,-0.66655637472868
T,ACA,-0.244696388093126,-0.392272308468819,-0.0952807562425736
T,ACC,-1.25386193096638,-1.35098809301853,-1.1536186248064
T,ACG,-1.16195857312679,-1.28005612194538,-1.04327992498875
V,GTA,0.504849589854479,0.40233330950141,0.60819296836853
V,GTC,-0.336339482799172,-0.428537114709616,-0.2403653845191
V,GTG,-0.804956884872913,-0.888237206637859,-0.719070100784302
Y,TAC,0.598639285045862,0.482853572815657,0.718208168447018
Z,AGC,-0.250878927812353,-0.381269253790379,-0.115844476036727
