AA,Codon,Posterior,0.025%,0.975%
A,GCA,0.230739424452186,0.152710000053048,0.310780948400497
A,GCC,0.457518768131733,0.376502758264542,0.541655792295933
A,GCG,0.342851083853841,0.272219958901405,0.416447039693594
C,TGC,-0.0880611045628008,-0.262694541364908,0.0830134512856602
D,GAC,-0.302574078321457,-0.385108057409525,-0.222357358410954
E,GAA,-0.23436863348037,-0.314530200511217,-0.153856889531016
F,TTC,-0.599549214231968,-0.700614838302135,-0.502588050067425
G,GGA,1.3180616216898,1.12433869838715,1.51626600027084
G,GGC,0.19264529646188,0.128639101237059,0.257907765358686
G,GGG,0.794334004878998,0.667209553718567,0.927940189838409
H,CAC,-0.554150248867273,-0.701182010769844,-0.412099381536245
I,ATA,1.52784487252235,1.17046599090099,1.88917653858662
I,ATC,-0.363779044112563,-0.439778956770897,-0.287856931239367
K,AAA,-0.113242980842342,-0.208483179286122,-0.0212166022974998
L,CTA,0.590151665804535,0.30290130674839,0.882405368983746
L,CTC,-0.330082906526327,-0.46986118927598,-0.187291929498315
L,CTG,-0.661403525280952,-0.77458360940218,-0.551294183731079
L,CTT,-0.175025630780125,-0.327940597385168,-0.0226564940065147
L,TTA,0.261882877717225,0.101874421909451,0.424847243726253
N,AAC,-0.661919108009338,-0.775148722529411,-0.550624805688858
P,CCA,-0.194611225703727,-0.372879139333963,-0.0194809001870455
P,CCC,0.730676877886057,0.489339724928141,0.994906079769134
P,CCG,-0.404525636772811,-0.557951486110687,-0.25873518884182
Q,CAA,0.390563436916471,0.279517317563295,0.505054832994938
R,AGA,1.61928588026762,1.1346112549305,2.14751740694046
R,AGG,2.851641385746,2.12528278827667,3.69374446868896
R,CGA,1.49075801340342,1.19458318352699,1.81541819572449
R,CGC,0.360414229819179,0.279822108149529,0.442994007468224
R,CGG,1.68936101093292,1.43641099631786,1.94500661492348
S,TCA,0.612972892951965,0.43899991363287,0.791496533155441
S,TCC,-0.00297350194724513,-0.107989974878728,0.102008969336748
S,TCG,0.600245285564661,0.45562542155385,0.745755749940872
T,ACA,0.714104290193319,0.544285176694393,0.891468359529972
T,ACC,0.142565628429723,0.0557292528450489,0.229885847866535
T,ACG,0.676588361299038,0.553300185501575,0.808120755851268
V,GTA,0.0262030151461107,-0.0622955077327788,0.115913239680231
V,GTC,0.395498044762015,0.299815250188112,0.489848960936069
V,GTG,0.350067229494452,0.268041572719812,0.431956482678652
Y,TAC,-0.39796166113019,-0.509688714146614,-0.290221826732159
Z,AGC,-0.626086488240957,-0.811629882454872,-0.449889273196459
