AA,Codon,Posterior,0.025%,0.975%
A,GCA,0.164980730447918,0.100747071579099,0.229519100487232
A,GCC,0.439306371432543,0.367549528926611,0.512327586114406
A,GCG,0.315171030107141,0.253952129930258,0.375527667254209
C,TGC,-0.121520608456932,-0.291035249829292,0.0355480439029633
D,GAC,-0.376834420096874,-0.451923245191574,-0.303134343773127
E,GAA,-0.17084342693314,-0.245717358961701,-0.0991932267323137
F,TTC,-0.629051075339317,-0.724876420199871,-0.536580094695091
G,GGA,1.40138071005344,1.19794569015503,1.60704684257507
G,GGC,0.174315469446778,0.117988671548665,0.233587169274688
G,GGG,0.797727325820923,0.674302811920643,0.928515583276749
H,CAC,-0.486814681971073,-0.608430123329163,-0.37105209082365
I,ATA,1.42197131279707,1.10543043613434,1.75320438444614
I,ATC,-0.399148314058781,-0.463772630691528,-0.332536014914513
K,AAA,-0.0483651956196085,-0.114715364575386,0.0158513646107167
L,CTA,0.422081371066347,0.175737269595265,0.67980869114399
L,CTC,-0.388444332310557,-0.51396172940731,-0.265098298341036
L,CTG,-0.699890424668789,-0.800980591773987,-0.6011320784688
L,CTT,-0.146169824756625,-0.286066994071007,-0.0121401377022269
L,TTA,0.122527716965847,-0.016752156522125,0.262093212455511
N,AAC,-0.715107035088539,-0.823923245072365,-0.607502834498882
P,CCA,-0.25270474585889,-0.41618799418211,-0.0965615414083006
P,CCC,0.785985043728352,0.552800050377846,1.04364182651043
P,CCG,-0.444345515462756,-0.585284154117107,-0.310179403424263
Q,CAA,0.376119280493259,0.282386103272438,0.471107374876737
R,AGA,1.41524910469055,1.016721829772,1.85004417300224
R,AGG,2.5906062277317,1.95214814245701,3.29449269175529
R,CGA,1.68444325037003,1.37493624389172,2.01886659860611
R,CGC,0.348942237952352,0.281679479777813,0.416905677318573
R,CGG,1.50739558775425,1.29046109616756,1.73277862071991
S,TCA,0.644212890690565,0.497687104344368,0.795352865755558
S,TCC,0.0822633194906246,-0.00104846048343461,0.166291936486959
S,TCG,0.735623858118057,0.605234898626804,0.863152050971985
T,ACA,0.707754879581928,0.557677713036537,0.864913401007652
T,ACC,0.126061072262097,0.0548451694659889,0.197404985129833
T,ACG,0.657527676081657,0.55106595158577,0.764868529140949
V,GTA,0.0663286607504251,-0.00227269880706444,0.137977104261517
V,GTC,0.399485150912404,0.317710357159376,0.477136567234993
V,GTG,0.357089680728316,0.291455315798521,0.424386052787304
Y,TAC,-0.384129134330153,-0.496317904442549,-0.26934491917491
Z,AGC,-0.634232991731167,-0.781080801784992,-0.491269727051258
