AA,Codon,Posterior,0.025%,0.975%
A,GCA,-0.466943455612659,-0.574593392014503,-0.359964633733034
A,GCC,-1.03431491606236,-1.13795661330223,-0.931894086301327
A,GCG,-1.23987736315727,-1.33652329444885,-1.14433754086494
C,TGC,-0.106745277396493,-0.301387315988541,0.0866956369951368
D,GAC,0.855832370400429,0.740509943664074,0.966330327093601
E,GAA,-0.594384736847878,-0.698154956102371,-0.493000791966915
F,TTC,0.76842282705307,0.659886027872562,0.88316498696804
G,GGA,0.0496205389329843,-0.146854126825929,0.24430829025805
G,GGC,-0.395066735762358,-0.493093276023865,-0.299095678329468
G,GGG,0.0177346410960425,-0.132015804946423,0.161405010893941
H,CAC,0.68462887660265,0.538050907850266,0.828957051038742
I,ATA,1.22408950328827,0.993154942989349,1.45867767035961
I,ATC,0.483343511879444,0.395605110377073,0.571194571256638
K,AAA,-1.08646566245556,-1.19397208988667,-0.981612293422222
L,CTA,0.939558879518509,0.716029286384583,1.15125569999218
L,CTC,0.45400931366086,0.320898173749447,0.591890786588192
L,CTG,-0.773715620875359,-0.878636412322521,-0.669745717942715
L,CTT,0.427654141336679,0.282232823967934,0.573958678543568
L,TTA,-0.071619060851309,-0.209553024545312,0.0711447399109602
N,AAC,0.258276696482301,0.129306271672249,0.389274574071169
P,CCA,0.0748012485412226,-0.108067295141518,0.256449045985937
P,CCC,-0.264833027431928,-0.497466772049665,-0.0388820503838359
P,CCG,-0.849927476263046,-1.0088156670332,-0.688850829005241
Q,CAA,0.310829917451739,0.198317205160856,0.419830761104822
R,AGA,1.51516747837067,1.16790996491909,1.86061373949051
R,AGG,1.06909639943838,0.657819087803364,1.47343249320984
R,CGA,0.625966092115641,0.375498431921005,0.873635739088058
R,CGC,-0.524073293375969,-0.621860080957413,-0.42259488850832
R,CGG,0.0220086376548803,-0.168017408624291,0.21108268648386
S,TCA,-0.169013760342836,-0.352939002215862,0.0145218103891239
S,TCC,-0.146983644637023,-0.286843207478523,-0.0147594092646613
S,TCG,-0.772193529105186,-0.930113284289837,-0.618364711105823
T,ACA,-0.245828646389022,-0.432507279515266,-0.0618652336299419
T,ACC,-1.20018337681293,-1.31902941465378,-1.08274455368519
T,ACG,-1.14040959062576,-1.27497072219849,-1.00248011052608
V,GTA,0.46677586800456,0.338702288269997,0.591337193548679
V,GTC,-0.388058962672949,-0.508468969166279,-0.270608650147915
V,GTG,-0.865655650043488,-0.964698755741119,-0.761228258907795
Y,TAC,0.584124731743336,0.431560703366995,0.736916680634022
Z,AGC,-0.249212281739805,-0.404089549183846,-0.0898924926295876
