AA,Codon,Posterior,0.025%,0.975%
A,GCA,0.149253999368846,0.0787962669506669,0.216708547994494
A,GCC,0.42673255790472,0.350751775503159,0.508444873988628
A,GCG,0.296105020087957,0.230053656175733,0.361682710796595
C,TGC,-0.128129212867463,-0.316525116562843,0.0535550379194319
D,GAC,-0.386795033931732,-0.470491990447044,-0.303988720476627
E,GAA,-0.155114925387315,-0.236842550337315,-0.0745132716372609
F,TTC,-0.600557448124886,-0.70719909965992,-0.501047959923744
G,GGA,1.43962826967239,1.19686113595963,1.70346235334873
G,GGC,0.154118860162795,0.0893747050315142,0.220815080404282
G,GGG,0.826829999566078,0.681852465867996,0.98299909979105
H,CAC,-0.488143523919582,-0.622154222428799,-0.358056848496199
I,ATA,1.4785104549408,1.14053298830986,1.85256595015526
I,ATC,-0.388037958079576,-0.458494360744953,-0.317980042099953
K,AAA,-0.0496263547842136,-0.120358328707516,0.0189174261875451
L,CTA,0.548558731816709,0.271132180094719,0.854745131731033
L,CTC,-0.377628240975738,-0.526519021391869,-0.233718185871839
L,CTG,-0.725848489356041,-0.845103695988655,-0.613917145133019
L,CTT,-0.177285278795543,-0.331390368193388,-0.0188924838323146
L,TTA,0.148842033466097,-0.0177615580614656,0.311545222252607
N,AAC,-0.685096163618565,-0.808019068837166,-0.566802896559238
P,CCA,-0.281108283875044,-0.460924031585455,-0.0980439638718962
P,CCC,0.695317804974317,0.419327185302973,0.988868167996407
P,CCG,-0.485864773225784,-0.649571233987808,-0.325096042454243
Q,CAA,0.373276951682568,0.27369233071804,0.485222567617893
R,AGA,1.59854742743969,1.12672428488731,2.1463657438755
R,AGG,2.94120050158501,2.23647083044052,3.7487907230854
R,CGA,1.69955034589767,1.36518331170082,2.07291664481163
R,CGC,0.376524288547039,0.301866479963064,0.455713193118572
R,CGG,1.57978109498024,1.33297952711582,1.83542821705341
S,TCA,0.645471929836273,0.486104240268469,0.809187017381191
S,TCC,0.103537838848495,0.0138774262974039,0.192364642396569
S,TCG,0.70712520595789,0.575324626266956,0.84422981441021
T,ACA,0.72335784355402,0.548481050133705,0.90157492607832
T,ACC,0.100735534531111,0.0229346140287817,0.177844645828009
T,ACG,0.652779875636101,0.536834959685802,0.77103798687458
V,GTA,0.0822710309784394,0.00416919841663912,0.160877396538854
V,GTC,0.427120407998562,0.333670961111784,0.52042730152607
V,GTG,0.388911792421341,0.318341615796089,0.461857502162457
Y,TAC,-0.375371820378304,-0.501537741720676,-0.247056758403778
Z,AGC,-0.636002068686485,-0.798924186825752,-0.476048796623945
