AA,Codon,Posterior,0.025%,0.975%
A,GCA,0.137180962453416,-0.0658449618145824,0.338656329363585
A,GCC,0.330224938694108,0.138713905587792,0.527937743067741
A,GCG,0.289495415754803,0.0993065875023603,0.465387412160635
C,TGC,0.366943567252159,-0.0811144607141614,0.819312492012978
D,GAC,-0.477318626511097,-0.663611097633839,-0.294469144195318
E,GAA,-0.306953654952068,-0.49659548997879,-0.126649923622608
F,TTC,-0.600414599972963,-0.841053269803524,-0.360322904586792
G,GGA,1.18812553143501,0.82472747117281,1.60538690686226
G,GGC,0.230531321835006,0.0827933322638273,0.373655074089766
G,GGG,0.859605981874466,0.592550544440746,1.15835991501808
H,CAC,-0.660142067396641,-0.968094091117382,-0.384800335764885
I,ATA,1.84385425443649,0.932978710532188,3.05728409290314
I,ATC,-0.34718050301671,-0.525298917293549,-0.171792622283101
K,AAA,-0.233684285401407,-0.481286911666393,-0.0136383812408894
L,CTA,0.798278469425812,0.187560936808586,1.5425356388092
L,CTC,-0.375670158437756,-0.666529157757759,-0.0934715900570153
L,CTG,-0.55745881587863,-0.802743148803711,-0.322470599412918
L,CTT,0.0211781121633816,-0.337732275575399,0.385994943231344
L,TTA,0.192134521178657,-0.128309276327491,0.516439267992973
N,AAC,-0.617880918049812,-0.856099690496922,-0.38449745029211
P,CCA,-0.464661568577724,-0.902980782091618,-0.0464114740490911
P,CCC,0.875556523165689,0.231040393561125,1.55456624925137
P,CCG,-0.600638051110506,-1.00270122587681,-0.244826382398605
Q,CAA,0.355089872346818,0.132981272786856,0.584370431303978
R,AGA,1.23300669698119,0.496354589611292,2.11580889821053
R,AGG,6.18832848887444,2.55041193962097,11.2434053897858
R,CGA,1.68346666536331,1.04277618825436,2.46529654860497
R,CGC,0.311109232707694,0.139896486699581,0.487910169363022
R,CGG,1.64001375951767,1.15544100999832,2.2365087389946
S,TCA,0.757317604043707,0.407524544000626,1.14394707381725
S,TCC,0.250408150730235,-0.00243653787765652,0.513811551034451
S,TCG,0.86954607667923,0.557562507688999,1.20875015854836
T,ACA,0.664860840980336,0.278574934601784,1.09501481056213
T,ACC,0.160377323519811,-0.069448315538466,0.390201424062252
T,ACG,0.507827041368186,0.222295240685344,0.798838205635548
V,GTA,0.117822586923756,-0.101836623251438,0.342395436018706
V,GTC,0.579186101317406,0.337056513130665,0.830718325078487
V,GTG,0.252328705337923,0.0776733458042145,0.420388238132
Y,TAC,-0.405667511878908,-0.663341896235943,-0.151144094765186
Z,AGC,-0.512341073327884,-0.873725061118603,-0.174246879294514
