AA,Codon,Posterior,0.025%,0.975%
A,GCA,0.108839581283362,-0.00996802747249603,0.22873836606741
A,GCC,0.471219342160225,0.320875443518162,0.635075078904629
A,GCG,0.324696550059319,0.185191837698221,0.471369422227144
C,TGC,-0.044030816230271,-0.42940851598978,0.34876932874322
D,GAC,-0.299527241358161,-0.435832554847002,-0.16447970084846
E,GAA,-0.191031902361335,-0.31084496602416,-0.0731739168986677
F,TTC,-0.878102144944668,-1.13090083003044,-0.633599326014519
G,GGA,1.07558270480633,0.831078423559666,1.35016775727272
G,GGC,0.204153944530338,0.0678680064156651,0.340636310726404
G,GGG,0.836932052814961,0.619304110109806,1.0698948264122
H,CAC,-0.66131516135335,-0.972913236916065,-0.377489650249481
I,ATA,1.01858360029459,0.697711491584778,1.35595056712627
I,ATC,-0.352828681638837,-0.502177752554417,-0.19934534355998
K,AAA,-0.0346374742380469,-0.155091106146574,0.0875813934952021
L,CTA,0.301548752642423,0.024047785019502,0.581829074025154
L,CTC,-0.46008470440805,-0.66912769973278,-0.259511779993772
L,CTG,-0.756628628230095,-0.951216803491116,-0.57736192047596
L,CTT,-0.194955690850015,-0.425295596569777,0.0206188145093623
L,TTA,0.262212769840704,-0.0107228582724929,0.55853004604578
N,AAC,-0.615824383580685,-0.822308623790741,-0.421725150942802
P,CCA,-0.0196904175708107,-0.258020599931479,0.208946273103356
P,CCC,0.904050087535381,0.516633577644825,1.34256290495396
P,CCG,-0.304880192668363,-0.506632940471172,-0.102873453870416
Q,CAA,0.488176609402895,0.306420256197453,0.682794754207134
R,AGA,1.15851713132858,0.872321675717831,1.47103416621685
R,AGG,1.46972451863289,1.10827452242374,1.8469753921032
R,CGA,1.74088182115555,1.32307532727718,2.18928817510605
R,CGC,0.44890478771925,0.28772225305438,0.602987508475781
R,CGG,1.75832534942627,1.32067112028599,2.19092897176743
S,TCA,0.706062603330612,0.399816066026688,1.0444473862648
S,TCC,0.0221778748870223,-0.142354478687048,0.197202742099762
S,TCG,0.527993843132258,0.27128641307354,0.816988869011402
T,ACA,0.604943108695745,0.386649069935083,0.843593277037144
T,ACC,0.261023055544496,0.107413815148175,0.425025948137045
T,ACG,0.542571243053675,0.349423663318157,0.762406335771084
V,GTA,0.125066189838551,-0.0149944447679445,0.269917970150709
V,GTC,0.346349358433485,0.181314728781581,0.525816716253757
V,GTG,0.314595615573227,0.15694290176034,0.482731697708368
Y,TAC,-0.492111292344332,-0.714103299379349,-0.274591557681561
Z,AGC,-0.559272398481518,-0.858709570765495,-0.261119090020657
