AA,Codon,Posterior,0.025%,0.975%
A,GCA,-0.34516225142777,-0.444596680998802,-0.248279302939773
A,GCC,-0.767165136444569,-0.863712610304356,-0.670152878761292
A,GCG,-0.827834107375145,-0.925029671192169,-0.731585501134396
C,TGC,0.00950191682612851,-0.17541910149157,0.196655472368002
D,GAC,0.748130996453762,0.64994922876358,0.848810249567032
E,GAA,-0.732358814907074,-0.8332534044981,-0.633490978181362
F,TTC,0.873169294774532,0.766100811958313,0.979834336042404
G,GGA,0.117425631606436,-0.036808664072305,0.272109376639128
G,GGC,-0.44922545324564,-0.54490972161293,-0.353119122982025
G,GGG,0.0277720459553043,-0.109972213767469,0.169666609540582
H,CAC,0.586745197987556,0.446700425446033,0.729926615953445
I,ATA,1.12197223576307,0.953849346935749,1.28973568379879
I,ATC,0.493450415021181,0.410440570861101,0.578586561977863
K,AAA,-1.1194288774848,-1.22394053637981,-1.01664410829544
L,CTA,0.990688753628731,0.805819992721081,1.16963747739792
L,CTC,0.315587592729926,0.187443469837308,0.439347632974386
L,CTG,-0.757281790041924,-0.853995381295681,-0.656148037314415
L,CTT,0.146973577951151,0.0267996629700065,0.268498843163252
L,TTA,-0.255241943816096,-0.37144965082407,-0.137486785650253
N,AAC,0.42972384698391,0.312340719997883,0.543630480766296
P,CCA,0.116468135358252,-0.0376873048953712,0.270231891423464
P,CCC,-0.314533195294905,-0.487117291241884,-0.141524222865701
P,CCG,-0.499839942768216,-0.630506660044193,-0.365261121094227
Q,CAA,0.23612277457118,0.136596429347992,0.336575211584568
R,AGA,1.01058579800129,0.787579752504826,1.23339823782444
R,AGG,1.47327960995436,1.17831157445908,1.77221419215202
R,CGA,0.434017479844391,0.241799110546708,0.62525118291378
R,CGC,-0.305843468126655,-0.402290862053633,-0.209005204215646
R,CGG,0.119242620831324,-0.0801704697310925,0.314272874593735
S,TCA,-0.28872959100455,-0.436420305818319,-0.144409314543009
S,TCC,-0.0631260159510644,-0.194558572396636,0.0687984412536025
S,TCG,-0.484233486315608,-0.642164875566959,-0.329278880357742
T,ACA,-0.459542463219166,-0.600633764266968,-0.32076149135828
T,ACC,-0.939819321978092,-1.04748647809029,-0.832309757173062
T,ACG,-0.873382674694061,-1.00781853795052,-0.741472019255161
V,GTA,0.526951178461313,0.419982337206602,0.634374171495438
V,GTC,-0.0658509345095066,-0.173760915547609,0.0405952569097281
V,GTG,-0.476077452248335,-0.57395174652338,-0.376551496982575
Y,TAC,0.527770258319378,0.3866235896945,0.671597768366337
Z,AGC,-0.30095160183683,-0.431288330256939,-0.16571013070643
