AA,Codon,Posterior,0.025%,0.975%
A,GCA,0.110778373331949,0.0460639614611864,0.175039491057396
A,GCC,0.381805258506536,0.306468776613474,0.456762671470642
A,GCG,0.369671080517769,0.298510029166937,0.442673298716545
C,TGC,-0.137309318520312,-0.315501638501883,0.0295292107854037
D,GAC,-0.217843736426532,-0.293195188045502,-0.140589714050293
E,GAA,-0.145598087687884,-0.226017091050744,-0.066865311563015
F,TTC,-0.224838846574724,-0.311428894102573,-0.135837233811617
G,GGA,0.735664296400547,0.589860926568508,0.890447327494621
G,GGC,0.18127712495029,0.11328746676445,0.24896870367229
G,GGG,0.665258588534594,0.534985560178757,0.799557852745056
H,CAC,-0.294328748609126,-0.414310894161463,-0.17625011689961
I,ATA,0.63907902136445,0.454310595244169,0.829767978191376
I,ATC,-0.223328857581317,-0.286303800344467,-0.160277574881911
K,AAA,0.00721664401070702,-0.0583481749519706,0.0759183153510094
L,CTA,0.162764736949062,-0.0262241580057889,0.363470053672791
L,CTC,-0.194606165955856,-0.315475665777922,-0.073711463995278
L,CTG,-0.375050166073441,-0.471884402632713,-0.279656173288822
L,CTT,-0.183395329913101,-0.298043121397495,-0.0671504322439433
L,TTA,-0.0210926275491409,-0.135772149637341,0.092991906777024
N,AAC,-0.419955554586649,-0.51793272793293,-0.325413563847542
P,CCA,-0.0105439831378477,-0.138744472339749,0.121763532049954
P,CCC,0.540804193243384,0.367901090532541,0.725034436583519
P,CCG,-0.0732872396798992,-0.183146985992789,0.035587908234447
Q,CAA,0.067722917895639,-0.015147339948453,0.153337562829256
R,AGA,0.828359500086308,0.596319212019443,1.07032727301121
R,AGG,1.14093749914169,0.801463524997234,1.52094523012638
R,CGA,1.105327587533,0.891457578539848,1.34112176597118
R,CGC,0.188290694411099,0.115657462924719,0.260546892881393
R,CGG,1.38505185871124,1.14490666091442,1.63952984213829
S,TCA,0.410266486391425,0.291033806651831,0.534913511574268
S,TCC,0.0830364030909243,-0.00720578276086598,0.17413666062057
S,TCG,0.74403849645257,0.59187698662281,0.901401555538177
T,ACA,0.432050273770094,0.325406398624182,0.546437638998032
T,ACC,0.179126091893017,0.105731303431094,0.254384683817625
T,ACG,0.617257558614016,0.503973011672497,0.729557174444199
V,GTA,-0.0604562005660097,-0.129125202819705,0.00937095978297289
V,GTC,0.268117130221426,0.186636502668262,0.354581786692142
V,GTG,0.38228674493134,0.300247643887997,0.464630432426929
Y,TAC,-0.291206238737702,-0.415502458065748,-0.170799330249429
Z,AGC,-0.151613268777425,-0.271289537101984,-0.036549907270819
