AA,Codon,Posterior,0.025%,0.975%
A,GCA,0.219645519211702,0.0804556788876653,0.360221604257822
A,GCC,0.228859397913702,0.0995124625042081,0.354824091494083
A,GCG,0.0739527832008154,-0.0432424553669989,0.188628369197249
C,TGC,-0.251854605230629,-0.533863161504269,0.0226630616933107
D,GAC,-0.193717304507224,-0.304613596946001,-0.0808877700939775
E,GAA,-0.0468556987862001,-0.158202560245991,0.0625818673521278
F,TTC,-0.858475979673862,-1.0279109865427,-0.696631647646427
G,GGA,1.68161884760857,1.34718798100948,2.04945530295372
G,GGC,0.227738928182051,0.122734400629997,0.333261727541685
G,GGG,0.842531254947186,0.648741789162159,1.05468312203884
H,CAC,-0.496065128439665,-0.704514168202877,-0.292107485234738
I,ATA,1.59345064703226,1.08308255970478,2.19271547794342
I,ATC,-0.496817893999815,-0.615373456478119,-0.379286292940378
K,AAA,-0.07637461789783,-0.222559931501746,0.0627629404887556
L,CTA,0.239881468825098,-0.111471353657544,0.626068088412284
L,CTC,-0.26008389852976,-0.486301156133413,-0.0402960468083625
L,CTG,-0.759702107363939,-0.935121583938599,-0.585884627699852
L,CTT,0.21077735202806,-0.0474854027852416,0.475257040560245
L,TTA,0.636860975161195,0.357504034042358,0.924731831252575
N,AAC,-0.891253023862839,-1.08550407886505,-0.712028257548809
P,CCA,-0.62141937385723,-0.952858962118626,-0.293364980071783
P,CCC,0.563135893081175,0.144185979664326,1.01351775825024
P,CCG,-1.16750850304365,-1.46237642765045,-0.884251247346401
Q,CAA,0.57267915994525,0.400424543768167,0.754451896250248
R,AGA,3.26806741623878,2.26737412810326,4.49766074419021
R,AGG,2.23365468958616,1.37438308894634,3.23616088032722
R,CGA,1.98802332241535,1.50485350191593,2.51202473640442
R,CGC,0.204441794965731,0.0819939628243446,0.325858966261148
R,CGG,1.66311516094208,1.28387236297131,2.07018256783485
S,TCA,0.662033404126763,0.415132009983063,0.92712115496397
S,TCC,0.115939963502608,-0.055360303632915,0.292282235622406
S,TCG,0.391990300346166,0.199413418397307,0.597205090522766
T,ACA,0.89069330586791,0.583342181146145,1.21610863804817
T,ACC,-0.208262832554569,-0.382476485520601,-0.0446305055171253
T,ACG,0.30455348037763,0.0916983196511865,0.514277486503124
V,GTA,0.135221348118372,-0.00777429065201431,0.284992651641369
V,GTC,0.382373136553168,0.23354310579598,0.536471274495125
V,GTG,0.193185903924325,0.0750792615115643,0.309526770561933
Y,TAC,-0.438973920874298,-0.61351038813591,-0.278078065812588
Z,AGC,-0.458648460707068,-0.711819717288017,-0.214132488891482
