AA,Codon,Posterior,0.025%,0.975%
A,GCA,0.109410285059173,-0.00737485348945483,0.229489008337259
A,GCC,0.471918449479342,0.315512987226248,0.635112731158733
A,GCG,0.325155564013869,0.184282909333706,0.469598419219255
C,TGC,-0.0443595610437973,-0.435253985971212,0.344639074057341
D,GAC,-0.298161414588336,-0.441591992229223,-0.155665404722095
E,GAA,-0.192501179807447,-0.31475158110261,-0.0706908468157054
F,TTC,-0.877981006628275,-1.13280795812607,-0.630873526632786
G,GGA,1.07824697850943,0.829873688519001,1.34829044640064
G,GGC,0.203578072188352,0.0713447242975235,0.335745495557785
G,GGG,0.838091944730282,0.626815782487392,1.06591350138187
H,CAC,-0.662641001646221,-0.964752641320229,-0.38488005772233
I,ATA,1.02537840678692,0.690059138834476,1.37618629932404
I,ATC,-0.354617681691051,-0.507770100235939,-0.205130998045206
K,AAA,-0.0334687416628828,-0.152988918870687,0.0878861069679259
L,CTA,0.291159636783814,0.0143097335705534,0.579989252984524
L,CTC,-0.464723179578781,-0.671609590947628,-0.260427281260491
L,CTG,-0.764762781298161,-0.962348574399948,-0.568246410787106
L,CTT,-0.20033203051264,-0.425817257165909,0.0267146132420747
L,TTA,0.257519241088096,-0.0206525931600481,0.551096422970294
N,AAC,-0.616417371824384,-0.818067008256912,-0.41744369789958
P,CCA,-0.0206266189117441,-0.250080493092537,0.207854703813791
P,CCC,0.90694159065783,0.522202543914318,1.34072882831097
P,CCG,-0.303577602528781,-0.504094728827477,-0.112157845310867
Q,CAA,0.491987807533145,0.312420759350061,0.686738215386867
R,AGA,1.16707239851952,0.879674459993839,1.49894838929176
R,AGG,1.47476887031794,1.14747123718262,1.84387412667274
R,CGA,1.75695871264935,1.37094166278839,2.172990244627
R,CGC,0.451098097264767,0.296560205519199,0.616282700002193
R,CGG,1.74513955330849,1.35928898751736,2.17878423929214
S,TCA,0.701981806558371,0.417350404709578,1.0263438642025
S,TCC,0.0220824167374958,-0.150525182858109,0.191949238628149
S,TCG,0.532018060947955,0.271506387740374,0.819909915328026
T,ACA,0.605268773984909,0.386866570264101,0.839599491655826
T,ACC,0.259203689610772,0.100981478020549,0.420677533745766
T,ACG,0.541982107001543,0.340491673350334,0.761187055706978
V,GTA,0.125506282378968,-0.0169154996518046,0.269146502763033
V,GTC,0.348438638050109,0.178724359720945,0.526483024656772
V,GTG,0.315858633680642,0.153825759515166,0.48073213249445
Y,TAC,-0.499688083384931,-0.722722311317921,-0.287590728700161
Z,AGC,-0.559626301944442,-0.865694066882133,-0.271738955378532
