AA,Codon,Posterior,0.025%,0.975%
A,GCA,-0.461822402364016,-0.575229960680008,-0.351617923378944
A,GCC,-1.0185713578701,-1.13144309818745,-0.907432107627392
A,GCG,-1.23378524723053,-1.33306795656681,-1.1324115306139
C,TGC,-0.124079315630259,-0.323352675884962,0.0777041453868151
D,GAC,0.859586211228371,0.748728701472282,0.970388358831406
E,GAA,-0.59447687703371,-0.700681917369366,-0.489909584075212
F,TTC,0.794238752365112,0.677419792115688,0.911153736710548
G,GGA,0.060274742319576,-0.134042136371136,0.253691335767508
G,GGC,-0.388649941086769,-0.48933045938611,-0.291152319312096
G,GGG,0.0288840277534291,-0.117987533099949,0.176002614200115
H,CAC,0.699610922896862,0.553552646934986,0.848181235790253
I,ATA,1.18887591304779,0.93447673022747,1.42336888611317
I,ATC,0.494600540745258,0.404596242308617,0.58350565880537
K,AAA,-1.07919787261486,-1.18540982604027,-0.970834456384182
L,CTA,0.993266570305824,0.772108426690102,1.20784550905228
L,CTC,0.472254342269897,0.337564560770988,0.606810992956162
L,CTG,-0.780650546622276,-0.884521771967411,-0.671517191827297
L,CTT,0.41155422924757,0.272853496670723,0.557633922994137
L,TTA,-0.0685698450826807,-0.20710664652288,0.0740994242951274
N,AAC,0.253281276892871,0.122986689396203,0.383326692134142
P,CCA,0.0472256425524021,-0.132598685100675,0.232240429893136
P,CCC,-0.309806035050098,-0.532331778109074,-0.073555508069694
P,CCG,-0.869529751229286,-1.03278374373913,-0.71037714779377
Q,CAA,0.305865329515934,0.18365165553987,0.417231134325266
R,AGA,1.56142301425934,1.22542684078217,1.89973630607128
R,AGG,1.09789926855564,0.682243470847607,1.50936932265759
R,CGA,0.623147291177511,0.363344737887383,0.874275907874107
R,CGC,-0.519809791648388,-0.619650903344154,-0.414575678110123
R,CGG,0.0408370997926977,-0.148110372200608,0.244002464413643
S,TCA,-0.180816194590414,-0.355461055785418,-0.00446428386494506
S,TCC,-0.144490848305332,-0.286708535254002,0.000830809694889655
S,TCG,-0.811089895296097,-0.957838182151318,-0.65037157535553
T,ACA,-0.278995952434745,-0.457819572836161,-0.101563486270606
T,ACC,-1.23542846062183,-1.35337665975094,-1.11682822108269
T,ACG,-1.17634676377773,-1.31437047719955,-1.03586159050465
V,GTA,0.445233587288856,0.314872045814991,0.573775772750378
V,GTC,-0.400169622468948,-0.513748206198215,-0.28631826788187
V,GTG,-0.869250862765312,-0.969157207012177,-0.764507156610489
Y,TAC,0.560986821854115,0.405288080126047,0.715325601398945
Z,AGC,-0.252810898421332,-0.412191955000162,-0.0936864830553531
