AA,Codon,Posterior,0.025%,0.975%
A,GCA,0.147079189517349,0.0779421363025904,0.218032170087099
A,GCC,0.41663382973671,0.337537474185228,0.49948633685708
A,GCG,0.293136013549566,0.223585169389844,0.360303702950478
C,TGC,-0.116137947389518,-0.294494434446096,0.0681302318349481
D,GAC,-0.389382311487198,-0.470955399423838,-0.304222670197487
E,GAA,-0.155025606054626,-0.237623914703727,-0.0755247788503766
F,TTC,-0.619620521724224,-0.725705493986607,-0.512799909710884
G,GGA,1.43271566104889,1.19726294875145,1.68149907588959
G,GGC,0.149948690912128,0.0852511070668697,0.217051007971168
G,GGG,0.818598276567459,0.677656105160713,0.969894851744175
H,CAC,-0.498732133066654,-0.633382652699947,-0.368443720042706
I,ATA,1.52756507046223,1.17608988583088,1.90847460925579
I,ATC,-0.394610594499111,-0.468765657395124,-0.322022794187069
K,AAA,-0.0535112544450192,-0.122496301308274,0.0171315283980221
L,CTA,0.484880921037495,0.21194593347609,0.778671728074551
L,CTC,-0.391957669043541,-0.534247088432312,-0.251362366974354
L,CTG,-0.722280389332771,-0.835123956203461,-0.6077800989151
L,CTT,-0.164244666810369,-0.318563207983971,-0.0102804745780304
L,TTA,0.144651534746611,-0.013589066429995,0.308928551524878
N,AAC,-0.681895085453987,-0.806164851784706,-0.566605404019356
P,CCA,-0.26157134901844,-0.441412025690079,-0.078398166410625
P,CCC,0.73715222324729,0.456155394017696,1.01551561057568
P,CCG,-0.473832325583696,-0.635618944466114,-0.310171371698379
Q,CAA,0.376953754723072,0.271562262624502,0.486193027347326
R,AGA,1.54172020776272,1.08420761227608,2.03049612045288
R,AGG,2.90172179512978,2.15682070851326,3.66373496651649
R,CGA,1.70715047087669,1.36794784069061,2.09135203957558
R,CGC,0.373970484673977,0.29482941403985,0.456156444549561
R,CGG,1.56349135932922,1.30534343123436,1.82528757154942
S,TCA,0.648340667068958,0.48685075044632,0.814936864376068
S,TCC,0.102420568768005,0.0128396510146558,0.194456655532122
S,TCG,0.736532374310493,0.592968189716339,0.88094265460968
T,ACA,0.739536155712605,0.57127642929554,0.923975977301598
T,ACC,0.11618766032299,0.0421098199672997,0.193526249006391
T,ACG,0.671621768081188,0.554057320952415,0.789706870913506
V,GTA,0.0928680813735002,0.0156075628474355,0.173602418974042
V,GTC,0.432579148459435,0.342503311485052,0.526758718490601
V,GTG,0.389653670394421,0.31771564334631,0.462077099084854
Y,TAC,-0.360254576563835,-0.491568440943956,-0.232060055807233
Z,AGC,-0.632741676521301,-0.804847379028797,-0.470706135034561
