AA,Codon,Posterior,0.025%,0.975%
A,GCA,0.232314298830228,0.00574824495706708,0.47028700709343
A,GCC,0.411483547218144,0.192471622675657,0.632677793502808
A,GCG,0.415225591486692,0.202626998722553,0.622036115825176
C,TGC,0.333252794484561,-0.047312630712986,0.768462480604649
D,GAC,-0.21651972001195,-0.398149162530899,-0.0257482736371456
E,GAA,-0.192531467721969,-0.393962881714106,0.00665221114177259
F,TTC,-0.595981160080433,-0.878768371045589,-0.319833813607693
G,GGA,1.50812057192326,1.02153901457787,2.06093429327011
G,GGC,0.339191750502586,0.140099412947893,0.538622649013996
G,GGG,0.636452025151253,0.349986106157303,0.936460320651531
H,CAC,-0.387887404820183,-0.771214736998081,-0.012469617067836
I,ATA,1.6776288698256,0.744739878177643,3.08065310716629
I,ATC,-0.349313223190606,-0.545254167914391,-0.162553011998534
K,AAA,-0.086034512110817,-0.36931659579277,0.17433206140995
L,CTA,1.0859077275015,0.184193449094892,2.18856195211411
L,CTC,-0.30527472874294,-0.673087778687477,0.0657568398863078
L,CTG,-0.587706509232521,-0.887681509554386,-0.313405056297779
L,CTT,-0.0307551897781013,-0.433824717998505,0.370484617352486
L,TTA,0.361113250551163,-0.062432455457747,0.807877469062805
N,AAC,-0.830357083040476,-1.15671167373657,-0.530060558021069
P,CCA,-0.231095348161343,-0.610543152689934,0.158112896978855
P,CCC,0.903732128602266,0.274642287939787,1.61523845791817
P,CCG,-0.34508123903363,-0.700005553662777,-0.0209781577810644
Q,CAA,0.180369671603235,-0.0460830740630627,0.428570620715618
R,AGA,1.13327572114542,0.388514373451471,2.10879482030869
R,AGG,2.44948677698374,1.11877994537354,4.31153002977371
R,CGA,1.47427255642414,0.827180954813957,2.28158233165741
R,CGC,0.311222383835167,0.123425693251193,0.505942787230015
R,CGG,1.75926173548698,1.1675494492054,2.42554198503494
S,TCA,0.53746807541874,0.16071649864316,0.935670329630375
S,TCC,0.143044947182084,-0.146115121245384,0.432619048655033
S,TCG,0.680328474074602,0.341019058972597,1.03989542722702
T,ACA,1.15356435669661,0.587211145460606,1.87271244525909
T,ACC,0.146680190925399,-0.0902514960616827,0.37230481877923
T,ACG,0.917998580169678,0.558559191226959,1.30826642215252
V,GTA,0.126237822538655,-0.115734224766493,0.375976696610451
V,GTC,0.644288144308329,0.379457808285952,0.917323519289494
V,GTG,0.411015885999799,0.211948752775788,0.608947061002255
Y,TAC,-0.400700100394338,-0.649201165139675,-0.155336498841643
Z,AGC,-0.437725686949791,-0.806770767271519,-0.0878406615927815
