AA,Codon,Posterior,0.025%,0.975%
A,GCA,0.484668819736689,0.251231837272644,0.738295294344425
A,GCC,0.742006047037244,0.470835993438959,1.04549449086189
A,GCG,0.578155875141919,0.323992267996073,0.845931063592434
C,TGC,0.0428249316142232,-0.504537583887577,0.600433944165706
D,GAC,-0.226369472108821,-0.442839819937944,-0.0175310711842031
E,GAA,-0.205228933736635,-0.394532065838575,-0.018171291705221
F,TTC,-0.863756609758735,-1.36521863937378,-0.430658676475287
G,GGA,1.73379460285902,1.13619039952755,2.43650879263878
G,GGC,0.208484752018073,-0.00976054479833692,0.439961788803339
G,GGG,0.69119872873351,0.374835151433945,1.04156049191952
H,CAC,-0.910568027328327,-1.6136166036129,-0.321905182301998
I,ATA,1.64700545004606,0.92834951877594,2.48957198858261
I,ATC,-0.355007074234678,-0.643159422278404,-0.0863784089684487
K,AAA,-0.26763205045689,-0.523199097812176,-0.0212088678032168
L,CTA,1.32077260795832,0.516465273499489,2.21370613574982
L,CTC,-0.675743720895052,-1.04626826941967,-0.354183764755726
L,CTG,-1.04834512046576,-1.39961383938789,-0.749758750200272
L,CTT,-0.411622511775288,-0.807420222461224,-0.0449124688282612
L,TTA,0.711358119326294,0.0757777404040098,1.32600970268249
N,AAC,-0.975964228081703,-1.43072684407234,-0.576814772188664
P,CCA,-0.100791158046882,-0.522326162457466,0.325290302187204
P,CCC,0.483237858106953,-0.0703187419101596,1.0875243216753
P,CCG,-0.639381436401606,-1.01047728061676,-0.291047909855843
Q,CAA,0.649136711458117,0.352092149108648,0.98626532703638
R,AGA,2.32516082167625,1.47078554928303,3.38240922093391
R,AGG,2.00720824496746,1.35022440850735,2.78953575491905
R,CGA,2.80367961041927,1.78969479501247,3.9325890481472
R,CGC,0.66279249150753,0.404259097576141,0.941165325045586
R,CGG,2.44021727616787,1.55062212646008,3.63662952780723
S,TCA,0.955237683054432,0.411011444032192,1.60339933335781
S,TCC,0.280961316379294,-0.0666288375854492,0.655989348888397
S,TCG,1.80582637709379,0.928928193449974,2.89374341964722
T,ACA,1.08015200356841,0.613381515443325,1.62889688313007
T,ACC,0.288701017905539,0.0417675637640059,0.550379699468613
T,ACG,1.20234676209092,0.706689958274364,1.77817857563496
V,GTA,0.194799820170103,-0.0116113653406501,0.411565744131804
V,GTC,0.414681366815511,0.160918618366122,0.689001150429249
V,GTG,0.629088390052319,0.345603262633085,0.944757151603699
Y,TAC,-0.606069066271139,-1.02798184454441,-0.240265844389796
Z,AGC,-0.929778829973331,-1.60413172245026,-0.32710819542408
