AA,Codon,Posterior,0.025%,0.975%
A,GCA,0.111370261385455,0.0429739034734666,0.181750263646245
A,GCC,0.211124653318524,0.136163391917944,0.291574969887734
A,GCG,0.121952177817002,0.051802946254611,0.193157441169024
C,TGC,-0.014104218530748,-0.201248297840357,0.170730194821954
D,GAC,-0.0982167945515597,-0.172291192784905,-0.0227804850321263
E,GAA,-0.100224020503554,-0.163865903764963,-0.0367246522568166
F,TTC,-0.364408826267719,-0.470023065060377,-0.26253712028265
G,GGA,0.515652375996113,0.415713661909103,0.619293576478958
G,GGC,0.115364117681421,0.0464419927448034,0.185801091790199
G,GGG,0.286036879122257,0.198714568093419,0.375795663893223
H,CAC,-0.197560689202324,-0.322338065505028,-0.0849106054753065
I,ATA,0.640356620693207,0.520118510723114,0.76116444170475
I,ATC,-0.127890604057536,-0.199225610122085,-0.0525425573810935
K,AAA,0.00179706589786019,-0.0638955902308226,0.0721148759126663
L,CTA,0.0509511788729078,-0.069894758798182,0.17180420011282
L,CTC,-0.220016685763001,-0.318386489897966,-0.117879107408226
L,CTG,-0.390782048082352,-0.490038961172104,-0.295543822646141
L,CTT,-0.135494820639445,-0.246533544361591,-0.0263341745361684
L,TTA,0.0799461583961442,-0.0350343846715987,0.20023442953825
N,AAC,-0.271633771938086,-0.365568618476391,-0.179495498538017
P,CCA,-0.0412334382095112,-0.159243642538786,0.077862223610282
P,CCC,0.387430032128096,0.229635802656412,0.537281720340252
P,CCG,-0.209943837863952,-0.326528153568506,-0.0929192833602428
Q,CAA,0.232066642677784,0.13770147934556,0.328374065458775
R,AGA,0.769401656019688,0.618487152457237,0.92692583501339
R,AGG,0.934954920864105,0.766775698959827,1.10110284984112
R,CGA,0.859207919025421,0.695889180898666,1.02279460132122
R,CGC,0.206441091420501,0.112911044247448,0.301140129566193
R,CGG,0.843202151894569,0.690577797591686,1.00485829114914
S,TCA,0.427928105783463,0.284553284198046,0.572614222764969
S,TCC,0.01243009303617,-0.0971389383077621,0.12119539193809
S,TCG,0.35417255345583,0.214041097089648,0.491182795166969
T,ACA,0.414499431657791,0.298347499966621,0.532398648560047
T,ACC,0.132594564799266,0.0466804537922144,0.215815348923206
T,ACG,0.31831102155149,0.21522293202579,0.42094139456749
V,GTA,0.0552366055807448,-0.0201702698599547,0.131499883905053
V,GTC,0.12450730608399,0.047866135276854,0.201821997389197
V,GTG,0.184852389553934,0.0999866357073188,0.27127805352211
Y,TAC,-0.224007847444713,-0.330806731432676,-0.115285283140838
Z,AGC,-0.204687589871587,-0.337161233276129,-0.0722358174622058
