AA,Codon,Posterior,0.025%,0.975%
A,GCA,0.111284271220141,0.0319985586218536,0.194553777948022
A,GCC,0.193802374359965,0.11211371421814,0.279339070618153
A,GCG,0.145480551656056,0.0645435847342014,0.228477717190981
C,TGC,-0.0650126694429794,-0.252618210762739,0.131877660006285
D,GAC,-0.181001691366732,-0.257297297567129,-0.104088390618563
E,GAA,-0.108232928833202,-0.18348243534565,-0.0327031906694173
F,TTC,-0.387111494410038,-0.495452535152435,-0.278298442810774
G,GGA,0.765883633947372,0.642638151347637,0.894240999221802
G,GGC,0.177265369150043,0.0953046755865216,0.260682994127274
G,GGG,0.517891584956646,0.415251676738262,0.628556656837463
H,CAC,-0.283453249086067,-0.422153262794018,-0.137427795678377
I,ATA,0.813413156819344,0.668037600815296,0.965317265689373
I,ATC,-0.253164935606718,-0.339388193935156,-0.163526240363717
K,AAA,-0.0608171984297082,-0.131758750230074,0.01365253678523
L,CTA,0.185428359966166,0.0512021563015878,0.316062222421169
L,CTC,-0.278541444548965,-0.385971602797508,-0.170209671184421
L,CTG,-0.543376068544388,-0.652230708301067,-0.444448629021645
L,CTT,-0.10825073387468,-0.227130140736699,0.00763755331281576
L,TTA,0.137837403970538,-7.49160040868425e-05,0.268316455185413
N,AAC,-0.530072055113316,-0.640738523006439,-0.416998014599085
P,CCA,-0.0327243394141406,-0.156127373501658,0.100488567724824
P,CCC,0.401306226408482,0.23862723223865,0.574175715446472
P,CCG,-0.243453506333381,-0.362950002402067,-0.121075916290283
Q,CAA,0.267418968746066,0.161295206844807,0.379699756205082
R,AGA,0.832434774804115,0.66029577255249,0.999997563660145
R,AGG,0.997250319314003,0.816932319104671,1.19452607929707
R,CGA,1.03240178980827,0.851022829115391,1.23413399755955
R,CGC,0.0971822317524085,-0.0025178624491673,0.197656771168113
R,CGG,0.88371231508255,0.712142015993595,1.06446388363838
S,TCA,0.593101274502277,0.42525722682476,0.76094600558281
S,TCC,0.0501681564976316,-0.0593589537777007,0.161394714564085
S,TCG,0.435800506579876,0.293395994603634,0.586388240754604
T,ACA,0.469335135567188,0.339799565076828,0.604473182559013
T,ACC,0.106033630140068,0.0169582384172827,0.194503254815936
T,ACG,0.321227655112743,0.212877904996276,0.433641336858273
V,GTA,0.0222669891146004,-0.0605760185047984,0.108521433919668
V,GTC,0.215175917904079,0.122038125991821,0.313995312154293
V,GTG,0.181459927407652,0.0846764842048287,0.275590410083532
Y,TAC,-0.310051450100541,-0.430640339106321,-0.194151091948152
Z,AGC,-0.384326539808512,-0.549122408032417,-0.230316071212292
