AA,Codon,Posterior,0.025%,0.975%
A,GCA,-0.345196739462018,-0.43528305888176,-0.253767004609108
A,GCC,-0.788191885471344,-0.882012015581131,-0.695482191443443
A,GCG,-0.856984748291969,-0.945562487840652,-0.766714276373387
C,TGC,0.0289058146819339,-0.149963492155075,0.208453442528844
D,GAC,0.759280987584591,0.662597133219242,0.856374987959862
E,GAA,-0.701707493150234,-0.795553773641586,-0.60485652089119
F,TTC,0.933106295490265,0.830490511655807,1.0377377986908
G,GGA,0.0697173147877751,-0.0765658903867006,0.212851007282734
G,GGC,-0.467618346846104,-0.556573951244354,-0.37960629761219
G,GGG,-0.0191091717072472,-0.150982049107552,0.110111112333834
H,CAC,0.614068087315559,0.477236272394657,0.750043807923794
I,ATA,1.1466481456995,0.982278367877007,1.30861036777496
I,ATC,0.528431322181225,0.448205417394638,0.608701893687248
K,AAA,-1.1049605473876,-1.20337536334991,-1.00599497258663
L,CTA,0.959998018527031,0.787362317740917,1.13327022492886
L,CTC,0.333775534893572,0.217652156203985,0.452726881206036
L,CTG,-0.754093100786209,-0.848700910806656,-0.658612714707851
L,CTT,0.170648993572692,0.0533966251648963,0.292067737877369
L,TTA,-0.230000696450472,-0.338049507141113,-0.117301473766565
N,AAC,0.413156937083602,0.302635393291712,0.518564242124557
P,CCA,0.0920198493328644,-0.0562127573415637,0.243668514117598
P,CCC,-0.334916307026171,-0.507323759794235,-0.165646082535386
P,CCG,-0.533234643298388,-0.663910160958767,-0.40347503349185
Q,CAA,0.252340188884735,0.159210005030036,0.346702010184526
R,AGA,1.02219678686857,0.804037681221962,1.23171044588089
R,AGG,1.50154116722345,1.20776020586491,1.79135395884514
R,CGA,0.40117662999928,0.211671521514654,0.590956553816795
R,CGC,-0.313978969076276,-0.402888771146536,-0.221519427746534
R,CGG,0.0985102432860911,-0.0728423081338406,0.278147357702255
S,TCA,-0.279073043342028,-0.421106264740229,-0.133563015982509
S,TCC,-0.0455958968863673,-0.169254826381803,0.0799117693677543
S,TCG,-0.475448531207442,-0.627910707890987,-0.317636862397194
T,ACA,-0.488959688839316,-0.627234110236168,-0.353636187314987
T,ACC,-0.969016353607178,-1.07978323698044,-0.859274332225323
T,ACG,-0.918468759214878,-1.05216399729252,-0.78781835436821
V,GTA,0.559556358271837,0.456504552066326,0.665376904606819
V,GTC,-0.0866882411976818,-0.186905216425657,0.0147987794829532
V,GTG,-0.525272150808573,-0.619561026990414,-0.432098289579153
Y,TAC,0.569622293269634,0.432277699559927,0.709758159518242
Z,AGC,-0.272572727601603,-0.395695423334837,-0.142349089682102
