AA,Codon,Posterior,0.025%,0.975%
A,GCA,0.110543682860687,0.047939648013562,0.174539249762893
A,GCC,0.394887083721161,0.322484248876572,0.46960661932826
A,GCG,0.387536259478331,0.31695800870657,0.460161247104406
C,TGC,-0.151366301163727,-0.319905266165733,0.01562539935112
D,GAC,-0.224084507292509,-0.299423658102751,-0.145525209605694
E,GAA,-0.164978029234707,-0.244378796219826,-0.0877210151404143
F,TTC,-0.262850444862247,-0.350869451463223,-0.178937818855047
G,GGA,0.770659320759773,0.632836270332336,0.916292582452297
G,GGC,0.190288888324797,0.127720971405506,0.255362366884947
G,GGG,0.700003628855944,0.573125311732292,0.834394749999046
H,CAC,-0.310557688447833,-0.429325983673334,-0.193283016234636
I,ATA,0.621698818993568,0.442464212328196,0.809811519086361
I,ATC,-0.244545370689034,-0.309118385612965,-0.180519629269838
K,AAA,-0.000433233906728833,-0.0695653149858117,0.0654354592785239
L,CTA,0.190082033953743,0.00503166052512825,0.382723340392113
L,CTC,-0.208921053771969,-0.320667111128569,-0.0946173312142495
L,CTG,-0.37968686028719,-0.475998880714178,-0.287173697352409
L,CTT,-0.202424545931816,-0.31829804033041,-0.0938298722729087
L,TTA,-0.0410622343649819,-0.151270403712988,0.0701248506084084
N,AAC,-0.40913390083909,-0.501759359240532,-0.32130890712142
P,CCA,0.00415840542671285,-0.125302314013243,0.131368786096573
P,CCC,0.551643042379618,0.381467924267054,0.729772442579269
P,CCG,-0.0532647922564604,-0.163779842108488,0.0535735318437219
Q,CAA,0.0579366631601828,-0.0238085349556059,0.139933923259377
R,AGA,0.814451358228922,0.590153233706951,1.05605925619602
R,AGG,1.11289262388945,0.765980957448482,1.49542418420315
R,CGA,1.13507426003218,0.917504304647446,1.36855403780937
R,CGC,0.193128520978987,0.121635144948959,0.264657459408045
R,CGG,1.4093442653656,1.18154623806477,1.63583081066608
S,TCA,0.407239545843005,0.288688913732767,0.530961628258228
S,TCC,0.0747239963634463,-0.0126583046512678,0.16196709908545
S,TCG,0.740785551816225,0.595110988616943,0.894416102766991
T,ACA,0.447775740915537,0.339690276235342,0.564282155036926
T,ACC,0.192737814335525,0.118620845302939,0.267164721339941
T,ACG,0.644531449180841,0.531396767497063,0.758757635951042
V,GTA,-0.0763483301800317,-0.144567795842886,-0.0104614440584555
V,GTC,0.280052804976702,0.201511010527611,0.363898508995771
V,GTG,0.41582562994957,0.334577091783285,0.497061681747437
Y,TAC,-0.318303022365272,-0.437727404385805,-0.19862196855247
Z,AGC,-0.172324123247084,-0.290870951861143,-0.0584767581894994
