AA,Codon,Posterior,0.025%,0.975%
A,GCA,0.0282428063362833,-0.0777619887143373,0.131072399020195
A,GCC,0.211153809890642,0.10271996576339,0.32152014374733
A,GCG,-0.0243981160272422,-0.12214637901634,0.0717169569805264
C,TGC,-0.0801530658053722,-0.282727247476578,0.113626535981893
D,GAC,-0.344531270173192,-0.437732392549515,-0.249795447662473
E,GAA,-0.102132388027076,-0.198064044117928,-0.00897578485310084
F,TTC,-0.851744429135323,-0.988169617950916,-0.71986887305975
G,GGA,1.27583159788847,1.07120954394341,1.48942505717277
G,GGC,0.248530879467726,0.168324247002602,0.331213680654764
G,GGG,0.918599583995342,0.757675214111805,1.08599872291088
H,CAC,-0.5138543610394,-0.675199498236179,-0.360365604609251
I,ATA,2.11924185335636,1.67441982328892,2.61823922395706
I,ATC,-0.398177863335609,-0.487097739428282,-0.309867199510336
K,AAA,-0.0667435844471195,-0.17715029232204,0.0410662075504661
L,CTA,0.329550737583579,0.0322743931785226,0.66176333129406
L,CTC,-0.302867836887483,-0.490107124298811,-0.120406697690487
L,CTG,-0.792902310621738,-0.947067554295063,-0.648005138337612
L,CTT,-0.00366893201048006,-0.195767012983561,0.197073458880186
L,TTA,0.413286016121972,0.198354526609182,0.616703368723392
N,AAC,-0.818360511267185,-0.962694105505943,-0.680080738663673
P,CCA,-0.431613919596747,-0.683610990643501,-0.181993389129639
P,CCC,0.809587322583795,0.468572650104761,1.15612452030182
P,CCG,-1.02034999952316,-1.23943869173527,-0.81531822681427
Q,CAA,0.575846350294352,0.432762238383293,0.72069998383522
R,AGA,2.45176942064762,1.87990534603596,3.09712674021721
R,AGG,2.08872756254673,1.45871626138687,2.7895466029644
R,CGA,1.99831584272385,1.62476390898228,2.38258098959923
R,CGC,0.279317169365287,0.187532378733158,0.374902504682541
R,CGG,1.51495475487709,1.24549117088318,1.78915930986404
S,TCA,0.592117910474539,0.392553029209375,0.799553956091404
S,TCC,0.055854649459706,-0.0861537739634514,0.201511953398585
S,TCG,0.52018035774529,0.335722967237234,0.72033427208662
T,ACA,0.870041650807858,0.660193774104118,1.09020643532276
T,ACC,-0.0223681358065355,-0.146930446103215,0.0950725371018052
T,ACG,0.381336333046854,0.239560952037573,0.525774762034416
V,GTA,0.0831315650690551,-0.0331099814735353,0.200294167920947
V,GTC,0.314766438367218,0.199989408254623,0.431420850008726
V,GTG,0.114483502282086,0.0256630143150687,0.205180989578366
Y,TAC,-0.455193418696523,-0.600765113532543,-0.307959378510714
Z,AGC,-0.670092937785387,-0.879905891418457,-0.469014945626259
