AA,Codon,Posterior,0.025%,0.975%
A,GCA,-0.460160889494419,-0.563487793505192,-0.353747431188822
A,GCC,-1.02112362911701,-1.12727829217911,-0.918642607331276
A,GCG,-1.22553545079231,-1.32783122062683,-1.12470600903034
C,TGC,-0.111441143288402,-0.307037419825792,0.0762238431721926
D,GAC,0.845403688716888,0.741693162918091,0.950673906505108
E,GAA,-0.628388413691521,-0.727457782626152,-0.529927913844585
F,TTC,0.78161971487999,0.666730737686157,0.894913068413735
G,GGA,0.0502860796414861,-0.132349919900298,0.240698944032192
G,GGC,-0.378506380838156,-0.470668615400791,-0.286568015813828
G,GGG,0.0276473813862292,-0.119254104234278,0.16888838224113
H,CAC,0.712019728565216,0.564910943806171,0.86044615060091
I,ATA,1.20970491266251,0.973181062936783,1.45120603144169
I,ATC,0.474375567674637,0.392041616886854,0.558440455794334
K,AAA,-1.08608159589767,-1.18821228742599,-0.979229883849621
L,CTA,0.940258860135078,0.736844263970852,1.14194929301739
L,CTC,0.457290452009439,0.326728334277868,0.589953984320164
L,CTG,-0.772678630447388,-0.877255338430405,-0.665466973185539
L,CTT,0.410788794261217,0.270683728158474,0.551403176784515
L,TTA,-0.092429167151032,-0.219385734945536,0.038852810766548
N,AAC,0.255574074631929,0.128995016217232,0.376884050667286
P,CCA,0.0538980120664637,-0.126895212754607,0.241241673752666
P,CCC,-0.306919544709101,-0.530835090577602,-0.0735621327534317
P,CCG,-0.857530373048782,-1.00776465535164,-0.706152640283108
Q,CAA,0.324439204949141,0.219328125193715,0.43255797624588
R,AGA,1.58305533285141,1.2389883428812,1.91504499018192
R,AGG,1.07860597131252,0.658104781806469,1.48330718874931
R,CGA,0.658183051985502,0.411839446425438,0.899986524879933
R,CGC,-0.49758131428957,-0.596955505013466,-0.399571304023266
R,CGG,0.0632182173313137,-0.124055892601609,0.246281260997057
S,TCA,-0.179596167036358,-0.350770388543606,-0.00108108304702903
S,TCC,-0.143622214178159,-0.283951811492443,-0.00485301011940462
S,TCG,-0.783198574507237,-0.937599802017212,-0.629306860268116
T,ACA,-0.279254010070488,-0.45023216381669,-0.097237286530435
T,ACC,-1.21187619924545,-1.33528637290001,-1.09328234195709
T,ACG,-1.16659666666985,-1.30499133169651,-1.02628450095654
V,GTA,0.46259612903595,0.343607951700687,0.586305849254131
V,GTC,-0.371914451676607,-0.481718517839909,-0.254409861564636
V,GTG,-0.869249404120445,-0.966140067577362,-0.768244062364101
Y,TAC,0.568753595423698,0.42644791379571,0.716327552497387
Z,AGC,-0.278116996782273,-0.426037339121103,-0.129389948770404
