AA,Codon,Posterior,0.025%,0.975%
A,GCA,0.16463990144995,0.0268898137379438,0.301809963583946
A,GCC,0.417175704336166,0.275324135273695,0.56394963413477
A,GCG,0.306599789580703,0.179827767983079,0.4396030806005
C,TGC,-0.139776749014921,-0.455599324405193,0.169354885444045
D,GAC,-0.299385530441999,-0.420765153318644,-0.181837711855769
E,GAA,-0.207998895084113,-0.340266039222479,-0.0868320867419242
F,TTC,-0.740119861292839,-0.930963750183582,-0.563279430568218
G,GGA,1.20563107712269,0.879397417604923,1.5524222612381
G,GGC,0.0758263286232021,-0.032673111371696,0.186037883162499
G,GGG,0.831795727169514,0.599715235829353,1.07841276824474
H,CAC,-0.582580043977499,-0.817760947346687,-0.362956268340349
I,ATA,1.93202605392933,1.19803732335567,2.91377885937691
I,ATC,-0.458832211631536,-0.595308823883533,-0.324620845913887
K,AAA,-0.0901403710298575,-0.2499118514359,0.0641557637602091
L,CTA,0.0915470914776524,-0.294865357875824,0.522254903614521
L,CTC,-0.339459486866556,-0.602741096913815,-0.0617239424958824
L,CTG,-0.768501029288769,-0.987976521253586,-0.551701429486275
L,CTT,-0.101838169354685,-0.394066337496042,0.211864921823144
L,TTA,0.234661002203831,-0.0534154746681452,0.549253644049168
N,AAC,-0.700625050771236,-0.901319375634193,-0.507309821248054
P,CCA,-0.260967324609065,-0.522232259809971,-0.0037436569400597
P,CCC,1.19483476678133,0.695424000918865,1.74769975543022
P,CCG,-0.476879559665918,-0.714017151296139,-0.260774135589599
Q,CAA,0.38190701430887,0.210377357900143,0.55772594511509
R,AGA,1.91348026739359,1.04698368012905,2.99844477772713
R,AGG,3.23679620213509,1.98390983641148,4.82530374526978
R,CGA,1.26086868200302,0.852534881234169,1.74997060596943
R,CGC,0.38549643958807,0.242841038107872,0.539676702022552
R,CGG,1.83719618811607,1.41204605102539,2.33047290444374
S,TCA,0.634566384124756,0.355653912574053,0.950779069960117
S,TCC,0.283132000731118,0.0624745747074485,0.506340532004833
S,TCG,0.702964445793629,0.452818951010704,0.96579515337944
T,ACA,0.919647345781326,0.592487786710262,1.2830086350441
T,ACC,0.164509191456041,0.00464608049951494,0.326627965271473
T,ACG,0.697794297301769,0.479664339125156,0.922398339211941
V,GTA,0.0734716540698247,-0.0908267809078097,0.24499149993062
V,GTC,0.430452253115177,0.257262865453958,0.612663896381855
V,GTG,0.340274395334721,0.198041444644332,0.485130442678928
Y,TAC,-0.293472221242264,-0.477796290814877,-0.113868463784456
Z,AGC,-0.429475805376237,-0.704468220472336,-0.158470094576478
