AA,Codon,Posterior,0.025%,0.975%
A,GCA,0.145820012035966,0.0774958040565252,0.214872680231929
A,GCC,0.420011307537556,0.342731711268425,0.501139703392983
A,GCG,0.287831862902641,0.219265061989427,0.358971278369427
C,TGC,-0.124151771142663,-0.297593430429697,0.0491468710824849
D,GAC,-0.381768619179726,-0.463997585326433,-0.304226987063885
E,GAA,-0.135068809834868,-0.213091526553035,-0.0572575814090669
F,TTC,-0.610511879587173,-0.71395139247179,-0.508059749007225
G,GGA,1.44742758078575,1.21324970722198,1.68642300069332
G,GGC,0.144861405905336,0.082227767445147,0.211228733882308
G,GGG,0.821010520935059,0.677102220058441,0.973161153495312
H,CAC,-0.507536687660217,-0.647412119805813,-0.37460351511836
I,ATA,1.491849786973,1.16049061715603,1.86126914918423
I,ATC,-0.38273152756691,-0.452799048274755,-0.313948240876198
K,AAA,-0.04979868692694,-0.122399274818599,0.0181735530029983
L,CTA,0.54525009046495,0.277901392430067,0.830967578291893
L,CTC,-0.381274880099297,-0.519176004827023,-0.24177261851728
L,CTG,-0.727132064533234,-0.842827886343002,-0.616352878510952
L,CTT,-0.162768545342702,-0.32056181281805,-0.00199752796906977
L,TTA,0.169184145708327,0.0170513973105699,0.326223938167095
N,AAC,-0.682242305099964,-0.80011765062809,-0.565505613386631
P,CCA,-0.26569197146573,-0.441017439961433,-0.0915484143421054
P,CCC,0.737187455940247,0.460796341300011,1.02682498693466
P,CCG,-0.479506335276365,-0.636849795281887,-0.329094879329205
Q,CAA,0.361358262711763,0.26420369669795,0.46689391285181
R,AGA,1.53340120391846,1.08365701138973,2.04272692203522
R,AGG,2.94231354517937,2.24175420403481,3.7590670645237
R,CGA,1.67100544581413,1.34415750801563,2.03134827613831
R,CGC,0.360306447052956,0.284003495424986,0.436002299189568
R,CGG,1.54617167253494,1.30329133868217,1.80265711545944
S,TCA,0.65099226757288,0.493686646223068,0.810750739276409
S,TCC,0.101644525809633,0.0141301950672641,0.195426337793469
S,TCG,0.71516668497324,0.581996965408325,0.855324225127697
T,ACA,0.74755909832716,0.584493800997734,0.916569459438324
T,ACC,0.105426030469453,0.027475235844031,0.181390001624823
T,ACG,0.669416176104546,0.547102151811123,0.790888917446137
V,GTA,0.0848874174040859,0.0113123943796381,0.162927016243339
V,GTC,0.41597614979744,0.327911514043808,0.504116721451283
V,GTG,0.391730867660046,0.322057220339775,0.465787663310766
Y,TAC,-0.363511297959089,-0.490501529723406,-0.244072898849845
Z,AGC,-0.610089972603321,-0.777397409081459,-0.449933168292046
