AA,Codon,Posterior,0.025%,0.975%
A,GCA,-0.461020101708174,-0.541262277960777,-0.381651978194714
A,GCC,-0.836820241081715,-0.916132906079292,-0.756062364578247
A,GCG,-1.04013206419945,-1.11595125496387,-0.963287296891213
C,TGC,0.0436548270044817,-0.108231461420655,0.199663474783301
D,GAC,0.807641195011139,0.730958232283592,0.886266334354877
E,GAA,-0.6643762368083,-0.738749052584171,-0.587024240195751
F,TTC,0.907295062696934,0.8214480727911,0.994851019978523
G,GGA,0.0587445302863296,-0.0666447853669524,0.186491126567125
G,GGC,-0.417385085278749,-0.487952846288681,-0.34374013915658
G,GGG,0.0261759857789113,-0.0813184067606926,0.132646126672626
H,CAC,0.721875526154041,0.609730404615402,0.834718322753906
I,ATA,1.12680369706154,0.973787267506123,1.27924337983131
I,ATC,0.520272903633118,0.454335007816553,0.584572373330593
K,AAA,-1.09422360426188,-1.18480289578438,-1.00561044812202
L,CTA,1.08160111423731,0.929358802735806,1.2411521166563
L,CTC,0.41094912507832,0.307138571888208,0.51824302226305
L,CTG,-0.740677585494518,-0.822887699306011,-0.657770842313766
L,CTT,0.324173014691472,0.220367669314146,0.429465625435114
L,TTA,-0.208954742419347,-0.309241569042206,-0.105754737369716
N,AAC,0.447654102730751,0.355336456745863,0.542002642154694
P,CCA,0.0614155872460336,-0.0668141067028046,0.193006847426295
P,CCC,-0.29689308545813,-0.447163722664118,-0.146893782541156
P,CCG,-0.639476098930836,-0.751212710142136,-0.524594934284687
Q,CAA,0.212487393900752,0.129113461449742,0.297343737632036
R,AGA,1.0317816129446,0.817441827058792,1.2479908645153
R,AGG,1.34487107418776,1.067418217659,1.62341601550579
R,CGA,0.432651978397369,0.263439064472914,0.602798050642014
R,CGC,-0.378019278079271,-0.457087928801775,-0.300149397552013
R,CGG,-0.00434498378787339,-0.165146761760116,0.151985220611095
S,TCA,-0.455367438215017,-0.588644036650658,-0.323122927546501
S,TCC,-0.127200854864901,-0.237937173247337,-0.0160937686450779
S,TCG,-0.678185570341349,-0.812938757240772,-0.547700269520283
T,ACA,-0.486453252154589,-0.609294591844082,-0.36505842730403
T,ACC,-1.03554998186827,-1.12750686705112,-0.943140909075737
T,ACG,-0.997717284631729,-1.10991299450397,-0.888057613372803
V,GTA,0.471672601008415,0.382462414354086,0.565054583549499
V,GTC,-0.213055135563016,-0.301086098700762,-0.125572673976421
V,GTG,-0.647146017080545,-0.724682711064816,-0.570461133122444
Y,TAC,0.621020218604803,0.514185130596161,0.731876277923584
Z,AGC,-0.287633687657118,-0.403531850874424,-0.170844432339072
