AA,Codon,Posterior,0.025%,0.975%
A,GCA,0.166164055559039,0.106707892753184,0.222987393662333
A,GCC,0.409032567483187,0.343319447338581,0.477180946618319
A,GCG,0.497281595283747,0.432063521444798,0.562467382848263
C,TGC,-0.160457121623165,-0.321623352169991,-0.00652787415310763
D,GAC,-0.251347733581066,-0.319225243479013,-0.183448767662048
E,GAA,-0.187199235140532,-0.261574550718069,-0.117921729199588
F,TTC,-0.245614999172091,-0.324409663677216,-0.1673514328897
G,GGA,0.790635519814491,0.657126694917679,0.926649495959282
G,GGC,0.16458891992867,0.106234234757721,0.222291322797537
G,GGG,0.671024183046818,0.559410347044468,0.789035165309906
H,CAC,-0.38166115629673,-0.488589698821306,-0.276089958101511
I,ATA,0.63985693243742,0.466152776777744,0.818342067301273
I,ATC,-0.239455353346467,-0.295421352237463,-0.181984312087297
K,AAA,-0.00516324025074541,-0.0687022112309933,0.0580781866796313
L,CTA,0.0863129701787213,-0.0848861584439874,0.262794567644596
L,CTC,-0.268005807085335,-0.378211185336113,-0.162506488710642
L,CTG,-0.39575147895515,-0.483277079463005,-0.309242902696133
L,CTT,-0.312560633635521,-0.417054285854101,-0.206439249962568
L,TTA,-0.0588954266443638,-0.16949115768075,0.0461632711812852
N,AAC,-0.431474195200205,-0.517752304673195,-0.346353577822447
P,CCA,0.0235033995964561,-0.0908475272357464,0.140078744664788
P,CCC,0.504490838727355,0.355644928663969,0.662764652073383
P,CCG,0.0126168897345437,-0.0858596893027425,0.111790201254189
Q,CAA,0.083658114228773,0.00872440396342427,0.160386151447892
R,AGA,0.795592147356272,0.576733534038067,1.02779637277126
R,AGG,1.25650782723427,0.915110044181347,1.64016913771629
R,CGA,1.08679806284904,0.892211830615997,1.30131120979786
R,CGC,0.228635543587804,0.164760510623455,0.293958500772715
R,CGG,1.50436123087406,1.29399240016937,1.72863829135895
S,TCA,0.51728253595233,0.401390641182661,0.637776918709278
S,TCC,0.113500247987366,0.0325990613549948,0.194535253196955
S,TCG,0.887291121935844,0.744476942718029,1.03079085350037
T,ACA,0.435575621581078,0.334933807700872,0.538775712251663
T,ACC,0.225884846937656,0.15575990639627,0.294525870680809
T,ACG,0.694125191390514,0.591896830499172,0.79654103666544
V,GTA,-0.0342607197341718,-0.0963425504043698,0.0276023378595709
V,GTC,0.351578889414668,0.276757495850325,0.428264036774635
V,GTG,0.488883883428574,0.417480703443289,0.562320120632648
Y,TAC,-0.353736121544242,-0.459878019243479,-0.246927148103714
Z,AGC,-0.161273424123132,-0.271334165334702,-0.0502628774382175
