AA,Codon,Posterior,0.025%,0.975%
A,GCA,0.198527174287289,0.124169226363301,0.2724315546453
A,GCC,0.317434220010042,0.242517108842731,0.396333808451891
A,GCG,0.180300704485923,0.112964663282037,0.246114133298397
C,TGC,-0.351673016744107,-0.52289370149374,-0.187963592261076
D,GAC,-0.346390599250793,-0.41492168456316,-0.279189070314169
E,GAA,-0.150400315061212,-0.221984945982695,-0.0808478299528361
F,TTC,-0.706435006308556,-0.800416906177998,-0.612335695326328
G,GGA,1.46538383648396,1.2869572520256,1.64705130755901
G,GGC,0.125607609322667,0.066952745988965,0.184595067799091
G,GGG,0.834241490185261,0.715360204875469,0.957543155550957
H,CAC,-0.501085342812538,-0.624482676386833,-0.382744528353214
I,ATA,1.97847944414616,1.66614375710487,2.29662091732025
I,ATC,-0.405688264995813,-0.471899864822626,-0.338529313355684
K,AAA,-0.268892963045835,-0.367550914734602,-0.173529332876206
L,CTA,0.452997136560455,0.203064768016338,0.695457990467548
L,CTC,-0.361655296505988,-0.497207321226597,-0.224577545002103
L,CTG,-0.847439999961853,-0.95729002058506,-0.737954969704151
L,CTT,-0.088032109217333,-0.232596569508314,0.0588841434568166
L,TTA,0.518159983024001,0.354924753308296,0.677644880115986
N,AAC,-0.845379843354225,-0.959699365496635,-0.736487829685211
P,CCA,-0.289539753061905,-0.45686369985342,-0.126596081256867
P,CCC,0.95215270140171,0.721948511898518,1.19535118937492
P,CCG,-0.733817864912748,-0.877997812628746,-0.594897074997425
Q,CAA,0.52257791108489,0.423612279444933,0.626899090409279
R,AGA,3.23924247150421,2.69176318049431,3.88801133036613
R,AGG,3.50518842425346,2.79738504290581,4.29218133687973
R,CGA,1.89407701437473,1.60790823996067,2.1756924033165
R,CGC,0.298603765240312,0.224807399883866,0.374858444184065
R,CGG,1.84058187365532,1.59672069549561,2.09319592118263
S,TCA,0.891397217643261,0.728004257380962,1.05982348620892
S,TCC,0.0122163694754921,-0.0854246200993657,0.11068813148886
S,TCG,0.635427823716402,0.497268849611282,0.779372364282608
T,ACA,1.14891554082632,0.972491836547852,1.32952755689621
T,ACC,0.0061556307697912,-0.0781120929867029,0.0857978710904716
T,ACG,0.622381588166952,0.505994574725628,0.73788928091526
V,GTA,0.0990478455358243,0.0183370562270284,0.18098302334547
V,GTC,0.346927128329873,0.261343836039305,0.434600020200014
V,GTG,0.223939236280322,0.155788565427065,0.294388879090548
Y,TAC,-0.412572563922405,-0.512592841684818,-0.314691361784935
Z,AGC,-0.643244825237989,-0.803477880358696,-0.484971281141043
