AA,Codon,Posterior,0.025%,0.975%
A,GCA,-0.274368615572667,-0.393443665653467,-0.163310052454472
A,GCC,-0.462381474337098,-0.601299402117729,-0.313963852077723
A,GCG,-0.641328154816758,-0.825366826355457,-0.485571122169495
C,TGC,0.143914264547227,-0.131018864735961,0.483533017337322
D,GAC,0.574967101467773,0.463267923891544,0.696758385002613
E,GAA,-0.78663589742724,-0.924665635824203,-0.577568256855012
F,TTC,0.685651552207535,0.490544581413269,0.807054352760315
G,GGA,0.25154254411413,-0.0982653411105275,0.507011878490448
G,GGC,-0.32046802486619,-0.455413664132357,-0.212032908201218
G,GGG,0.0208599160057644,-0.359197442233562,0.270177394896745
H,CAC,0.433093412143923,0.269419182091951,0.618925897777081
I,ATA,0.489313635392324,-0.107244873605669,0.85303431302309
I,ATC,0.406369413131662,0.302934458106756,0.553694477677345
K,AAA,-1.05754619169405,-1.1814919680357,-0.732491973042489
L,CTA,0.926629696057946,0.515938234329224,1.2273351162672
L,CTC,0.343243843833357,0.193698169663548,0.507403154671192
L,CTG,-0.856886773660162,-1.00186012685299,-0.655684243142607
L,CTT,0.169976422257645,0.0180622977204621,0.32732355222106
L,TTA,-0.163671272397961,-0.311399401724339,0.00256356047466359
N,AAC,0.182477196945716,0.0501652677543461,0.357506153732538
P,CCA,0.0691474717075362,-0.0872200421988964,0.213372936844826
P,CCC,0.0506790565771058,-0.13726476021111,0.206144928559661
P,CCG,-0.559657752390538,-0.689826700091362,-0.409893375635148
Q,CAA,0.341324508596701,0.245789367333055,0.444217249751091
R,AGA,1.43599692257456,0.672600342333317,1.69516932070255
R,AGG,1.93911850382648,0.877426427602768,2.27967875003815
R,CGA,1.07568906531148,0.587774816155434,1.29369072914124
R,CGC,-0.189690110401151,-0.321684610843658,-0.0898345006629825
R,CGG,0.846516254453268,0.306733848154545,1.0706700861454
S,TCA,-0.0410641737543527,-0.242582140117884,0.112367549724877
S,TCC,0.0282971263762163,-0.100633781962097,0.158129307627678
S,TCG,0.0247192720425526,-0.186810259148479,0.191250222548842
T,ACA,-0.175044736166764,-0.343001262843609,-0.0337514080107212
T,ACC,-0.81266810939461,-0.934774942696095,-0.670088914036752
T,ACG,-0.441716855724994,-0.60779504776001,-0.292454932630062
V,GTA,0.492652738702297,0.380027661472559,0.596612188220024
V,GTC,0.0848073725095317,-0.0583212353289127,0.202074745297432
V,GTG,-0.325599411752075,-0.535286065936089,-0.187071313709021
Y,TAC,0.332125759882014,0.188274132832885,0.48883975893259
Z,AGC,-0.412219978907146,-0.533159428834915,-0.279843852669001
