AA,Codon,Posterior,0.025%,0.975%
A,GCA,-0.192655909748875,-0.66622202694416,0.245946913957596
A,GCC,-0.184679538408165,-0.711621336638927,0.236418300867081
A,GCG,-0.553543755201786,-1.03887135386467,-0.144501130655408
C,TGC,-0.911242952322029,-2.08670765757561,-0.0848514899611476
D,GAC,-0.219830123937596,-0.522300893068314,0.0894640332087872
E,GAA,-0.0860972596701988,-0.410398779809475,0.164159160107374
F,TTC,-0.864297889861971,-1.36942227780819,-0.394440688192845
G,GGA,2.14720216065645,1.18470986485481,3.46964902281761
G,GGC,0.194502169451317,-0.0775423109531403,0.468047639727592
G,GGG,1.185800523974,0.619311055541038,1.9393184453249
H,CAC,-0.281265009891114,-0.70127886235714,0.131642534956336
I,ATA,5.02060486381054,2.21170755028725,9.86936168670654
I,ATC,-0.718734883441171,-1.11725283563137,-0.367071521282196
K,AAA,-0.100993978973852,-0.572559794783592,0.218651444092393
L,CTA,0.824770319701382,-0.0398965822532773,1.91553671360016
L,CTC,-0.264213623143578,-0.696756768226624,0.181642623990774
L,CTG,-0.584533160243183,-1.0904584646225,-0.229638998582959
L,CTT,0.701329369451804,0.0965173395350575,1.42673133611679
L,TTA,1.06378427963657,0.28139353916049,1.839628008008
N,AAC,-0.866726225689566,-1.32554134726524,-0.487145058065653
P,CCA,-0.446139977435872,-1.13977061808109,0.222785482183098
P,CCC,0.904642989982094,-0.115880553983152,2.09201074838638
P,CCG,-1.08059600910842,-1.74755614101887,-0.537828710675241
Q,CAA,0.556495721638459,0.21351371333003,0.96660798639059
R,AGA,3.66169395896196,1.58637417554855,5.84534999132156
R,AGG,3.95731042405367,1.21011447906494,6.83640214204788
R,CGA,2.34612836722136,1.35643941164017,4.07376091480255
R,CGC,0.273177687515202,0.0417405052110553,0.525359578430653
R,CGG,0.700753247534204,0.206022066995502,1.29574511647224
S,TCA,0.412301129103065,-0.12169063705951,1.04527943432331
S,TCC,-0.0750891100890256,-0.483099012076855,0.302160052955151
S,TCG,0.0457820008172892,-0.432974850386381,0.488770031183958
T,ACA,1.38194205128551,0.716477261483669,2.14512078166008
T,ACC,0.0809136988626907,-0.310952744632959,0.422073327749967
T,ACG,0.346331276544989,-0.0849089743569493,0.788368338346481
V,GTA,0.134417957185935,-0.195818270370364,0.505183765292168
V,GTC,0.335687103846477,-0.020865102764219,0.735913461446762
V,GTG,-0.0768966682320264,-0.37456356883049,0.208042493462562
Y,TAC,-0.324573095620028,-0.718190516531467,0.0468750459142028
Z,AGC,-0.377491034440475,-0.896390935778618,0.0752002667635676
