AA,Codon,Posterior,0.025%,0.975%
A,GCA,-0.333976003617048,-0.431612778455019,-0.235440679267049
A,GCC,-0.710927115178108,-0.808857157826424,-0.607322636246681
A,GCG,-0.785764715766907,-0.88622609525919,-0.685520419478416
C,TGC,0.0330777844052398,-0.155827409774065,0.225785807520151
D,GAC,0.713649958842993,0.606531031429768,0.820761322975159
E,GAA,-0.77639912134409,-0.879102419316769,-0.668555913865566
F,TTC,0.897897923147678,0.788591939210892,1.01099415421486
G,GGA,0.121985386080605,-0.0351277380250394,0.275918517261743
G,GGC,-0.453771311408281,-0.552629433572292,-0.350586725026369
G,GGG,0.0501731848731768,-0.0934138249605894,0.194866378605366
H,CAC,0.559441236138344,0.419717042893171,0.702240100502968
I,ATA,1.11307406582832,0.944831332564354,1.28168410360813
I,ATC,0.486176989859343,0.402752707898617,0.571464015543461
K,AAA,-1.12242466711998,-1.22640956938267,-1.0203507065773
L,CTA,1.00231026170254,0.81318039894104,1.18140259385109
L,CTC,0.309025619338453,0.181030077859759,0.43356514647603
L,CTG,-0.771944178032875,-0.871873360872269,-0.670743460953236
L,CTT,0.150099393621803,0.0285069776233286,0.276153100281954
L,TTA,-0.246345647457242,-0.361907530575991,-0.128992919251323
N,AAC,0.421909730574489,0.306230048090219,0.54017333984375
P,CCA,0.0997243765687352,-0.0583925785496831,0.257796056568622
P,CCC,-0.290279393298179,-0.470452825725079,-0.114292716421187
P,CCG,-0.465205362632871,-0.603234305977821,-0.327446818351746
Q,CAA,0.235899176425487,0.131671554967761,0.342419952899218
R,AGA,0.995144166994095,0.775823745131493,1.2127861559391
R,AGG,1.39820006048679,1.10472984313965,1.7183853417635
R,CGA,0.441808690677583,0.246372826397419,0.634159845113754
R,CGC,-0.320888912492991,-0.42341663390398,-0.221457315981388
R,CGG,0.124519521604782,-0.0792461611330509,0.331376325339079
S,TCA,-0.260167664465588,-0.410283757001162,-0.108005974441767
S,TCC,-0.0099769278824474,-0.14394669085741,0.126711429283023
S,TCG,-0.43793198402077,-0.6075010612607,-0.275423406064511
T,ACA,-0.451218041992188,-0.593029841780663,-0.312809667736292
T,ACC,-0.90274218981266,-1.01756861209869,-0.788372510671616
T,ACG,-0.829751417660713,-0.9649409070611,-0.695220163464546
V,GTA,0.583062282824516,0.471452612429857,0.694204986095428
V,GTC,-0.0369041620657128,-0.145662657171488,0.0720065414905547
V,GTG,-0.461097410285473,-0.566479554772377,-0.357750558108091
Y,TAC,0.487894035950303,0.34071826711297,0.636048978567123
Z,AGC,-0.313309757231921,-0.445353603363037,-0.176764312759042
