AA,Codon,Posterior,0.025%,0.975%
A,GCA,-0.104734378591086,-0.341540288925171,0.130677529424429
A,GCC,0.0226414619083902,-0.214994264766574,0.251993536949158
A,GCG,-0.293978374527517,-0.509706914424896,-0.0791409868746997
C,TGC,-0.313232039057167,-0.776462346315384,0.113633714430034
D,GAC,-0.273844707276279,-0.45837582051754,-0.0943446362391115
E,GAA,-0.0803410470396266,-0.246231910958886,0.0792285751551389
F,TTC,-0.837306031852961,-1.10922466218472,-0.578518097102642
G,GGA,1.36002451643944,0.954109345376492,1.81367832124233
G,GGC,0.26172048049178,0.110846842080355,0.411143952608108
G,GGG,0.816188298010826,0.553057731688023,1.11761960983276
H,CAC,-0.353814358728565,-0.618592444062233,-0.095989160053432
I,ATA,1.65504315235019,0.897053793072701,2.59871913194656
I,ATC,-0.473246865808964,-0.664258785545826,-0.290352170914412
K,AAA,2.02199141886012e-06,-0.197744446247816,0.191375320032239
L,CTA,0.520016379543435,-0.00890895402990281,1.1360134512186
L,CTC,-0.186137170127924,-0.466947593539953,0.103967337682843
L,CTG,-0.494563284346461,-0.724999180436134,-0.28171129822731
L,CTT,0.450469282880193,0.0866024920716882,0.829916390776634
L,TTA,0.677994071497023,0.323270365595818,1.05046721696854
N,AAC,-0.878909296250343,-1.14143105149269,-0.631789365410805
P,CCA,-0.370267649058305,-0.805831380188465,0.0446049057878549
P,CCC,0.840936544175347,0.243476927652955,1.47129490077495
P,CCG,-0.921287064927816,-1.29714477956295,-0.576544106006623
Q,CAA,0.501455309909582,0.264774315059185,0.751421657204628
R,AGA,2.98342885379791,1.83874527812004,4.64291588068008
R,AGG,3.99382052983046,1.82826665341854,6.33289642333984
R,CGA,2.81968274183273,1.97046926319599,3.84837104082107
R,CGC,0.355442638253421,0.179404508322477,0.532613039016724
R,CGG,1.19265392513275,0.824316184222698,1.58029592931271
S,TCA,0.394942188176629,0.0924469297751784,0.723280748724937
S,TCC,0.00656540995650557,-0.253641384094954,0.268655946105718
S,TCG,0.394460801155074,0.0957917626947165,0.711055989563465
T,ACA,1.32252172826529,0.852496491372585,1.84579770565033
T,ACC,0.124771350323463,-0.0898139463737607,0.33515230640769
T,ACG,0.589605555735528,0.306938093155622,0.871545238792896
V,GTA,0.0300672240652941,-0.193713212758303,0.259018914401531
V,GTC,0.294383708537131,0.077757553756237,0.516925019025803
V,GTG,0.0587692991888303,-0.117087457887828,0.227573209255934
Y,TAC,-0.437945831370167,-0.699854795634747,-0.186017633229494
Z,AGC,-0.394057602923424,-0.727188993990421,-0.0944217896088963
