AA,Codon,Posterior,0.025%,0.975%
A,GCA,0.107149223885417,0.0415463412180543,0.17489992454648
A,GCC,0.349823140993714,0.272958330065012,0.423517602682114
A,GCG,0.347363545817137,0.274857365339994,0.422153260558844
C,TGC,-0.154912756114305,-0.33654824718833,0.0205117644742129
D,GAC,-0.198003469607234,-0.277448023110628,-0.117526759207249
E,GAA,-0.119394448758499,-0.202734438329935,-0.0371362346224487
F,TTC,-0.240741107866168,-0.333242898434401,-0.151319270581007
G,GGA,0.73160118342042,0.586357714235783,0.886621227860451
G,GGC,0.183698158168048,0.116029806621373,0.251036356389523
G,GGG,0.646699802011251,0.519768053293228,0.779060585796833
H,CAC,-0.275640442879684,-0.398075058311224,-0.154782954230905
I,ATA,0.647581523287296,0.463680961728096,0.842897599935532
I,ATC,-0.219814727085829,-0.283685069531202,-0.155259811878204
K,AAA,0.00866448274475752,-0.0579717170447111,0.0769593888893723
L,CTA,0.149709473750209,-0.0355031955055892,0.348922773450613
L,CTC,-0.191111816738802,-0.306490743905306,-0.0729104598984122
L,CTG,-0.367236807927489,-0.466289667785168,-0.273408086597919
L,CTT,-0.188483128458308,-0.30652783960104,-0.0726764807477594
L,TTA,-0.0303516522481827,-0.146329889446497,0.0827675292268395
N,AAC,-0.414714830589294,-0.512475433945656,-0.318099470436573
P,CCA,9.15562003347077e-05,-0.129220327734947,0.135994732007384
P,CCC,0.522412972608209,0.34526130631566,0.704404793679714
P,CCG,-0.0946242559944483,-0.209095786139369,0.0203724341467023
Q,CAA,0.0678984412949987,-0.0205472897272557,0.155062591657042
R,AGA,0.840357985806465,0.608922147750855,1.08969470262527
R,AGG,1.21663266844749,0.823406161367893,1.59792586863041
R,CGA,1.09106875727177,0.871074123680592,1.31900441646576
R,CGC,0.197064196109772,0.124913617037237,0.272564609348774
R,CGG,1.38127401934862,1.12714054584503,1.64236174821854
S,TCA,0.397505231526494,0.276034190505743,0.526516976952553
S,TCC,0.0563165833394312,-0.034509645588696,0.149305725097656
S,TCG,0.714873228031397,0.560117882490158,0.878085243701935
T,ACA,0.430971571266651,0.321489599347115,0.549512381851673
T,ACC,0.15975721017886,0.0797531733289361,0.239616218954325
T,ACG,0.587019718331099,0.474928413331509,0.700611923635006
V,GTA,-0.0867980038446316,-0.156393845751882,-0.0177544970065356
V,GTC,0.252308056300879,0.169149812310934,0.337415491044521
V,GTG,0.376155597311258,0.292307056486607,0.460997048020363
Y,TAC,-0.265045006992668,-0.392212770134211,-0.144056165963411
Z,AGC,-0.143825942175802,-0.266815185546875,-0.0273203478660435
