AA,Codon,Posterior,0.025%,0.975%
A,GCA,-0.457706191241741,-0.553673204779625,-0.352960910648107
A,GCC,-1.0419655506134,-1.14307813346386,-0.944206723570824
A,GCG,-1.21247301783562,-1.30466153621674,-1.12405138015747
C,TGC,-0.0565573920775423,-0.232917426899076,0.129189373925328
D,GAC,0.852510837316513,0.75707284361124,0.95257585644722
E,GAA,-0.597662237286568,-0.688821314275265,-0.498800674825907
F,TTC,0.819654873180389,0.713640457391739,0.924968884885311
G,GGA,0.0941883046571442,-0.0742837015539408,0.26436610519886
G,GGC,-0.387900844597816,-0.472509288787842,-0.298462639003992
G,GGG,0.0132879546493979,-0.108568386361003,0.142370343208313
H,CAC,0.732203016018868,0.596239194273949,0.873037067055702
I,ATA,1.23355999515057,1.00769270658493,1.46146551072598
I,ATC,0.498046717143059,0.418214006721973,0.581526120007038
K,AAA,-1.09584962468147,-1.19648365974426,-0.99691948145628
L,CTA,1.03733750565052,0.842354793846607,1.23219531476498
L,CTC,0.501354203748703,0.381690316647291,0.633325509727001
L,CTG,-0.778996393013,-0.878251753747463,-0.679445548355579
L,CTT,0.401544617784023,0.270274080336094,0.536645370721817
L,TTA,-0.0887250955820935,-0.21891675516963,0.0363549392670393
N,AAC,0.258552471980453,0.14274532161653,0.375636127591133
P,CCA,0.0605664090081831,-0.110470386408269,0.226745953038335
P,CCC,-0.33285159451291,-0.54026603102684,-0.13217721991241
P,CCG,-0.886312749958038,-1.03376138210297,-0.743280425667763
Q,CAA,0.28226238591671,0.173983000218868,0.388616412132978
R,AGA,1.44958489620686,1.13470985591412,1.77183382809162
R,AGG,1.21014430384636,0.841119205951691,1.56759057939053
R,CGA,0.616136556410789,0.38253662660718,0.843211364746094
R,CGC,-0.514752244091034,-0.606348010897636,-0.424435776472092
R,CGG,0.0051613900657052,-0.171058989316225,0.183313074335456
S,TCA,-0.29290749405548,-0.462140554189682,-0.125246771238744
S,TCC,-0.182480710921972,-0.311915125697851,-0.050657421350479
S,TCG,-0.83973003988266,-0.980389350652695,-0.694388715922832
T,ACA,-0.259849506807886,-0.429058957844973,-0.0871814135462045
T,ACC,-1.26549350605011,-1.38006003499031,-1.1525841832161
T,ACG,-1.17849548068047,-1.31154713332653,-1.05251379013062
V,GTA,0.432905720645189,0.316441010683775,0.552165612578392
V,GTC,-0.388627665114403,-0.493496516346931,-0.283012928813696
V,GTG,-0.866207669758797,-0.962791082262993,-0.773067919909954
Y,TAC,0.548858709657192,0.418891007453203,0.683253961801529
Z,AGC,-0.234053357355297,-0.37788128554821,-0.0964110136032104
