AA,Codon,Posterior,0.025%,0.975%
A,GCA,0.144815924917161,0.07703094817698,0.213139636442065
A,GCC,0.433397137749195,0.354674433171749,0.510939858853817
A,GCG,0.279913633441925,0.216238540038466,0.345104100555181
C,TGC,-0.164400353922511,-0.337919764965773,-7.04817765722388e-05
D,GAC,-0.385510036325455,-0.465211499482393,-0.308943340182304
E,GAA,-0.153004058414325,-0.230199306085706,-0.07707973215729
F,TTC,-0.63663217498064,-0.733295449614525,-0.53844837397337
G,GGA,1.39233804020882,1.17916856408119,1.61756247878075
G,GGC,0.149501517977566,0.0880898898467422,0.211709447205067
G,GGG,0.832478237748146,0.693932956457138,0.973361365497112
H,CAC,-0.522344779336453,-0.653956764936447,-0.396598827838898
I,ATA,1.46970140907764,1.13221515119076,1.81661644876003
I,ATC,-0.396637960243225,-0.46794718131423,-0.32619172334671
K,AAA,-0.0454328743553757,-0.114984128810465,0.022268498223275
L,CTA,0.434727529114485,0.182639085128903,0.708906047046185
L,CTC,-0.414115667265654,-0.550204758346081,-0.278880763053894
L,CTG,-0.723163488769531,-0.832579299807549,-0.61686956435442
L,CTT,-0.154099002099596,-0.30675161331892,-0.00608772343257436
L,TTA,0.165907111805584,0.0120971589582041,0.322484316676855
N,AAC,-0.685260093462467,-0.798048697412014,-0.574124994874
P,CCA,-0.266836841035448,-0.434874179214239,-0.0914619820192456
P,CCC,0.76396280772686,0.499534136801958,1.03678254783154
P,CCG,-0.458689732080698,-0.612965840101242,-0.306474916636944
Q,CAA,0.392452347242832,0.290698559582233,0.496468795835972
R,AGA,1.67565500655174,1.21260479092598,2.1789343059063
R,AGG,2.73692350444794,2.11076282858849,3.44424905776978
R,CGA,1.71352986636162,1.39933319091797,2.05172513723373
R,CGC,0.368542143946886,0.294639019668102,0.446890487521887
R,CGG,1.60483212037086,1.36609592437744,1.84272714555264
S,TCA,0.73430876237154,0.578750486671925,0.899769414961338
S,TCC,0.119375073642947,0.0325341370888054,0.20663170479238
S,TCG,0.749928946304321,0.618412950634956,0.885965596139431
T,ACA,0.716328781473637,0.551383456587791,0.884025482833386
T,ACC,0.131433118604124,0.0582934700883925,0.206298093497753
T,ACG,0.666565876471996,0.558562465012074,0.78004414588213
V,GTA,0.097610636667721,0.0255410820245743,0.171513973176479
V,GTC,0.423804657435417,0.338723999261856,0.512256108224392
V,GTG,0.386299434995651,0.315285598486662,0.459590092301369
Y,TAC,-0.35240258308053,-0.476003611832857,-0.237442797422409
Z,AGC,-0.649049263119698,-0.802149127423763,-0.488978219777346
