AA,Codon,Posterior,0.025%,0.975%
A,GCA,0.137401122898888,0.0373125130310655,0.237203204631805
A,GCC,0.409024478954077,0.301850420981646,0.518110565841198
A,GCG,0.244817249250412,0.157564297690988,0.336450093239546
C,TGC,-0.152294724615358,-0.362559206038713,0.0457275063730777
D,GAC,-0.389152171856165,-0.483520828187466,-0.29231182038784
E,GAA,-0.20476824760437,-0.298372749239206,-0.106463562138379
F,TTC,-0.600276308012009,-0.731653448939323,-0.479431170970201
G,GGA,1.16275209069252,0.944566372036934,1.39532299637794
G,GGC,0.137578517699242,0.0600557981058955,0.217445527017117
G,GGG,0.765702861404419,0.612781052291393,0.921080875396729
H,CAC,-0.483193002557754,-0.649437581002712,-0.33188388645649
I,ATA,1.32921899352074,0.957235214114189,1.74914840459824
I,ATC,-0.358397528398037,-0.445766740292311,-0.27805543243885
K,AAA,-0.0669822236536187,-0.182186967879534,0.0415668512694538
L,CTA,0.288792084872408,-0.0133397388970479,0.613972842693329
L,CTC,-0.455286508387327,-0.633693028986454,-0.275785531103611
L,CTG,-0.792331623840332,-0.939043140411377,-0.649818548560143
L,CTT,-0.168133151356131,-0.356905121356249,0.0313191336579621
L,TTA,0.160188823152488,-0.0391596831381321,0.376552943885326
N,AAC,-0.622235027015209,-0.765143720805645,-0.493959524482489
P,CCA,-0.326640395345725,-0.530749441683292,-0.125161848962307
P,CCC,0.812233655244112,0.498631280660629,1.1546529084444
P,CCG,-0.453586992704868,-0.639421629905701,-0.274963988363743
Q,CAA,0.558856257033348,0.411522777378559,0.713431289792061
R,AGA,1.95144959123135,1.33963858187199,2.65674405097961
R,AGG,2.17438077020645,1.52931898236275,2.99746105074883
R,CGA,1.42383875179291,1.09337955117226,1.79020949006081
R,CGC,0.270052716690302,0.172918812558055,0.366055081039667
R,CGG,1.44854981908798,1.18457962274551,1.71549651622772
S,TCA,0.646702593839169,0.431663498282433,0.886004732549191
S,TCC,0.0343016313322332,-0.102292139269412,0.177791385725141
S,TCG,0.741690986597538,0.552046872675419,0.931130757927895
T,ACA,0.668420387518406,0.444151742756367,0.890803907811642
T,ACC,0.0934542313512298,-0.029759717034176,0.216147176921368
T,ACG,0.543283320450783,0.389861700683832,0.698974972963333
V,GTA,0.124922471907479,0.0167001724243164,0.234105052053928
V,GTC,0.462955675053596,0.345791631937027,0.585014472901821
V,GTG,0.331988078457117,0.237536400556564,0.424338103085756
Y,TAC,-0.340315376931429,-0.473775512725115,-0.208649956062436
Z,AGC,-0.656428821277618,-0.888846723735332,-0.448372311145067
