AA,Codon,Posterior,0.025%,0.975%
A,GCA,-0.35767424518168,-0.454455131292343,-0.257837174832821
A,GCC,-0.74298246268034,-0.842109328508377,-0.64224679172039
A,GCG,-0.808485083091259,-0.905532060563564,-0.709268076717854
C,TGC,0.0482997913982428,-0.145704529806972,0.242261382192373
D,GAC,0.772517865729332,0.667188762128353,0.876533590257168
E,GAA,-0.763256999754906,-0.86500298678875,-0.660348677635193
F,TTC,0.874780705988407,0.767507104575634,0.986208632588386
G,GGA,0.122310800183246,-0.0329164393246174,0.275225177407265
G,GGC,-0.455070182287693,-0.55325328707695,-0.356130544096232
G,GGG,0.033134563802244,-0.108915846422315,0.170457981899381
H,CAC,0.561953202730417,0.417552620172501,0.705194801092148
I,ATA,1.11192682107687,0.948546719551086,1.27537733614445
I,ATC,0.484369402080774,0.401520326733589,0.567438997328281
K,AAA,-1.10795951838493,-1.21154536306858,-1.00663557946682
L,CTA,0.981466534268856,0.80021271109581,1.16016708314419
L,CTC,0.312704070363939,0.183045139536262,0.438798502832651
L,CTG,-0.782553542411327,-0.878033782541752,-0.678738184273243
L,CTT,0.143253944659285,0.0249997316394001,0.265697435289621
L,TTA,-0.268932261407375,-0.383373112976551,-0.150843171030283
N,AAC,0.420084902438521,0.306355069577694,0.539872741699219
P,CCA,0.0893772049538937,-0.0724946148693562,0.246919499710202
P,CCC,-0.296309068781883,-0.4725680090487,-0.113387253321708
P,CCG,-0.476128389927745,-0.611971092224121,-0.339644756168127
Q,CAA,0.254226359347999,0.149965887516737,0.356923124939203
R,AGA,1.0045446688652,0.792021858692169,1.22457740902901
R,AGG,1.45564762183428,1.14415456652641,1.75722121298313
R,CGA,0.42834390964061,0.232423904910684,0.626730902493
R,CGC,-0.308745793706179,-0.412450191378593,-0.207840194925666
R,CGG,0.09910819800108,-0.0839645018801093,0.286270632594824
S,TCA,-0.259533614306524,-0.410854694992304,-0.108904045820236
S,TCC,-0.0369506263928589,-0.174736651778221,0.0983727002516387
S,TCG,-0.420745904651284,-0.579982919991016,-0.260482018440962
T,ACA,-0.475987402576208,-0.618014496564865,-0.335855597257614
T,ACC,-0.932941462790966,-1.0467168867588,-0.820081974565983
T,ACG,-0.895290586936474,-1.02905503809452,-0.764640986919403
V,GTA,0.566400969398022,0.459242406487465,0.674160228669643
V,GTC,-0.0507328505115998,-0.156508230790496,0.0539668944664299
V,GTG,-0.463349059557915,-0.564089471101761,-0.365087278187275
Y,TAC,0.50074105194509,0.350630640238523,0.648701147735119
Z,AGC,-0.293976142036915,-0.426021168380976,-0.15625723041594
