AA,Codon,Posterior,0.025%,0.975%
A,GCA,0.118742739725672,0.0535290772095323,0.185447936877608
A,GCC,0.367158644488454,0.290730698406696,0.443504110723734
A,GCG,0.357576424047351,0.283410015702248,0.433029846101999
C,TGC,-0.164103739952616,-0.351018231362104,0.0108313158154487
D,GAC,-0.231820881327987,-0.310271114856005,-0.151543355733156
E,GAA,-0.126762031753687,-0.210489290207624,-0.0456103080883623
F,TTC,-0.225875536840409,-0.313312632590532,-0.136455814167857
G,GGA,0.730385058802366,0.588472409546375,0.879914896190166
G,GGC,0.185006796272099,0.118892098776996,0.251855362951756
G,GGG,0.660815326941013,0.532496099174023,0.797951367497444
H,CAC,-0.276068353541195,-0.397854898869991,-0.157798695191741
I,ATA,0.648838795775175,0.4717005379498,0.83474190980196
I,ATC,-0.2186196525231,-0.286167150735855,-0.155399449169636
K,AAA,0.00128611434330601,-0.0674538850784302,0.0682514674961565
L,CTA,0.167116412849523,-0.017009048955515,0.360547310113907
L,CTC,-0.19102748007453,-0.307821735739708,-0.0726571267470718
L,CTG,-0.35666061218977,-0.453412238508463,-0.261167264729738
L,CTT,-0.180393003027164,-0.296384961903095,-0.0666204132139684
L,TTA,-0.00973813157139543,-0.12507037781179,0.106679032742977
N,AAC,-0.414000161552429,-0.508910773694515,-0.318983960151672
P,CCA,0.00710031330366673,-0.126216151565313,0.141758443042636
P,CCC,0.524968629227579,0.34413053393364,0.712658105790615
P,CCG,-0.0884764289799626,-0.20400279648602,0.0215928203426301
Q,CAA,0.0566679710425662,-0.0285409459844232,0.1420275606215
R,AGA,0.834482062411308,0.6034522742033,1.08375497162342
R,AGG,1.15599573363066,0.769528910517693,1.54370473921299
R,CGA,1.10736227821112,0.873725464940071,1.34793391525745
R,CGC,0.188917710462958,0.116688517294824,0.261366900801659
R,CGG,1.41146509563923,1.18313699662685,1.65471363961697
S,TCA,0.395132434111834,0.272737600654364,0.524252827465534
S,TCC,0.0696764763614468,-0.0215900275856256,0.162060501053929
S,TCG,0.69645329439044,0.545960898697376,0.85310790091753
T,ACA,0.442679049086571,0.334914559870958,0.556859636306763
T,ACC,0.173688524395227,0.0996131846681237,0.248656013607979
T,ACG,0.632202192109823,0.519803664088249,0.746439915895462
V,GTA,-0.0787841205816418,-0.149918523430824,-0.00886689147446309
V,GTC,0.261235534273088,0.177730564773083,0.347940322011709
V,GTG,0.377188136577606,0.292029472440481,0.460014262795448
Y,TAC,-0.273332004967704,-0.401676134765148,-0.147174351289868
Z,AGC,-0.15687814057772,-0.280848241597414,-0.0377923034131527
