AA,Codon,Posterior,0.025%,0.975%
A,GCA,0.0618376034096451,-0.117189968004823,0.239562414586544
A,GCC,0.177503712428261,-0.00244326826650649,0.353294592350721
A,GCG,-0.028139749590045,-0.194097744673491,0.125228918343782
C,TGC,-0.0711418732564518,-0.456900096684694,0.305139589309692
D,GAC,-0.312357402764261,-0.456236731261015,-0.169742932915688
E,GAA,0.0256378318059273,-0.114172516018152,0.166923362389207
F,TTC,-0.728996987301111,-0.949927027523518,-0.516608741879464
G,GGA,1.19100705909729,0.878873334825039,1.54539692699909
G,GGC,0.243916341323778,0.12021964751184,0.368596472591162
G,GGG,0.721833344691992,0.504126036167145,0.960429331660271
H,CAC,-0.537388320209086,-0.800848782062531,-0.284746973216534
I,ATA,2.13620428705215,1.32358483672142,3.11517294049263
I,ATC,-0.421779854407907,-0.585321517288685,-0.263497521728278
K,AAA,-0.0235577897977735,-0.203958798199892,0.149077155813575
L,CTA,0.85387163022738,0.356994616240263,1.44708991348743
L,CTC,0.193341391900263,-0.098020751029253,0.500015290826559
L,CTG,-0.436000453644991,-0.630124232172966,-0.254903416335583
L,CTT,0.420169428856648,0.118851025030017,0.736219184100628
L,TTA,0.819584865140915,0.487196412682533,1.16640046238899
N,AAC,-0.920325507187843,-1.16036202907562,-0.690852375328541
P,CCA,-0.424009151872963,-0.856147776544094,-0.00617841897765185
P,CCC,0.896506346074492,0.297132700681686,1.54751671552658
P,CCG,-1.14393710528612,-1.51940171718597,-0.803218948841095
Q,CAA,0.585930754137039,0.367871758341789,0.809607470035553
R,AGA,3.60025346417427,2.08497442603111,5.79665848016739
R,AGG,3.17532456645966,1.91198526620865,4.81437598466873
R,CGA,2.10197649145126,1.49363435804844,2.78168746232986
R,CGC,0.388292347157002,0.239424316585064,0.54625052511692
R,CGG,1.34061216429472,0.972263123095036,1.75442241430283
S,TCA,0.611416912575811,0.259658944606781,0.989477133750916
S,TCC,-0.0691837652243645,-0.308550249785185,0.163290965184569
S,TCG,0.192545750301768,-0.0651890946552157,0.447210240364074
T,ACA,1.02596033962965,0.673553614318371,1.40818146765232
T,ACC,-0.00347036359023041,-0.192650754749775,0.170785005390644
T,ACG,0.455592883706838,0.226982249692082,0.685266472399235
V,GTA,0.00872945551603625,-0.18177036754787,0.209385341405868
V,GTC,0.173944193882231,-0.0147020251024514,0.366501216590404
V,GTG,0.0981055863099379,-0.0657142378389835,0.261361062526703
Y,TAC,-0.419293197920173,-0.643596915900707,-0.206172456964851
Z,AGC,-0.58393267865479,-0.900769312679768,-0.288574563711882
