AA,Codon,Posterior,0.025%,0.975%
A,GCA,-0.304169851374626,-0.432159718126059,-0.130346574634315
A,GCC,-0.690145809425414,-0.924329501390457,-0.538632988929749
A,GCG,-0.878861754611693,-1.06500043869019,-0.722480942308903
C,TGC,0.0455194082430207,-0.253918135166168,0.369302704930305
D,GAC,0.774095071607828,0.640512189269066,1.01293134391308
E,GAA,-0.681746697847173,-0.814561423659325,-0.459097511321306
F,TTC,0.760408175961673,0.619307677447796,0.934501340985298
G,GGA,0.118859750929999,-0.21871354393661,0.378423035144806
G,GGC,-0.354483139303746,-0.472379947453737,-0.230204443633557
G,GGG,-0.00988263075641589,-0.294531675428152,0.249700967594981
H,CAC,0.614597650114819,0.406708540767431,0.947993524372577
I,ATA,0.29944000378421,-0.27602444589138,0.675472515821456
I,ATC,0.523454014056979,0.400778166204691,0.712455324828625
K,AAA,-1.07934542285763,-1.21882117986679,-0.850309653580189
L,CTA,0.898264974769298,0.411906687170267,1.19120762646198
L,CTC,0.463800215808302,0.288843146711588,0.718344557285308
L,CTG,-0.856987697036564,-1.03827501535416,-0.656963343918324
L,CTT,0.251477027977609,0.0592853901907802,0.433558710664511
L,TTA,-0.227838495907385,-0.460455352813005,-0.0612277965992689
N,AAC,0.111613160100373,-0.13201859742403,0.265632934868336
P,CCA,-0.00203438984583772,-0.254457008838654,0.170496395230293
P,CCC,0.0198469063093678,-0.181725236028433,0.294383541494608
P,CCG,-0.784791493496485,-1.20845503509045,-0.600684086978436
Q,CAA,0.393395363548934,0.246788057312369,0.525450310111046
R,AGA,1.36368538852334,0.607856756448746,1.66038143336773
R,AGG,1.70768077801196,0.468526656925678,2.14627000689507
R,CGA,0.937143585703551,0.432377652823925,1.1790152579546
R,CGC,-0.219030432083691,-0.379729795455933,-0.106664129719138
R,CGG,0.656638997378072,0.141324278339744,0.900760561227798
S,TCA,-0.19643245661187,-0.458541385084391,-0.0163591464515778
S,TCC,0.0263746677950658,-0.121439508907497,0.221986532583832
S,TCG,-0.214171132512722,-0.526034620404243,-0.0220605520531536
T,ACA,-0.167675884590985,-0.358053772896528,0.29996638149023
T,ACC,-0.95277827064991,-1.09741640388966,-0.817690698802471
T,ACG,-0.756394492554665,-1.10101339817047,-0.581859962642193
V,GTA,0.391222976792534,0.149611752480268,0.521224804222584
V,GTC,-0.103022720539511,-0.353399031609297,0.0391574540175496
V,GTG,-0.559737241120217,-0.79654825925827,-0.41932242512703
Y,TAC,0.43516908400543,0.280906800925732,0.628539259731769
Z,AGC,-0.423538157339534,-0.576171416044235,-0.259420405328274
