AA,Codon,Posterior,0.025%,0.975%
A,GCA,0.010595881570135,-0.152452785894275,0.14851665943861
A,GCC,0.125206115177477,-0.0440857631154358,0.343953691422939
A,GCG,-0.0899731040477564,-0.250283844769001,0.0763268554583192
C,TGC,-0.552414878504467,-0.972393646836281,-0.204527772590518
D,GAC,-0.286372263141721,-0.496171809732914,-0.162281135097146
E,GAA,-0.151875474776989,-0.344768666476011,-0.0235236858017743
F,TTC,-0.623704782086611,-0.804871642589569,-0.475300461798906
G,GGA,1.43101134852171,1.05246970057487,1.8805412620306
G,GGC,0.0947760928891839,-0.0101311718579382,0.20299084931612
G,GGG,0.99563418559432,0.679663754999638,1.33980593681335
H,CAC,-0.540574757958832,-0.863919480144978,-0.30669816955924
I,ATA,4.49964680192471,3.25792175531387,6.22270030975342
I,ATC,-0.383037598648673,-0.561939342319965,-0.253249081969261
K,AAA,-0.159979417797844,-0.38170275837183,-0.0120757539058107
L,CTA,0.732607243019156,0.25606859177351,1.46488793492317
L,CTC,-0.321960789577535,-0.594772262871265,-0.096572100929916
L,CTG,-0.710331715780497,-0.956389623880386,-0.499929440766573
L,CTT,0.312506344169432,0.0264331205748022,0.61344487965107
L,TTA,0.484129598190635,0.221205097436905,0.789661365747452
N,AAC,-0.609278767487407,-0.795490272343159,-0.396484228223562
P,CCA,-0.385567613179458,-0.646612496674061,-0.096069370955229
P,CCC,0.438276547280798,0.0309633482247591,0.808370378613472
P,CCG,-0.754914654771239,-1.02831192016602,-0.371327604353429
Q,CAA,0.413727573241107,0.253588503599167,0.60338039547205
R,AGA,2.21732261605263,1.49755283296108,3.21695082783699
R,AGG,2.94468800973892,1.8470352768898,4.95646226406097
R,CGA,1.28926119579077,0.884546482563019,1.87901461422443
R,CGC,0.212905327535141,0.0957475939765573,0.361603636294603
R,CGG,1.01850255786777,0.687781175971031,1.60636062026024
S,TCA,0.61619498940967,0.384560319036245,0.910602134466171
S,TCC,-0.069699656904937,-0.227732338756323,0.0680466828867793
S,TCG,0.149603884701681,-0.032212704513222,0.399666125327349
T,ACA,0.667749744606763,0.235479145869613,0.945722134411335
T,ACC,-0.0940532400663127,-0.245039539784193,0.0395103817805647
T,ACG,0.289126679544189,0.0995566055178642,0.584198665618896
V,GTA,0.137415796492671,0.0117802468594164,0.317066639661789
V,GTC,0.25253326066602,0.114891392178833,0.444523300230503
V,GTG,0.0975812589405221,-0.0264384568668902,0.262922692298889
Y,TAC,-0.267722650974989,-0.451688150316477,-0.117939586751163
Z,AGC,-0.267860102601815,-0.468857775628567,-0.0818624448031189
