AA,Codon,Posterior,0.025%,0.975%
A,GCA,0.0774848373057926,-0.096534058265388,0.189878265187144
A,GCC,0.303835567022514,0.161683058738709,0.570071522891521
A,GCG,0.438809090188518,0.284649104624987,0.637191332876682
C,TGC,-0.15968711915118,-0.504444092512131,0.167078692838549
D,GAC,-0.228186087398231,-0.498811972886324,-0.102143217250705
E,GAA,-0.209743591891183,-0.439606602489948,-0.0705223623663187
F,TTC,-0.084404495212435,-0.249991711229086,0.048230527900159
G,GGA,0.799723590403795,0.482771801203489,1.17497803866863
G,GGC,0.101884365385398,-0.00707441053818911,0.21235532015562
G,GGG,0.80388736833632,0.469548568129539,1.10830297172069
H,CAC,-0.305180785819399,-0.663299289345741,-0.111124861612916
I,ATA,2.04156930054426,1.37810932695866,2.7578366279602
I,ATC,-0.245807893991889,-0.444947810471058,-0.132653268054128
K,AAA,-0.0404950417118114,-0.280025213211775,0.0808705855160951
L,CTA,0.291292936890585,-0.0662667905911803,0.825349192321297
L,CTC,-0.33514493621476,-0.594306541979313,-0.159467259421945
L,CTG,-0.280816396542935,-0.475440376996994,-0.0667958721518518
L,CTT,-0.289652114597933,-0.470410843938589,-0.0754615532234322
L,TTA,-0.0606600930497625,-0.238673231750727,0.195951955765486
N,AAC,-0.138854738142982,-0.287042939662933,0.126335847005248
P,CCA,0.083569799137122,-0.0702463092282414,0.345003239065408
P,CCC,0.127290426962961,-0.134153181686997,0.325414837151766
P,CCG,0.163052008637688,-0.00705701857805252,0.636136746406555
Q,CAA,-0.0851878435778723,-0.211589522659779,0.0561165967956182
R,AGA,0.430934046454262,0.134186262637377,1.23160016834736
R,AGG,0.842855116835237,0.344147559255362,2.09463413953781
R,CGA,0.486388384172879,0.236842706054449,1.00978211760521
R,CGC,0.110127809272424,0.00899758972227574,0.29878811314702
R,CGG,0.674326483458281,0.40854873508215,1.19658013582229
S,TCA,0.330012732284464,0.160363174974918,0.614564082026481
S,TCC,0.024118895700449,-0.177949949726462,0.149759210646152
S,TCG,0.442239027082361,0.250338450074196,0.776018695533275
T,ACA,0.154073517684522,-0.321341824531555,0.323045800626278
T,ACC,0.179988438771619,0.0698815112933517,0.339576742053032
T,ACG,0.457338647288084,0.279805419594049,0.850046388804912
V,GTA,0.065340107915139,-0.0379158745519817,0.332385952025651
V,GTC,0.294444836138189,0.158938093855977,0.590590608119964
V,GTG,0.458921029546624,0.318870257586241,0.718200665712356
Y,TAC,-0.192014869900316,-0.391486303508282,-0.0404572527855635
Z,AGC,-0.038545643848426,-0.201103258132935,0.11110434923321
