AA,Codon,Posterior,0.025%,0.975%
A,GCA,-0.345212089967728,-0.440897632390261,-0.246608129888773
A,GCC,-0.765759611463547,-0.860777093470097,-0.669433166086674
A,GCG,-0.827588350605965,-0.925044475495815,-0.734683600068092
C,TGC,0.0138991962329223,-0.177204620093107,0.19993988275528
D,GAC,0.747758646583557,0.64696933478117,0.847645205259323
E,GAA,-0.733156869006157,-0.831927070021629,-0.635942976176739
F,TTC,0.872044831085205,0.768636371195316,0.981943768262863
G,GGA,0.120815030223336,-0.0346850720234215,0.271752118319273
G,GGC,-0.449180268955231,-0.543266119062901,-0.351436080038547
G,GGG,0.0267078445718116,-0.116475954093039,0.16287921667099
H,CAC,0.585229957222939,0.445479887723923,0.729762205481529
I,ATA,1.12159855597019,0.960969524085522,1.27965140938759
I,ATC,0.492077481532097,0.410832244902849,0.573562687635422
K,AAA,-1.12268203763962,-1.22084331512451,-1.02243210375309
L,CTA,0.999583083701134,0.834971731901169,1.17120698392391
L,CTC,0.319259191548824,0.201202783361077,0.438541400432587
L,CTG,-0.753987751841545,-0.846846073865891,-0.658483456075192
L,CTT,0.149952956339339,0.0323549592867494,0.268008097261191
L,TTA,-0.251844623921812,-0.370232930779457,-0.137477841973305
N,AAC,0.427438961291313,0.312487734109163,0.541268876194954
P,CCA,0.118094714805356,-0.0414580397307873,0.274195756018162
P,CCC,-0.314037589039654,-0.491289979219437,-0.143241499736905
P,CCG,-0.497651791739464,-0.633232441544533,-0.362658830732107
Q,CAA,0.237029225198925,0.137222080305219,0.33707232773304
R,AGA,1.01072251093388,0.788064382970333,1.22288921177387
R,AGG,1.47595299892426,1.17584654986858,1.7764537602663
R,CGA,0.441516403687,0.253141605854034,0.63454272300005
R,CGC,-0.304373437744379,-0.400635977834463,-0.20420760512352
R,CGG,0.112483014236783,-0.0711661303415894,0.312769106775522
S,TCA,-0.291646398060024,-0.436569216102362,-0.144705139473081
S,TCC,-0.0619134543037973,-0.200205689296126,0.0698030039668085
S,TCG,-0.485646038216352,-0.64176891297102,-0.329865807294846
T,ACA,-0.456946754533052,-0.599472300708294,-0.319730834662914
T,ACC,-0.939661057448387,-1.05025896131992,-0.824003644287586
T,ACG,-0.874649783015251,-1.01147755682468,-0.737581720948219
V,GTA,0.528824967992306,0.42240055128932,0.636863888800144
V,GTC,-0.0644554718128748,-0.168086579069495,0.045748822297901
V,GTG,-0.47660538918972,-0.576217617094517,-0.3785250402987
Y,TAC,0.527546967756748,0.382573394477367,0.665482412278652
Z,AGC,-0.303299175819755,-0.43635321855545,-0.16521677300334
