AA,Codon,Posterior,0.025%,0.975%
A,GCA,0.111090109069739,0.0457975515164435,0.174269960448146
A,GCC,0.381843685054779,0.310865619778633,0.452668201178312
A,GCG,0.370980961191654,0.297623957693577,0.444689025729895
C,TGC,-0.140204084866474,-0.311937030404806,0.0459455320611597
D,GAC,-0.215815254548192,-0.292985332757235,-0.140728375315666
E,GAA,-0.144996731011011,-0.224547608569264,-0.0623160847462714
F,TTC,-0.224329986605048,-0.310633736848831,-0.136571944877505
G,GGA,0.731649065864086,0.584594857692718,0.882680675387382
G,GGC,0.181868779569864,0.112320272065699,0.249272686615586
G,GGG,0.666181677496433,0.537350465357304,0.803326970338821
H,CAC,-0.291010024791956,-0.412488867342472,-0.172333892434835
I,ATA,0.639265283513069,0.45794023796916,0.826409481465816
I,ATC,-0.224508919817209,-0.287720675766468,-0.160258505865931
K,AAA,0.00874648122973958,-0.0585255621001124,0.0745474603027106
L,CTA,0.149319367150322,-0.0357477708719671,0.346472293883562
L,CTC,-0.200882370169461,-0.317750308662653,-0.0870087925344705
L,CTG,-0.380681189596653,-0.478814030438662,-0.288114088028669
L,CTT,-0.189469661558676,-0.305340645462275,-0.0739169962704181
L,TTA,-0.0264406769059598,-0.142137422412634,0.0939930092543364
N,AAC,-0.418565632152557,-0.512032257020474,-0.323928716033697
P,CCA,-0.013425279408216,-0.13999481163919,0.120036384277046
P,CCC,0.539145228683949,0.354174616187811,0.722995714843273
P,CCG,-0.0764290774263623,-0.18856532536447,0.0342182779684663
Q,CAA,0.0683883944340807,-0.0169733863323927,0.153982215374708
R,AGA,0.828026902198791,0.594119139015675,1.06856695115566
R,AGG,1.14279308292866,0.776982350647449,1.52209348082542
R,CGA,1.09563612253666,0.873397289216518,1.31993044912815
R,CGC,0.186418814994395,0.112733134627342,0.261915452778339
R,CGG,1.39992757959366,1.14911474585533,1.64295134544373
S,TCA,0.413518005800247,0.295594237744808,0.533805960416794
S,TCC,0.0814050180831429,-0.0088078303495422,0.17577118165791
S,TCG,0.745430062901974,0.590920385718346,0.901441037654877
T,ACA,0.42994920822978,0.322017845511436,0.541273264586925
T,ACC,0.178376142503321,0.103572372160852,0.25409699305892
T,ACG,0.617405959808826,0.504440335929394,0.738395769894123
V,GTA,-0.0617278517378232,-0.127917373552918,0.0077299393597059
V,GTC,0.266719513309002,0.183246395364404,0.350229059159756
V,GTG,0.383422486430407,0.303176649659872,0.465935360640287
Y,TAC,-0.290492076840997,-0.412454038858414,-0.172471625730395
Z,AGC,-0.150501309384452,-0.273137360811234,-0.0322446148842573
