AA,Codon,Posterior,0.025%,0.975%
A,GCA,0.220353432330862,0.084451506473124,0.348990534245968
A,GCC,0.229667757187784,0.10489667635411,0.353758524358273
A,GCG,0.0765148203113902,-0.0367767622694373,0.186588682979345
C,TGC,-0.25932349519456,-0.548885951936245,0.0186934159602971
D,GAC,-0.191629891631752,-0.303806620836258,-0.0772208461537957
E,GAA,-0.0466138437782763,-0.157315385341644,0.0638795161619783
F,TTC,-0.861633499646187,-1.03658002316952,-0.701129965484142
G,GGA,1.68672619037628,1.35796885788441,2.05074589848518
G,GGC,0.228271682544053,0.121430058218539,0.32938501611352
G,GGG,0.848628978967667,0.657514613866806,1.05412185192108
H,CAC,-0.496702534854412,-0.698078507184982,-0.300760939717293
I,ATA,1.59421092069149,1.07250587642193,2.17622572779655
I,ATC,-0.494729547572136,-0.613980007171631,-0.374458318948746
K,AAA,-0.0790568119985925,-0.220442077517509,0.0639370674267412
L,CTA,0.213877059598171,-0.135964274406433,0.595754852890969
L,CTC,-0.276708027555281,-0.485579936951399,-0.0567946470342576
L,CTG,-0.770245157337189,-0.947106613218784,-0.60119798630476
L,CTT,0.202465204215189,-0.0533829174935818,0.484485667943954
L,TTA,0.622560731318593,0.338868663460016,0.899198406934738
N,AAC,-0.887285068416595,-1.08226916491985,-0.701696856319904
P,CCA,-0.627830768097937,-0.966735272109508,-0.293034636229277
P,CCC,0.562224493389577,0.103474820032716,1.01080071032047
P,CCG,-1.1699563215971,-1.4732268601656,-0.880986867845058
Q,CAA,0.574261517798901,0.404514308273792,0.751701559126377
R,AGA,3.2807122844696,2.18518631458282,4.53098084926605
R,AGG,2.20484294145107,1.39632866084576,3.28581169247627
R,CGA,1.95033817691803,1.44461485445499,2.4707943379879
R,CGC,0.200490728677064,0.0794061299413443,0.32085525393486
R,CGG,1.67576904463768,1.31529216766357,2.07974313497543
S,TCA,0.664888330900669,0.426575748622417,0.922445288300514
S,TCC,0.11318081978109,-0.0588522517122328,0.285534432530403
S,TCG,0.392668281525373,0.201045405119658,0.589465920627117
T,ACA,0.891359500265121,0.578394976258278,1.21395947933197
T,ACC,-0.20854078536015,-0.375802387297153,-0.042265491746366
T,ACG,0.308927435268415,0.100186434388161,0.517023126780987
V,GTA,0.131971435256477,-0.0119172630598769,0.279334971308708
V,GTC,0.379181903284788,0.231724599003792,0.530016341805458
V,GTG,0.19245615789108,0.0738792272284627,0.310133367031813
Y,TAC,-0.440330162006617,-0.608096763491631,-0.274728117138147
Z,AGC,-0.455321278724819,-0.713734266161919,-0.216385402902961
