AA,Codon,Posterior,0.025%,0.975%
A,GCA,-0.440773236763477,-0.534626320004463,-0.348659195005894
A,GCC,-1.01416397998333,-1.10447235107422,-0.923463839292526
A,GCG,-1.23042155117989,-1.31420086622238,-1.14765060842037
C,TGC,-0.159897648994642,-0.325378174334764,0.011620425595902
D,GAC,0.850159372210503,0.763621225953102,0.935326518118382
E,GAA,-0.585037825131416,-0.669022376835346,-0.499166055768728
F,TTC,0.781765965127945,0.687620657682419,0.878673048317432
G,GGA,0.194552731256912,0.0464217150583863,0.346858894824982
G,GGC,-0.393523430299759,-0.471824458241463,-0.31594754755497
G,GGG,0.0172510092736265,-0.110440252535045,0.141682749241591
H,CAC,0.684489381384849,0.554313436150551,0.814045216143131
I,ATA,1.42687173781395,1.21710678339005,1.62605353593826
I,ATC,0.507844082570076,0.43279614597559,0.587237198650837
K,AAA,-1.08451665437222,-1.17711622714996,-0.991408880054951
L,CTA,1.05202212407589,0.874889542162418,1.24561339616776
L,CTC,0.459913992059231,0.348382457345724,0.576264363527298
L,CTG,-0.770659942936897,-0.86229327917099,-0.681510525941849
L,CTT,0.42183296572566,0.300508454442024,0.544208094477654
L,TTA,-0.0660406645672654,-0.184076101705432,0.050731466151774
N,AAC,0.300427302986383,0.193552849814296,0.408830785751343
P,CCA,-0.0115899227274567,-0.165013710781932,0.149629586935043
P,CCC,-0.366584528708458,-0.559955374896526,-0.181399693712592
P,CCG,-0.934357564473152,-1.06608112454414,-0.797772669792175
Q,CAA,0.321108436107636,0.222740405797958,0.413455133140087
R,AGA,1.6027005651474,1.3175987392664,1.90041005313396
R,AGG,1.42609916956425,1.06251091063023,1.77564964592457
R,CGA,0.671547703230381,0.459004134684801,0.883027490973473
R,CGC,-0.442175859570503,-0.527657110989094,-0.356106619536877
R,CGG,0.098956879090672,-0.0651032904163003,0.266108459234238
S,TCA,-0.246320947330207,-0.399704801291227,-0.0804945694282651
S,TCC,-0.112137204189796,-0.230049219354987,0.0101344028487802
S,TCG,-0.801961432647705,-0.933723720908165,-0.672357057034969
T,ACA,-0.243984990997589,-0.398296770453453,-0.0877230079844593
T,ACC,-1.23276258683205,-1.33391688466072,-1.13178750574589
T,ACG,-1.19452113406658,-1.31843412220478,-1.07100138068199
V,GTA,0.431183461940289,0.329816257208586,0.532998092472553
V,GTC,-0.368999371683598,-0.468850287795067,-0.273949137330055
V,GTG,-0.868271605587006,-0.95334148555994,-0.786284635961056
Y,TAC,0.566469518601894,0.445045904815197,0.694946099817753
Z,AGC,-0.250772553452849,-0.382246716320515,-0.118406632356346
