AA,Codon,Posterior,0.025%,0.975%
A,GCA,0.195776370802522,0.114107070863247,0.280030778795481
A,GCC,0.478612538456917,0.395198372006416,0.568097223341465
A,GCG,0.339847532606125,0.263683468848467,0.416955096274614
C,TGC,-0.105976365268652,-0.287442413717508,0.0705980353057385
D,GAC,-0.322469754165411,-0.402559163421392,-0.241892632469535
E,GAA,-0.25690736105144,-0.34507982134819,-0.172237768396735
F,TTC,-0.560202556109428,-0.663101364672184,-0.455274379998445
G,GGA,1.23196697695255,1.03833750188351,1.43348383903503
G,GGC,0.150164078052342,0.0815858229994774,0.218983379378915
G,GGG,0.788240964126587,0.649470083415508,0.928667657077312
H,CAC,-0.517578313934803,-0.669998745620251,-0.376689573377371
I,ATA,1.46092480328083,1.10216546654701,1.841051658988
I,ATC,-0.386720225274563,-0.463740186393261,-0.310650905966759
K,AAA,-0.106637496726098,-0.198486831411719,-0.0143704338464886
L,CTA,0.420925460069068,0.15454973988235,0.700484430789948
L,CTC,-0.310875220251083,-0.454669185727835,-0.169327444955707
L,CTG,-0.667689930415153,-0.781370225548744,-0.555388151109219
L,CTT,-0.116908855405961,-0.273116815835238,0.0389828088693321
L,TTA,0.264049914156832,0.097768191806972,0.422750124335289
N,AAC,-0.682986042428017,-0.796270217001438,-0.565193688869476
P,CCA,-0.224154741285043,-0.419618558883667,-0.0311896488536149
P,CCC,0.73902339245081,0.473368695378304,1.01370869278908
P,CCG,-0.501109974014759,-0.665382039546967,-0.341740875691175
Q,CAA,0.429410970807076,0.315273601561785,0.550652073323727
R,AGA,1.77894703531265,1.24359939098358,2.32747274041176
R,AGG,2.58772042446136,1.8586359590292,3.40738897919655
R,CGA,1.56200817241669,1.22450698316097,1.90878486633301
R,CGC,0.324996515089273,0.242685985565186,0.413831354677677
R,CGG,1.67807767701149,1.42720481157303,1.94398921132088
S,TCA,0.671404109418392,0.487111569941044,0.860830476880074
S,TCC,-0.001468815269263,-0.112185242027044,0.105687237530947
S,TCG,0.640453165817261,0.487163110822439,0.795097331702709
T,ACA,0.694717241549492,0.514388915896416,0.88641778677702
T,ACC,0.137008391516563,0.0415699783712625,0.232477318122983
T,ACG,0.693738151896,0.567705424129963,0.828220677375794
V,GTA,-0.0201566481425142,-0.103870412521064,0.0698149468749762
V,GTC,0.402870143169165,0.305538459122181,0.500895495712757
V,GTG,0.357606698280573,0.271914227306843,0.44054858610034
Y,TAC,-0.460276206362247,-0.587782615423203,-0.340399795025587
Z,AGC,-0.554189133965969,-0.74623117595911,-0.375727009773254
