AA,Codon,Posterior,0.025%,0.975%
A,GCA,0.136550755587965,0.0718492349609733,0.201828829944134
A,GCC,0.416062069177628,0.343859591335058,0.487710252404213
A,GCG,0.292455741107464,0.232593812048435,0.353865035623312
C,TGC,-0.0893999612256448,-0.252095055580139,0.065799618139863
D,GAC,-0.384084007388353,-0.461479236930609,-0.309703904390335
E,GAA,-0.160128225837648,-0.232851287350059,-0.0861433763056993
F,TTC,-0.609710414099693,-0.704017642140389,-0.51205742508173
G,GGA,1.28088689146042,1.09048976898193,1.47571754455566
G,GGC,0.153375907886028,0.0950835715979338,0.210004568845034
G,GGG,0.830818838381767,0.695599889755249,0.977306012809277
H,CAC,-0.487104682826996,-0.607172277569771,-0.367343457788229
I,ATA,1.22695885727406,0.936981226503849,1.53579658567905
I,ATC,-0.402800468981266,-0.47004626467824,-0.337360458821058
K,AAA,-0.0509504248109781,-0.115724716708064,0.0149103560252115
L,CTA,0.42118634076342,0.181839035823941,0.670487786829472
L,CTC,-0.383776402378082,-0.507380451261997,-0.260650931298733
L,CTG,-0.729675536203384,-0.832194402813911,-0.625311261415482
L,CTT,-0.172257884824835,-0.311789255589247,-0.0334641636349261
L,TTA,0.143238224684859,-0.0019746078265598,0.283391343057156
N,AAC,-0.717162947964668,-0.827015399932861,-0.607832971215248
P,CCA,-0.212809549807291,-0.374657490849495,-0.0510642328299582
P,CCC,0.787440711939335,0.529923309385776,1.05494178831577
P,CCG,-0.419091999965906,-0.558295364677906,-0.281222831457853
Q,CAA,0.363747612863779,0.271202909201384,0.459870879352093
R,AGA,1.51782448012829,1.10116955935955,1.95132631361485
R,AGG,2.44272832679749,1.82821902632713,3.10190495848656
R,CGA,1.67326327376366,1.35845023989677,2.01726006865501
R,CGC,0.327598672455549,0.257831640541553,0.397482342272997
R,CGG,1.51977856292725,1.30351686775684,1.75185268521309
S,TCA,0.707007091164589,0.549540637433529,0.85899890512228
S,TCC,0.0860004088507674,0.00612774479668587,0.171453695744276
S,TCG,0.731552882027626,0.607310044765472,0.860579726099968
T,ACA,0.712056547677517,0.561795961856842,0.871440567076206
T,ACC,0.115300222777762,0.0428948090411723,0.18613697513938
T,ACG,0.687940385520458,0.578280141949654,0.800116190314293
V,GTA,0.0984528148214915,0.0274775083176792,0.170484341681004
V,GTC,0.412644045364857,0.33220150321722,0.492517627030611
V,GTG,0.3896569683671,0.321423464268446,0.456883852183819
Y,TAC,-0.364095711964369,-0.48402142226696,-0.24954700730741
Z,AGC,-0.636119718623161,-0.791590033471584,-0.490785585343838
