AA,Codon,Posterior,0.025%,0.975%
A,GCA,0.25695550679185,0.110949962213635,0.405927281081676
A,GCC,0.608482683074474,0.415539083629847,0.816927394270897
A,GCG,0.388622331230342,0.232077076658607,0.56067617982626
C,TGC,-0.221065970309555,-0.695315323770046,0.239663550257682
D,GAC,-0.417574408985674,-0.598434714972973,-0.237803534045816
E,GAA,-0.249969009286538,-0.391809681802988,-0.112222936563194
F,TTC,-0.533273167058826,-0.771240673959255,-0.314248187094927
G,GGA,1.56247330861092,1.1887880384922,1.98287325799465
G,GGC,0.26026412629413,0.106513348035514,0.423774202913046
G,GGG,0.839688218593597,0.596622893214226,1.09415130615234
H,CAC,-0.882252664557099,-1.29000191092491,-0.515199247002602
I,ATA,1.74124905507565,1.23414521217346,2.31476422548294
I,ATC,-0.272248679423705,-0.449609035253525,-0.102493105456233
K,AAA,-0.0142167778807612,-0.182717209681869,0.155896173045039
L,CTA,0.401514443165189,0.0261241657659411,0.807354795932769
L,CTC,-0.58481553158164,-0.857014265656471,-0.313202278316021
L,CTG,-1.02609403501749,-1.28051294088364,-0.777045294642449
L,CTT,-0.0700791973007541,-0.382284626364708,0.259969833493233
L,TTA,0.203215710329253,-0.152532476186752,0.585988566279411
N,AAC,-0.746492637574673,-1.02072475552559,-0.493183139711619
P,CCA,-0.314925001209736,-0.608388040959835,-0.0354479833506048
P,CCC,1.3676194906354,0.755841363966465,2.06009638309479
P,CCG,-0.653144461905956,-0.920490415394306,-0.395076131820679
Q,CAA,0.525455504330993,0.315250845998526,0.747912393510341
R,AGA,1.85838838295937,1.37469118237495,2.36779228448868
R,AGG,2.7650154116869,2.01623119115829,3.56462827920914
R,CGA,1.81168273980618,1.3724604845047,2.27574082612991
R,CGC,0.499959709304571,0.298290117830038,0.704403278231621
R,CGG,2.36071734778881,1.77811114192009,3.06104765534401
S,TCA,0.616107159712911,0.299156337976456,0.96257244348526
S,TCC,-0.0711777635347175,-0.25471263602376,0.10997160449624
S,TCG,1.01026815180182,0.587119652330875,1.50667895972729
T,ACA,1.10041866514683,0.759185136854649,1.48005427718162
T,ACC,0.352405453462712,0.168952612578869,0.543149335682392
T,ACG,0.83159117000699,0.55678878724575,1.14170961081982
V,GTA,0.0161760960425732,-0.125326161831617,0.15924333743751
V,GTC,0.432115383729339,0.240238590538502,0.632795822620392
V,GTG,0.433451222263277,0.237846848741174,0.642602586746216
Y,TAC,-0.452911294201016,-0.70172965824604,-0.222992154210806
Z,AGC,-0.6574810168311,-1.01284530162811,-0.323303843289614
