AA,Codon,Posterior,0.025%,0.975%
A,GCA,-0.33592573980689,-0.432453826069832,-0.237970491498709
A,GCC,-0.718038074803352,-0.815833865106106,-0.613508823513985
A,GCG,-0.783212116169929,-0.881046728789806,-0.684651552140713
C,TGC,-0.00178143153055407,-0.183279187604785,0.196251028776169
D,GAC,0.730582953023911,0.625266674160957,0.835170359909534
E,GAA,-0.742916173815727,-0.849372047185898,-0.635119368135929
F,TTC,0.916316742992401,0.804376682639122,1.02513554394245
G,GGA,0.126776805540512,-0.0268011678010225,0.279229847341776
G,GGC,-0.436622582566738,-0.533499954640865,-0.339385282993317
G,GGG,0.0786619688255192,-0.0626489484682679,0.217777537554502
H,CAC,0.529619490420818,0.386573222279549,0.672348122298718
I,ATA,1.10731537554264,0.948027186095715,1.27344682216644
I,ATC,0.486770070207119,0.401926286518574,0.56948826611042
K,AAA,-1.12371974372864,-1.22401340007782,-1.02003889083862
L,CTA,0.991800416898727,0.811799757182598,1.17551860809326
L,CTC,0.298286218464375,0.178826041519642,0.419502493739128
L,CTG,-0.766244368982315,-0.860352964699268,-0.666779701411724
L,CTT,0.145737673600623,0.0320400451309979,0.266914859414101
L,TTA,-0.254886320817471,-0.366778983920813,-0.134570113569498
N,AAC,0.392873594117165,0.277687676995993,0.510828791558743
P,CCA,0.107767731796205,-0.0478009151294827,0.269316702336073
P,CCC,-0.309599043230712,-0.487368700653315,-0.134987976402044
P,CCG,-0.48196511759758,-0.613305741548538,-0.352548208832741
Q,CAA,0.2497993804425,0.150729741901159,0.353037934750319
R,AGA,1.00775589263439,0.773404213786125,1.23180588185787
R,AGG,1.44469329447746,1.14829078614712,1.73043585717678
R,CGA,0.445073927247524,0.243037546053529,0.64545736014843
R,CGC,-0.279654340368509,-0.378388778120279,-0.184792876243591
R,CGG,0.164969861870795,-0.0286555753555149,0.356305634230375
S,TCA,-0.253328995614499,-0.407643883675337,-0.0953420713543892
S,TCC,-0.0206765405255857,-0.160460401326418,0.119858894310892
S,TCG,-0.411768016110361,-0.582963210344315,-0.241152492910624
T,ACA,-0.463437103962898,-0.600355353951454,-0.321671575307846
T,ACC,-0.943033514881134,-1.05599919855595,-0.82523418366909
T,ACG,-0.881084122419357,-1.01397686600685,-0.749538713693619
V,GTA,0.556017102730274,0.443096727877855,0.670441630482674
V,GTC,-0.0639853222948566,-0.16800026036799,0.0453184184618294
V,GTG,-0.473866739368439,-0.574964687228203,-0.365898493677378
Y,TAC,0.488375808560848,0.340192303061485,0.637970387935638
Z,AGC,-0.336688132682443,-0.472733632475138,-0.194474836438894
