AA,Codon,Posterior,0.025%,0.975%
A,GCA,0.107759959226556,0.0419765198603272,0.17490462474525
A,GCC,0.353702269887924,0.282381448149681,0.430511052161455
A,GCG,0.345354198181629,0.272738593071699,0.41948659196496
C,TGC,-0.127101010687432,-0.311808405816555,0.0514088133350015
D,GAC,-0.207319943372905,-0.286969002336264,-0.129074742645025
E,GAA,-0.139361207316071,-0.224578427523375,-0.0549249885603786
F,TTC,-0.251513568809628,-0.342239715903997,-0.163719713687897
G,GGA,0.731129576516151,0.585229824483395,0.889076942205429
G,GGC,0.175217838312686,0.109114491567016,0.243933320045471
G,GGG,0.626499402880669,0.502554561197758,0.760566958785057
H,CAC,-0.255554149545729,-0.369062773138285,-0.135183481499553
I,ATA,0.65336464703083,0.476074876636267,0.841206230223179
I,ATC,-0.220423311948776,-0.285134918242693,-0.155069796741009
K,AAA,0.00905596132728242,-0.0558570068329573,0.07809157371521
L,CTA,0.15918473071967,-0.0310023431200534,0.349752162396908
L,CTC,-0.18301197900055,-0.297759193181992,-0.0654810786247253
L,CTG,-0.370095110201836,-0.468399152904749,-0.280974970012903
L,CTT,-0.185056170014013,-0.295795661211014,-0.0749864973127842
L,TTA,-0.0225614657812073,-0.139853056147695,0.0898775761947036
N,AAC,-0.395691040050983,-0.492581288516521,-0.302871234714985
P,CCA,-0.00425210419549549,-0.132389256730676,0.130378737673163
P,CCC,0.53801524695158,0.357401665300131,0.72839547097683
P,CCG,-0.0847344096620014,-0.190843716263771,0.0271454307250679
Q,CAA,0.0600226782093114,-0.025428255693987,0.145221024379134
R,AGA,0.837072998738289,0.585730071365833,1.09069831073284
R,AGG,1.18074731957912,0.820910039544106,1.54711197018623
R,CGA,1.09755325291157,0.870355528593063,1.33929877579212
R,CGC,0.173044815528393,0.101494716107845,0.24731569737196
R,CGG,1.34156328577995,1.11942218244076,1.59540565907955
S,TCA,0.393223010349274,0.26715724542737,0.518035803735256
S,TCC,0.0611316764837393,-0.0328689645975828,0.153832517564297
S,TCG,0.689816996276379,0.530673633515835,0.854770210385323
T,ACA,0.434020397788286,0.322382643818855,0.545354333519936
T,ACC,0.180070221564174,0.101031849719584,0.25969764366746
T,ACG,0.620735689198971,0.509131860733032,0.733677209913731
V,GTA,-0.0749652519932119,-0.144296779483557,-0.00789281725883483
V,GTC,0.266971106889844,0.181043566390872,0.354971569776535
V,GTG,0.382237181478739,0.297535691410303,0.463091657310724
Y,TAC,-0.264191078687459,-0.388804625719786,-0.14290596395731
Z,AGC,-0.126320712713123,-0.253581524640322,-0.0040713895170483
