AA,Codon,Posterior,0.025%,0.975%
A,GCA,0.0325371811064535,-0.164613965898752,0.216194150224328
A,GCC,0.166225940671564,-0.0268959278706461,0.355195992439985
A,GCG,-0.0767623848078001,-0.249878176674247,0.0846395488828421
C,TGC,-0.109798626084244,-0.529324497282505,0.298388588428497
D,GAC,-0.15832614006931,-0.30988645106554,-0.0104618062265217
E,GAA,-0.092791442756998,-0.240157121047378,0.053243691008538
F,TTC,-0.716596107137203,-0.953964112699032,-0.483072655647993
G,GGA,1.00747267174721,0.69312963783741,1.33282122910023
G,GGC,0.334864599499106,0.181900785118341,0.494339517503977
G,GGG,0.621928747522831,0.390571469813585,0.867604620754719
H,CAC,-0.574567269158363,-0.897168432176113,-0.287157630175352
I,ATA,2.20582772185802,1.2812342017889,3.35889661312103
I,ATC,-0.361060329651833,-0.516747190058231,-0.197119512036443
K,AAA,0.0466939489511831,-0.13913017809391,0.220663159713149
L,CTA,0.942403099612519,0.297652135044336,1.83940101563931
L,CTC,0.0306696857811221,-0.303874357044697,0.366921080648899
L,CTG,-0.690109382474422,-0.932910561561584,-0.460578905045986
L,CTT,0.232161682425207,-0.104881128296256,0.580818992853165
L,TTA,0.752831880202889,0.346579033881426,1.17683495879173
N,AAC,-0.759186605727673,-0.991242145001888,-0.541817690432072
P,CCA,-0.604421269412339,-0.98970637768507,-0.246149778738618
P,CCC,1.25816173587814,0.643227086961269,1.96987555921078
P,CCG,-0.904856871128082,-1.26737448871136,-0.599046252667904
Q,CAA,0.353924345503002,0.161383652314544,0.564828726649284
R,AGA,2.6956079665184,1.70820610523224,4.0369552731514
R,AGG,3.38675399494171,2.21727905273438,4.96620498895645
R,CGA,1.61940324118137,1.11250253617764,2.20415252447128
R,CGC,0.34255924230516,0.185535050183535,0.504928025603295
R,CGG,2.09852235293388,1.52404503524303,2.75635836720467
S,TCA,0.34629953519911,0.00890594311058521,0.700074316561222
S,TCC,-0.202258468176569,-0.474867662042379,0.0615135137923064
S,TCG,0.212275760830031,-0.0974709188565612,0.510564847290516
T,ACA,0.978148795837164,0.586212994158268,1.3938640743494
T,ACC,0.0856985237326066,-0.138608222827315,0.30286396369338
T,ACG,0.385710539126117,0.130448696762323,0.631078281998634
V,GTA,-0.00242721177858766,-0.213453139364719,0.211404751241207
V,GTC,0.409780910131335,0.190065617859364,0.651425212621689
V,GTG,0.0874946710035666,-0.0831783624365926,0.250934757292271
Y,TAC,-0.393567105183005,-0.60023717880249,-0.193271105736494
Z,AGC,-0.460892313378432,-0.784092149138451,-0.151125283539295
