AA,Codon,Posterior,0.025%,0.975%
A,GCA,-0.350899442732334,-0.446068279445171,-0.255978222191334
A,GCC,-0.755134694302082,-0.853906360268593,-0.65811173170805
A,GCG,-0.836275487172604,-0.933424007892609,-0.742651148140431
C,TGC,0.0143395999926935,-0.172342981770635,0.201027336344123
D,GAC,0.751287735903263,0.64936154037714,0.855379900336266
E,GAA,-0.722446630299091,-0.827324314415455,-0.621542942523956
F,TTC,0.885180199551582,0.7746606528759,0.993890745937824
G,GGA,0.124306827671374,-0.0229250906966627,0.275432708859444
G,GGC,-0.424040446519852,-0.516978599131107,-0.327574239671231
G,GGG,0.0637844314930724,-0.0780703876167536,0.205231657251716
H,CAC,0.561776530486345,0.423208257555962,0.706311830878258
I,ATA,1.11218224796057,0.94840404689312,1.27176964581013
I,ATC,0.503732057911158,0.418647850304842,0.589134386181831
K,AAA,-1.11455780389309,-1.21613328754902,-1.01239957511425
L,CTA,1.00353627251387,0.822106559574604,1.18289426863193
L,CTC,0.315206616578251,0.189267195388675,0.444279655814171
L,CTG,-0.774379799520969,-0.874643152952194,-0.672500917315483
L,CTT,0.16670820722605,0.0457683096639812,0.28740137591958
L,TTA,-0.237785270998627,-0.356837682425976,-0.115519521199167
N,AAC,0.400263043084741,0.287724204361439,0.515850104391575
P,CCA,0.104487528455871,-0.0538597131147981,0.261927006393671
P,CCC,-0.306892922310228,-0.481680255383253,-0.127916871756315
P,CCG,-0.490410046240687,-0.626320059597492,-0.350649107992649
Q,CAA,0.211180427733064,0.11016930192709,0.310865476727486
R,AGA,1.02745410944223,0.81360777169466,1.24401705265045
R,AGG,1.42215711519718,1.12638569772243,1.71632680892944
R,CGA,0.480798715864122,0.288963805139065,0.668502444028854
R,CGC,-0.336365143957734,-0.433897935599089,-0.239470425620675
R,CGG,0.136659225041981,-0.0589636154472828,0.333436894416809
S,TCA,-0.262196324262395,-0.40730769559741,-0.113907905295491
S,TCC,-0.0172130686222463,-0.154662782326341,0.118283984437585
S,TCG,-0.450510959738493,-0.616715280711651,-0.285780111700297
T,ACA,-0.504675406137109,-0.648450630903244,-0.367248144745827
T,ACC,-0.983647229146957,-1.10130771398544,-0.869459901750088
T,ACG,-0.879315584218502,-1.01424464583397,-0.748456560075283
V,GTA,0.581190635502338,0.473212814331055,0.689550040662289
V,GTC,-0.0526389985888403,-0.158968875929713,0.0569884189404547
V,GTG,-0.478212716734409,-0.579153275489807,-0.376031613349915
Y,TAC,0.483325661298633,0.344060435146093,0.626709423959255
Z,AGC,-0.312174636000395,-0.445879836380482,-0.175195286795497
