AA,Codon,Posterior,0.025%,0.975%
A,GCA,0.114000134745706,0.0479190863668919,0.178091115877032
A,GCC,0.373629559838772,0.299321955442429,0.451211751252413
A,GCG,0.375728964909911,0.302751748263836,0.449999539554119
C,TGC,-0.14008443825484,-0.317923923581839,0.0357449489645659
D,GAC,-0.219458813674748,-0.299022927880287,-0.14100680463016
E,GAA,-0.15236686788965,-0.235416562110186,-0.0723373273387551
F,TTC,-0.232369725471735,-0.322546671330929,-0.143177390471101
G,GGA,0.735047272115946,0.592337028682232,0.887840741872787
G,GGC,0.168927298190445,0.101684153079987,0.237592412158847
G,GGG,0.640877364504337,0.509861911833286,0.77579952776432
H,CAC,-0.277323700761795,-0.398897372931242,-0.158063482865691
I,ATA,0.650875343710184,0.472587054222822,0.839688524603843
I,ATC,-0.230187514828146,-0.294341550022364,-0.165827160328627
K,AAA,0.00420003358508657,-0.0642357110977173,0.070861660502851
L,CTA,0.149342511180935,-0.0393863506615162,0.34224441125989
L,CTC,-0.194808109340165,-0.318113967776299,-0.070890772342682
L,CTG,-0.36443148855269,-0.460112947970629,-0.267223802208901
L,CTT,-0.199146526488895,-0.315105527639389,-0.0833460535854101
L,TTA,-0.0354986941337607,-0.154906405881047,0.0822896528989075
N,AAC,-0.400544929456711,-0.495138066262007,-0.308279322832823
P,CCA,-0.00326584443464089,-0.132686178386211,0.131070626154542
P,CCC,0.534759515321255,0.357535911351442,0.711354900896549
P,CCG,-0.0796374750462826,-0.192018760368228,0.0299624095670878
Q,CAA,0.0839175166530826,-0.00113552025286481,0.170624252036214
R,AGA,0.806066628587246,0.579578310251236,1.0422092795372
R,AGG,1.1867663377285,0.837002108991146,1.56551938951015
R,CGA,1.0504709835887,0.832415941357613,1.28448994457722
R,CGC,0.204991337618232,0.133152640238404,0.277957481145859
R,CGG,1.36129134261608,1.12483752071857,1.60620816648006
S,TCA,0.397712396860123,0.276271638274193,0.524276149272919
S,TCC,0.0591814057128177,-0.0311150441877544,0.153175065293908
S,TCG,0.723629551750422,0.566118976473808,0.882638277113438
T,ACA,0.456810738879442,0.350292146205902,0.569594444334507
T,ACC,0.200349370405078,0.123892757855356,0.276465382426977
T,ACG,0.611666958475113,0.500086668133736,0.721935306489467
V,GTA,-0.0862593444230108,-0.153176730498672,-0.016335508832708
V,GTC,0.261609756313264,0.177697018161416,0.34623656347394
V,GTG,0.388316276499629,0.307209113240242,0.473848220705986
Y,TAC,-0.260609537619352,-0.38645164296031,-0.139593088626862
Z,AGC,-0.143367493781255,-0.265087734907866,-0.0266534626949579
