AA,Codon,Posterior,0.025%,0.975%
A,GCA,0.0416654748517816,-0.10391270685941,0.19341469630599
A,GCC,0.232156833252485,0.0826714064925909,0.384723429381847
A,GCG,-0.0106398861323389,-0.148620092123747,0.122131037898362
C,TGC,-0.231365428682166,-0.536881084740162,0.0760717870667575
D,GAC,-0.207262559269741,-0.326102802157402,-0.0888621475547552
E,GAA,-0.020222005813575,-0.137189628183842,0.0925960199907422
F,TTC,-0.831098323178291,-1.01322585046291,-0.653631442785263
G,GGA,1.43669712362289,1.08639532029629,1.82972303330898
G,GGC,0.149657177593611,0.0325502617284656,0.263427731394768
G,GGG,0.835229813820124,0.609638102352619,1.07691087722778
H,CAC,-0.460787070944905,-0.675661320984364,-0.246552554517984
I,ATA,1.68857415325642,1.07850286066532,2.4005902826786
I,ATC,-0.398883297282457,-0.529893307387829,-0.268465678393841
K,AAA,-0.0340646531339426,-0.189058862626553,0.114015040174126
L,CTA,0.116126925119149,-0.237634471431375,0.513841705024242
L,CTC,-0.125646871341571,-0.385834207385778,0.138112667575478
L,CTG,-0.689123228383064,-0.885155467689037,-0.495571261644363
L,CTT,0.36620724238464,0.0591409965418279,0.697998270392417
L,TTA,0.374764471208118,0.0982811408117414,0.651951670646667
N,AAC,-0.86346944899559,-1.06472363770008,-0.669474388659
P,CCA,-0.578360141031072,-0.91699755936861,-0.258254195004702
P,CCC,0.534803376901534,0.0790438177064061,1.00860492289066
P,CCG,-1.05558490304947,-1.36802159249783,-0.773446829617024
Q,CAA,0.506141088029742,0.332358038425446,0.690458600223064
R,AGA,2.05821469385624,1.36408244371414,2.88179494142532
R,AGG,3.05535669152737,1.76380049586296,4.50589981079102
R,CGA,1.92895633049011,1.41466548740864,2.50339440107345
R,CGC,0.275864563997835,0.134126887470484,0.41801583096385
R,CGG,1.67070526914597,1.26775919795036,2.12863013744354
S,TCA,0.709285062873363,0.414041761308908,1.03767012953758
S,TCC,0.112882132689749,-0.105021775700152,0.338927052915096
S,TCG,0.398224909741012,0.161968713998795,0.644813740253448
T,ACA,1.28223820023537,0.915293821692467,1.68710315823555
T,ACC,0.0474802115686176,-0.117768329009414,0.206532219424844
T,ACG,0.427627323440649,0.224938137829304,0.631625300645828
V,GTA,-0.0141064046855539,-0.179219677299261,0.157662349194288
V,GTC,0.400969267019629,0.209404460340738,0.590566971898079
V,GTG,0.0650872378997758,-0.0721492853015661,0.206346632540226
Y,TAC,-0.285720931522083,-0.461013107001781,-0.105348050408065
Z,AGC,-0.749120408689976,-1.0795569986105,-0.448092602938414
