AA,Codon,Posterior,0.025%,0.975%
A,GCA,-0.333327940452099,-0.434403325617313,-0.234223528951406
A,GCC,-0.733155620312691,-0.830877575278282,-0.631295800209045
A,GCG,-0.785388942575455,-0.883917108178139,-0.684910801053047
C,TGC,0.058101485311921,-0.135616800561547,0.255074387043714
D,GAC,0.735808209979534,0.629760979115963,0.841794450581074
E,GAA,-0.772807543241978,-0.881466729938984,-0.666777184605599
F,TTC,0.892719761967659,0.779450626671314,1.00235660672188
G,GGA,0.147489081669989,-0.00827448565978557,0.302848120033741
G,GGC,-0.431411871376634,-0.529966500401497,-0.331539755314589
G,GGG,0.0677881489474661,-0.0784745195880532,0.21309899687767
H,CAC,0.533273292708397,0.388805455714464,0.6785719871521
I,ATA,1.11337495058775,0.949240884184837,1.28316325545311
I,ATC,0.488657284981012,0.404140788316727,0.576328426599503
K,AAA,-1.12943532117605,-1.23470937311649,-1.02316716313362
L,CTA,1.00904288088083,0.825855885446072,1.1986416131258
L,CTC,0.310105673281848,0.181246503442526,0.437869743257761
L,CTG,-0.759579355716705,-0.861950898170471,-0.655308720469475
L,CTT,0.156082076115708,0.0341256473213434,0.277806188166141
L,TTA,-0.248915929676592,-0.365102110058069,-0.130513666570187
N,AAC,0.414655816674232,0.297017392516136,0.532482051849365
P,CCA,0.0827178706036691,-0.0798933513462543,0.23820654079318
P,CCC,-0.296869177398318,-0.47146560177207,-0.117629458382726
P,CCG,-0.489914889320731,-0.62533850222826,-0.353951971232891
Q,CAA,0.233159186596051,0.130756876990199,0.335654345154762
R,AGA,1.0033542817235,0.78117701113224,1.21364882290363
R,AGG,1.42963156424761,1.12886185050011,1.71216132640839
R,CGA,0.439754485853016,0.242133115231991,0.63925144970417
R,CGC,-0.306690357363224,-0.409370647370815,-0.206671665608883
R,CGG,0.146059055926715,-0.0510955652222037,0.337375612556934
S,TCA,-0.24691332460409,-0.397531498968601,-0.102257518656552
S,TCC,-0.0197799166431036,-0.154820328205824,0.116468128561974
S,TCG,-0.393597819066048,-0.564011545479298,-0.228554133325815
T,ACA,-0.452732635101676,-0.594299712777138,-0.307481818646193
T,ACC,-0.920098434174061,-1.03566127121449,-0.803536410629749
T,ACG,-0.840271819972992,-0.984892947971821,-0.702499090135097
V,GTA,0.591391382527351,0.482310975342989,0.701291906833649
V,GTC,-0.0334252258078694,-0.140901622548699,0.0722275929525494
V,GTG,-0.451918722325563,-0.553442706167698,-0.350616480410099
Y,TAC,0.471486274343729,0.320767350494862,0.616252601146698
Z,AGC,-0.323903630422056,-0.459071090817451,-0.18692050985992
