AA,Codon,Posterior,0.025%,0.975%
A,GCA,-0.0766393397831875,-0.304387641698122,0.151987416297197
A,GCC,0.100293588982429,-0.131882325187325,0.331129743903875
A,GCG,-0.163757989642452,-0.374084249138832,0.038124530389905
C,TGC,-0.228712643876827,-0.663314728438854,0.192922934889793
D,GAC,-0.238199233213009,-0.416560137271881,-0.0548068375326693
E,GAA,0.00985110815575681,-0.169109017029405,0.187462398037314
F,TTC,-0.919866412878036,-1.20444846451283,-0.646530525386334
G,GGA,1.30024158314466,0.919926506280899,1.73207584917545
G,GGC,0.320394200703874,0.161257669702172,0.485596880316734
G,GGG,0.737007047796249,0.477652710676193,1.01622928678989
H,CAC,-0.492903490738291,-0.803685629367828,-0.193343276157975
I,ATA,3.48630041434765,1.82556326389313,5.79344232082367
I,ATC,-0.397615218812041,-0.58190985918045,-0.22183806411922
K,AAA,-0.220780431851426,-0.488705318421125,0.0194601051509377
L,CTA,0.366521629446727,-0.192775671929121,0.991824020445347
L,CTC,-0.280599465292064,-0.606984578073025,0.0586507894098748
L,CTG,-0.702889965987206,-0.966887436807156,-0.461047185212374
L,CTT,0.244279598788351,-0.1610261823982,0.675251108407974
L,TTA,0.283790024840152,-0.0794761309400201,0.647827850282192
N,AAC,-1.07323134080172,-1.36844014525414,-0.802052216231823
P,CCA,-0.534704070216604,-1.02160813808441,-0.0809209425002337
P,CCC,1.9222796441853,0.931063891947269,3.02640042901039
P,CCG,-0.884622478827834,-1.32654809355736,-0.488780678808689
Q,CAA,0.542370200395584,0.317794001102447,0.780033700168133
R,AGA,3.08366504609585,1.71432082653046,5.08100064992904
R,AGG,1.97292746504545,1.00441927611828,3.2845887362957
R,CGA,3.51729149460793,2.18470302820206,5.64343492984772
R,CGC,0.294499346669321,0.133149392902851,0.459407172352075
R,CGG,1.13507729599476,0.761462081968784,1.56653991341591
S,TCA,0.586611218286803,0.164580386504531,1.05527896285057
S,TCC,-0.135030555387093,-0.408633840829134,0.126093396916985
S,TCG,0.288559385806185,-0.0376415824517608,0.628665724396705
T,ACA,0.625879433391709,0.232364143431187,1.0304463416338
T,ACC,-0.0453296194180673,-0.298926125466824,0.188285039365292
T,ACG,0.283096855279384,-0.00912321652285754,0.559686739742755
V,GTA,-0.228927114003722,-0.474590312689543,0.0177715869620437
V,GTC,0.0481292404212239,-0.207505680248141,0.300159154832363
V,GTG,-0.138552645121267,-0.364341309666634,0.066733245179057
Y,TAC,-0.186530938894616,-0.429459315538406,0.0543212356045841
Z,AGC,-0.443068920045422,-0.843505652248859,-0.0689714070409545
