AA,Codon,Posterior,0.025%,0.975%
A,GCA,0.105981476953323,0.041332745924592,0.1713637214154
A,GCC,0.363354188421369,0.289242857694626,0.439232660084963
A,GCG,0.345193376415968,0.271774149686098,0.418093425035477
C,TGC,-0.17187042636295,-0.348079413175583,0.00251509369700209
D,GAC,-0.210566430413723,-0.290631347894669,-0.131782998517156
E,GAA,-0.120804832965549,-0.201887134462595,-0.0389759595505893
F,TTC,-0.23721096483022,-0.327358347922564,-0.148201341927052
G,GGA,0.71466705788374,0.573494508862495,0.867242833971977
G,GGC,0.17255677726157,0.105810916423798,0.241445110365748
G,GGG,0.637393167179823,0.505962255597115,0.776007065176964
H,CAC,-0.258681045487896,-0.378370010107756,-0.142119886353612
I,ATA,0.647975224405527,0.463820602744818,0.836662615835667
I,ATC,-0.220968361355364,-0.286992964148521,-0.155023749917746
K,AAA,0.0121425373987943,-0.0572840950451791,0.0780751172453164
L,CTA,0.145625738074134,-0.05087725603953,0.341563075780868
L,CTC,-0.191860313549778,-0.314977931976318,-0.0715626286342741
L,CTG,-0.374597102612257,-0.474127388000488,-0.277294099330902
L,CTT,-0.192095958008943,-0.310823897272348,-0.0777244213968517
L,TTA,-0.0258923726155292,-0.143175407871604,0.0905484581366181
N,AAC,-0.409870052099228,-0.506462685763836,-0.311395272612572
P,CCA,0.0109949734668709,-0.119700156711042,0.146748453751206
P,CCC,0.524267180037499,0.3482336550951,0.704663470387459
P,CCG,-0.0805774669897655,-0.195246615633368,0.0308896125294268
Q,CAA,0.0701946089107721,-0.0162877489812672,0.159270532056689
R,AGA,0.837256675934792,0.610099363327026,1.07948006391525
R,AGG,1.18496051105261,0.836602109670639,1.58665297031403
R,CGA,1.09613112876415,0.875008925795555,1.33337575793266
R,CGC,0.188640888476372,0.113753076456487,0.263874695450067
R,CGG,1.35316668519974,1.11179396212101,1.60518275201321
S,TCA,0.38762973625958,0.265011586993933,0.514493550360203
S,TCC,0.0622998749399263,-0.0280559243168682,0.160945425182581
S,TCG,0.677681384974718,0.522453939914703,0.838405506312847
T,ACA,0.43025946649015,0.320418208092451,0.543007265031338
T,ACC,0.168772019205056,0.0906446447595954,0.247121159732342
T,ACG,0.594665713071823,0.481153108924627,0.712672108411789
V,GTA,-0.090325178462801,-0.158773740753531,-0.0207697695586831
V,GTC,0.25188740144074,0.167048280313611,0.337360541522503
V,GTG,0.371539604476094,0.289351753890514,0.454544538259506
Y,TAC,-0.254887577781081,-0.378149159997702,-0.133958157896996
Z,AGC,-0.135511149197788,-0.256102157384157,-0.016740092355758
