AA,Codon,Posterior,0.025%,0.975%
A,GCA,-0.442170873105526,-0.536547377705574,-0.350621924549341
A,GCC,-1.0081109693408,-1.10324282944202,-0.914668121933937
A,GCG,-1.24245630204678,-1.32822334170341,-1.15715887546539
C,TGC,-0.150593325985327,-0.316520512849092,0.0142536797793582
D,GAC,0.856941628015041,0.766189546883106,0.947697842121124
E,GAA,-0.620355581498146,-0.707940271496773,-0.535448688268662
F,TTC,0.773436622560024,0.673076251149178,0.873957063257694
G,GGA,0.144021214036256,-0.0182391047943383,0.302934115380049
G,GGC,-0.363801465955377,-0.445952928066254,-0.282935772836208
G,GGG,0.0781623325446082,-0.0463222194463015,0.205163788050413
H,CAC,0.711101186019182,0.578321027755737,0.84706307053566
I,ATA,1.30573838639259,1.08884595930576,1.52342367172241
I,ATC,0.489840501648188,0.414199336618185,0.566529649496078
K,AAA,-1.09095899955034,-1.18323895335197,-0.995525242388248
L,CTA,1.00287828292847,0.822134721279144,1.19189074039459
L,CTC,0.472036302608252,0.350941526889801,0.589737975597382
L,CTG,-0.795291916549206,-0.884380030632019,-0.704977896809578
L,CTT,0.384807013472915,0.261886648088694,0.51333804577589
L,TTA,-0.112146977384285,-0.233128255978227,0.00948109349701553
N,AAC,0.257394177915156,0.148734388872981,0.368506759405136
P,CCA,0.0212723483060126,-0.137837719917297,0.180128325149417
P,CCC,-0.28752348679658,-0.479049385339022,-0.0943375397473575
P,CCG,-0.878392124700546,-1.01334765255451,-0.744956734776497
Q,CAA,0.296744236731529,0.196173434704542,0.393247051537037
R,AGA,1.4847148932457,1.17606167793274,1.78290129899979
R,AGG,1.17362822343111,0.801811410486698,1.53569475412369
R,CGA,0.73288018335402,0.508057573437691,0.956061801314354
R,CGC,-0.480955667477846,-0.569729773700237,-0.393981970101595
R,CGG,0.0518491780255019,-0.122313768044114,0.222594897821546
S,TCA,-0.254520076362859,-0.410380826145411,-0.101479119248688
S,TCC,-0.170872660066001,-0.296277312189341,-0.0492388386279345
S,TCG,-0.725163943594694,-0.859784288704395,-0.588813135027885
T,ACA,-0.222927633325913,-0.381484047323465,-0.0647533647716046
T,ACC,-1.25095884385109,-1.35374149978161,-1.15039017796516
T,ACG,-1.16759943705797,-1.28897306025028,-1.04873101115227
V,GTA,0.449026012226939,0.34214013889432,0.554198652505875
V,GTC,-0.367787108373642,-0.465222076326609,-0.266873756796122
V,GTG,-0.842010268199444,-0.929156821966171,-0.756977401673794
Y,TAC,0.635024833846092,0.512522651255131,0.76453196555376
Z,AGC,-0.198595845704013,-0.336430156975985,-0.0619008656591179
