AA,Codon,Posterior,0.025%,0.975%
A,GCA,0.137206964791939,0.0726493246853352,0.201680022478104
A,GCC,0.410695478653908,0.33869866579771,0.487155245989561
A,GCG,0.298636051771045,0.235071950778365,0.363085439801216
C,TGC,-0.0987220281496986,-0.257102368026972,0.0639938317239284
D,GAC,-0.387453425961733,-0.462460353970528,-0.311689726263285
E,GAA,-0.14037911322359,-0.213895120844245,-0.0670367076992989
F,TTC,-0.603504376530647,-0.700772765278816,-0.509430235624313
G,GGA,1.35106730716228,1.14874812364578,1.56289520859718
G,GGC,0.138633229423314,0.0796988693997264,0.198511757701635
G,GGG,0.782896161615849,0.655276982486248,0.919737681746483
H,CAC,-0.506770954674482,-0.634046733379364,-0.385574918240309
I,ATA,1.37306937001944,1.05797461271286,1.70630901753902
I,ATC,-0.391785318690538,-0.457817692309618,-0.326636940985918
K,AAA,-0.0474804064341821,-0.113593812286854,0.0181962649337947
L,CTA,0.471521922437102,0.22578404545784,0.72074796706438
L,CTC,-0.388338181102276,-0.516534404456615,-0.255180794000626
L,CTG,-0.707011289429665,-0.81246597468853,-0.601539064943791
L,CTT,-0.139194844340155,-0.279257691651583,0.00539418635889878
L,TTA,0.188368486807548,0.0412386336363852,0.331962406635284
N,AAC,-0.683207828819752,-0.795917710661888,-0.574192397296429
P,CCA,-0.241412505590548,-0.412360493093729,-0.0767812455073001
P,CCC,0.709972370743752,0.464438658207655,0.963905163109302
P,CCG,-0.463378026157618,-0.608481439948082,-0.324284288287163
Q,CAA,0.381566312515736,0.288590080291033,0.477285340428352
R,AGA,1.64960463931561,1.21124471127987,2.13306739330292
R,AGG,2.8113787446022,2.14126085042953,3.54663128256798
R,CGA,1.58415862698555,1.26501761376858,1.92634541094303
R,CGC,0.349959101131558,0.278217245638371,0.420827961713076
R,CGG,1.56306384828091,1.32857141196728,1.81360802948475
S,TCA,0.710714441102743,0.564378613233566,0.870013850927353
S,TCC,0.114312681825692,0.027838635398075,0.200627490878105
S,TCG,0.663013810265064,0.538811935484409,0.789396718144417
T,ACA,0.688602607816458,0.536343401670456,0.853881046175957
T,ACC,0.124186493332876,0.0530423384159803,0.195084094256163
T,ACG,0.662921066600084,0.555973459780216,0.774032734334469
V,GTA,0.0909652256072077,0.0192886250093579,0.165347596257925
V,GTC,0.41456246945262,0.332573825120926,0.49922426789999
V,GTG,0.375251559984684,0.307733136415482,0.444636407494545
Y,TAC,-0.408247016415,-0.529599866271019,-0.293555412441492
Z,AGC,-0.68030155556798,-0.830373232066631,-0.533282694220543
