AA,Codon,Posterior,0.025%,0.975%
A,GCA,0.13105818812215,0.043329674564302,0.220799579843879
A,GCC,0.371302741518617,0.281531901657581,0.462267923355102
A,GCG,0.296744443878531,0.21475623883307,0.378875055909157
C,TGC,0.0354336642607188,-0.147995426133275,0.225735772028565
D,GAC,-0.348156036514044,-0.42561684474349,-0.270759173482656
E,GAA,-0.101024186302128,-0.182997284457088,-0.0204881942365319
F,TTC,-0.565024115848541,-0.667588187754154,-0.462630807608366
G,GGA,1.36541366212368,1.14377990365028,1.5982808381319
G,GGC,0.171791311511397,0.101001118682325,0.244145777076483
G,GGG,0.74540138656497,0.607292023301125,0.88604883402586
H,CAC,-0.568116461867094,-0.716485571861267,-0.420850098878145
I,ATA,1.66895757513046,1.27169600427151,2.0985572040081
I,ATC,-0.399351257562637,-0.482119763642549,-0.31777850985527
K,AAA,-0.126289687535746,-0.22348744533956,-0.0331986329518259
L,CTA,0.270592057418873,-0.00725998640991747,0.55801637917757
L,CTC,-0.480692500793934,-0.634947411715984,-0.330397794395685
L,CTG,-0.765742153096199,-0.893359729647636,-0.639245767891407
L,CTT,-0.266693072604947,-0.431862923502922,-0.0999609090387823
L,TTA,0.204255004524568,0.0291384625248611,0.384915468841791
N,AAC,-0.728950064480305,-0.855594329535961,-0.604312491416931
P,CCA,-0.229505905597308,-0.4216901011765,-0.0428678896278144
P,CCC,0.615428778973222,0.352741013467312,0.882395641505718
P,CCG,-0.474919771626592,-0.636011774837971,-0.321803279966116
Q,CAA,0.422699912914634,0.29897183701396,0.548443777859211
R,AGA,1.59180832110643,1.12314119338989,2.12346021533012
R,AGG,2.73349995703697,1.99906662106514,3.5250352025032
R,CGA,1.50098834220171,1.1602134168148,1.86565487682819
R,CGC,0.368012138068676,0.280787171423435,0.456899511069059
R,CGG,1.66389777715206,1.40427349209785,1.94214991927147
S,TCA,0.508515322098136,0.345207906514406,0.676181410253048
S,TCC,0.0596351185391988,-0.0485037996433675,0.172263363003731
S,TCG,0.591586749094725,0.444430584460497,0.745152276754379
T,ACA,0.638852211338282,0.456050515174866,0.83521971553564
T,ACC,0.108457360584337,0.0127288526855409,0.204046116024256
T,ACG,0.510200722378492,0.38653244972229,0.635533767938614
V,GTA,0.166347733209003,0.0691542826592922,0.267921388894319
V,GTC,0.531313924705982,0.427182526886463,0.640423439443111
V,GTG,0.396588351735473,0.314046985656023,0.478099436312914
Y,TAC,-0.458091846838593,-0.583397980034351,-0.339975067228079
Z,AGC,-0.505653959870338,-0.693122677505016,-0.329533794522286
