AA,Codon,Posterior,0.025%,0.975%
A,GCA,0.112431577813538,0.0348677839152515,0.19092769138515
A,GCC,0.193279354460537,0.110149964503944,0.277381260693073
A,GCG,0.146066267398,0.0638390028849244,0.227739400789142
C,TGC,-0.0656504601520057,-0.256611892580986,0.120645420625806
D,GAC,-0.180064884736389,-0.260322239995003,-0.10378524903208
E,GAA,-0.10767312666522,-0.180756507813931,-0.0347785811871291
F,TTC,-0.388244434529543,-0.494893001765013,-0.284427181631327
G,GGA,0.767962487363815,0.639604826271534,0.898879672586918
G,GGC,0.177644271916151,0.10010682977736,0.256701394915581
G,GGG,0.520027007371187,0.418544000387192,0.627917864918709
H,CAC,-0.28338300954774,-0.424460777640343,-0.151011886075139
I,ATA,0.816577841198444,0.667417022585869,0.970756895840168
I,ATC,-0.252120406386256,-0.341288421303034,-0.164504844322801
K,AAA,-0.0615663557458967,-0.135058320313692,0.0124106399947777
L,CTA,0.186993670713811,0.0534285933710635,0.329649558663368
L,CTC,-0.277277803182602,-0.385161298513412,-0.169237722456455
L,CTG,-0.541847010266781,-0.644468994438648,-0.439459744095802
L,CTT,-0.105535683142286,-0.222238387912512,0.014450695598498
L,TTA,0.142528866372712,0.00901793574448675,0.278916710615158
N,AAC,-0.529721045869589,-0.641479308903217,-0.418415303528309
P,CCA,-0.0330360374477034,-0.162706558778882,0.0989849003031849
P,CCC,0.400787632410228,0.230610403046012,0.574292419850826
P,CCG,-0.243855200015754,-0.365020080655813,-0.127743593975902
Q,CAA,0.267646959450841,0.15942099057138,0.374918714910746
R,AGA,0.836138094174862,0.665750049054623,1.01014546453953
R,AGG,0.998782240724564,0.813716268539429,1.18925769925117
R,CGA,1.03604297443628,0.851087525486946,1.23219656050205
R,CGC,0.0980367032851456,0.00257845263113268,0.196985817328095
R,CGG,0.885653136956692,0.714265637099743,1.06112776100636
S,TCA,0.590491202872992,0.428404724597931,0.760412395000457
S,TCC,0.0478368350140205,-0.0607953214086592,0.157833021506667
S,TCG,0.435788117802143,0.289370114356279,0.589521345496178
T,ACA,0.466474486762285,0.342174898087978,0.59508468657732
T,ACC,0.105944433310642,0.0141597656998783,0.199245509877801
T,ACG,0.323906814587116,0.211577182263136,0.439776512235403
V,GTA,0.0218869394590774,-0.0589283515699208,0.107377711497247
V,GTC,0.215643277273327,0.122677634097636,0.309917971491814
V,GTG,0.183223114917614,0.0930750330910087,0.276223140209913
Y,TAC,-0.310050379873812,-0.435839493572712,-0.191316416487098
Z,AGC,-0.384469499951601,-0.542822232842445,-0.230238566920161
