AA,Codon,Posterior,0.025%,0.975%
A,GCA,-0.464979494869709,-0.56817090511322,-0.353812076151371
A,GCC,-1.03749555356503,-1.1423594892025,-0.933635357022285
A,GCG,-1.23367148823738,-1.3292426854372,-1.13849229216576
C,TGC,-0.10212922631691,-0.292649119347334,0.0972988691180945
D,GAC,0.827396498608589,0.72150654643774,0.935381844639778
E,GAA,-0.607208702099323,-0.713751746714115,-0.50109136402607
F,TTC,0.787972326231003,0.673191098868847,0.902005772292614
G,GGA,0.0171544179725926,-0.171754312515259,0.20996762663126
G,GGC,-0.385433901119232,-0.477174002677202,-0.288903974741697
G,GGG,-0.0064519347367197,-0.150934988632798,0.13521834872663
H,CAC,0.733030040693283,0.58510979861021,0.886676642298699
I,ATA,1.18656575129032,0.940322296321392,1.42456637322903
I,ATC,0.492631369078159,0.406534009426832,0.579294393956661
K,AAA,-1.0674839846611,-1.17247627675533,-0.965413415431976
L,CTA,0.986926837110519,0.769815489649773,1.20509823858738
L,CTC,0.485403554838896,0.346250297874212,0.615275180339813
L,CTG,-0.767855892205238,-0.874282869696617,-0.66317031532526
L,CTT,0.42418855291009,0.287176795303822,0.561768597364426
L,TTA,-0.0388808969701167,-0.175904189795256,0.0986234571784735
N,AAC,0.229889758486673,0.101452159136534,0.361803866177797
P,CCA,0.0401873643843574,-0.142858367413282,0.218449347093701
P,CCC,-0.259142962884624,-0.478476301580668,-0.0439363334327936
P,CCG,-0.877407298541069,-1.03197969198227,-0.721594330668449
Q,CAA,0.283785130113363,0.175597831979394,0.396630745381117
R,AGA,1.5166773635149,1.16585547924042,1.8685962587595
R,AGG,1.06086005141735,0.641908547282219,1.45603460371494
R,CGA,0.659089343240857,0.407280882447958,0.90370624512434
R,CGC,-0.5035254945755,-0.600239905714989,-0.405451697856188
R,CGG,0.0690998784905969,-0.117652901634574,0.261906227469444
S,TCA,-0.19287923036655,-0.365902993828058,-0.0137802360812202
S,TCC,-0.159514822099218,-0.300389003753662,-0.0223953174892812
S,TCG,-0.79831259958744,-0.953936852514744,-0.647894436120987
T,ACA,-0.232044222063868,-0.416075560450554,-0.0516418340615928
T,ACC,-1.21565110645294,-1.33037874400616,-1.10368427038193
T,ACG,-1.11659885954857,-1.25484935045242,-0.980116738379002
V,GTA,0.451303703927994,0.326186013966799,0.577485904097557
V,GTC,-0.379827557480335,-0.493722083419561,-0.261219660192728
V,GTG,-0.872961709833145,-0.974320888519287,-0.772207526862621
Y,TAC,0.557089192473888,0.406687606871128,0.697981177270413
Z,AGC,-0.257502107453314,-0.412636546045542,-0.0989314896985888
