AA,Codon,Posterior,0.025%,0.975%
A,GCA,0.151921591699228,-0.000513994116772664,0.312003033608198
A,GCC,0.352576218560338,0.195889297872782,0.509058690071106
A,GCG,0.377925281575322,0.23392300195992,0.528139691054821
C,TGC,-0.234703360039368,-0.62290221452713,0.127138961479068
D,GAC,-0.293431797863543,-0.432390037178993,-0.156570624187589
E,GAA,-0.32532826512903,-0.48509943857789,-0.174395744502544
F,TTC,-0.649152922868729,-0.852724957466126,-0.445761895179749
G,GGA,1.51874059371948,1.10626133084297,1.97249873280525
G,GGC,0.110301909876636,-0.0162699398119003,0.238810870423913
G,GGG,0.755901200759411,0.518821452558041,1.01425355374813
H,CAC,-0.56871023363173,-0.851789109408855,-0.292901661247015
I,ATA,2.4023308524847,1.48422690331936,3.42682411670685
I,ATC,-0.397853866159916,-0.543466614186764,-0.256506125628948
K,AAA,-0.0690718007837655,-0.232016046345234,0.088156381994486
L,CTA,0.658627600303502,0.10335036367178,1.34928816556931
L,CTC,-0.548335090377927,-0.827779605984688,-0.278173098713159
L,CTG,-0.795814656317234,-1.02726666033268,-0.565181685984135
L,CTT,-0.111584953267605,-0.441131284087896,0.221166066080332
L,TTA,0.378428298903222,0.0390912684611976,0.73846877515316
N,AAC,-0.615888129901886,-0.817983901500702,-0.423043544590473
P,CCA,-0.0223915170805427,-0.384647390246391,0.323613005131483
P,CCC,0.69318441639326,0.228095463290811,1.18361733555794
P,CCG,-0.578891738826037,-0.866839431226254,-0.309711986035108
Q,CAA,0.460803062868118,0.267195146530867,0.672139826416969
R,AGA,2.13058587555885,1.10150073170662,3.4773873925209
R,AGG,5.90263524341583,3.10311351418495,10.5501806735992
R,CGA,1.96142816240788,1.28873997628689,2.76317644715309
R,CGC,0.179991629386786,0.0501020722091198,0.314717148989439
R,CGG,1.63328294637203,1.16639253795147,2.14030030965805
S,TCA,0.762883374786377,0.442795415967703,1.13473787903786
S,TCC,-0.00768428228994962,-0.201109570637345,0.175447580963373
S,TCG,0.71348511275053,0.452901718020439,0.991861103475094
T,ACA,0.85883639755249,0.552187348902226,1.21835926771164
T,ACC,0.176258576819533,0.023810864565894,0.327827131003141
T,ACG,0.689502654314041,0.476660604774952,0.908841027319431
V,GTA,0.112617742924627,-0.0514573430642486,0.289670065790415
V,GTC,0.580991218543053,0.388065951317549,0.789172621071339
V,GTG,0.487841891139746,0.336343890428543,0.644258646667004
Y,TAC,-0.402665807764232,-0.614938572049141,-0.197744438052177
Z,AGC,-0.426281705309299,-0.740145647525787,-0.115729342401028
