AA,Codon,Posterior,0.025%,0.975%
A,GCA,0.148471645888686,0.0791136909276247,0.218999508395791
A,GCC,0.428852357017994,0.352531114965677,0.505387228727341
A,GCG,0.292380587798357,0.227775960788131,0.358025979995728
C,TGC,-0.130708465734636,-0.310133925825357,0.0461021540686489
D,GAC,-0.369888175737858,-0.453745052218437,-0.287902900576591
E,GAA,-0.145829503375292,-0.226435101404786,-0.0655174264684319
F,TTC,-0.614394689774513,-0.72008156478405,-0.510649417340755
G,GGA,1.47813641767502,1.23140149414539,1.72269859910011
G,GGC,0.149055519029498,0.0851011049002409,0.211289100348949
G,GGG,0.849840789484978,0.698531875014305,1.00217727422714
H,CAC,-0.52271848603487,-0.657079619169235,-0.392440205067396
I,ATA,1.532923442173,1.16169784069061,1.90693551301956
I,ATC,-0.393765361762047,-0.464732974767685,-0.32376496270299
K,AAA,-0.0590462785536722,-0.128598399460316,0.00761571378679951
L,CTA,0.495313020355999,0.216561048850417,0.788665461540222
L,CTC,-0.405058088117838,-0.544769890606403,-0.263035178929567
L,CTG,-0.734158323597908,-0.843466655910015,-0.617062596976757
L,CTT,-0.176288576894731,-0.329787953197956,-0.0200781903695315
L,TTA,0.115805512573209,-0.0458359523676336,0.279692197591066
N,AAC,-0.662222419071197,-0.782244393229485,-0.543563050031662
P,CCA,-0.254709385484457,-0.432450112700462,-0.0797732278704643
P,CCC,0.679958776199818,0.410234355926514,0.965426559746266
P,CCG,-0.465628740048408,-0.624928392469883,-0.313602458685637
Q,CAA,0.39269762352109,0.289886955171824,0.498373731225729
R,AGA,1.60461183643341,1.14427087903023,2.15570183992386
R,AGG,2.9770205309391,2.28107494711876,3.80660256147385
R,CGA,1.6617286075592,1.33023578822613,2.01713327169418
R,CGC,0.36318334556222,0.287632781267166,0.442684582620859
R,CGG,1.53443686652184,1.28336089253426,1.78826391100883
S,TCA,0.659978782486916,0.502593809366226,0.826164393126965
S,TCC,0.109416962330398,0.0210297556594014,0.198214089870453
S,TCG,0.723762501907349,0.589999435842037,0.862811668217182
T,ACA,0.70863796749115,0.542853826284409,0.883670142292976
T,ACC,0.108213742148364,0.0356991643086076,0.186370800808072
T,ACG,0.632279891455173,0.518442520499229,0.752173158526421
V,GTA,0.0886833086493076,0.0113013136200607,0.167114176228642
V,GTC,0.420298579287529,0.333085063844919,0.510448786616325
V,GTG,0.392976730537415,0.318668738752604,0.465395268797874
Y,TAC,-0.356515997418761,-0.47994677349925,-0.225099575147033
Z,AGC,-0.628414141178131,-0.797901879251003,-0.464368303865194
