AA,Codon,Posterior,0.025%,0.975%
A,GCA,-0.451064543437958,-0.558953849971294,-0.34333413913846
A,GCC,-1.02999313642979,-1.13201105892658,-0.929686191678047
A,GCG,-1.24215150995255,-1.34415663480759,-1.14600779414177
C,TGC,-0.113357945671842,-0.310673400759697,0.0912630813196302
D,GAC,0.863354454684258,0.756419178843498,0.969027426838875
E,GAA,-0.598476045775413,-0.698308263719082,-0.494515804946423
F,TTC,0.760713390779495,0.645740807056427,0.875896371901035
G,GGA,0.0608788223496173,-0.12995789013803,0.245717557892203
G,GGC,-0.371610238146782,-0.466512226313353,-0.276193510740995
G,GGG,0.000126735506160912,-0.147302374616265,0.144497686997056
H,CAC,0.718619612717629,0.56534977555275,0.865249012410641
I,ATA,1.18986710305214,0.964741915464401,1.42300616502762
I,ATC,0.487816403448582,0.406630972772837,0.57407414317131
K,AAA,-1.07849069325924,-1.18205832839012,-0.971129579842091
L,CTA,1.01535199773312,0.801516300439835,1.23682560324669
L,CTC,0.439540859144926,0.306383654475212,0.577256080508232
L,CTG,-0.795615155601501,-0.901501470804214,-0.69121281504631
L,CTT,0.385806126615405,0.246949883922935,0.527327224612236
L,TTA,-0.0927728468738289,-0.228023806959391,0.0417584258131684
N,AAC,0.285808348405361,0.161996288597584,0.415876020491123
P,CCA,0.0559900924145102,-0.121249205805361,0.232721730694175
P,CCC,-0.231798977710831,-0.439426593482494,-0.0145178845385089
P,CCG,-0.819798125982285,-0.972240294516087,-0.667214326560497
Q,CAA,0.301013044166565,0.191164632886648,0.408611104637384
R,AGA,1.53372954025269,1.19482818841934,1.87368932366371
R,AGG,1.09982959057093,0.716740603744984,1.48565499484539
R,CGA,0.657834241855144,0.408829888701439,0.909974151849747
R,CGC,-0.526320315349102,-0.620990265905857,-0.429028461873531
R,CGG,0.0277133665251196,-0.160948807001114,0.217103779315949
S,TCA,-0.161531984038936,-0.340439005196094,0.0187291995156557
S,TCC,-0.133305844161614,-0.266536238789558,0.00674925658386203
S,TCG,-0.83265964384079,-0.98054613173008,-0.679301300644874
T,ACA,-0.294640675790142,-0.475514466315508,-0.11479148324579
T,ACC,-1.25745775537491,-1.3724092066288,-1.13638650178909
T,ACG,-1.157697286129,-1.2964771270752,-1.01300909519196
V,GTA,0.46576448264122,0.342484907060862,0.589454743266106
V,GTC,-0.375558513784409,-0.496645782142878,-0.260843792557716
V,GTG,-0.86378009660244,-0.961750189960003,-0.765947771072388
Y,TAC,0.556491289639473,0.411186337471008,0.701725736260414
Z,AGC,-0.306703798738122,-0.457596749067307,-0.154758812487125
