AA,Codon,Posterior,0.025%,0.975%
A,GCA,0.0290130454099577,-0.125003197602928,0.176815398782492
A,GCC,0.299513856692612,0.146589985862374,0.459742644429207
A,GCG,0.166867109459357,0.0249426596798003,0.305516194552183
C,TGC,-0.166149202905619,-0.557153977453709,0.221918695420027
D,GAC,-0.369800622153282,-0.499637761712074,-0.232861554250121
E,GAA,-0.214358775078133,-0.354768469929695,-0.0798823887482285
F,TTC,-0.566154774588347,-0.76048571318388,-0.381993477791548
G,GGA,1.24942001707554,0.92102235108614,1.61623247861862
G,GGC,0.0686537147718642,-0.0554790150374174,0.19448930695653
G,GGG,0.699509550845623,0.48714584261179,0.942026920616627
H,CAC,-0.603432600048184,-0.839274860918522,-0.364322996139526
I,ATA,1.83920428439379,1.09630874991417,2.68539333939552
I,ATC,-0.391525876578689,-0.531240238249302,-0.260174206644297
K,AAA,-0.214980724772555,-0.385070466250181,-0.052751347515732
L,CTA,0.686377612408367,0.151598827913404,1.30425962805748
L,CTC,-0.245915641294367,-0.520979884266853,0.00900315730832521
L,CTG,-0.655408387839794,-0.867001123726368,-0.455162566900253
L,CTT,-0.109974798629537,-0.383416542410851,0.168946877494454
L,TTA,0.239577197231806,-0.0503011919558048,0.525458243489266
N,AAC,-0.508269015514851,-0.693592597544193,-0.319626072049141
P,CCA,-0.261909788593755,-0.594482931494713,0.0691915389150382
P,CCC,0.744725336884707,0.283896552026272,1.2280941516161
P,CCG,-0.520029421330988,-0.817285497486591,-0.2515470944345
Q,CAA,0.504281591355801,0.306316446512938,0.716372725367546
R,AGA,1.60720373308659,0.827826516330242,2.59652161002159
R,AGG,2.59847778375149,1.5111480653286,3.89277545213699
R,CGA,1.56301979365349,1.05774884223938,2.16064960956574
R,CGC,0.257251209419966,0.13043621852994,0.379815782606602
R,CGG,1.91701694731712,1.44083948135376,2.42580937743187
S,TCA,0.773041507863998,0.468323192000389,1.10963132381439
S,TCC,0.236553562120747,0.0677276697009802,0.419435407966375
S,TCG,0.755439021682739,0.52447604984045,1.01813177466393
T,ACA,0.569207907384634,0.299007976055145,0.867927847802639
T,ACC,0.159477449015382,-0.00161290527903475,0.319333348423243
T,ACG,0.734577544760704,0.517981880903244,0.963283099234104
V,GTA,0.102830873177334,-0.0636135414242744,0.276874852180481
V,GTC,0.526327839124203,0.343104435503483,0.719633135199547
V,GTG,0.369609495973587,0.234432701393962,0.512871472537518
Y,TAC,-0.353805968973041,-0.540703828632832,-0.166629534959793
Z,AGC,-0.483779717800394,-0.816037309169769,-0.169663401693106
