AA,Codon,Posterior,0.025%,0.975%
A,GCA,0.140831086871028,0.073749141767621,0.212161859869957
A,GCC,0.424185078024864,0.346639929711819,0.503148889541626
A,GCG,0.297908892756701,0.231796656921506,0.367841613292694
C,TGC,-0.122985035360625,-0.307909658551216,0.0524217579513791
D,GAC,-0.391452889227867,-0.473365953564644,-0.309965562820435
E,GAA,-0.152885328798369,-0.231497918441892,-0.075195942632854
F,TTC,-0.593945095729828,-0.696520221233368,-0.4910625256598
G,GGA,1.43372814087868,1.19757046401501,1.68302068412304
G,GGC,0.14207216655165,0.0785357085987926,0.20545142069459
G,GGG,0.848141615891457,0.696295537054539,1.00284434258938
H,CAC,-0.512477132970095,-0.649297527968884,-0.380921756476164
I,ATA,1.52296400334835,1.18721714615822,1.88976477384567
I,ATC,-0.390493527376652,-0.458614511042833,-0.322489008307457
K,AAA,-0.0538424747836165,-0.126438761875033,0.0129341250052676
L,CTA,0.455540756829828,0.173021140322089,0.746415516734123
L,CTC,-0.364560262802243,-0.506973795592785,-0.222416085377336
L,CTG,-0.707109283268452,-0.825426344573498,-0.599440497159958
L,CTT,-0.139601243051901,-0.291958940774202,0.0171424974221736
L,TTA,0.167763692242891,0.00695404233410955,0.324748992174864
N,AAC,-0.706323853874207,-0.825217509269714,-0.589579313993454
P,CCA,-0.27318076880537,-0.45126271173358,-0.103194544650614
P,CCC,0.662302685558796,0.395652139186859,0.936071741580963
P,CCG,-0.510118259584904,-0.663294595479965,-0.357821386307478
Q,CAA,0.37903974236846,0.274778228253126,0.488122790306807
R,AGA,1.57216754846573,1.10719070732594,2.0854073882103
R,AGG,2.89202659873962,2.21683914065361,3.62244266271591
R,CGA,1.65870497846603,1.3072843760252,2.01960584521294
R,CGC,0.377079440391064,0.30299456268549,0.452138496935368
R,CGG,1.57713030796051,1.33329893946648,1.83261275887489
S,TCA,0.635423809611797,0.476762972772121,0.805468179285526
S,TCC,0.0965585284492758,0.00804916080087423,0.190460455045104
S,TCG,0.755684961569309,0.611702933907509,0.896407593786717
T,ACA,0.749441422879696,0.582510727643967,0.926071709394455
T,ACC,0.127250548160262,0.0500728679820895,0.205573474988341
T,ACG,0.652341302299499,0.537419240176678,0.776438483595848
V,GTA,0.0836333159686532,0.0105981883592904,0.162026192620397
V,GTC,0.419694344997406,0.331614379584789,0.51318507194519
V,GTG,0.388103055918217,0.315663376450539,0.461581236869097
Y,TAC,-0.35687151465416,-0.480227006971836,-0.237683838605881
Z,AGC,-0.589149895250797,-0.753674158453941,-0.428785802423954
