AA,Codon,Posterior,0.025%,0.975%
A,GCA,0.205271494384285,0.0367062932811677,0.384871325641871
A,GCC,0.518001823353767,0.309419146180153,0.754909513890743
A,GCG,0.367628703126311,0.165981772169471,0.574135684967041
C,TGC,-0.226037995017774,-0.832402673363686,0.377547810226679
D,GAC,-0.486978241476417,-0.725138472020626,-0.259086672216653
E,GAA,-0.364443359836936,-0.567006404697895,-0.166319806873798
F,TTC,-1.41185776815414,-2.02368290424347,-0.909516802430153
G,GGA,1.21036964433193,0.795888176560402,1.68825466632843
G,GGC,0.204040652364446,0.0143352635670453,0.404135964065791
G,GGG,0.824523308539391,0.512693387269974,1.18696340024471
H,CAC,-0.0467486794898585,-0.396657114475966,0.2932831607759
I,ATA,1.89440063773394,1.05392084419727,2.90595070719719
I,ATC,-0.652218060988188,-0.983860200643539,-0.346193106472492
K,AAA,-0.141121466538823,-0.364222180098295,0.0891228241845966
L,CTA,0.985512487334013,0.403575357049704,1.62415690422058
L,CTC,-0.282881419232325,-0.603569515049458,0.0230668804142626
L,CTG,-0.933487043559551,-1.21022833585739,-0.676512108743191
L,CTT,-0.0756993025100955,-0.413666631281376,0.271577690541744
L,TTA,0.574367552336026,0.171461879089475,1.04225461781025
N,AAC,-0.67507652952075,-1.00853913128376,-0.374964515119791
P,CCA,-0.337593761887436,-0.707274548709393,0.00970518640242537
P,CCC,0.911122566775978,0.28491123765707,1.63911113739014
P,CCG,-0.722931482100487,-1.05776813924313,-0.424259892851114
Q,CAA,0.658242147821188,0.376917959004641,0.962342764437199
R,AGA,1.37488083264828,0.909498704969883,1.96023677289486
R,AGG,1.65678190293312,1.10855514705181,2.31627803444862
R,CGA,2.67459042191505,1.8501873165369,3.53422591090202
R,CGC,0.26680842676817,0.0433644784614444,0.49878332093358
R,CGG,1.6646677544117,1.12352170646191,2.3431846678257
S,TCA,0.780412311267853,0.34291648119688,1.27064111232758
S,TCC,0.117201717658117,-0.189112945646048,0.419885801523924
S,TCG,1.08822319175005,0.579910795390606,1.70830780267715
T,ACA,1.68071663639545,1.08490165770054,2.37380912899971
T,ACC,0.259938641355466,0.0491102412343025,0.477547200024128
T,ACG,0.837843262708187,0.500077149271965,1.22460530698299
V,GTA,0.180998187116184,-0.0615604963153601,0.422246526926756
V,GTC,0.592028565388918,0.281886386871338,0.950120963156223
V,GTG,0.434359409085754,0.165351569280028,0.724744476377964
Y,TAC,-0.527912898538262,-0.887893813848496,-0.193740447983146
Z,AGC,-0.839354193669558,-1.31007685363293,-0.411167407035828
