AA,Codon,Posterior,0.025%,0.975%
A,GCA,-0.334614088270068,-0.433156513422728,-0.235106464102864
A,GCC,-0.734531827044487,-0.835811796784401,-0.633190852403641
A,GCG,-0.787428574836254,-0.890066154301167,-0.690423636138439
C,TGC,0.0589946982841942,-0.129544165730476,0.251227110624313
D,GAC,0.737209909808636,0.631200285255909,0.844740644097328
E,GAA,-0.774404204654694,-0.876241031289101,-0.666702055931091
F,TTC,0.892882075238228,0.781989224255085,1.00121433138847
G,GGA,0.148318250514935,-0.0067233067471534,0.308852058649063
G,GGC,-0.431394919413328,-0.532926142215729,-0.329979378730059
G,GGG,0.0679380579235105,-0.0794144911691546,0.209811640530825
H,CAC,0.53470890455246,0.387826244533062,0.677690798044205
I,ATA,1.11068169548512,0.938672222197056,1.27790670394897
I,ATC,0.489553954482079,0.40202636346221,0.575703835487366
K,AAA,-1.13033811453581,-1.23465587794781,-1.02478473186493
L,CTA,1.01494419682026,0.830281579494476,1.19826317131519
L,CTC,0.308989877837896,0.178715755045414,0.436902004480362
L,CTG,-0.760633024334908,-0.86095871925354,-0.656766496598721
L,CTT,0.152446374533197,0.0342370338737965,0.274587228894234
L,TTA,-0.248615835210681,-0.367909071594477,-0.13089237511158
N,AAC,0.413588609325886,0.296897646784782,0.530485592782497
P,CCA,0.0820290826504708,-0.079165350086987,0.239899066090584
P,CCC,-0.29891048053233,-0.475548841804266,-0.122128733620048
P,CCG,-0.490891312301159,-0.623968347907066,-0.353304173797369
Q,CAA,0.233697204395384,0.129325873404741,0.33846650198102
R,AGA,1.00491430068016,0.786651036143303,1.22726986706257
R,AGG,1.42767674182653,1.13158632516861,1.71951323449612
R,CGA,0.437895136255026,0.240248928591609,0.637268149852753
R,CGC,-0.306158560082316,-0.406638707965612,-0.205119667947292
R,CGG,0.144525743572677,-0.0501121970824897,0.33796326443553
S,TCA,-0.247855399045069,-0.401607306301594,-0.0926064431667329
S,TCC,-0.0187170616311301,-0.155739651620388,0.116004672832787
S,TCG,-0.39292641287595,-0.554112550616264,-0.230509470030665
T,ACA,-0.453404593005776,-0.599629600346088,-0.309903267771006
T,ACC,-0.921137373900414,-1.03664481341839,-0.807030582427979
T,ACG,-0.840429420936108,-0.978284049034119,-0.700889904797077
V,GTA,0.590515457636118,0.480950985848904,0.702115760743618
V,GTC,-0.0349033632401086,-0.144805413857102,0.072972410917282
V,GTG,-0.453048750567436,-0.554824841022491,-0.351074685901404
Y,TAC,0.470635205024481,0.323979421705008,0.615690971910953
Z,AGC,-0.322749505068362,-0.455865102261305,-0.187520537897944
