AA,Codon,Posterior,0.025%,0.975%
A,GCA,0.106922384159814,0.0418356604874134,0.17215085811913
A,GCC,0.364185145524144,0.289428197592497,0.441769842803478
A,GCG,0.34724036282599,0.273209483921528,0.422788216173649
C,TGC,-0.173079882425696,-0.356131745874882,0.000551968791114366
D,GAC,-0.211407345846295,-0.292661927640438,-0.132611917331815
E,GAA,-0.121096909742992,-0.203654619306326,-0.0390112851746382
F,TTC,-0.237042991954088,-0.324736742675304,-0.148551138490438
G,GGA,0.714097020149231,0.568109239637852,0.863426229357719
G,GGC,0.172597075676173,0.101933858729899,0.242715809494257
G,GGG,0.637217512625456,0.501240170001984,0.771138973534107
H,CAC,-0.260752809749916,-0.383490820229054,-0.142955920100212
I,ATA,0.649807394522429,0.467578984797001,0.840692453086376
I,ATC,-0.221606376193464,-0.28965642079711,-0.156444687396288
K,AAA,0.012722054121625,-0.0569654813967645,0.0797439854592084
L,CTA,0.139052125188851,-0.0446397149935365,0.334095775336027
L,CTC,-0.191632821627054,-0.311003497242928,-0.0689962550997734
L,CTG,-0.374152919352055,-0.476590399444103,-0.278312311321497
L,CTT,-0.188158285189793,-0.306201159209013,-0.074984104000032
L,TTA,-0.0271523034974058,-0.142618696391582,0.0878338823094961
N,AAC,-0.40938820541501,-0.50638385117054,-0.314788150042296
P,CCA,0.0117640438796181,-0.116829162091017,0.147463954240084
P,CCC,0.524947077968717,0.348158521205187,0.706713758409023
P,CCG,-0.0791672215036493,-0.191602405160666,0.0318690152838826
Q,CAA,0.0691979398769403,-0.0202486352995038,0.15876091606915
R,AGA,0.835643262624741,0.598642060160637,1.07915364801884
R,AGG,1.18930714187622,0.829185225069523,1.57451385259628
R,CGA,1.09974703303576,0.871463266015053,1.33918531239033
R,CGC,0.188358279588073,0.114722782000899,0.260132155567408
R,CGG,1.35825970100164,1.12452306747437,1.6095665872097
S,TCA,0.39006970012188,0.270125655084848,0.520663547515869
S,TCC,0.0609671967472153,-0.0327175312675536,0.152830531448126
S,TCG,0.677824289464951,0.531520284712315,0.836382275819778
T,ACA,0.430210284435749,0.317706774920225,0.544694976508617
T,ACC,0.16864541169107,0.0914364859461784,0.247574330493808
T,ACG,0.593720825147629,0.4802241101861,0.708895801007748
V,GTA,-0.0902379209690553,-0.155923271179199,-0.0204048606101424
V,GTC,0.251495222772658,0.1701400578022,0.334679303318262
V,GTG,0.372261100587249,0.289582584053278,0.457335890084505
Y,TAC,-0.253659768963605,-0.379013139009476,-0.126369703933597
Z,AGC,-0.136967870294664,-0.259815149754286,-0.0211660897359252
