AA,Codon,Posterior,0.025%,0.975%
A,GCA,-0.0725744786503732,-0.305406428128481,0.156816182285547
A,GCC,0.104729827650744,-0.133760544657707,0.331648255139589
A,GCG,-0.15941071161044,-0.36885187998414,0.042724115680903
C,TGC,-0.225279385954564,-0.664845319092274,0.201133940368891
D,GAC,-0.239409887195495,-0.433008731156588,-0.0548764069564645
E,GAA,0.0103443449866289,-0.172286664322019,0.190956479683518
F,TTC,-0.918713282996416,-1.20614826381207,-0.639663696289063
G,GGA,1.29856913574934,0.910727018117905,1.7436656922102
G,GGC,0.319520750470832,0.155085684359074,0.488868889212608
G,GGG,0.738887678045034,0.477617669850588,1.01820055544376
H,CAC,-0.498341474392125,-0.800505071878433,-0.206192200630903
I,ATA,3.50383876254559,1.87553183436394,5.97051097154617
I,ATC,-0.39760997704044,-0.584237109124661,-0.223125609755516
K,AAA,-0.220678086580816,-0.475327497720718,0.0194336912129071
L,CTA,0.306639472205215,-0.249210960417986,0.911326156556606
L,CTC,-0.26753274340746,-0.617680750787258,0.0635583121329546
L,CTG,-0.697729172056913,-0.982202234864235,-0.453860087692738
L,CTT,0.247701454576103,-0.162954709678888,0.680414935946465
L,TTA,0.298304501478914,-0.0847518835216761,0.686629189550876
N,AAC,-1.07078655785322,-1.35252485573292,-0.794600038230419
P,CCA,-0.534182245483824,-1.03612283468246,-0.0716845875605941
P,CCC,1.98220212429911,0.92281351685524,3.28472625613213
P,CCG,-0.885488931968808,-1.3278761535883,-0.480466151982546
Q,CAA,0.542194018258154,0.313984979689121,0.778916750848293
R,AGA,3.14291698586941,1.75069075226784,5.08249590396881
R,AGG,1.97760806870461,0.974690018594265,3.34275372028351
R,CGA,3.41056504745483,2.11557344198227,5.09820182323456
R,CGC,0.291976728949323,0.129003065079451,0.459672436118126
R,CGG,1.12892455089688,0.757362329959869,1.53884624838829
S,TCA,0.58740859829688,0.163770977035165,1.04403800964355
S,TCC,-0.132546109975208,-0.413379065692425,0.126642088592052
S,TCG,0.287427446334015,-0.0255127090960741,0.623041799664497
T,ACA,0.620694228981319,0.242507446184754,1.01772658526897
T,ACC,-0.0487170316562871,-0.29176664352417,0.191778482869267
T,ACG,0.273137064825896,-0.0137709084199741,0.560582381486893
V,GTA,-0.217123324501375,-0.474525956809521,0.0281477151904255
V,GTC,0.0572117283733467,-0.190049671381712,0.304505912214518
V,GTG,-0.129862270789719,-0.341192821413279,0.0705759769305585
Y,TAC,-0.18274699733213,-0.425336973369122,0.0523775345645842
Z,AGC,-0.440730447433732,-0.831439551711082,-0.0647476539015771
