AA,Codon,Posterior,0.025%,0.975%
A,GCA,0.216333021533117,0.0988497506827116,0.338777121901512
A,GCC,0.524674894297123,0.381999513506889,0.679302002489567
A,GCG,0.250682898619398,0.128807182982564,0.382750192284584
C,TGC,-0.416348328568006,-0.756524777412415,-0.0800471970811484
D,GAC,-0.299981825760007,-0.440112864226103,-0.164610631391406
E,GAA,-0.209564311211556,-0.322359489649534,-0.0965477989986539
F,TTC,-0.783622075843811,-1.00416111052036,-0.577272701263428
G,GGA,1.30128197152615,1.01161233782768,1.63646478950977
G,GGC,0.113195133859222,-0.00243125788401812,0.240105322748423
G,GGG,0.839804704165459,0.625290615856647,1.07371598184109
H,CAC,-0.611818943804503,-0.882583935558796,-0.358380763232708
I,ATA,0.860927735650539,0.586005079746246,1.16198075711727
I,ATC,-0.314225005109608,-0.460117664188147,-0.170238291472197
K,AAA,-0.0892639755232725,-0.20932992734015,0.0325839854776859
L,CTA,0.402034764028713,0.127866623923182,0.696360087394714
L,CTC,-0.405885379371047,-0.592523716390133,-0.210944329202175
L,CTG,-0.755256656622887,-0.940401549637318,-0.578530199825764
L,CTT,-0.151506119465595,-0.367993506044149,0.0655766008421779
L,TTA,0.285186023939494,0.0208857324905694,0.575662882626057
N,AAC,-0.882572783136368,-1.10722622275352,-0.660865299403667
P,CCA,-0.161684168495144,-0.360337695479393,0.0381954506970942
P,CCC,0.989536124849319,0.611395721137524,1.42983327507973
P,CCG,-0.414785839700699,-0.60426572561264,-0.245540263876319
Q,CAA,0.315931508380175,0.15492477118969,0.476856826245785
R,AGA,1.39239110918045,1.06291637420654,1.73424732983112
R,AGG,2.16426908884048,1.62466680407524,2.73563499450684
R,CGA,2.01471293663979,1.58162450194359,2.49484467506409
R,CGC,0.302977816179395,0.143484557047486,0.468081649392843
R,CGG,2.00935348033905,1.54328605532646,2.52615232467651
S,TCA,0.801813947212696,0.454407428205013,1.17423866987228
S,TCC,-0.195168690627976,-0.395995812863111,0.0113524260930717
S,TCG,0.657182557496429,0.330506320297718,1.02099842429161
T,ACA,0.561334324479103,0.344017631560564,0.794796851277351
T,ACC,0.17451016917165,0.0245445234235376,0.326121240854263
T,ACG,0.518827784103155,0.323249787837267,0.735191896557808
V,GTA,0.0247116962200358,-0.116261236928403,0.164819306507707
V,GTC,0.442920103719831,0.251160072535276,0.639016473293304
V,GTG,0.360376163549721,0.192928687110543,0.532975780963898
Y,TAC,-0.390792209865898,-0.60088437050581,-0.19352126866579
Z,AGC,-0.577873429593444,-0.859024301171303,-0.301527134329081
