AA,Codon,Posterior,0.025%,0.975%
A,GCA,-0.340734938848019,-0.436586228013039,-0.244318367540836
A,GCC,-0.713843512666225,-0.813298185169697,-0.613071578741074
A,GCG,-0.778831830859184,-0.873499543964863,-0.682550632953644
C,TGC,0.0444552920601638,-0.147432274371386,0.240339156985283
D,GAC,0.727451972055435,0.623637440800667,0.829613338410854
E,GAA,-0.726610415780544,-0.831150430440903,-0.624786216020584
F,TTC,0.887919984960556,0.782210357487202,0.998399044573307
G,GGA,0.12094729643961,-0.0359559802338481,0.273919281363487
G,GGC,-0.437480240792036,-0.537467485666275,-0.339427861571312
G,GGG,0.0641865841979921,-0.0801078345626593,0.204333317279816
H,CAC,0.535439445865154,0.392220719158649,0.678300292789936
I,ATA,1.11532211840153,0.947558361291885,1.28050990700722
I,ATC,0.482397681558132,0.397143433243036,0.567027634382248
K,AAA,-1.1283702827692,-1.23240436911583,-1.02407285869122
L,CTA,1.00422105032206,0.819326840341091,1.18858518600464
L,CTC,0.297716072322428,0.174267715960741,0.422633262723684
L,CTG,-0.763825404012203,-0.864390823245049,-0.667032825946808
L,CTT,0.164181680266856,0.04157131947577,0.288705964386463
L,TTA,-0.246404729966074,-0.36286523938179,-0.12764736674726
N,AAC,0.397661022546887,0.282028264552355,0.513141578435898
P,CCA,0.107670949419453,-0.0484315836802125,0.267733623087406
P,CCC,-0.306458417139575,-0.479905577749014,-0.132825618609786
P,CCG,-0.509430080911517,-0.642063646018505,-0.372737468779087
Q,CAA,0.25973696821779,0.156790624558926,0.361051166057587
R,AGA,1.00712631351948,0.79357190579176,1.22780127823353
R,AGG,1.39138205999136,1.10538910031319,1.6814633756876
R,CGA,0.488791430132091,0.293446113914251,0.680570305883884
R,CGC,-0.305603801241517,-0.40400089174509,-0.20656064376235
R,CGG,0.144411560206709,-0.0504099524579942,0.336023394018411
S,TCA,-0.276421000584494,-0.426775309443474,-0.128465880826116
S,TCC,-0.000971077983183568,-0.138953088596463,0.129597924277186
S,TCG,-0.428831891715527,-0.589196072518826,-0.271152719110251
T,ACA,-0.478463200762868,-0.618230068683624,-0.339339891821146
T,ACC,-0.95378242610693,-1.06866211891174,-0.841427703201771
T,ACG,-0.864320906710625,-1.00227489471436,-0.725149565935135
V,GTA,0.562375783962011,0.457545291632414,0.67458793669939
V,GTC,-0.0606765985250124,-0.167805309221148,0.0481336450204252
V,GTG,-0.474849847835302,-0.577383445203304,-0.371548911184073
Y,TAC,0.385167640051246,0.242342884838581,0.526874777674675
Z,AGC,-0.307307503635436,-0.441453997045755,-0.173628141731024
