AA,Codon,Posterior,0.025%,0.975%
A,GCA,0.110211146503896,0.0428082663565874,0.176453249901533
A,GCC,0.350889044141769,0.278226887434721,0.426454643905163
A,GCG,0.341594236147404,0.270295792818069,0.41403542086482
C,TGC,-0.162611690847523,-0.338238114118576,0.0148876002058386
D,GAC,-0.205916929677129,-0.282629223167896,-0.127327815070748
E,GAA,-0.149371447313204,-0.23208187520504,-0.0675038471817973
F,TTC,-0.234511206454784,-0.323587692528963,-0.146739395707846
G,GGA,0.735882305312157,0.586721900105476,0.885435956716537
G,GGC,0.175947530674934,0.110554463602602,0.243783404305577
G,GGG,0.63886182820797,0.510522112250328,0.775659266114235
H,CAC,-0.258973564453423,-0.37879469320178,-0.139834570139647
I,ATA,0.644508608096838,0.462863908708096,0.83583121150732
I,ATC,-0.217690943145752,-0.284903627634048,-0.153625009208918
K,AAA,0.0112004741181377,-0.0581993053667247,0.0779081201180816
L,CTA,0.148712807340294,-0.0332572571001947,0.347888497263193
L,CTC,-0.182699070373084,-0.299514353275299,-0.0616998821496965
L,CTG,-0.372039754331112,-0.468241889029741,-0.276749710738659
L,CTT,-0.196924465251644,-0.311827769130468,-0.0771116411313415
L,TTA,-0.0289061965931869,-0.148739770427346,0.0885107636451721
N,AAC,-0.398673575171828,-0.49482069760561,-0.305154580622912
P,CCA,-0.00473402964325142,-0.13408712297678,0.127982089668512
P,CCC,0.531592425972223,0.361911725252867,0.708815133571625
P,CCG,-0.0667006788123997,-0.180642685294151,0.039169281348586
Q,CAA,0.0528044525362198,-0.0342570571228862,0.138901647925377
R,AGA,0.831547575539351,0.602833992242813,1.07224343419075
R,AGG,1.22904853584766,0.880734138190746,1.60659558176994
R,CGA,1.04894578075409,0.828723633289337,1.28144852221012
R,CGC,0.188615441277623,0.116534318774939,0.263490061461925
R,CGG,1.36206908987761,1.12202529609203,1.62033672332764
S,TCA,0.410340873959661,0.2825310125947,0.540213425457477
S,TCC,0.0505594313318533,-0.037883966229856,0.145067570731044
S,TCG,0.705311786818504,0.552695241570473,0.85926593542099
T,ACA,0.443111353874207,0.333920620381832,0.555835781991482
T,ACC,0.185100490354747,0.10680019967258,0.261114813387394
T,ACG,0.606654350888729,0.492237105965614,0.723891861736774
V,GTA,-0.0766927099261899,-0.146038514003158,-0.00690460506593809
V,GTC,0.265618886449933,0.178902148455381,0.351000709086657
V,GTG,0.383843999186158,0.301391141116619,0.467733490467071
Y,TAC,-0.197372577136382,-0.322438260912895,-0.073604328557849
Z,AGC,-0.148141031332989,-0.26756703928113,-0.0293919710908085
