AA,Codon,Posterior,0.025%,0.975%
A,GCA,0.177144968210233,0.00579028561478481,0.353172289580107
A,GCC,0.287347806861997,0.122280203923583,0.449790690094232
A,GCG,-0.0116604360814395,-0.153546258434653,0.12756086140871
C,TGC,-0.359539764037105,-0.756518606841564,0.0224384414497762
D,GAC,-0.299754458766431,-0.43461594954133,-0.166775657609105
E,GAA,-0.0290093173853291,-0.161450396105647,0.101258548721671
F,TTC,-0.647090519601107,-0.839787691831589,-0.456628023087979
G,GGA,1.01759866020679,0.724752143025398,1.33540775179863
G,GGC,0.119457916015001,-0.00783032346516847,0.249950962886214
G,GGG,0.929059586375952,0.665383116900921,1.21724087297916
H,CAC,-0.420750725849718,-0.692746199667454,-0.157677068188787
I,ATA,2.10770890928507,1.36608735620975,3.00365172028542
I,ATC,-0.268607137793489,-0.406328217685223,-0.13461048156023
K,AAA,0.0270562062402619,-0.129023398458958,0.173117718845606
L,CTA,0.408056117980502,-0.0664057789370418,0.9224419683218
L,CTC,-0.0493581273800661,-0.32727582231164,0.239388667047024
L,CTG,-0.742844219660759,-0.955954863131046,-0.544921949505806
L,CTT,0.0853924850855634,-0.205127150565386,0.37634562626481
L,TTA,0.670580043087155,0.321732170134783,1.02047587633133
N,AAC,-0.763786804622412,-0.965552340447903,-0.568512292206288
P,CCA,-0.27113695516007,-0.594647067785263,0.0394097202457485
P,CCC,1.26679170302153,0.718944729864597,1.86100017428398
P,CCG,-0.776597109848261,-1.05266470611095,-0.517281904816628
Q,CAA,0.547573840287328,0.349936705827713,0.758857494592666
R,AGA,2.15452179311514,1.39651938080788,3.09016582369804
R,AGG,2.43966704492569,1.44260072410107,3.78119180202484
R,CGA,2.2274135402441,1.59451830983162,2.90346395969391
R,CGC,0.249268919102103,0.114401543326676,0.393931221216917
R,CGG,1.46890593998432,1.08127932846546,1.88881546258926
S,TCA,0.879849538809061,0.561193184554577,1.23814978003502
S,TCC,0.116647009554796,-0.0878322253003716,0.323559036105871
S,TCG,0.307487020280655,0.0997121188789606,0.524788050353527
T,ACA,1.13661641740799,0.7919931396842,1.50095584690571
T,ACC,0.11115991688082,-0.0461709239520133,0.267783926427364
T,ACG,0.408924675156176,0.214234594255686,0.608469414710998
V,GTA,0.00655167802424794,-0.167134172469378,0.188310829177499
V,GTC,0.320401862287614,0.135327097401023,0.517338642477989
V,GTG,0.104308050307035,-0.0451095577329397,0.257943877577782
Y,TAC,-0.314573640073882,-0.513355065882206,-0.124397431872785
Z,AGC,-0.641337337131798,-0.998206414282322,-0.316418778896332
