AA,Codon,Posterior,0.025%,0.975%
A,GCA,-0.337099604016542,-0.438805957138538,-0.234076659753919
A,GCC,-0.724465593647957,-0.826461996138096,-0.622041176259518
A,GCG,-0.788088808751106,-0.883989778161049,-0.688571633398533
C,TGC,0.0665973456364503,-0.125179345905781,0.272940975427628
D,GAC,0.722661921107769,0.617730179429054,0.830265393853188
E,GAA,-0.763124549508095,-0.866061836481094,-0.659152938425541
F,TTC,0.887772816109657,0.778463298082352,0.999099287390709
G,GGA,0.134131192959606,-0.0202174703124911,0.294677542895079
G,GGC,-0.446909763491154,-0.544061326980591,-0.344128922373056
G,GGG,0.0724013632606169,-0.0748790547251701,0.219956976920366
H,CAC,0.54797981082201,0.403714586049318,0.69208157658577
I,ATA,1.10004438426495,0.939496226608753,1.2607790261507
I,ATC,0.482291497063637,0.395501602441072,0.569806870818138
K,AAA,-1.11791447603703,-1.2246301651001,-1.01130900681019
L,CTA,0.988004794597626,0.811273168027401,1.18177857398987
L,CTC,0.285716150765121,0.152420342713594,0.41241542994976
L,CTG,-0.771724601125717,-0.870262482762337,-0.671139954030514
L,CTT,0.141670687627699,0.016655604261905,0.261165674775839
L,TTA,-0.248376049891114,-0.36650493517518,-0.129730251431465
N,AAC,0.417354383379221,0.299548083543777,0.543795585632324
P,CCA,0.0941243715825287,-0.0662440771237016,0.250158063694835
P,CCC,-0.310775928147137,-0.485461627691984,-0.133026837930083
P,CCG,-0.490073947405815,-0.624120691418648,-0.35155600681901
Q,CAA,0.24283232896477,0.137112153321505,0.343753010034561
R,AGA,1.01428207733631,0.796479354798794,1.2346172362566
R,AGG,1.43841436412334,1.14033486247063,1.74464324116707
R,CGA,0.470947067111731,0.269197601079941,0.669268272817135
R,CGC,-0.294063107743859,-0.395783170312643,-0.194895749539137
R,CGG,0.150605962196214,-0.0418017124757171,0.337086470425129
S,TCA,-0.256420325885341,-0.408447637408972,-0.10040951743722
S,TCC,0.00304149225733272,-0.129456870257854,0.14398848079145
S,TCG,-0.408485323613882,-0.565099455416203,-0.241583291068673
T,ACA,-0.462817732673883,-0.596665976941586,-0.32498150318861
T,ACC,-0.929670448064804,-1.04534021914005,-0.813061970472336
T,ACG,-0.833486032557487,-0.97131450176239,-0.70073062479496
V,GTA,0.571869552755356,0.468955539166927,0.683716262876988
V,GTC,-0.033901277635312,-0.146441672742367,0.0729718780145049
V,GTG,-0.450544808268547,-0.550344669818878,-0.345960901677608
Y,TAC,0.467369925099611,0.322290620207787,0.617193678021431
Z,AGC,-0.346253289860487,-0.485185138881207,-0.208158257231116
