AA,Codon,Posterior,0.025%,0.975%
A,GCA,0.108594976812601,0.0411136497743428,0.176383512094617
A,GCC,0.357160989707708,0.281391253322363,0.433888568729162
A,GCG,0.347698533242941,0.276698508858681,0.421261437237263
C,TGC,-0.180273868058948,-0.367768208682537,-0.000550239486619826
D,GAC,-0.202465176439285,-0.281927604973316,-0.123844447173178
E,GAA,-0.128013155229576,-0.213822502270341,-0.0441485290415585
F,TTC,-0.234870807981491,-0.327711134403944,-0.149143140763044
G,GGA,0.722278714084625,0.571930204331875,0.880502496659756
G,GGC,0.180523686017096,0.111487090587616,0.250117559731007
G,GGG,0.630747245275974,0.495975004136562,0.766053006052971
H,CAC,-0.267763355319202,-0.387521579116583,-0.149551773071289
I,ATA,0.657515366816521,0.482704534381628,0.848814985156059
I,ATC,-0.217368176701665,-0.28000770509243,-0.151122999936342
K,AAA,0.00693075357213092,-0.0610334211029112,0.0780776804313064
L,CTA,0.159290889888536,-0.032039630971849,0.351066443324089
L,CTC,-0.17438125069323,-0.292274660617113,-0.0557799477130174
L,CTG,-0.366192475652695,-0.45990714430809,-0.269319953024387
L,CTT,-0.181619534054236,-0.297282259166241,-0.0653459697961806
L,TTA,-0.0280131791351636,-0.143754960224032,0.0904628382995725
N,AAC,-0.411335170042515,-0.508105929195881,-0.316298870742321
P,CCA,0.00305966211596178,-0.122688678838313,0.135281658917665
P,CCC,0.537604541295767,0.361982092261314,0.721041789650917
P,CCG,-0.0799981383143575,-0.191582346335053,0.0329461459070444
Q,CAA,0.0636507207838498,-0.018792403396219,0.148949075117707
R,AGA,0.826705411243439,0.589346781373024,1.07398772835732
R,AGG,1.18313778655529,0.819561877846718,1.57642932236195
R,CGA,1.06942133729458,0.844428808987141,1.3051428437233
R,CGC,0.181528833606839,0.107982969656587,0.258420384675264
R,CGG,1.35563995859623,1.12973670363426,1.59916939437389
S,TCA,0.398595193678141,0.279027194529772,0.530622574687004
S,TCC,0.0498744010432878,-0.0414781817235053,0.14147116728127
S,TCG,0.691679901969433,0.536376857757568,0.852782651782036
T,ACA,0.435571529430151,0.328262266516685,0.549483112990856
T,ACC,0.17200505169332,0.0976602952927351,0.251684994250536
T,ACG,0.586936667370796,0.477818305045366,0.701978971064091
V,GTA,-0.0815312680341536,-0.149172937124968,-0.0140268337214365
V,GTC,0.251452633458376,0.166249398514628,0.337947393208742
V,GTG,0.370541968125105,0.289602579921484,0.454897387325764
Y,TAC,-0.250979210919142,-0.370249944925308,-0.12992583848536
Z,AGC,-0.121084463646146,-0.236012544855475,0.0030394042376429
