AA,Codon,Posterior,0.025%,0.975%
A,GCA,0.183531222792924,-0.0632801685482264,0.445810604840517
A,GCC,0.310165052976192,0.058234288636595,0.571497595310211
A,GCG,0.0213684185646998,-0.201114491000772,0.2349822986871
C,TGC,0.241127508759347,-0.330901382118464,0.903289598226547
D,GAC,-0.274415994103684,-0.482979049533606,-0.0754199618473649
E,GAA,-0.0934017785947857,-0.313215003907681,0.109855370223522
F,TTC,-0.514420279183984,-0.884612567722797,-0.154809586331248
G,GGA,0.94446051890254,0.484542594850063,1.48992258310318
G,GGC,0.139067280248048,-0.0779446694999933,0.348623374849558
G,GGG,0.715567248231173,0.339218448847532,1.1314435094595
H,CAC,-0.198793733640065,-0.64164994508028,0.247738831862807
I,ATA,1.12848926607356,0.267287243157625,2.25138333439827
I,ATC,-0.538481482055783,-0.8266283005476,-0.278674270957708
K,AAA,-0.0320186186169307,-0.320056186616421,0.239303663745523
L,CTA,0.295699130045448,-0.463163515180349,1.18348144888878
L,CTC,-0.462510926386989,-0.919160878658295,-0.0488863132894039
L,CTG,-0.7489897154212,-1.17814227938652,-0.394802329689264
L,CTT,0.154015805146971,-0.444467172771692,0.75552159845829
L,TTA,0.0322357532831564,-0.489367793500423,0.53914850205183
N,AAC,-0.935584181803465,-1.35883900523186,-0.561001279950142
P,CCA,0.382430948169128,-0.282213848829269,1.07619998753071
P,CCC,0.715882998811507,0.00936992045026273,1.41517535150051
P,CCG,-0.68625302862376,-1.14851089715958,-0.301801728457212
Q,CAA,0.598221935267746,0.289895862340927,0.942177970707417
R,AGA,19.6914782772064,15.4602951526642,24.3300536155701
R,AGG,23.8390667451859,8.94270133972168,32.3666880607605
R,CGA,1.56769873802662,0.671905128657818,2.60624651312828
R,CGC,0.147000007459567,-0.138514012470841,0.439656832814217
R,CGG,1.06845366785228,0.497816129773855,1.71511549055576
S,TCA,0.280531331460446,-0.262571112066507,0.831983652710915
S,TCC,-0.288609007433668,-0.742231671512127,0.123314745165408
S,TCG,0.274995104011818,-0.237259628623724,0.795012094080448
T,ACA,1.25536290743351,0.641019043326378,2.0108235001564
T,ACC,0.0213721538070764,-0.278839053958654,0.301553583145142
T,ACG,0.306171227543842,-0.0145934920292348,0.639994138479233
V,GTA,0.268439271883212,-0.0436269077472389,0.629242184758186
V,GTC,0.253854931113403,0.00721888336120173,0.516264398396015
V,GTG,0.149767005204223,-0.078267040476203,0.378504037857056
Y,TAC,-0.283446606590657,-0.635011187195778,0.0444511314854027
Z,AGC,-0.169251178975025,-0.633862426877022,0.298078216612339
