AA,Codon,Posterior,0.025%,0.975%
A,GCA,-0.3809130867064,-0.455179542303085,-0.304915689677
A,GCC,-0.891253060102463,-0.964688566327095,-0.818880286812782
A,GCG,-1.00856216472387,-1.08078228533268,-0.936507008969784
C,TGC,0.000772167178273776,-0.141893541812897,0.144555251672864
D,GAC,0.796696778523922,0.721014431118965,0.871825282275677
E,GAA,-0.662276425349712,-0.73628826290369,-0.588468399643898
F,TTC,0.979877206194401,0.896008855104446,1.06326847970486
G,GGA,0.19986286610926,0.082437270693481,0.320546042174101
G,GGC,-0.408011903494596,-0.476341389119625,-0.341327611356974
G,GGG,0.144081545399502,0.041471122764051,0.248308159410953
H,CAC,0.721380842709541,0.616186290979385,0.829944187402725
I,ATA,1.18337973079681,1.03573734164238,1.33078630566597
I,ATC,0.515632993769646,0.449913636595011,0.580472211539745
K,AAA,-1.10555760711431,-1.18453930914402,-1.02479799687862
L,CTA,0.917031312978268,0.76836816817522,1.06653505265713
L,CTC,0.343554042410851,0.242240785062313,0.442843425273895
L,CTG,-0.763249730026722,-0.842534193396568,-0.683824697136879
L,CTT,0.206120123903453,0.105568829551339,0.308459166437387
L,TTA,-0.20913243782483,-0.306500082463026,-0.11294308938086
N,AAC,0.442451446723938,0.355443271994591,0.533999125659466
P,CCA,0.0628393685882944,-0.0628866525366902,0.190818687900901
P,CCC,-0.438380427476764,-0.583163757622242,-0.295728758722544
P,CCG,-0.622696107828617,-0.729187901318073,-0.513587173819542
Q,CAA,0.297826709973812,0.219859243929386,0.378735813498497
R,AGA,1.02928603749275,0.836170201003551,1.22180509269238
R,AGG,1.40548157218695,1.14283255934715,1.67604444921017
R,CGA,0.373506948305666,0.196901463717222,0.546075581014156
R,CGC,-0.389377878051996,-0.462977983802557,-0.313334783911705
R,CGG,0.0160306467343991,-0.132094063982368,0.167847689986229
S,TCA,-0.403728603568673,-0.536619943380356,-0.277104510366917
S,TCC,-0.183333468455245,-0.291742760688066,-0.0775821331888438
S,TCG,-0.611513890725374,-0.739140835404396,-0.487584672123194
T,ACA,-0.474075401908159,-0.595889322459698,-0.349754997342825
T,ACC,-1.05160913494825,-1.14138062894344,-0.961858312785626
T,ACG,-0.964725070881844,-1.07356829941273,-0.854195475578308
V,GTA,0.549214804470539,0.461902630329132,0.635396341979504
V,GTC,-0.167747728926316,-0.24959808588028,-0.0861497484147549
V,GTG,-0.613971212625504,-0.688396283984184,-0.538409432768822
Y,TAC,0.489372011679411,0.384463071078062,0.591729770600796
Z,AGC,-0.255783677650988,-0.366251323372126,-0.143197923153639
