AA,Codon,Posterior,0.025%,0.975%
A,GCA,0.154635655125976,0.0938781276345253,0.215987160801888
A,GCC,0.357040565991402,0.295007798075676,0.424701949208975
A,GCG,0.245019767168164,0.186095533892512,0.304334611445665
C,TGC,-0.260276734005008,-0.409219579398632,-0.111971285752952
D,GAC,-0.338420794323087,-0.401580835878849,-0.275419089943171
E,GAA,-0.200764201498032,-0.271177459508181,-0.132499734312296
F,TTC,-0.689017631173134,-0.776410239934921,-0.603951792418957
G,GGA,1.1723254119277,1.01963828504086,1.32956701517105
G,GGC,0.144939605905116,0.091571006923914,0.199367510154843
G,GGG,0.725906796944141,0.615050181746483,0.837667667865753
H,CAC,-0.519688064432144,-0.630205656588078,-0.41355627477169
I,ATA,1.83470901248455,1.54634816944599,2.11899247765541
I,ATC,-0.351815784245729,-0.413086426258087,-0.290139219909906
K,AAA,-0.107849652100174,-0.181175854057074,-0.0381726902909577
L,CTA,0.501599930283427,0.28317388817668,0.727205480635166
L,CTC,-0.268707084726542,-0.393410087376833,-0.142017593234778
L,CTG,-0.762162696766853,-0.862119553983211,-0.663362430036068
L,CTT,-0.00490128895761572,-0.135824711993337,0.132170869410038
L,TTA,0.378284966400266,0.240160577371717,0.520570933818817
N,AAC,-0.717699672365189,-0.817999558150768,-0.622072623670101
P,CCA,-0.233567242771449,-0.384732226282358,-0.0794169502332807
P,CCC,0.773819666749239,0.567612752318382,0.988537459075451
P,CCG,-0.677071792179346,-0.812090696394444,-0.544901572167873
Q,CAA,0.472051437747478,0.381542827934027,0.563899920880794
R,AGA,2.88085639624596,2.43493657708168,3.32707878351212
R,AGG,2.98061039171219,2.41405826807022,3.54918637275696
R,CGA,2.18560672729015,1.87759935259819,2.49692860245705
R,CGC,0.281279548600316,0.213725490123034,0.347280594706535
R,CGG,1.73268732690811,1.50898464620113,1.96816839277744
S,TCA,0.782825270879269,0.633687841892242,0.939536003768444
S,TCC,0.0616819199572656,-0.0292303919326514,0.153422644734383
S,TCG,0.551347050476074,0.427575521171093,0.6799286916852
T,ACA,1.1680894256115,1.00647786259651,1.33447253108025
T,ACC,0.0519562072480312,-0.0244088975246996,0.126912097632885
T,ACG,0.589161042678356,0.48048945069313,0.700038589537144
V,GTA,0.0339061441553145,-0.0388324023224413,0.110096658580005
V,GTC,0.294329124507308,0.218221256136894,0.372374477237463
V,GTG,0.227525331130624,0.161606454104185,0.29285289272666
Y,TAC,-0.304610619360209,-0.396800126880407,-0.211402034759522
Z,AGC,-0.584463351637125,-0.720500710606575,-0.445027720183134
