AA,Codon,Posterior,0.025%,0.975%
A,GCA,0.125268276316673,0.0694075252860785,0.181893698126078
A,GCC,0.451145118802786,0.387814588099718,0.516063843667507
A,GCG,0.478786688935757,0.416150354593992,0.543640501797199
C,TGC,-0.13058982374089,-0.283991496264935,0.0174845557659864
D,GAC,-0.244733053724468,-0.311082020401955,-0.176071093976498
E,GAA,-0.189003597532213,-0.260039827227592,-0.117801978439093
F,TTC,-0.291738266995549,-0.368722210079432,-0.213680623099208
G,GGA,0.678740633308887,0.548350720107555,0.807476092875004
G,GGC,0.160463073928654,0.104086128808558,0.218512369319797
G,GGG,0.582679765105248,0.475645184516907,0.692915637791157
H,CAC,-0.381904863324761,-0.492203081399202,-0.276387461274862
I,ATA,0.585607831531763,0.41902290135622,0.756964626908302
I,ATC,-0.23722825986743,-0.294885463267565,-0.180416469275951
K,AAA,-0.000167293431633971,-0.0597076132893562,0.059853957593441
L,CTA,0.227765354414959,0.0536185913719237,0.404991047829389
L,CTC,-0.215905943025835,-0.318831713497639,-0.113532150909305
L,CTG,-0.374326116597652,-0.457140896469355,-0.287928286194801
L,CTT,-0.22737293038466,-0.332209964096546,-0.126592967659235
L,TTA,-0.0584697970022869,-0.158683913201094,0.0444866871461271
N,AAC,-0.428369814103842,-0.511063934862614,-0.348033522814512
P,CCA,0.0222793907421084,-0.0924365783110261,0.138000634685159
P,CCC,0.630154254448414,0.474488559365273,0.795318600535393
P,CCG,0.00204995870401108,-0.0949519943445921,0.0996414767578244
Q,CAA,0.0272443658987908,-0.0462935910560191,0.103045649267733
R,AGA,0.793698717707396,0.584196579456329,1.00582328736782
R,AGG,1.182006937778,0.853029933571815,1.52138713300228
R,CGA,1.14288273800612,0.933217142522335,1.36405550539494
R,CGC,0.234123906564713,0.170791502669454,0.296987503767013
R,CGG,1.47732305269241,1.26939572989941,1.69143572449684
S,TCA,0.476148779261112,0.363459613919258,0.593317137658596
S,TCC,0.14223253627785,0.0601234868168831,0.226973876357078
S,TCG,0.826336033296585,0.691443315148354,0.964818981289863
T,ACA,0.426342689988017,0.324544446915388,0.525584878027439
T,ACC,0.235571569131315,0.168215105682611,0.304474999755621
T,ACG,0.667473064255714,0.566094534099102,0.770476326346397
V,GTA,-0.0698476992083801,-0.130229596048594,-0.00901040378957997
V,GTC,0.327046685695648,0.253972525894642,0.40152069106698
V,GTG,0.471623210227489,0.400076303631067,0.542667555809021
Y,TAC,-0.265151544089615,-0.369485560804605,-0.163052301853895
Z,AGC,-0.183463295847806,-0.294986809045076,-0.0763913290575147
