AA,Codon,Posterior,0.025%,0.975%
A,GCA,-0.338399674007297,-0.434891610592604,-0.242110078781843
A,GCC,-0.749604103028774,-0.849980206787586,-0.653831724822521
A,GCG,-0.80183091609478,-0.897331795096397,-0.709045588970184
C,TGC,0.0352706566872927,-0.15691585727036,0.233620463684201
D,GAC,0.730840401554108,0.626962187886238,0.833176119625568
E,GAA,-0.712383376073837,-0.81573194116354,-0.609729179739952
F,TTC,0.877464094495773,0.770688174664974,0.986091576516628
G,GGA,0.108484785707141,-0.0472133745439351,0.262324507534504
G,GGC,-0.454309777742624,-0.548758870363235,-0.354610951989889
G,GGG,0.0653468636951831,-0.0762134831398725,0.204845485091209
H,CAC,0.576225337415934,0.436454067379236,0.721466326713562
I,ATA,1.10605557016134,0.942504054307938,1.27291641533375
I,ATC,0.483579246646166,0.398430252075195,0.569215312600136
K,AAA,-1.13738829367161,-1.24056215882301,-1.03486928641796
L,CTA,1.00454606354237,0.821189832687378,1.18956464231014
L,CTC,0.335526997730136,0.212743169814348,0.464180137962103
L,CTG,-0.747418145024776,-0.845130883157253,-0.64453668743372
L,CTT,0.167202287890895,0.0480519858188927,0.293372775614261
L,TTA,-0.243772478820942,-0.360157937556505,-0.127047821134329
N,AAC,0.385897611859441,0.272100050747395,0.499270649254322
P,CCA,0.088394587943011,-0.0718734910711646,0.246198917552829
P,CCC,-0.317421564215235,-0.489526473730803,-0.142938553541899
P,CCG,-0.506104200464487,-0.639714340865612,-0.368721489608288
Q,CAA,0.22589676733017,0.123408374749124,0.331589464098215
R,AGA,1.01678004741669,0.796392823755741,1.23543950021267
R,AGG,1.41396964555979,1.12450912594795,1.70869438052177
R,CGA,0.447537249997258,0.252463506907225,0.644449014961719
R,CGC,-0.319998846946657,-0.418105836957693,-0.2205352447927
R,CGG,0.128282681980137,-0.0533845288679004,0.312505261600017
S,TCA,-0.264705377823766,-0.411730649322271,-0.112612070702016
S,TCC,-0.0196679744182798,-0.15271943025291,0.113311699219048
S,TCG,-0.472241678631306,-0.636237478256226,-0.30947936847806
T,ACA,-0.436652261614799,-0.576980866491795,-0.296318354457617
T,ACC,-0.921859175276756,-1.03519841134548,-0.808360765874386
T,ACG,-0.864498749911785,-0.998156735301018,-0.728432387113571
V,GTA,0.580361188137531,0.472155123949051,0.688344690203667
V,GTC,-0.0419785907158463,-0.149855303391814,0.0639310529455541
V,GTG,-0.443301351249218,-0.543214476108551,-0.344530183076859
Y,TAC,0.489628488534689,0.341171105951071,0.635850800573826
Z,AGC,-0.310786710324138,-0.443670026212931,-0.174657932668924
