AA,Codon,Posterior,0.025%,0.975%
A,GCA,0.108087082426727,0.0445535684935749,0.174000919610262
A,GCC,0.372157846161723,0.297914631664753,0.447339072078466
A,GCG,0.354320023703575,0.282280360162258,0.426906847953796
C,TGC,-0.156813601880474,-0.344724349677563,0.0234473067801444
D,GAC,-0.207151935876906,-0.286540918797255,-0.128944105654955
E,GAA,-0.157997273709439,-0.238605144247413,-0.0756371654570103
F,TTC,-0.227979880149663,-0.315071352571249,-0.140566400066018
G,GGA,0.743338380044699,0.591782589256763,0.896994316577911
G,GGC,0.184775505786389,0.116432987339795,0.252236568182707
G,GGG,0.63533709885478,0.506126788258553,0.769714106619358
H,CAC,-0.285687490344048,-0.404037794470787,-0.169199795648456
I,ATA,0.653808056932688,0.471958781033754,0.843486644327641
I,ATC,-0.218271020530164,-0.282897361367941,-0.156455017998815
K,AAA,0.0154204673922795,-0.0516685646958649,0.0834733013063669
L,CTA,0.150666855355745,-0.0416025106795132,0.352515440434217
L,CTC,-0.211573867701739,-0.331458560377359,-0.0941550051793456
L,CTG,-0.384725976783037,-0.48413100540638,-0.291113678365946
L,CTT,-0.200870197230065,-0.32157498896122,-0.0880172286182642
L,TTA,-0.0310768307733586,-0.149662217870355,0.0819681691005826
N,AAC,-0.391767270183563,-0.487687965482473,-0.300652781128883
P,CCA,0.00833994196067342,-0.122231677919626,0.140975493565202
P,CCC,0.541036273702979,0.368487126380205,0.720127640664577
P,CCG,-0.0684314598024539,-0.177411610633135,0.0436164241284132
Q,CAA,0.0745801510452158,-0.0122612068429589,0.161860088258982
R,AGA,0.81866353136301,0.591901338100433,1.06251738965511
R,AGG,1.20056872780323,0.832915195822716,1.5811628639698
R,CGA,1.08766378171444,0.86246116310358,1.3174065053463
R,CGC,0.196222680234909,0.124216111190617,0.269886977225542
R,CGG,1.37280548425913,1.14680722653866,1.60244369804859
S,TCA,0.398528187337518,0.276028085500002,0.525776337087154
S,TCC,0.0608781108884836,-0.0299551514908671,0.153603100404143
S,TCG,0.740816450035572,0.58676393032074,0.902463994920254
T,ACA,0.419300476408005,0.309507931023836,0.533251902461052
T,ACC,0.169435131539032,0.0906241714954376,0.24855746589601
T,ACG,0.613184423518181,0.501805391907692,0.728359289467335
V,GTA,-0.0855159225359937,-0.156081712990999,-0.0166057780385018
V,GTC,0.255797023409605,0.17469609156251,0.340957007557154
V,GTG,0.364412125143409,0.284529445320368,0.445443195104599
Y,TAC,-0.265229501176625,-0.386551121622324,-0.142364777997136
Z,AGC,-0.145153553014732,-0.26912275403738,-0.0252994922455401
