AA,Codon,Posterior,0.025%,0.975%
A,GCA,0.210085111741762,0.0517905184999108,0.368348202109337
A,GCC,0.298439975191653,0.154251632094383,0.448659066855907
A,GCG,0.054020339201796,-0.075944641418755,0.179396176338196
C,TGC,-0.194715618341597,-0.581437820196152,0.181097665801644
D,GAC,-0.310755485486984,-0.442892976105213,-0.179219218716025
E,GAA,-0.0678920549897257,-0.199855499342084,0.0592579020187258
F,TTC,-0.791166381925344,-0.988434420526028,-0.599946974217892
G,GGA,1.42211558303833,1.10112395584583,1.77674953639507
G,GGC,0.353655416360497,0.227824152261019,0.486835850775242
G,GGG,0.788192997568846,0.572725820541382,1.01744965016842
H,CAC,-0.460494083072245,-0.695723915100098,-0.240121338516474
I,ATA,1.69396494797468,1.07665214836597,2.40176861286163
I,ATC,-0.267009561857209,-0.397849417477846,-0.137253560125828
K,AAA,0.0968029209055203,-0.0349839200265706,0.227797781303525
L,CTA,0.516517626473474,0.0335289668291807,1.0227700650692
L,CTC,-0.164465018952028,-0.443146782368422,0.0964152360334991
L,CTG,-0.827942068034411,-1.03987769782543,-0.632064451277256
L,CTT,0.268475974915965,-0.0429446242749691,0.584670379757881
L,TTA,0.515962115946133,0.214998961612582,0.827258259057998
N,AAC,-0.800218973249197,-1.00361993312836,-0.607284066081047
P,CCA,-0.30315210422335,-0.668550147116184,0.0558204233646386
P,CCC,1.31205797874629,0.74092733412981,1.94853453338146
P,CCG,-0.935293474131823,-1.24840856790543,-0.636793224513531
Q,CAA,0.59761663158536,0.405315577238798,0.802516764402389
R,AGA,3.2926627202034,2.12030181288719,4.77169250249862
R,AGG,4.4929571189642,2.60231709480286,7.54418544769287
R,CGA,1.7055522159338,1.22465204596519,2.25493669509888
R,CGC,0.284949833519757,0.156378280743957,0.414563892036676
R,CGG,1.54239393833876,1.17048205733299,1.95773186385632
S,TCA,0.755793185925484,0.434799679368734,1.1042649179697
S,TCC,-0.103702264926798,-0.286161814630032,0.067343308404088
S,TCG,0.456208437049389,0.218249949812889,0.710400958359241
T,ACA,1.06812590349317,0.722912573814392,1.42756778597832
T,ACC,0.0112295058933727,-0.151033935323358,0.164311244338751
T,ACG,0.448203316403925,0.238619944453239,0.660659651458263
V,GTA,-0.0895889225459487,-0.254210756719112,0.080239032395184
V,GTC,0.33525740878121,0.154361457005143,0.529013356566429
V,GTG,0.0634856384934399,-0.0799738347530365,0.205640381202102
Y,TAC,-0.413725259889662,-0.605986389517784,-0.228503819555044
Z,AGC,-0.653766847546399,-0.992215970158577,-0.346657151728869
