AA,Codon,Posterior,0.025%,0.975%
A,GCA,-0.452528291928768,-0.5646598726511,-0.344209317117929
A,GCC,-1.00924452748299,-1.11793164908886,-0.904961548745632
A,GCG,-1.21951803226471,-1.31912163197994,-1.12470647096634
C,TGC,-0.131992748593187,-0.326872362941504,0.0594079521484673
D,GAC,0.862949819874763,0.75631273239851,0.977107065916061
E,GAA,-0.601885578167438,-0.704736246168613,-0.494454000145197
F,TTC,0.782697073364258,0.666560676693916,0.900166055560112
G,GGA,0.0443773187064588,-0.150099149718881,0.235888516530395
G,GGC,-0.405754379403591,-0.504972697794437,-0.304812931269407
G,GGG,0.00935479029834159,-0.14095751568675,0.158574509620667
H,CAC,0.709181646573544,0.562370932102203,0.864856503903866
I,ATA,1.20313389570713,0.949977333843708,1.45026536881924
I,ATC,0.498448668050766,0.411466135084629,0.588773240149021
K,AAA,-1.09507554149628,-1.19749197661877,-0.988374730944633
L,CTA,1.00777432947159,0.788569478690624,1.22668658792973
L,CTC,0.467191436815262,0.331467623263597,0.601546265184879
L,CTG,-0.78145328514576,-0.891597610712051,-0.676285795867443
L,CTT,0.423635010826588,0.281765036284924,0.573672181367874
L,TTA,-0.0785912546037896,-0.221059623360634,0.0634587865322828
N,AAC,0.238634511032701,0.111976351775229,0.369481145590544
P,CCA,0.0573840193062497,-0.133102697134018,0.240882199630141
P,CCC,-0.27919807688375,-0.518677538633347,-0.0528370511718094
P,CCG,-0.869485458731651,-1.02574926316738,-0.704920935630798
Q,CAA,0.302684852784872,0.192274629324675,0.419639787077904
R,AGA,1.56048935918808,1.21250962913036,1.90673640668392
R,AGG,1.02698367118835,0.64051054418087,1.44252452850342
R,CGA,0.686933467960358,0.43731901794672,0.928113043308258
R,CGC,-0.505544335782528,-0.609580335021019,-0.40061656832695
R,CGG,0.0554661336415753,-0.137935585901141,0.254392644762993
S,TCA,-0.170651047558361,-0.348443110287189,0.00752614372177059
S,TCC,-0.149043784543831,-0.288790499418974,-0.00513379076728596
S,TCG,-0.805327959680557,-0.964759330451489,-0.654464045166969
T,ACA,-0.232482819076441,-0.409818185865879,-0.0459274139255285
T,ACC,-1.21510775852203,-1.33115755021572,-1.09769425094128
T,ACG,-1.14762423377037,-1.29013176560402,-1.00674585998058
V,GTA,0.469508797645569,0.340824866294861,0.60166375041008
V,GTC,-0.388438461893797,-0.502635407447815,-0.267987807840109
V,GTG,-0.877641771936417,-0.980332577228546,-0.777523912489414
Y,TAC,0.532050976860523,0.382430803775787,0.685783058404922
Z,AGC,-0.252930282597616,-0.410763934254646,-0.0956282196566462
