AA,Codon,Posterior,0.025%,0.975%
A,GCA,0.143407745149732,0.0715160945430398,0.212746965512633
A,GCC,0.412748315632343,0.335931540280581,0.491914889961481
A,GCG,0.286477165561914,0.219262059777975,0.354146945476532
C,TGC,-0.109183664883336,-0.289481148868799,0.0715933753177524
D,GAC,-0.391539482915401,-0.478440051525831,-0.311464567482471
E,GAA,-0.150437464743108,-0.235839218646288,-0.0719269039109349
F,TTC,-0.610221418869495,-0.71403146982193,-0.509763987362385
G,GGA,1.44552584056854,1.21042727231979,1.69568222165108
G,GGC,0.159293374249339,0.0920790335163474,0.228046306967735
G,GGG,0.832234872794151,0.686075860261917,0.986462524533272
H,CAC,-0.504988186454773,-0.643066014349461,-0.37236537784338
I,ATA,1.51059335567951,1.14753423929214,1.88205712735653
I,ATC,-0.397014635384083,-0.469201535731554,-0.324812953919172
K,AAA,-0.0459721868521785,-0.119060551002622,0.0223824016749859
L,CTA,0.468911952511221,0.196601378545165,0.755862031877041
L,CTC,-0.387279185497761,-0.528081810474396,-0.244570976495743
L,CTG,-0.720040098762512,-0.836977618932724,-0.604237516224384
L,CTT,-0.172471359022299,-0.330219101160765,-0.0183170327916741
L,TTA,0.155369762498385,-0.00772622134536505,0.324542323499918
N,AAC,-0.670697166550159,-0.789463159441948,-0.553961004316807
P,CCA,-0.266668597008381,-0.463742569088936,-0.0723540354520081
P,CCC,0.705378791034222,0.418655471503735,0.99860289990902
P,CCG,-0.472972339987755,-0.644567102193832,-0.310721003264189
Q,CAA,0.37902245876193,0.275251030176878,0.483605118840933
R,AGA,1.54838209075928,1.07799890935421,2.06729584336281
R,AGG,3.045608487463,2.35195685625076,3.77752941250801
R,CGA,1.62862595705986,1.29089144766331,1.9865881383419
R,CGC,0.365073313605785,0.287045380473137,0.445081499218941
R,CGG,1.55729419960976,1.30073033869267,1.80755844414234
S,TCA,0.640827792084217,0.488114660233259,0.806492051482201
S,TCC,0.103418221433344,0.0089679861208424,0.194646343588829
S,TCG,0.732320803356171,0.598000210523605,0.877380299568176
T,ACA,0.706533540725708,0.538785418868065,0.884024173021317
T,ACC,0.10622454020963,0.0259094049688429,0.18597356416285
T,ACG,0.65414920964241,0.533637388050556,0.784456706047058
V,GTA,0.0810411842885762,0.00276379631250165,0.158526305481792
V,GTC,0.425171339869499,0.334540359675884,0.515828174352646
V,GTG,0.394880171620846,0.319464759528637,0.470829967409372
Y,TAC,-0.340197264307737,-0.471683026105165,-0.21598854996264
Z,AGC,-0.634706664443016,-0.80343941450119,-0.481953722238541
