AA,Codon,Posterior,0.025%,0.975%
A,GCA,0.0922773937540294,-0.156792774796486,0.341052502393723
A,GCC,0.321542486849986,0.0626646077260375,0.58335574567318
A,GCG,0.17379784220045,-0.0667987698689103,0.397676841914654
C,TGC,-0.927439635634888,-1.99870841801167,-0.109174807369709
D,GAC,-0.369995799938962,-0.580149652063847,-0.158633239194751
E,GAA,-0.529753324779868,-0.829016099870205,-0.269139766693115
F,TTC,-0.589564860318019,-0.991300536692142,-0.196862678229809
G,GGA,1.32592841091156,0.765149919688702,1.96614020466805
G,GGC,0.179550739441728,-0.0394277185201645,0.392859777808189
G,GGG,1.10085895549059,0.628750769793987,1.6404766023159
H,CAC,-0.503734966357169,-0.986323182284832,-0.0450022772885855
I,ATA,2.49202111300342,0.956033065915108,4.86703689098358
I,ATC,-0.350544023911003,-0.591868798434734,-0.109253857657313
K,AAA,-0.188789082963504,-0.538853186368942,0.116577970609069
L,CTA,0.144736270879465,-0.722049078345299,1.19276949167252
L,CTC,-0.506253735180234,-1.1205140709877,0.0936272524297238
L,CTG,-1.061461401546,-1.56930430531502,-0.620567405223846
L,CTT,-0.141746793098189,-0.819960221648216,0.558170036971569
L,TTA,0.186569408821291,-0.513428829610348,0.90897925645113
N,AAC,-0.418850273650046,-0.74183643758297,-0.101665863767266
P,CCA,-0.370309842088295,-0.955293609201908,0.166426620259881
P,CCC,1.67814788288362,0.523236817121506,3.02525528073311
P,CCG,-0.630922871695308,-1.1616845458746,-0.181667552888393
Q,CAA,0.533772487983108,0.211945421993732,0.867962124943733
R,AGA,1.78890652655698,0.383727993816137,3.85423914194107
R,AGG,3.24788209822178,1.28334475457668,6.72212902307511
R,CGA,1.34675698181167,0.540106135606766,2.34230619072914
R,CGC,0.382656235905708,0.0646678168326616,0.708071433007717
R,CGG,2.06993491930962,1.09999803602695,3.22335178852081
S,TCA,0.35140233160932,-0.175766932591796,0.917874795198441
S,TCC,-0.118789630081557,-0.536881777644157,0.282933168113232
S,TCG,0.835193397146463,0.236656488850713,1.43738930523396
T,ACA,1.12365575226843,0.496661411225796,1.8744067132473
T,ACC,0.237992508540631,-0.0324560364708304,0.505430321395397
T,ACG,0.889963770103455,0.492529710382223,1.32295711934567
V,GTA,-0.0548946478658356,-0.317454199492931,0.219276619702578
V,GTC,0.496903875996917,0.195032044872642,0.811994625627995
V,GTG,0.321280451518297,0.0866307139396667,0.561593329906464
Y,TAC,-0.176113464797859,-0.510469868779182,0.178845747560263
Z,AGC,-0.729559111829987,-1.33011122941971,-0.178305035457015
