AA,Codon,Posterior,0.025%,0.975%
A,GCA,-0.462020725482702,-0.54248234629631,-0.383333510160446
A,GCC,-0.838829523444176,-0.918310377001762,-0.758262416720391
A,GCG,-1.04032761387825,-1.11580772697926,-0.964725625514984
C,TGC,0.0415880584134656,-0.103274316713214,0.191332870721817
D,GAC,0.808526095402241,0.728812262415886,0.888259941339493
E,GAA,-0.664325063681602,-0.742451472580433,-0.586464658379555
F,TTC,0.907528029251099,0.822750815749168,0.999814310669899
G,GGA,0.0614281747193865,-0.0666916603222489,0.189451167359948
G,GGC,-0.417181629139185,-0.488780894130468,-0.344408059120178
G,GGG,0.0282230753595475,-0.0854309307411313,0.137856580689549
H,CAC,0.723953254711628,0.612489710748196,0.838898772001266
I,ATA,1.12656282910109,0.979194478690624,1.27430613636971
I,ATC,0.51950771060586,0.452192711085081,0.58868329077959
K,AAA,-1.0963949627161,-1.18429379761219,-1.00893134772778
L,CTA,1.08636479882002,0.933469645678997,1.24265560507774
L,CTC,0.411121062597632,0.30516866222024,0.513120836019516
L,CTG,-0.739756873822212,-0.821876211464405,-0.658888629078865
L,CTT,0.324988367688656,0.218466959148645,0.426755880564451
L,TTA,-0.207426383285411,-0.308100244402885,-0.10656105466187
N,AAC,0.447411857897043,0.351655881106853,0.544147291779518
P,CCA,0.0615413868033318,-0.0631981775164604,0.191017133370042
P,CCC,-0.295689416217804,-0.447191726416349,-0.145895522087813
P,CCG,-0.638413705837727,-0.746180720627308,-0.529010890424252
Q,CAA,0.212406015235186,0.126783603057265,0.296253876388073
R,AGA,1.02570504330397,0.815255239605904,1.23616313040256
R,AGG,1.33228279746771,1.04881148040295,1.62275523841381
R,CGA,0.431850142218173,0.264635190367699,0.601454478502274
R,CGC,-0.377266115170717,-0.455927005410194,-0.296947920322418
R,CGG,-0.00806238738469765,-0.163917489349842,0.149641430750489
S,TCA,-0.458452436679602,-0.591967451572418,-0.325935280323029
S,TCC,-0.128095515413472,-0.239988766983151,-0.015424754167907
S,TCG,-0.681601485854387,-0.812550044059753,-0.547956715524197
T,ACA,-0.484763797730207,-0.61105971634388,-0.359672281891108
T,ACC,-1.03497760714293,-1.12781949341297,-0.943020808696747
T,ACG,-0.99628538724184,-1.10685534179211,-0.880476506054402
V,GTA,0.471176763439178,0.380715765804052,0.560459832847118
V,GTC,-0.214004350992292,-0.302989612519741,-0.127525080740452
V,GTG,-0.646650141304731,-0.72758806347847,-0.569369065761566
Y,TAC,0.622867617964745,0.512630869448185,0.735783132910728
Z,AGC,-0.288559133441746,-0.40088330283761,-0.174477901309729
