AA,Codon,Posterior,0.025%,0.975%
A,GCA,0.166052533198893,0.109708318114281,0.223802751675248
A,GCC,0.40956400244236,0.344088353216648,0.474554908275604
A,GCG,0.496736437630653,0.431708856672049,0.56275747269392
C,TGC,-0.159146837614363,-0.317685083299875,-0.00747181862825542
D,GAC,-0.252126070564985,-0.321323311328888,-0.181845355406404
E,GAA,-0.188003723981977,-0.261721239238977,-0.115628389269114
F,TTC,-0.246758759333193,-0.326870910823345,-0.168738387897611
G,GGA,0.788554062509537,0.650556521117687,0.927276916801929
G,GGC,0.164596117397398,0.107389233261347,0.221796552464366
G,GGG,0.667431212300062,0.555168196558952,0.783720691502094
H,CAC,-0.382574579569697,-0.492835944145918,-0.275729723274708
I,ATA,0.639012258428335,0.468519531190395,0.817037165164948
I,ATC,-0.239374618536234,-0.301396644860506,-0.181323805823922
K,AAA,-0.00476450445101104,-0.0679914893582463,0.0570334210991859
L,CTA,0.0822755709457677,-0.0844688061624765,0.258030898869037
L,CTC,-0.268542386706918,-0.373190004378557,-0.158001818135381
L,CTG,-0.397354423460364,-0.482636957615614,-0.310291913151741
L,CTT,-0.313985073694587,-0.415391513705254,-0.208454171940684
L,TTA,-0.0603973863267365,-0.166584283486009,0.049643504526466
N,AAC,-0.431788551777601,-0.516520085930824,-0.345569026470184
P,CCA,0.0245166668888967,-0.0888352947309613,0.140138209238648
P,CCC,0.503590167018771,0.351550483703613,0.671998707950115
P,CCG,0.0128387250586911,-0.0830198116600513,0.108510137721896
Q,CAA,0.0839582816772718,0.00973667667713016,0.160638608038425
R,AGA,0.801194141536951,0.582382351160049,1.03433874845505
R,AGG,1.27189892524481,0.902445025742054,1.65776269137859
R,CGA,1.08443465815783,0.881175936758518,1.30097818076611
R,CGC,0.227634366433322,0.162639817968011,0.293455037474632
R,CGG,1.50964370865822,1.29838114082813,1.72838732898235
S,TCA,0.519691699802876,0.402867395430803,0.639209878444672
S,TCC,0.11383885950594,0.0327042374759913,0.195411437749863
S,TCG,0.891936164164543,0.755420668423176,1.03390754461288
T,ACA,0.434676027345657,0.33479520380497,0.542651604115963
T,ACC,0.225398904341459,0.157412175834179,0.292856193333864
T,ACG,0.693496867311001,0.589712302386761,0.799698366224766
V,GTA,-0.0341418685422701,-0.0984641745686531,0.028318768274039
V,GTC,0.352322414287925,0.27412099763751,0.429417935013771
V,GTG,0.487381671530008,0.413452772051096,0.563031174242496
Y,TAC,-0.35469366030395,-0.463674341887236,-0.248314038291574
Z,AGC,-0.160674107325159,-0.270300129801035,-0.0535983338020743
