AA,Codon,Posterior,0.025%,0.975%
A,GCA,0.19955923628211,0.124942566640675,0.276099374145269
A,GCC,0.319723667964339,0.241415033861995,0.393586784601212
A,GCG,0.181422494531423,0.114354164712131,0.248447830975056
C,TGC,-0.349861035805941,-0.521993872523308,-0.18625077791512
D,GAC,-0.347027204418182,-0.416431631147861,-0.277260283380747
E,GAA,-0.151427763642371,-0.2201825004071,-0.0825168946757913
F,TTC,-0.706574191153049,-0.801258884370327,-0.613016843795776
G,GGA,1.46047329163551,1.28478609919548,1.64579288065433
G,GGC,0.125771823976561,0.0678935639560223,0.1833790268749
G,GGG,0.83282338821888,0.711500597000122,0.961145158112049
H,CAC,-0.502640413361788,-0.624009022116661,-0.380890223383904
I,ATA,1.9845370787859,1.67318218648434,2.28961823582649
I,ATC,-0.405515276569128,-0.471060335636139,-0.34070929735899
K,AAA,-0.267248384878039,-0.363685235381126,-0.174550157785416
L,CTA,0.446035086610913,0.196282182633877,0.708365939557552
L,CTC,-0.362165550215542,-0.501395380496979,-0.223414901643992
L,CTG,-0.84842385058403,-0.957870104908943,-0.740620863437653
L,CTT,-0.0882219464221485,-0.236433762684464,0.0542001312598585
L,TTA,0.516782366800308,0.361101404577494,0.673847368359566
N,AAC,-0.844157804143429,-0.95686115026474,-0.734965497255325
P,CCA,-0.290015754589252,-0.450844479352236,-0.131882433965802
P,CCC,0.951078911554813,0.713155454397202,1.19662152826786
P,CCG,-0.735474044644833,-0.875222630798817,-0.598372223973274
Q,CAA,0.522473033320904,0.419258943200111,0.625481909513473
R,AGA,3.25407615437508,2.7063562810421,3.87792315483093
R,AGG,3.54582370738983,2.79150903224945,4.31898005008697
R,CGA,1.89735649232864,1.61530663669109,2.19011166095734
R,CGC,0.297560525730252,0.222223694249988,0.373322736471891
R,CGG,1.84564144759178,1.61280162036419,2.09575484991074
S,TCA,0.895678084659576,0.731745575368404,1.06426322162151
S,TCC,0.0131480579786978,-0.082822185754776,0.109934903867543
S,TCG,0.639307297039032,0.504622821509838,0.78006866723299
T,ACA,1.14695538800955,0.974552972614765,1.32188369631767
T,ACC,0.00608013842624259,-0.078492528386414,0.0886975511908531
T,ACG,0.622548815113306,0.501298554241657,0.745768211781978
V,GTA,0.100053310931432,0.0208394669461995,0.18385141864419
V,GTC,0.348221065256,0.262233883142471,0.435561778396368
V,GTG,0.223070047569275,0.152152389287949,0.293654498457909
Y,TAC,-0.414245876809955,-0.517050272226334,-0.312798913568258
Z,AGC,-0.643764111238718,-0.806231786310673,-0.483154803514481
