AA,Codon,Posterior,0.025%,0.975%
A,GCA,0.164872736851871,0.0873804939910769,0.242998717725277
A,GCC,0.282222155469656,0.194832852110267,0.368638724088669
A,GCG,0.213285249525309,0.129851688072085,0.297213423997164
C,TGC,-0.0437070614221215,-0.267979873716831,0.175345742329955
D,GAC,-0.152247584950805,-0.242526838928461,-0.061594267282635
E,GAA,-0.105625388168625,-0.185144309327006,-0.0216117492411285
F,TTC,-0.447985838955641,-0.562251684069633,-0.335336778312922
G,GGA,0.650197368276119,0.520721478760242,0.789828979969025
G,GGC,0.0911087727131206,0.01082172926981,0.175883559137583
G,GGG,0.492638223397732,0.381084518134594,0.614653743803501
H,CAC,-0.244202830412798,-0.414903566986322,-0.0728955719619989
I,ATA,0.854283079910278,0.68345143198967,1.0234260737896
I,ATC,-0.341524099069834,-0.438475754857063,-0.247268981859088
K,AAA,-0.0373678301538894,-0.122577034682035,0.0477416649460793
L,CTA,0.136546979262691,-0.0196619436144829,0.306199917197228
L,CTC,-0.285862437143922,-0.404486754536629,-0.162203035876155
L,CTG,-0.653022813749313,-0.771360422670841,-0.538712614774704
L,CTT,-0.135502003152459,-0.277476646006107,-0.00708187075797458
L,TTA,0.0891708970974258,-0.0580376234836876,0.234463826194406
N,AAC,-0.534285557472706,-0.667410808801651,-0.39684387370944
P,CCA,-0.0399965817108179,-0.191525841504335,0.109547094814479
P,CCC,0.585846887683868,0.387344455718994,0.8050433203578
P,CCG,-0.27406382791549,-0.418370898813009,-0.141602935642004
Q,CAA,0.217038849740475,0.104313333891332,0.331994147598743
R,AGA,0.926932929420471,0.738906034827232,1.12095083892345
R,AGG,1.08838618767262,0.874422766268253,1.30990845859051
R,CGA,1.08328335466385,0.884617340564728,1.29665624797344
R,CGC,0.1843887159131,0.0759514221921563,0.286822079122066
R,CGG,1.21903395497799,1.00235721766949,1.44977669417858
S,TCA,0.482060697194934,0.325091730803251,0.648629860579968
S,TCC,0.0222984393553226,-0.092614277638495,0.133865239471197
S,TCG,0.644133545005321,0.467483771592379,0.826924541592598
T,ACA,0.55551282838583,0.413916293531656,0.704120862483978
T,ACC,0.185444795152545,0.0868500638753176,0.285485035926104
T,ACG,0.436818940860033,0.312419818341732,0.572539566457272
V,GTA,0.073313869012201,-0.0196103752125055,0.163756735995412
V,GTC,0.226565575770289,0.121204148605466,0.33380341604352
V,GTG,0.305868140313029,0.201404611766338,0.412052209675312
Y,TAC,-0.279449044719338,-0.41983942463994,-0.139873315766454
Z,AGC,-0.391686203405261,-0.562166981399059,-0.230854830890894
