AA,Codon,Posterior,0.025%,0.975%
A,GCA,-0.454155548274517,-0.556961162388325,-0.351799324154854
A,GCC,-1.01865302066803,-1.12153834998608,-0.918016918003559
A,GCG,-1.2475155711174,-1.34254539608955,-1.15392147898674
C,TGC,-0.222912091522285,-0.413834957778454,-0.0326402981765567
D,GAC,0.806157666420937,0.701714181900024,0.909858104586601
E,GAA,-0.622051059114933,-0.722362132370472,-0.525534920394421
F,TTC,0.799206723546982,0.692114216089249,0.915037521719933
G,GGA,0.110511333606963,-0.0699905581772327,0.295066031068564
G,GGC,-0.399579445827007,-0.495879257470369,-0.314560241252184
G,GGG,0.00446226095357706,-0.13938200622797,0.143854389339686
H,CAC,0.709409680998325,0.565491677820683,0.858209402859211
I,ATA,1.1395919608593,0.914158254861832,1.36423498392105
I,ATC,0.450075956869125,0.367825201153755,0.53538568764925
K,AAA,-1.05748099930286,-1.15415302813053,-0.951959364116192
L,CTA,1.01390504689217,0.81048966050148,1.2288186699152
L,CTC,0.462348370295763,0.332997295260429,0.592110534012318
L,CTG,-0.774735428738594,-0.873606139421463,-0.675068724155426
L,CTT,0.402392254030704,0.267781871557236,0.545591023564339
L,TTA,-0.06558786590503,-0.203019327670336,0.0694458305835724
N,AAC,0.295832372093201,0.170566552877426,0.418053140491247
P,CCA,0.0423435632702254,-0.134925032034516,0.217863173037767
P,CCC,-0.313562298528128,-0.52710477411747,-0.0886343527585265
P,CCG,-0.879942292284966,-1.02616964280605,-0.732595154643059
Q,CAA,0.266168483300507,0.15899194329977,0.370693493634462
R,AGA,1.57208774864674,1.25499240159988,1.90475094020367
R,AGG,1.21937739765644,0.810348151624203,1.6417245298624
R,CGA,0.591456269234419,0.340455582737923,0.843345384299755
R,CGC,-0.506053442919254,-0.604078638553619,-0.412918071448803
R,CGG,0.0754587378522148,-0.122168109193444,0.265000057220459
S,TCA,-0.182745113701059,-0.353196797519922,-0.00411726950551373
S,TCC,-0.134896801736779,-0.273906259983778,0.000591641741630192
S,TCG,-0.809327772188187,-0.962394313514233,-0.664230026304722
T,ACA,-0.279339938170882,-0.454464466869831,-0.10072659663856
T,ACC,-1.21882802419662,-1.33035659193993,-1.10898294150829
T,ACG,-1.15684554846287,-1.28679973483086,-1.01991373896599
V,GTA,0.449629924827814,0.332720272988081,0.567338211834431
V,GTC,-0.395534358531237,-0.508093602955341,-0.283924417197704
V,GTG,-0.896462843751907,-0.9932925760746,-0.798460625112057
Y,TAC,0.541263935136795,0.397899393737316,0.684974350035191
Z,AGC,-0.258410756354965,-0.4148925088346,-0.0992361731827257
