AA,Codon,Posterior,0.025%,0.975%
A,GCA,0.14277617199719,0.0747329646721482,0.210741487890482
A,GCC,0.416207605648041,0.340460334718227,0.494679893553257
A,GCG,0.301103421622515,0.237472534924746,0.365202190726996
C,TGC,-0.047707039610279,-0.221645071357489,0.126157833635807
D,GAC,-0.358219913107157,-0.440895552188158,-0.276688701659441
E,GAA,-0.138150365679991,-0.216851506754756,-0.0613697807304561
F,TTC,-0.622208205795288,-0.730585750937462,-0.523325933516026
G,GGA,1.36949489011765,1.1456491202116,1.60142357349396
G,GGC,0.156344818043709,0.0944816472008824,0.219081922993064
G,GGG,0.838746490550041,0.695534518361092,0.990457434952259
H,CAC,-0.505596945142746,-0.640460522472858,-0.375874457508326
I,ATA,1.57604877796173,1.23730917274952,1.92494131624699
I,ATC,-0.366408971774578,-0.434408997744322,-0.297930666059256
K,AAA,-0.0640443892495193,-0.135504765808582,0.0028836389828939
L,CTA,0.458069429249316,0.193978667631745,0.723811729252338
L,CTC,-0.384217105346918,-0.521591381728649,-0.244400703534484
L,CTG,-0.726286902570724,-0.834587506949902,-0.615525209903717
L,CTT,-0.154829548647517,-0.305921313166618,-0.0017976459203054
L,TTA,0.143769921169584,-0.0181428823620081,0.299645141512156
N,AAC,-0.713711068820953,-0.833770135045052,-0.592867149412632
P,CCA,-0.259667190700024,-0.437493751943111,-0.0783136921003461
P,CCC,0.736975016248226,0.454614397883415,1.02010419070721
P,CCG,-0.465961627244949,-0.623236885666847,-0.316226973384619
Q,CAA,0.40437777351737,0.306859378516674,0.508176961541176
R,AGA,1.52607230260372,1.08781804442406,2.01962912082672
R,AGG,2.72299642562866,1.99066788256168,3.4983809709549
R,CGA,1.74699869813919,1.39900000691414,2.12202883958817
R,CGC,0.364274166959524,0.28804879412055,0.443574552237988
R,CGG,1.52779629874229,1.27909933924675,1.80309742093086
S,TCA,0.653506543374062,0.498353757709265,0.819416335225105
S,TCC,0.0978077757470077,0.00993666956201196,0.1920853510499
S,TCG,0.738024622309208,0.600937879085541,0.879453675448895
T,ACA,0.744856394255161,0.577780798077583,0.918480002880096
T,ACC,0.108665367742255,0.0342341159470379,0.183347022905946
T,ACG,0.659530729389191,0.544166746735573,0.778836020827293
V,GTA,0.0891886866704968,0.0136302181286737,0.16610120497644
V,GTC,0.427905210208893,0.343624423444271,0.515004396438599
V,GTG,0.405046304821968,0.334227485954761,0.478008238971233
Y,TAC,-0.345703045928478,-0.466083999723196,-0.223086015880108
Z,AGC,-0.627819787430763,-0.794521687924862,-0.469979267567396
