AA,Codon,Posterior,0.025%,0.975%
A,GCA,0.0772887568350561,-0.0541581186465919,0.203591291978955
A,GCC,0.385117278069258,0.246850248798728,0.524245817959309
A,GCG,0.253064469175041,0.128334332257509,0.371343935281038
C,TGC,-0.153132699046261,-0.467576169222593,0.147259030491114
D,GAC,-0.274053130108118,-0.388680679351091,-0.154480566456914
E,GAA,-0.223235612189025,-0.355492942035198,-0.0977065686136484
F,TTC,-0.766047289288044,-0.946063508093357,-0.589796875417232
G,GGA,1.27789307751656,0.963825866580009,1.61103332638741
G,GGC,0.165014096541889,0.0650864195078611,0.266604708135128
G,GGG,0.824985272157192,0.624299022555351,1.05405181646347
H,CAC,-0.591460194683075,-0.795153313875198,-0.393156477808952
I,ATA,1.87804307320118,1.22514032125473,2.67193627357483
I,ATC,-0.372446651357412,-0.49476470798254,-0.257558613270521
K,AAA,-0.0870983260672409,-0.226480282843113,0.0465650416910648
L,CTA,0.391961147793336,-0.0206703188363463,0.846070803701878
L,CTC,-0.357772799455095,-0.577930004894733,-0.145193695276976
L,CTG,-0.644346121811867,-0.831793618202209,-0.474006613343954
L,CTT,-0.062797145003255,-0.311707424372435,0.184835964068771
L,TTA,0.189959288670117,-0.0643629010766745,0.449760606884956
N,AAC,-0.576878311777115,-0.772949211299419,-0.39917524009943
P,CCA,-0.162425221097143,-0.468511614203453,0.125391340442002
P,CCC,0.529764992224984,0.158537812158465,0.912540824711323
P,CCG,-0.563273352694511,-0.814008338749409,-0.345854163169861
Q,CAA,0.427238295736909,0.258999624103308,0.600535263121128
R,AGA,2.0223426831007,1.16128206253052,3.06747951507568
R,AGG,2.06983041265011,1.20894922912121,3.07688734531403
R,CGA,1.78698433740139,1.23511701822281,2.39303212761879
R,CGC,0.27725576685369,0.153186684846878,0.401490394026041
R,CGG,1.98359156255722,1.53717224001884,2.5279344022274
S,TCA,0.665288006684184,0.371574309468269,0.974108855426312
S,TCC,-0.0992991182027879,-0.268905857205391,0.0631936805322766
S,TCG,0.534043414199352,0.312061727792025,0.759217672049999
T,ACA,0.822433223843575,0.545298272371292,1.1222119897604
T,ACC,0.302059432005882,0.158728171885014,0.44611212015152
T,ACG,0.676299619579315,0.499718172848225,0.85771871060133
V,GTA,0.0307190944816568,-0.122467779740691,0.191325838118792
V,GTC,0.478030970996618,0.300093447417021,0.655429783463478
V,GTG,0.370303357133269,0.226081153005362,0.518808591365814
Y,TAC,-0.363178381898999,-0.537103080749512,-0.196999360620975
Z,AGC,-0.559597539743781,-0.813921216130257,-0.306988923996687
