AA,Codon,Posterior,0.025%,0.975%
A,GCA,-0.457578753870726,-0.563722255825996,-0.34750299975276
A,GCC,-1.01934039205313,-1.1234452933073,-0.91559076756239
A,GCG,-1.23201389188766,-1.33148690760136,-1.13313753604889
C,TGC,-0.132370896635429,-0.320819282531738,0.0665616115555167
D,GAC,0.841885113406181,0.73447539806366,0.94733272343874
E,GAA,-0.605196951305866,-0.709913179278374,-0.502157081663609
F,TTC,0.778734614908695,0.662809817492962,0.894381691515446
G,GGA,-0.00176702129479709,-0.195982201397419,0.193502710014581
G,GGC,-0.416077811786532,-0.513689483702183,-0.321117483079434
G,GGG,0.0274692810325676,-0.119508992508054,0.170747147873044
H,CAC,0.678257216072083,0.530575308203697,0.8232905626297
I,ATA,1.2029912592411,0.945830549299717,1.45023036599159
I,ATC,0.484538640522957,0.399427391588688,0.572129781544209
K,AAA,-1.07773684463501,-1.18070012032986,-0.972527138888836
L,CTA,0.961981807684898,0.744072617590427,1.17610341310501
L,CTC,0.446951793918014,0.311821366846561,0.578619350492954
L,CTG,-0.787313854503632,-0.892560590803623,-0.683135904371738
L,CTT,0.400707473129034,0.257482667267323,0.541248662769794
L,TTA,-0.0712489367957969,-0.209851490706205,0.0669001286849379
N,AAC,0.257948538693041,0.130064779520035,0.386956615746021
P,CCA,0.0509080649013393,-0.131687758862972,0.230473470315337
P,CCC,-0.221428061598774,-0.452997919172049,0.00709198791300876
P,CCG,-0.85321724216938,-1.01063544750214,-0.697668309509754
Q,CAA,0.298078768903017,0.189917897805572,0.410262243449688
R,AGA,1.55019511351585,1.19859142899513,1.89616456329823
R,AGG,1.18992687085867,0.785239170491695,1.58529256880283
R,CGA,0.70166664943099,0.448208004236221,0.954775874316692
R,CGC,-0.478308484232426,-0.576666961610317,-0.37908533141017
R,CGG,0.0795422031377992,-0.113737768493593,0.269683368504047
S,TCA,-0.197176036108437,-0.373068702965975,-0.018298150226474
S,TCC,-0.154489878485899,-0.298315346986055,-0.0141399652464316
S,TCG,-0.818379686164856,-0.975710417330265,-0.657405582070351
T,ACA,-0.272726798838074,-0.449973112344742,-0.0937828630208972
T,ACC,-1.22422749407291,-1.34239187538624,-1.10855597257614
T,ACG,-1.1702505751729,-1.30582011640072,-1.03076174855232
V,GTA,0.466860918548703,0.342568541318178,0.590644952654839
V,GTC,-0.392103180643916,-0.508304876089096,-0.277565235644579
V,GTG,-0.87816643525362,-0.979230798780918,-0.777331207692623
Y,TAC,0.538738259887695,0.392317526042461,0.685126788914203
Z,AGC,-0.257559215551708,-0.413370039314032,-0.105620641633868
