AA,Codon,Posterior,0.025%,0.975%
A,GCA,0.145016362258606,0.0741056988015771,0.215662206709385
A,GCC,0.41774526911974,0.339580082148314,0.495072130858898
A,GCG,0.292130145925283,0.225342446193099,0.360507529228926
C,TGC,-0.109785655371301,-0.296021869033575,0.064034776948392
D,GAC,-0.378973066276312,-0.461726407706738,-0.293228240311146
E,GAA,-0.147753834625147,-0.229147421196103,-0.0666795272380114
F,TTC,-0.606969305193424,-0.711892794072628,-0.501336801052094
G,GGA,1.49209803714752,1.24318771362305,1.74706600010395
G,GGC,0.163880796160549,0.0996512930840254,0.23034954033792
G,GGG,0.81330048905611,0.669203753769398,0.961492095887661
H,CAC,-0.483194752109051,-0.616381752490997,-0.352821008861065
I,ATA,1.50345372318029,1.15240217149258,1.88754384219646
I,ATC,-0.388864012739062,-0.459760203957558,-0.320008777827024
K,AAA,-0.0535491382864377,-0.122936563752592,0.0132182989967987
L,CTA,0.518610586147103,0.240687840804458,0.804043710231781
L,CTC,-0.370714493626356,-0.509283137321472,-0.230514979735017
L,CTG,-0.714094832897186,-0.825668093562126,-0.601443159580231
L,CTT,-0.152916567016,-0.306375472992659,0.000538746842357699
L,TTA,0.148262503718815,-0.00746948145097121,0.308147429674864
N,AAC,-0.68463392649889,-0.805060951411724,-0.561879076063633
P,CCA,-0.26550781072758,-0.449030593037605,-0.0850871263071895
P,CCC,0.644176091623306,0.368647564947605,0.929302294552326
P,CCG,-0.485142878511548,-0.647116331756115,-0.333592493087053
Q,CAA,0.38136950417757,0.27873250246048,0.486524424701929
R,AGA,1.57522708734274,1.09483966827393,2.0963086605072
R,AGG,2.783826288414,2.07828764915466,3.55830388069153
R,CGA,1.62305049819946,1.27912203371525,1.99866802096367
R,CGC,0.348314133298397,0.274142640084028,0.424736289680004
R,CGG,1.53274573757648,1.28399493992329,1.79803187251091
S,TCA,0.661785895556211,0.502091272175312,0.830363620817661
S,TCC,0.105935819624906,0.0168633842840791,0.196454324200749
S,TCG,0.740060811692476,0.601540389657021,0.883966735005379
T,ACA,0.737187007468939,0.57005922794342,0.910536539554596
T,ACC,0.111053341223858,0.0363828744739294,0.18487884439528
T,ACG,0.669705889099836,0.55373891890049,0.783419813215733
V,GTA,0.0824748889061593,0.0065614974591881,0.158191579207778
V,GTC,0.427279647731781,0.341230530291796,0.517167323827743
V,GTG,0.395883721357584,0.323184555768967,0.470873840153217
Y,TAC,-0.344976035483181,-0.468827579915524,-0.224564236029983
Z,AGC,-0.630786478608847,-0.797821463644505,-0.47234518006444
