AA,Codon,Posterior,0.025%,0.975%
A,GCA,0.0674380495829388,-0.103104649111629,0.227771555632353
A,GCC,0.341376050957292,0.169090678915381,0.519265562295913
A,GCG,0.284552831698209,0.121278824657202,0.447036895900965
C,TGC,-0.323323150279289,-0.747050002217293,0.0817307697609063
D,GAC,-0.285253385742381,-0.430151718109846,-0.141974759474397
E,GAA,-0.0800066495605686,-0.219526658207178,0.0550890159793198
F,TTC,-0.575961060142517,-0.788831420242786,-0.367328025400639
G,GGA,1.50461257874966,1.1093576580286,1.94662773907185
G,GGC,0.134768492354121,0.0188538016751409,0.248985188826918
G,GGG,0.875151718068123,0.618602533638477,1.1433643579483
H,CAC,-0.399198479468469,-0.650146120786667,-0.146930012106895
I,ATA,2.51142191972733,1.47763348221779,3.71047309041023
I,ATC,-0.399220228901505,-0.567744627594948,-0.232762030512095
K,AAA,-0.0478038799039257,-0.236871297284961,0.129070706665516
L,CTA,0.699216593711078,0.101403429359198,1.35854603946209
L,CTC,-0.340035398846155,-0.640795794129372,-0.0487589231692255
L,CTG,-0.675789183306694,-0.92180592417717,-0.446804341673851
L,CTT,0.0297138670119406,-0.325071056932211,0.388721693307161
L,TTA,0.285040070129535,-0.0554389801807702,0.638152159750461
N,AAC,-0.576830531364679,-0.788873875141144,-0.371801920980215
P,CCA,-0.577295268598269,-0.963143554329872,-0.194850542023778
P,CCC,0.340053115623107,-0.16001385897398,0.875581912696361
P,CCG,-0.684063676488399,-1.03719138801098,-0.345711454749107
Q,CAA,0.469296999733895,0.253761056810617,0.69348042756319
R,AGA,2.38488303270936,1.20762374401093,3.94242207407951
R,AGG,2.18485813720226,1.19456896483898,3.403800791502
R,CGA,1.61387194094658,1.06413125395775,2.29327469468117
R,CGC,0.315002216432244,0.167004444077611,0.472892285138368
R,CGG,1.60360933972597,1.16770796179771,2.11988514065742
S,TCA,0.918829672756791,0.507982887327671,1.38456998169422
S,TCC,0.113148096371432,-0.109433951973915,0.340587899088859
S,TCG,0.53184752959013,0.272244026511908,0.798749256134033
T,ACA,0.914270091587305,0.536571083962917,1.34062995910644
T,ACC,0.155904473768748,-0.0264520033728331,0.335432536154985
T,ACG,0.534612383458018,0.315090977400541,0.761454586684704
V,GTA,-0.103985095800422,-0.289800467342138,0.0840376697480676
V,GTC,0.4315419359155,0.222739809751511,0.658247278630733
V,GTG,0.248636629159888,0.0768729874864221,0.418492219597101
Y,TAC,-0.303278320251522,-0.513558094203472,-0.0867853529751302
Z,AGC,-0.385586227367679,-0.677615848183632,-0.117462179809809
