AA,Codon,Posterior,0.025%,0.975%
A,GCA,-0.449985386770964,-0.526699118316174,-0.373664896190167
A,GCC,-0.881727944910526,-0.957377342879772,-0.806081081926823
A,GCG,-1.01084007003307,-1.08351966440678,-0.940674655139446
C,TGC,-0.0564948722346002,-0.206303516402841,0.0913838969543576
D,GAC,0.82079234149456,0.7449078977108,0.897351863980293
E,GAA,-0.619059626048803,-0.69317731410265,-0.541499020159245
F,TTC,0.9197850227952,0.836793966591358,1.00430578589439
G,GGA,0.192258854198316,0.0720353251323104,0.315473594516516
G,GGC,-0.432567527347803,-0.500907732546329,-0.363874346017838
G,GGG,0.0210924977172059,-0.0822914440184832,0.124305173568428
H,CAC,0.652420147758722,0.546921542286873,0.766356800496578
I,ATA,1.04940539877415,0.899764615297318,1.19971995353699
I,ATC,0.530854082167149,0.466769225150347,0.598604683578014
K,AAA,-1.10532607206106,-1.18716162145138,-1.02077025175095
L,CTA,1.13543423053026,0.991514909267426,1.28499972522259
L,CTC,0.425417565947771,0.325442062318325,0.525629974901676
L,CTG,-0.7069482655406,-0.783069397509098,-0.629023003578186
L,CTT,0.274049661685526,0.176923445984721,0.374270935356617
L,TTA,-0.178804870435037,-0.27255389764905,-0.0835428128018976
N,AAC,0.471164099574089,0.379710167646408,0.566298989951611
P,CCA,0.0731553549453653,-0.0537832128815353,0.198661707341671
P,CCC,-0.338609299531579,-0.480754946917295,-0.194746090099216
P,CCG,-0.607001573801041,-0.713953696191311,-0.49819695353508
Q,CAA,0.27019037810266,0.186538006737828,0.352688594907522
R,AGA,0.896684126722813,0.69614515453577,1.10234785974026
R,AGG,1.39161591376066,1.11153131425381,1.67654699683189
R,CGA,0.27357603962312,0.0952425172552466,0.441463092714548
R,CGC,-0.402990856105089,-0.477545735985041,-0.328982541710138
R,CGG,0.0163080845172171,-0.136233065649867,0.168120397254825
S,TCA,-0.416247369214892,-0.544025115668774,-0.293309169262648
S,TCC,-0.124187939743244,-0.237235261499882,-0.0122492626542226
S,TCG,-0.700048071300983,-0.830980221927166,-0.568440367281437
T,ACA,-0.589014606302977,-0.711411598324776,-0.465847152471542
T,ACC,-1.13502881444693,-1.2274107336998,-1.04711084365845
T,ACG,-1.09693086845875,-1.19999995529652,-0.990538930892944
V,GTA,0.471153706985712,0.385950925201178,0.556058743596077
V,GTC,-0.197803178250045,-0.281280835717917,-0.115387642383575
V,GTG,-0.624147194975615,-0.699773034453392,-0.549377717077732
Y,TAC,0.54066365955472,0.434604030102491,0.648621970415115
Z,AGC,-0.320339658018947,-0.436126479506493,-0.203933777287603
