AA,Codon,Posterior,0.025%,0.975%
A,GCA,0.160487061303109,0.103735867515206,0.218925587460399
A,GCC,0.438814543831348,0.374382872134447,0.502226048707962
A,GCG,0.475417820584774,0.414359658956528,0.537308391928673
C,TGC,-0.0891393023310699,-0.237780844420195,0.062496798299253
D,GAC,-0.259331043052673,-0.327492205053568,-0.190706489235163
E,GAA,-0.2161462454319,-0.290750247240067,-0.145832232758403
F,TTC,-0.254081834444404,-0.332164607197046,-0.177501570433378
G,GGA,0.676428947663307,0.552209135890007,0.803830407559871
G,GGC,0.173828346118331,0.115037702210248,0.231772488728166
G,GGG,0.675417112922668,0.564280794560909,0.788049405813217
H,CAC,-0.335944870096445,-0.442514732480049,-0.232085679844022
I,ATA,0.716147168457508,0.547640977799892,0.897232773900032
I,ATC,-0.245607950517535,-0.302824735641479,-0.188502775132656
K,AAA,-9.9134294171472e-05,-0.0602277422323823,0.0590953664854169
L,CTA,0.0377927443348748,-0.12419459912926,0.201344629004598
L,CTC,-0.280065069133043,-0.383452798426151,-0.177170285210013
L,CTG,-0.420916767072678,-0.505300618708134,-0.336132818460464
L,CTT,-0.282364918079972,-0.38545615747571,-0.178457223623991
L,TTA,-0.0835650021578273,-0.187285824120045,0.0165749627631157
N,AAC,-0.446935189431906,-0.531939139962196,-0.364218638092279
P,CCA,0.0164273376557143,-0.0942545291036367,0.13211734443903
P,CCC,0.543901105779409,0.393322975188494,0.701839953660965
P,CCG,-0.00754978478250487,-0.101948380842805,0.0876002563163638
Q,CAA,0.0455932505286173,-0.0301549082156271,0.120085803978145
R,AGA,0.911722834563255,0.691319033503532,1.14549603462219
R,AGG,1.19816635971069,0.852670386433601,1.58301855325699
R,CGA,1.24089329739809,1.02373256981373,1.4687233120203
R,CGC,0.241681866377592,0.177166777476668,0.308363977819681
R,CGG,1.46566846518517,1.25429181158543,1.68318797051907
S,TCA,0.488980389016867,0.375624962151051,0.607252770662308
S,TCC,0.111664051221282,0.0285418916493654,0.196233738586307
S,TCG,0.912280263614655,0.776869855821133,1.0535424053669
T,ACA,0.488985020941496,0.388711229711771,0.59239194393158
T,ACC,0.274745524120331,0.207212507724762,0.342093752324581
T,ACG,0.747915680003166,0.646331077814102,0.846307553350925
V,GTA,-0.034688906393358,-0.0943818639963865,0.0273894996382296
V,GTC,0.342371676182747,0.268890488892794,0.418190969526768
V,GTG,0.473788138842583,0.402838777750731,0.54489865899086
Y,TAC,-0.298912360574305,-0.40440317466855,-0.192387156561017
Z,AGC,-0.138352017875283,-0.247297560796142,-0.0297949879430234
