AA,Codon,Posterior,0.025%,0.975%
A,GCA,0.203535489563644,0.137408129498363,0.269335064291954
A,GCC,0.315211957207322,0.249158767983317,0.385658138990402
A,GCG,0.182789616379142,0.121879194118083,0.242871291935444
C,TGC,-0.363161652246118,-0.536286936700344,-0.193592868000269
D,GAC,-0.366951575267315,-0.435170971602201,-0.302237612009049
E,GAA,-0.195204479292035,-0.266660989075899,-0.127288454025984
F,TTC,-0.619472559183836,-0.70563003718853,-0.535285633802414
G,GGA,1.28447734622955,1.12611655592918,1.45143336653709
G,GGC,0.164923191743344,0.110328131727874,0.219298177585006
G,GGG,0.825590667235851,0.712634946405888,0.938526363670826
H,CAC,-0.496332349026203,-0.61633662879467,-0.378372759371996
I,ATA,1.84835539257526,1.57018161416054,2.14100149869919
I,ATC,-0.368858269530535,-0.433430889248848,-0.303275275230408
K,AAA,-0.154186592681147,-0.23395360969007,-0.0769990164786578
L,CTA,0.208292552330008,-0.000430011605203615,0.428697350621223
L,CTC,-0.379999130292237,-0.506151446700096,-0.257848710566759
L,CTG,-0.816480294072628,-0.913460403680801,-0.718523651361465
L,CTT,-0.0373100590736409,-0.177236434072256,0.0958677604794502
L,TTA,0.492100585976243,0.349468137323856,0.635340231657028
N,AAC,-0.888431810605526,-0.998362395167351,-0.780895154178143
P,CCA,-0.255909560511867,-0.412521384656429,-0.104102861508727
P,CCC,0.822195298653841,0.605033388733864,1.04684185385704
P,CCG,-0.69547348613739,-0.828699754178524,-0.564869917929173
Q,CAA,0.47774382429719,0.37939815595746,0.579752235114574
R,AGA,3.68751091756821,3.11343495845795,4.22334793806076
R,AGG,3.24696402201653,2.57029276490211,3.95879337191582
R,CGA,2.419502622962,2.10363093614578,2.75568542480469
R,CGC,0.295836567163467,0.229604717344046,0.364985135197639
R,CGG,1.86008478395939,1.62518760561943,2.10098915696144
S,TCA,0.765185303068161,0.622349534928799,0.916528563201427
S,TCC,0.0571733049022467,-0.0371171015314758,0.148436018824577
S,TCG,0.630459293526411,0.502029363811016,0.760746341943741
T,ACA,1.27893773523569,1.10557977855206,1.45517847239971
T,ACC,0.119816144246003,0.0475938539020717,0.190508960932493
T,ACG,0.606608362579346,0.505162285268307,0.709239360690117
V,GTA,0.147087085967325,0.0741747630760074,0.224644077569246
V,GTC,0.376055486065149,0.297811092436314,0.45448937267065
V,GTG,0.269228027826548,0.206937860324979,0.33330265134573
Y,TAC,-0.344216795390844,-0.440616450458765,-0.245137939974666
Z,AGC,-0.651231633198261,-0.809024669229984,-0.499323716014624
