AA,Codon,Posterior,0.025%,0.975%
A,GCA,-0.419979843702912,-0.500240750610828,-0.337329793721438
A,GCC,-0.879023011243343,-0.961706437170506,-0.79552690833807
A,GCG,-0.967675021088123,-1.04694916009903,-0.891635489463806
C,TGC,0.0189031209123066,-0.144502118974924,0.1779011990875
D,GAC,0.754557347810268,0.671510837972164,0.840515525639057
E,GAA,-0.65928688185215,-0.740716181695461,-0.577936132252216
F,TTC,0.955207749986649,0.861904641985893,1.05040656626225
G,GGA,0.0630136006638202,-0.0645635932683945,0.192150054872036
G,GGC,-0.470179841655493,-0.546764276921749,-0.392187997698784
G,GGG,0.0126814902659296,-0.100136966444552,0.120964112877846
H,CAC,0.647705152875185,0.528910288214684,0.766141740977764
I,ATA,1.13095777207613,0.973803514242172,1.28800526559353
I,ATC,0.576722318017483,0.50640332698822,0.648360495269299
K,AAA,-1.13088623322248,-1.21961235105991,-1.0419775724411
L,CTA,1.00683520088196,0.856270243227482,1.16627430319786
L,CTC,0.398934044396877,0.290715236216784,0.505896385014057
L,CTG,-0.709883514761925,-0.79471842944622,-0.625626872479916
L,CTT,0.269031271418929,0.158266324177384,0.374218676239252
L,TTA,-0.189066109989071,-0.29223016500473,-0.0845588566735387
N,AAC,0.471100621497631,0.373221232742071,0.57036042958498
P,CCA,0.0870268358047128,-0.0516350173391402,0.219440345093608
P,CCC,-0.315163998939469,-0.473227285593748,-0.160023662820459
P,CCG,-0.643047926557064,-0.762601536512375,-0.526771940290928
Q,CAA,0.209422488434613,0.120556440018117,0.299073225259781
R,AGA,0.994030336904526,0.791266523301601,1.20884985923767
R,AGG,1.41449592934847,1.13224144876003,1.69034362137318
R,CGA,0.39456179459393,0.225569912418723,0.561954213678837
R,CGC,-0.298162406921387,-0.38072706386447,-0.215839108452201
R,CGG,0.0268914862224861,-0.137798790261149,0.195589460805058
S,TCA,-0.381237036204338,-0.517526432871819,-0.245853086188436
S,TCC,-0.05084324882121,-0.166498467698693,0.0648133276030421
S,TCG,-0.623409696775675,-0.760962809622288,-0.488122995197773
T,ACA,-0.499317208743095,-0.623928232491016,-0.372702131420374
T,ACC,-1.03524873952866,-1.13239542245865,-0.935943362116814
T,ACG,-1.01444329779148,-1.12973608076572,-0.896906392276287
V,GTA,0.477691053628922,0.389206697791815,0.568359282612801
V,GTC,-0.138136503192224,-0.227283784374595,-0.0490830439142883
V,GTG,-0.647769160926342,-0.728080439567566,-0.56747968941927
Y,TAC,0.54721770362854,0.431159748882055,0.666757978498936
Z,AGC,-0.262003003765643,-0.37515992000699,-0.14640148691833
