AA,Codon,Posterior,0.025%,0.975%
A,GCA,0.145727187918872,0.0843336783349514,0.204851190373301
A,GCC,0.442025863057375,0.37644542530179,0.51103652715683
A,GCG,0.450103607261181,0.386108613759279,0.515989828109741
C,TGC,-0.143482386827742,-0.301860490441322,0.0180436912458388
D,GAC,-0.22100780647397,-0.291688831150532,-0.150909115374088
E,GAA,-0.191476582013071,-0.269056309014559,-0.11584530826658
F,TTC,-0.275868125219643,-0.357441559433937,-0.194249329715967
G,GGA,0.776832434010506,0.642228011786938,0.915786655247211
G,GGC,0.192790121236444,0.133799511939287,0.251815763115883
G,GGG,0.672875951266289,0.562503609061241,0.789856839179992
H,CAC,-0.332370418551564,-0.445008509606123,-0.226426769420505
I,ATA,0.642895768964291,0.465588809549809,0.828638796508312
I,ATC,-0.273154866996408,-0.333214946091175,-0.213882329687476
K,AAA,0.0128411742194818,-0.0493790523149073,0.076148434355855
L,CTA,0.148480756894202,-0.027054874971509,0.321081528067589
L,CTC,-0.261999424766004,-0.37291296645999,-0.150981109589338
L,CTG,-0.418082031005621,-0.50826113820076,-0.327221955358982
L,CTT,-0.278278061005473,-0.385582230240107,-0.168768740072846
L,TTA,-0.076783031020186,-0.190644042938948,0.0346949361264705
N,AAC,-0.446551350283623,-0.532828499376774,-0.360624834150076
P,CCA,0.00795784368164968,-0.112400703318417,0.124167403765023
P,CCC,0.520831612336636,0.366208892315626,0.687128619849682
P,CCG,0.0150036557312443,-0.0865436078980565,0.116099354811013
Q,CAA,0.0853302435612972,0.00715085094561801,0.162942502275109
R,AGA,0.844234622091055,0.614818175137043,1.08048730790615
R,AGG,1.20149932851791,0.861201512813568,1.57199975848198
R,CGA,1.14030565274954,0.936351676285267,1.34933130443096
R,CGC,0.183622270908952,0.118453764542937,0.251154048740864
R,CGG,1.49193867352009,1.27471903264523,1.72324901819229
S,TCA,0.473807188272476,0.352168443053961,0.596112503111362
S,TCC,0.0757464188189493,-0.010652435477823,0.162384452298284
S,TCG,0.857754353535175,0.716526110470295,1.00504581034183
T,ACA,0.443563347074389,0.337342614680529,0.550017321109772
T,ACC,0.225053370608389,0.153023660928011,0.294075556099415
T,ACG,0.707189532756805,0.602977502346039,0.815750885009766
V,GTA,-0.0373518656551183,-0.0986271820962429,0.0244364928919822
V,GTC,0.304124578934908,0.229955693334341,0.377552528679371
V,GTG,0.493186134326458,0.420855382829905,0.56684450507164
Y,TAC,-0.303782662433386,-0.413269225507975,-0.194259950891137
Z,AGC,-0.179944959428941,-0.289427391439676,-0.072024711035192
