AA,Codon,Posterior,0.025%,0.975%
A,GCA,0.232311718061566,0.151011963933706,0.314244414865971
A,GCC,0.381519477924705,0.301889389753342,0.459474760293961
A,GCG,0.136146189397573,0.0653952294960618,0.204699420928955
C,TGC,-0.429142473893613,-0.625046877563,-0.235629059746862
D,GAC,-0.322979684948921,-0.398195428401232,-0.24600759409368
E,GAA,-0.204922133420408,-0.280613661557436,-0.128627693653107
F,TTC,-0.763670056378841,-0.872247329354286,-0.655985052883625
G,GGA,1.25834766267538,1.09651482701302,1.43001824021339
G,GGC,0.221510826411843,0.157335618883371,0.289144903421402
G,GGG,0.76527696352005,0.644858452677727,0.887110079824924
H,CAC,-0.537311075752974,-0.666328036785126,-0.407650884985924
I,ATA,1.99725953342915,1.6525342464447,2.35101351737976
I,ATC,-0.501045547151566,-0.579727451503277,-0.422752892971039
K,AAA,-0.16412275131301,-0.256724251061678,-0.0725476875901222
L,CTA,0.405606209869939,0.151953495293856,0.654871009290218
L,CTC,-0.355333841200918,-0.502146543562412,-0.211155413836241
L,CTG,-0.874546821904182,-0.989105741679668,-0.758619017899036
L,CTT,-0.0176802969946119,-0.177253992855549,0.145518831908702
L,TTA,0.432287934920192,0.266965645551682,0.596462938189506
N,AAC,-0.889232794523239,-1.00821385979652,-0.771414406597614
P,CCA,-0.499835974672437,-0.685177727043629,-0.314699169248343
P,CCC,0.749016231006384,0.489178562909365,1.01737995147705
P,CCG,-0.868302711951733,-1.03680298924446,-0.705367124080658
Q,CAA,0.597582702428103,0.483605165034533,0.714040878415108
R,AGA,3.242764935112,2.65282075405121,3.84779641628265
R,AGG,3.37913797178268,2.60908437371254,4.22766427993774
R,CGA,1.80366667690277,1.52537370026112,2.09229155182838
R,CGC,0.195470058057457,0.114481830596924,0.27611988261342
R,CGG,1.83312284736633,1.5733917593956,2.10035824775696
S,TCA,0.832338664364815,0.661950957775116,1.00732568502426
S,TCC,0.00750710436026566,-0.0981570266187191,0.113478151895106
S,TCG,0.510670791941881,0.370610557496548,0.651289017498493
T,ACA,1.16587989763021,0.980907729268074,1.36297778487205
T,ACC,0.00149706206728042,-0.089621015265584,0.0895013231784104
T,ACG,0.545113903349638,0.422132977843285,0.671057629585266
V,GTA,0.0975486831922783,0.0101851639337838,0.185207632929087
V,GTC,0.344093577712774,0.252996796369553,0.437972558289766
V,GTG,0.217059149642289,0.14454167932272,0.290456236153841
Y,TAC,-0.447256576114893,-0.56247506737709,-0.334328501671553
Z,AGC,-0.623269876432419,-0.786548112332821,-0.463395078480244
