AA,Codon,Posterior,0.025%,0.975%
A,GCA,0.0842891274857844,-0.0248112065251917,0.193582990020514
A,GCC,0.345373011609912,0.218071770295501,0.479308197647333
A,GCG,0.193701916507818,0.0771122688427568,0.313193098455668
C,TGC,-0.0771627633792872,-0.341335160285234,0.186202547699213
D,GAC,-0.276397950616479,-0.399999155849218,-0.158429685980082
E,GAA,-0.131142489394546,-0.230080493167043,-0.0335499773733318
F,TTC,-0.534292690527439,-0.708488972485065,-0.36943162381649
G,GGA,0.790319078731537,0.614277672767639,0.979188963770867
G,GGC,0.168290460150316,0.0576089077629149,0.280324672162533
G,GGG,0.701168899703026,0.530880855023861,0.884092189371586
H,CAC,-0.256675221406482,-0.462849167734385,-0.0590019349008798
I,ATA,0.96253896946907,0.68611353635788,1.24205937981606
I,ATC,-0.41601613022089,-0.546949665248394,-0.292998085916042
K,AAA,-0.101668296377134,-0.224601867794991,0.0143746699439362
L,CTA,0.213878856777714,-0.0217086260672659,0.460034992545843
L,CTC,-0.420660870230198,-0.601785764098167,-0.246717188134789
L,CTG,-0.766550684356689,-0.930706997215748,-0.607197649776935
L,CTT,-0.0822335966504659,-0.27854223549366,0.118930804543197
L,TTA,0.316644204031071,0.0805749610066414,0.560620188713074
N,AAC,-0.772255466091633,-0.976282735168934,-0.567457076907158
P,CCA,-0.175899067219027,-0.370309929549694,0.0137169764144346
P,CCC,0.544251253995299,0.274857955425978,0.848014684021473
P,CCG,-0.292834926922852,-0.474246507138014,-0.107676196470857
Q,CAA,0.302850822109729,0.160132817178965,0.45235738158226
R,AGA,1.56093363704681,1.22276701033115,1.94417959749699
R,AGG,1.47577478823662,1.17312523722649,1.81627368628979
R,CGA,1.92867812724113,1.56022906005383,2.33325119018555
R,CGC,0.367313632133603,0.227868787199259,0.515265798568726
R,CGG,1.80512900872231,1.41794128119946,2.22283174395561
S,TCA,0.980832211339474,0.676723675429821,1.31526747345924
S,TCC,0.155889908407878,-0.00250097885145806,0.330196245014668
S,TCG,0.578142193973064,0.346448265761137,0.833213540911675
T,ACA,0.629864693081379,0.433113216608763,0.84712383300066
T,ACC,0.226205287541624,0.0879329254850745,0.371791054308414
T,ACG,0.424279015785456,0.253869143873453,0.600676323473454
V,GTA,-0.0288779548299099,-0.140559800714254,0.0921663528308273
V,GTC,0.369400356122851,0.212901379540563,0.528807693719864
V,GTG,0.29961016632691,0.155339750647545,0.444465682655573
Y,TAC,-0.335415567354858,-0.506675384938717,-0.169722972437739
Z,AGC,-0.477668606427312,-0.737702634930611,-0.244349785149097
