AA,Codon,Posterior,0.025%,0.975%
A,GCA,-0.300503380574565,-0.419412612169981,-0.196380299702287
A,GCC,-0.555344341164827,-0.726466266810894,-0.42562560737133
A,GCG,-0.714492231035233,-0.916073173284531,-0.570260201394558
C,TGC,0.104420798105347,-0.158696897700429,0.403983166068792
D,GAC,0.637529759551585,0.53254264742136,0.767365798354149
E,GAA,-0.728718598822877,-0.860615757107735,-0.574625313282013
F,TTC,0.7399701070062,0.624853363633156,0.861269943416119
G,GGA,0.157486771150293,-0.153853255882859,0.425752901285887
G,GGC,-0.325477446345519,-0.438581122457981,-0.223278999701142
G,GGG,0.0207608493531532,-0.249323157221079,0.241396952793002
H,CAC,0.471713916999102,0.303936120122671,0.67259069532156
I,ATA,0.425634395978897,0.0359447947703302,0.857069890201091
I,ATC,0.436381112627685,0.336857176572084,0.566940395534038
K,AAA,-1.08894005715623,-1.20479204058647,-0.96471022516489
L,CTA,0.889510646897927,0.552207884192467,1.15783575177193
L,CTC,0.366493544542789,0.220709563419223,0.522837176918983
L,CTG,-0.844216061030421,-0.973760277032852,-0.6769695982337
L,CTT,0.213025189011497,0.0580197874456644,0.379733551293611
L,TTA,-0.180745419447421,-0.329819660633802,-0.0324856540188194
N,AAC,0.135542772339327,0.0131501103052869,0.273799383640289
P,CCA,0.0812271108175453,-0.0720966214314103,0.23233746625483
P,CCC,0.0357521671573358,-0.144249952584505,0.195386349782348
P,CCG,-0.603950594877731,-0.739065578579903,-0.472090515494347
Q,CAA,0.349781392521411,0.251563765108585,0.457374607771635
R,AGA,1.41058729206733,1.09744502305984,1.64577920436859
R,AGG,1.86791237519076,1.43917122781277,2.19803826808929
R,CGA,1.03393847554075,0.768260544538498,1.24175019264221
R,CGC,-0.213985578470677,-0.339287259429693,-0.112314207106829
R,CGG,0.813977780072577,0.544614759087563,1.02429415583611
S,TCA,-0.0697607006400875,-0.269011075049639,0.0850517010316252
S,TCC,0.0198482419151736,-0.109995317459106,0.148981500044465
S,TCG,-0.0534655619396477,-0.285326992720365,0.117117102257907
T,ACA,-0.235095955265555,-0.40981430336833,-0.0919082382693887
T,ACC,-0.886040800460428,-1.014592897892,-0.774799126386643
T,ACG,-0.547085544872284,-0.720016250014305,-0.401973596960306
V,GTA,0.501337618391216,0.390181469172239,0.608436079323292
V,GTC,0.0592777024225667,-0.0790822869166732,0.176407432183623
V,GTG,-0.38322282910347,-0.550637166202068,-0.254590801149607
Y,TAC,0.348720982146263,0.205671855434775,0.50283190459013
Z,AGC,-0.413015675514191,-0.532916776835918,-0.281174582242966
