AA,Codon,Posterior,0.025%,0.975%
A,GCA,-0.123204943657012,-0.404841846227646,0.140340165048837
A,GCC,-0.037694678223526,-0.357163756340742,0.255322674661875
A,GCG,-0.389869967991469,-0.704562278091908,-0.0846418811008334
C,TGC,-0.532544900015136,-1.11201688349247,-0.0633284531533718
D,GAC,-0.307507562698214,-0.503931525349617,-0.137780608981848
E,GAA,0.0160868957196879,-0.179533889889717,0.199395718425512
F,TTC,-1.06037937908452,-1.39022746384144,-0.758051127195358
G,GGA,2.15409992477894,1.426929423213,3.0302116215229
G,GGC,0.213335851289518,0.0662749502807856,0.374823359400034
G,GGG,1.0573543836236,0.673962871730328,1.55194329321384
H,CAC,-0.524121975096688,-0.871341255307198,-0.228648249804974
I,ATA,5.55647818789482,3.21496369838715,8.71302244663238
I,ATC,-0.226427550349469,-0.412466747313738,-0.0513099288567902
K,AAA,-0.147735980334663,-0.38744660243392,0.0499718147329982
L,CTA,1.10685882906709,0.277451369911432,2.22187336087227
L,CTC,-0.28898907444182,-0.608800503611565,0.0414563638158139
L,CTG,-0.749075666093826,-1.05609923899174,-0.48294964954257
L,CTT,0.224681195397236,-0.164258220419288,0.638774278759956
L,TTA,0.590136218032939,0.173557079955935,1.00702743530273
N,AAC,-0.660894275432825,-0.939838115870953,-0.411687637865544
P,CCA,-0.350557663831366,-0.779829719662666,0.0654864899814127
P,CCC,1.50108578065932,0.737141259014606,2.53026848435402
P,CCG,-0.894869282859564,-1.29401594102383,-0.527093850076199
Q,CAA,0.638216632069275,0.3742581628263,0.929472987353801
R,AGA,4.14245650246143,2.29393432736397,6.91348005533218
R,AGG,4.18577717370987,2.07625623941421,7.67328921556473
R,CGA,1.69167673658133,1.02489108741283,2.55430529713631
R,CGC,0.278333466140903,0.101125039346516,0.465937153995037
R,CGG,1.0313721691519,0.544144134223461,1.68041694462299
S,TCA,0.529358087514277,0.161720433831215,0.972371239960193
S,TCC,-0.0676597632443023,-0.334346421808004,0.18885230757296
S,TCG,-0.0350195560506019,-0.324048080295324,0.253444138169288
T,ACA,1.00361931016971,0.547483669221401,1.53704718351364
T,ACC,-0.127516481425362,-0.363013853877783,0.078047589212656
T,ACG,0.0938330517315619,-0.161733494699001,0.348643583059311
V,GTA,-0.0787095329794571,-0.316603051126003,0.177473984286189
V,GTC,0.0248621138881012,-0.219510332494974,0.273944003880024
V,GTG,-0.173139619910633,-0.404840768873692,0.037040037382394
Y,TAC,-0.284900444027293,-0.521058924496174,-0.0662539627403021
Z,AGC,-0.728396518352628,-1.13574180901051,-0.374306208640337
