AA,Codon,Posterior,0.025%,0.975%
A,GCA,0.0694451316195613,0.00394379958161153,0.164836816117167
A,GCC,0.17738724513799,0.0755814479663968,0.337438424676657
A,GCG,0.278849560468644,0.151460069417953,0.47704848125577
C,TGC,-0.234576075886018,-0.577284482121468,0.02866345285438
D,GAC,-0.10772591700526,-0.224485126882792,-0.0269711817614734
E,GAA,-0.159333860438713,-0.32431987002492,-0.0340414296835662
F,TTC,-0.0669421045864088,-0.161730563268065,0.0222298114560544
G,GGA,0.827164700144529,0.474366476386786,1.27680378854275
G,GGC,0.0716179281653538,0.00564179039793089,0.164379415661096
G,GGG,0.843571790599823,0.561363387107849,1.1972844004631
H,CAC,-0.175039009104308,-0.358680025488138,-0.0294400781393051
I,ATA,2.4214088883996,1.29168351590633,3.93770956993103
I,ATC,-0.15992059866339,-0.272866904735565,-0.0793584624305369
K,AAA,-0.0285612118389802,-0.127490746974945,0.0564073293469846
L,CTA,0.358397671365261,-0.0232447853311896,0.899672715365886
L,CTC,-0.2638935403537,-0.43999994173646,-0.114205079525709
L,CTG,-0.303772821573913,-0.488247767835855,-0.162134664133191
L,CTT,-0.263200396476174,-0.439502800256014,-0.101910167746246
L,TTA,-0.123622164600291,-0.294851425290108,0.0418765850365162
N,AAC,-0.161280717041949,-0.289682887494564,-0.0594919322058559
P,CCA,0.0215012172374693,-0.0922688771039248,0.14327115342021
P,CCC,0.117675894483288,-0.0180758465547115,0.28443369269371
P,CCG,0.0186922275606144,-0.0799738403409719,0.122174431569874
Q,CAA,-0.0511796245690327,-0.136622671410441,0.0257118731737136
R,AGA,0.352259466906264,0.126865303143859,0.69823607802391
R,AGG,0.662145911907684,0.256412835419178,1.26304329037666
R,CGA,0.376967487992346,0.174775495752692,0.676064205169677
R,CGC,0.0843339360373611,0.0139438563026488,0.201018644124269
R,CGG,0.513425738835335,0.284599703550339,0.82193833887577
S,TCA,0.207678860656079,0.0799421787261963,0.394537689536809
S,TCC,0.0249096179131563,-0.0592884991317987,0.115196330286562
S,TCG,0.284218151536211,0.126620587334037,0.515518261492252
T,ACA,0.200190581763,0.0910440374165773,0.354654895514249
T,ACC,0.117765160065424,0.0472233708016574,0.21781936250627
T,ACG,0.264572892047465,0.148307173326612,0.432155480980873
V,GTA,-0.0127745895579132,-0.0781776115298271,0.0604355730116367
V,GTC,0.156868943307921,0.0672106517478824,0.277299659699201
V,GTG,0.303843839345872,0.186708466336131,0.468135238438844
Y,TAC,-0.118641278091994,-0.259370549768209,0.00034162619340322
Z,AGC,-0.0406848191468228,-0.149079322814941,0.0523312132805586
