AA,Codon,Posterior,0.025%,0.975%
A,GCA,-0.456521179556847,-0.552183559536934,-0.360424582660198
A,GCC,-1.02937110347748,-1.12440304458141,-0.933664670586586
A,GCG,-1.22401461362839,-1.31111402511597,-1.13326306045055
C,TGC,-0.197159404112515,-0.374990428239107,-0.0247401651926337
D,GAC,0.87228814804554,0.775312279164791,0.967557875812054
E,GAA,-0.579072918319702,-0.670873285830021,-0.482639592885971
F,TTC,0.781662527966499,0.681310380995274,0.884723579883575
G,GGA,0.160528309910404,-0.00615351073211059,0.324185547232628
G,GGC,-0.396122805809975,-0.482833113521338,-0.310384444892406
G,GGG,0.0102964331573123,-0.116439992748201,0.139533031359315
H,CAC,0.726871575653553,0.590262931585312,0.861930111050606
I,ATA,1.2736591101408,1.05720537602901,1.49930572807789
I,ATC,0.491713967049122,0.413532821089029,0.570765113830566
K,AAA,-1.11278482735157,-1.21074619591236,-1.01248209178448
L,CTA,1.06465973186493,0.87373676598072,1.2590431034565
L,CTC,0.510455625355244,0.387315406650305,0.634431722760201
L,CTG,-0.785422365546226,-0.882439243793488,-0.688853122293949
L,CTT,0.439168119978905,0.30310522839427,0.569671921432018
L,TTA,-0.0319182297095322,-0.157214656844735,0.0938130801543594
N,AAC,0.274412299402058,0.16541393250227,0.388062121719122
P,CCA,-0.0323662031921354,-0.20105655528605,0.135441968217492
P,CCC,-0.361474624797702,-0.563302209973335,-0.166148725524545
P,CCG,-0.88863962419033,-1.03072156608105,-0.742788116633892
Q,CAA,0.361517163687944,0.257904327660799,0.462278912961483
R,AGA,1.54899746613502,1.22361522912979,1.86566867828369
R,AGG,1.27009495372772,0.909296628832817,1.63313423991203
R,CGA,0.612330247020721,0.375940725952387,0.837052947282791
R,CGC,-0.542334589922428,-0.635466611385345,-0.452744887769222
R,CGG,0.0293303017898168,-0.150080399960279,0.204017056897283
S,TCA,-0.182215471070019,-0.347508306056261,-0.0178464099299161
S,TCC,-0.147761358403042,-0.272090245783329,-0.0212347430177033
S,TCG,-0.743387691736221,-0.884431576728821,-0.601321090757847
T,ACA,-0.207911907072418,-0.377678570151329,-0.044028296880424
T,ACC,-1.19157809941769,-1.30177111029625,-1.08465610146523
T,ACG,-1.13531800818443,-1.26469994783401,-1.00711248517036
V,GTA,0.428821623516083,0.314846744388342,0.542564822733402
V,GTC,-0.372415955394506,-0.476408593356609,-0.265412354469299
V,GTG,-0.840941490793228,-0.933094699680805,-0.747176460921764
Y,TAC,0.618710761368275,0.488717949390411,0.749242228269577
Z,AGC,-0.235594736250397,-0.376806605607271,-0.089586367458105
