AA,Codon,Posterior,0.025%,0.975%
A,GCA,0.14424560867548,0.0772428603842854,0.211511405184865
A,GCC,0.424381317675114,0.352666486799717,0.502247314155102
A,GCG,0.287098544639349,0.223913013190031,0.350019013881683
C,TGC,-0.0647816129456565,-0.235452984645963,0.101767523214221
D,GAC,-0.396979983258247,-0.471156109124422,-0.320503022521734
E,GAA,-0.164167759358324,-0.245100522786379,-0.0894311297684908
F,TTC,-0.608202865982056,-0.707121427357197,-0.51109721660614
G,GGA,1.31850118472576,1.10983549654484,1.54388312697411
G,GGC,0.153661159200966,0.0912228288128972,0.216090605780482
G,GGG,0.83408779733181,0.697065845131874,0.978548665344715
H,CAC,-0.516866202628612,-0.642420688271523,-0.392118143290281
I,ATA,1.41489320268631,1.08207819759846,1.74859221875668
I,ATC,-0.392864524722099,-0.45807034522295,-0.326587503403425
K,AAA,-0.0367613576486965,-0.102925929054618,0.0287717630155385
L,CTA,0.406870181930065,0.15586679764092,0.66540080010891
L,CTC,-0.422751313328743,-0.557403339445591,-0.288420276343822
L,CTG,-0.72144352145195,-0.836998230218887,-0.611285890638828
L,CTT,-0.189776869753096,-0.342834848165512,-0.0397578335367142
L,TTA,0.107176691469361,-0.0455667820759118,0.257851482182741
N,AAC,-0.69809924659729,-0.809948682785034,-0.586981031298637
P,CCA,-0.200905240713269,-0.378175077587366,-0.0243838670663533
P,CCC,0.789318086671829,0.536817665398121,1.06134541034698
P,CCG,-0.453048767668009,-0.600147852301598,-0.304285427927971
Q,CAA,0.335035514265299,0.240934292972088,0.433893496543169
R,AGA,1.54950798237324,1.1060460627079,2.05282936692238
R,AGG,2.622236941576,2.00036637783051,3.3279411315918
R,CGA,1.7057785859108,1.38758358955383,2.04262614250183
R,CGC,0.386281779074669,0.312802713364363,0.462248712778091
R,CGG,1.56546915831566,1.32489373385906,1.82258693873882
S,TCA,0.654549414277077,0.497782278805971,0.813731634616852
S,TCC,0.103076478134649,0.0185321711935103,0.192701049521565
S,TCG,0.683009499621391,0.557333341240883,0.818376851081848
T,ACA,0.690901111674309,0.526565666496754,0.86469409763813
T,ACC,0.0956799748694873,0.0232533005997539,0.16805907972157
T,ACG,0.650961461901665,0.542691773176193,0.762947472929955
V,GTA,0.100269976596301,0.0271097836084664,0.173766501247883
V,GTC,0.416281062877178,0.332167755812407,0.500004918128252
V,GTG,0.37415446870327,0.30458588078618,0.443419922888279
Y,TAC,-0.397227164494991,-0.521355101466179,-0.279042967408896
Z,AGC,-0.646928191125393,-0.808886152505875,-0.486147768050432
