AA,Codon,Posterior,0.025%,0.975%
A,GCA,0.215574466338754,0.119356584921479,0.306852194666863
A,GCC,0.447271902638674,0.348755246400833,0.54362383633852
A,GCG,0.257050977635384,0.171737767010927,0.338814277946949
C,TGC,-0.162696418111405,-0.400360777229071,0.0692901441827417
D,GAC,-0.426293469798565,-0.519626171886921,-0.329570074379444
E,GAA,-0.208224704234302,-0.307358738780022,-0.11059409417212
F,TTC,-0.564074562633038,-0.67932256758213,-0.452004166692495
G,GGA,1.3201787311554,1.08465064167976,1.56080523431301
G,GGC,0.174824173557758,0.100074059702456,0.251329730451107
G,GGG,0.870369301533699,0.715848083794117,1.03540636301041
H,CAC,-0.615488028180599,-0.78464190363884,-0.432796315103769
I,ATA,1.49886242074966,1.0918052226305,1.91418372094631
I,ATC,-0.30764532559514,-0.389810884743929,-0.222339695319533
K,AAA,-0.0606194376096973,-0.162220025062561,0.0467410552315414
L,CTA,0.536996193448454,0.218595397844911,0.887353938817978
L,CTC,-0.35782040868029,-0.538335101306438,-0.179099437966943
L,CTG,-0.73816787917614,-0.881832656264305,-0.602753986418247
L,CTT,-0.213359275003558,-0.398291897773743,-0.0253761271946132
L,TTA,0.121735404442901,-0.0629989005625248,0.311162769049406
N,AAC,-0.686899522650242,-0.827712115645409,-0.547334270179272
P,CCA,-0.158337401917065,-0.377880745381117,0.0614078911021353
P,CCC,0.66581580941081,0.377457296103239,0.962640090286732
P,CCG,-0.503877026629448,-0.691969934105873,-0.325164802372456
Q,CAA,0.371534598350525,0.245434071868658,0.501038777828217
R,AGA,2.2500065659523,1.56293749213219,3.07675586938858
R,AGG,2.33212259068489,1.63858087062836,3.12923075556755
R,CGA,1.78091340923309,1.40369808971882,2.19228957295418
R,CGC,0.411516597884893,0.313777240365744,0.517881605029106
R,CGG,1.75210210204124,1.44771040081978,2.05766415596008
S,TCA,0.691407905876636,0.506113050878048,0.889534604549408
S,TCC,0.177637646813301,0.0609212891198695,0.291576172411442
S,TCG,0.659638604176044,0.50825892239809,0.818345208466053
T,ACA,0.733928648197651,0.524215818941593,0.952971348166466
T,ACC,0.113188509882614,0.0115427584620193,0.221719107404351
T,ACG,0.580369792425632,0.440822218358517,0.72246041893959
V,GTA,0.0816517674189148,-0.0248630824033171,0.190039182826877
V,GTC,0.400097014904022,0.291262451559305,0.515481285750866
V,GTG,0.334851833897829,0.243193452060223,0.430307754874229
Y,TAC,-0.440178700596094,-0.576094971597195,-0.304978156089783
Z,AGC,-0.737158783435822,-0.958937472105026,-0.527131709456444
