AA,Codon,Posterior,0.025%,0.975%
A,GCA,-0.354198813056946,-0.4557432487607,-0.25722249224782
A,GCC,-0.738191784358025,-0.835547553002834,-0.640232905745506
A,GCG,-0.821836315906048,-0.919395853579044,-0.727398578822613
C,TGC,0.0437273474041613,-0.144590804725885,0.23873068280518
D,GAC,0.742766667985916,0.636492490768433,0.84966481924057
E,GAA,-0.762421946918964,-0.864969991147518,-0.660060353577137
F,TTC,0.880736226952076,0.771716797351837,0.992693383991718
G,GGA,0.179144372296336,0.0253674804698676,0.336426769196987
G,GGC,-0.435812449389696,-0.537506707012653,-0.336659866571426
G,GGG,0.0698886468693261,-0.0712738623842597,0.212607531622052
H,CAC,0.565649286556244,0.424048265069723,0.70741353482008
I,ATA,1.10471751070023,0.934055572748184,1.2680055975914
I,ATC,0.498679105687141,0.410313975065947,0.584657384455204
K,AAA,-1.11869156847,-1.22378006577492,-1.01560604274273
L,CTA,1.01359917721748,0.832747088372707,1.19766167402267
L,CTC,0.30229237068668,0.175124872103333,0.42781467884779
L,CTG,-0.775582299828529,-0.875519074499607,-0.675460389256477
L,CTT,0.142482922832045,0.0171145625878125,0.267194168269634
L,TTA,-0.249510253128968,-0.369942214339972,-0.131702053174377
N,AAC,0.419788639190793,0.301048100739717,0.540370988845825
P,CCA,0.0603270550523317,-0.0923240035772324,0.219112413749099
P,CCC,-0.307820848668739,-0.480716978013515,-0.136981098353863
P,CCG,-0.481177969610691,-0.616970311105251,-0.345449969172478
Q,CAA,0.247647079632431,0.142943386361003,0.35058524608612
R,AGA,1.00749482795,0.781556275486946,1.2352845788002
R,AGG,1.46499731888771,1.16227406859398,1.75593658685684
R,CGA,0.416109515875578,0.229208399355412,0.608629707992077
R,CGC,-0.322004886823893,-0.422246546298265,-0.22319027967751
R,CGG,0.0824616870150749,-0.13600068539381,0.28645528331399
S,TCA,-0.266160234555788,-0.419502876698971,-0.112520413845778
S,TCC,-0.00678936835213135,-0.139895432442427,0.128775034472346
S,TCG,-0.440997215634584,-0.604346957802772,-0.281120490282774
T,ACA,-0.473865836566687,-0.612910525500774,-0.331515323370695
T,ACC,-0.930214903759956,-1.0432910233736,-0.815872623026371
T,ACG,-0.861402994382381,-0.996543677151203,-0.727256965637207
V,GTA,0.576239925855398,0.465765453130007,0.684938453137875
V,GTC,-0.0495891506725871,-0.157828594744205,0.0562342847697434
V,GTG,-0.452845605555177,-0.554367651045322,-0.353218242526054
Y,TAC,0.487153083699942,0.344042056798935,0.636738601326942
Z,AGC,-0.340304625308514,-0.475226917117834,-0.202848682925105
