AA,Codon,Posterior,0.025%,0.975%
A,GCA,0.116001688433613,0.0504225479438901,0.181780620664358
A,GCC,0.36316980035007,0.289347801357508,0.440121172368526
A,GCG,0.366629725798965,0.295278544723988,0.440903986990452
C,TGC,-0.162109031063935,-0.346115753054619,0.0191057040356099
D,GAC,-0.213938017171621,-0.292372353374958,-0.135022533684969
E,GAA,-0.126918123914956,-0.208379075303674,-0.044168723281473
F,TTC,-0.23005243858844,-0.318656487762928,-0.14082796536386
G,GGA,0.689128913068771,0.545087604224682,0.836295291781425
G,GGC,0.175320091281831,0.106600970588624,0.245623692497611
G,GGG,0.636103600805998,0.503841815888882,0.775326593220234
H,CAC,-0.280131680306792,-0.404012177884579,-0.16170683093369
I,ATA,0.657600615227222,0.476107792556286,0.849742852151394
I,ATC,-0.226947597903013,-0.293125848472118,-0.161494267359376
K,AAA,0.00682357229413512,-0.064156443439424,0.0743983820080757
L,CTA,0.140467884619608,-0.0406472615897655,0.331964071094989
L,CTC,-0.18548168623643,-0.304307474941015,-0.0666508462280036
L,CTG,-0.362830646502972,-0.462129785120487,-0.26895188242197
L,CTT,-0.180693189440691,-0.299544426053762,-0.0606942010112107
L,TTA,-0.025257650470324,-0.145079021528363,0.0926527556031942
N,AAC,-0.413398050835729,-0.511475166678429,-0.320915212482214
P,CCA,0.0263770340784011,-0.104164719954133,0.160955726727843
P,CCC,0.534543067938089,0.361863765865564,0.715123555064201
P,CCG,-0.0839324153923722,-0.193615552410483,0.0270159489009529
Q,CAA,0.0607638936011805,-0.0240589077118784,0.148958265781403
R,AGA,0.827489803403616,0.590294605493546,1.07807249128818
R,AGG,1.14323877648115,0.796198971569538,1.53237512111664
R,CGA,1.11476522554159,0.891285294294357,1.34414859414101
R,CGC,0.196727178518474,0.12551405467093,0.270483933389187
R,CGG,1.42418400421143,1.17277896106243,1.71208984553814
S,TCA,0.402745433822274,0.27831437215209,0.531349569559097
S,TCC,0.0540977092966623,-0.0371672025881708,0.143969664350152
S,TCG,0.717767501187325,0.562848190963268,0.877467520534992
T,ACA,0.443530042105913,0.333143260329962,0.556883670389652
T,ACC,0.172803305466473,0.0955829467624426,0.252213887870312
T,ACG,0.607082630234957,0.493035845458508,0.72497251778841
V,GTA,-0.084222404451792,-0.15357918292284,-0.0136785627575591
V,GTC,0.260757909920812,0.17868231497705,0.347491861879826
V,GTG,0.370814524790645,0.291782619804144,0.456506272405386
Y,TAC,-0.263883916780539,-0.387831671535969,-0.138505015522242
Z,AGC,-0.124547600830355,-0.243352590873837,-0.00794833388645221
