AA,Codon,Posterior,0.025%,0.975%
A,GCA,0.196036514116277,0.0214255257043988,0.367507161945104
A,GCC,0.450103782346845,0.269514153152704,0.63608308583498
A,GCG,0.0881125995510505,-0.0614950415678322,0.234467625617981
C,TGC,-0.0893741370095766,-0.545160706341267,0.341578340530395
D,GAC,-0.211334267654869,-0.361784076690674,-0.0508923627436161
E,GAA,-0.0194414839745266,-0.167651360481977,0.126665468513966
F,TTC,-1.00182423917055,-1.25197321176529,-0.767653848230839
G,GGA,1.3644314516902,0.969896374642849,1.80802196860313
G,GGC,0.228728440235229,0.0790623746812344,0.376027956604957
G,GGG,0.739985297375917,0.494135662168264,1.00564895868301
H,CAC,-0.289625796907271,-0.543199077248573,-0.0413586333394051
I,ATA,1.75690024240017,0.986443091928959,2.66124984622002
I,ATC,-0.427380350646377,-0.597690978646278,-0.256323637068272
K,AAA,-0.193170101795121,-0.424258390814066,0.0140116528607899
L,CTA,0.603432807847689,0.0419856895692647,1.27573253810406
L,CTC,-0.254758942105671,-0.548724408447742,0.0382205361500376
L,CTG,-0.791727958869934,-1.03236988484859,-0.562457305192948
L,CTT,0.400605008658938,0.00894723823294044,0.792896647751331
L,TTA,0.459657010512089,0.101519712619483,0.823979575932025
N,AAC,-1.08607735372782,-1.37006757557392,-0.825454388558865
P,CCA,-0.0173804644281663,-0.387331736832857,0.358026082068681
P,CCC,0.865375711141527,0.393705382943153,1.38546107411384
P,CCG,-0.710089042618871,-0.998697508871555,-0.437639440596104
Q,CAA,0.815617865747213,0.554424798488617,1.09086856544018
R,AGA,4.93497409887314,2.57866209745407,7.49012528657913
R,AGG,2.3116030838728,1.22422430217266,3.54771052598953
R,CGA,2.23016455421448,1.60640555024147,2.90317874550819
R,CGC,0.271160901513556,0.10342064332217,0.432899851351976
R,CGG,1.58799670654535,1.14654831588268,2.11291934847832
S,TCA,0.571280678226054,0.275416535139084,0.905650359392166
S,TCC,0.00989035828791239,-0.191504595428705,0.210615097731352
S,TCG,0.333190621424606,0.0950690880417824,0.584389016032219
T,ACA,0.970371201372147,0.591418127715588,1.39818399846554
T,ACC,-0.0494077821768151,-0.253745589405298,0.147840297967195
T,ACG,0.365585428971285,0.109418510459363,0.624283336102962
V,GTA,-0.139668504160133,-0.324834152311087,0.0495839425362645
V,GTC,0.0960198569312415,-0.0891556510701776,0.279168569296598
V,GTG,-0.026643639945181,-0.190180507302284,0.134015987813473
Y,TAC,-0.395083931809664,-0.607856813073158,-0.196013102680445
Z,AGC,-0.757786491172016,-1.16594093441963,-0.3968106970191
