AA,Codon,Posterior,0.025%,0.975%
A,GCA,-0.382371566995978,-0.45594175606966,-0.306630840152502
A,GCC,-0.89247919601202,-0.966167913377285,-0.819498600065708
A,GCG,-1.00929983894825,-1.0815426081419,-0.938601261377335
C,TGC,0.000962084197524018,-0.138752706348896,0.145113126188516
D,GAC,0.795524576449394,0.723343032598496,0.871581418812275
E,GAA,-0.662014197289944,-0.735932767391205,-0.586671854555607
F,TTC,0.97985265045166,0.896493478119373,1.06531128883362
G,GGA,0.200465219062613,0.0857766501605511,0.316108123213053
G,GGC,-0.407696060675383,-0.473585424572229,-0.340161217004061
G,GGG,0.146361897150753,0.043560082372278,0.246531088650227
H,CAC,0.719965109813213,0.610835532844067,0.831344136595726
I,ATA,1.18310725693703,1.03242915570736,1.33253008127213
I,ATC,0.516947485113144,0.453006883710623,0.580945682525635
K,AAA,-1.10478814840317,-1.18419676721096,-1.02594191730022
L,CTA,0.921960018348694,0.764245617389679,1.07299693226814
L,CTC,0.341559968864918,0.236700497940183,0.443125753849745
L,CTG,-0.764875425434113,-0.844027005136013,-0.682855366170407
L,CTT,0.20314670908479,0.100183700583875,0.307297760993242
L,TTA,-0.209717636471242,-0.306634644418955,-0.111077764257789
N,AAC,0.441854515969753,0.348736985772848,0.535674767196178
P,CCA,0.0617816173252722,-0.0654620308429003,0.187823930010199
P,CCC,-0.440151609173417,-0.584653133153915,-0.298425923287869
P,CCG,-0.623294212883711,-0.730949725210667,-0.515201182663441
Q,CAA,0.296428875479102,0.214805191755295,0.375663894414902
R,AGA,1.03632425618172,0.833995413780212,1.23866499662399
R,AGG,1.41022497811317,1.14415179789066,1.67485759854317
R,CGA,0.37607627877444,0.211454263329506,0.541094669699669
R,CGC,-0.388068542635441,-0.459362617135048,-0.315079749375582
R,CGG,0.021798703486146,-0.130285260081291,0.170031892135739
S,TCA,-0.403438069060445,-0.529379594326019,-0.276896276324988
S,TCC,-0.184303885101248,-0.291933059692383,-0.0798139246180654
S,TCG,-0.611075881975889,-0.734730544686317,-0.487682285159826
T,ACA,-0.473719287580252,-0.596832910180092,-0.352955569326878
T,ACC,-1.05197359946966,-1.14251298010349,-0.962997102737427
T,ACG,-0.964226029777527,-1.07075838446617,-0.860470308363438
V,GTA,0.549507074022293,0.462342865020037,0.637081208825111
V,GTC,-0.169947597993538,-0.255416641384363,-0.0858763718977572
V,GTG,-0.615795190632343,-0.690881040692329,-0.541228133440018
Y,TAC,0.487326152670383,0.384205100685358,0.586492326855659
Z,AGC,-0.257982582260668,-0.369741494953632,-0.146682431548834
