AA,Codon,Posterior,0.025%,0.975%
A,GCA,0.155630636386573,0.0947971304878592,0.217326314747333
A,GCC,0.357483414635062,0.290712610632181,0.421161296963692
A,GCG,0.245706382393837,0.186936939507723,0.30486259162426
C,TGC,-0.258917400519818,-0.412958637624979,-0.107928622327745
D,GAC,-0.337139112409949,-0.401135289669037,-0.2750343747437
E,GAA,-0.200717131638527,-0.271030826121569,-0.131962146610022
F,TTC,-0.688945554327965,-0.774176105856895,-0.602096150815487
G,GGA,1.170832939744,1.02449401021004,1.32934083342552
G,GGC,0.144652534336597,0.093163550272584,0.198763290792704
G,GGG,0.723512776470184,0.616132950782776,0.834763512015342
H,CAC,-0.51804647038579,-0.625345583260059,-0.41089877858758
I,ATA,1.83549464719295,1.55376062393188,2.12765873670578
I,ATC,-0.352856010296941,-0.413339313864708,-0.292124373465776
K,AAA,-0.107650389362208,-0.181023184582591,-0.0368822558782995
L,CTA,0.494779009570181,0.27029402628541,0.742581686377525
L,CTC,-0.264398811737448,-0.395806387066841,-0.137981116771698
L,CTG,-0.757985673379898,-0.861072364449501,-0.659404399991036
L,CTT,0.00116594891250934,-0.142694117501378,0.141774756833911
L,TTA,0.380886908638477,0.240440385043621,0.524362045526504
N,AAC,-0.717715552890301,-0.819170738756657,-0.617424787580967
P,CCA,-0.233519506491453,-0.384631708264351,-0.0802635798230768
P,CCC,0.777472492754459,0.575429674983025,0.993809482455253
P,CCG,-0.676879958713055,-0.809479370713234,-0.549729730188847
Q,CAA,0.473753984034061,0.383126411587,0.567799031734467
R,AGA,2.86743073413372,2.41209247112274,3.33491616845131
R,AGG,2.95068673467636,2.34203761219978,3.54003030061722
R,CGA,2.18536391625404,1.89675720334053,2.48694866895676
R,CGC,0.280794158855081,0.212827818095684,0.350644565373659
R,CGG,1.72397322239876,1.50238947570324,1.95622842907906
S,TCA,0.783632536959648,0.634952861070633,0.938487227261066
S,TCC,0.0617401050104876,-0.0296084587927908,0.152105455845594
S,TCG,0.550844540935755,0.425975422561169,0.676347197592258
T,ACA,1.16711419750452,1.0067185074091,1.33432595133781
T,ACC,0.0516448542136096,-0.0221732736565173,0.127468877285719
T,ACG,0.588210239607096,0.482154032588005,0.695463864505291
V,GTA,0.033233138714024,-0.0407691548578441,0.106752079725265
V,GTC,0.296104552650452,0.218378144875169,0.375287928432226
V,GTG,0.228628048507869,0.163125241175294,0.294501446932554
Y,TAC,-0.302921518544853,-0.397521883994341,-0.212398762628436
Z,AGC,-0.581636092752218,-0.72052394002676,-0.443977276235819
