AA,Codon,Posterior,0.025%,0.975%
A,GCA,0.126092729680985,0.0699285589158535,0.181309147551656
A,GCC,0.452270236968994,0.388646461814642,0.519021153450012
A,GCG,0.479875018727779,0.416422118246555,0.54254065901041
C,TGC,-0.130097579380536,-0.284257949888706,0.0201773356646299
D,GAC,-0.244138640519977,-0.311551817506552,-0.176952375099063
E,GAA,-0.189745535266399,-0.262445192039013,-0.119747726991773
F,TTC,-0.292011233285069,-0.370699795335531,-0.214464844763279
G,GGA,0.677613024640083,0.555403539538384,0.803623777627945
G,GGC,0.160999545048922,0.104644753225148,0.219484015926719
G,GGG,0.58012961268425,0.474514274299145,0.688321623206139
H,CAC,-0.381616163447499,-0.489084833115339,-0.279024364799261
I,ATA,0.586057998973131,0.422707264125347,0.758912502229214
I,ATC,-0.237749841719866,-0.293037921190262,-0.181312117353082
K,AAA,-0.000141219831638182,-0.0588644117116928,0.0584134949371219
L,CTA,0.223804015506376,0.0501746248453856,0.412047633528709
L,CTC,-0.213421894215606,-0.318892996758223,-0.106898492947221
L,CTG,-0.372512946766615,-0.457183081656694,-0.290071744471788
L,CTT,-0.224923080807552,-0.329337754845619,-0.121174259856343
L,TTA,-0.0570020353613541,-0.163726028054953,0.0507403474301099
N,AAC,-0.427369282954931,-0.511326493322849,-0.346783314645291
P,CCA,0.0230597569903704,-0.0882470857352018,0.134132977202535
P,CCC,0.633284585690498,0.480367343127727,0.792074812948704
P,CCG,0.00290737018251039,-0.0950750902295113,0.100981877930462
Q,CAA,0.0286424826307986,-0.0447828046046197,0.101858873479068
R,AGA,0.787493185031414,0.576566438376904,1.01723000407219
R,AGG,1.18037061908245,0.841979919373989,1.53989245295525
R,CGA,1.14178157292604,0.939230777323246,1.35665307939053
R,CGC,0.234008519375324,0.170872365683317,0.297906655818224
R,CGG,1.46937412164211,1.26772866547108,1.68460780978203
S,TCA,0.476344155097008,0.364275185018778,0.594658650457859
S,TCC,0.143424948247243,0.0622527902945876,0.226756419613957
S,TCG,0.826414292275906,0.697163845598698,0.956484785676002
T,ACA,0.42583004476428,0.329694649577141,0.529268726706505
T,ACC,0.23540178861171,0.167408948391676,0.305929694324732
T,ACG,0.665612045288086,0.568794180452824,0.768105408549309
V,GTA,-0.0700438826114056,-0.130042639002204,-0.00749421081272892
V,GTC,0.328358366474509,0.252378023415804,0.405606190115213
V,GTG,0.474685166186094,0.404133696854115,0.546181561052799
Y,TAC,-0.264524060422927,-0.367558588832617,-0.161089741811156
Z,AGC,-0.182164788427739,-0.288076054304838,-0.0769540740177036
