AA,Codon,Posterior,0.025%,0.975%
A,GCA,-0.450873650288582,-0.557612308859825,-0.341621719300747
A,GCC,-1.02899182529449,-1.13667578697205,-0.92304467856884
A,GCG,-1.24168560378551,-1.33783910870552,-1.14311845898628
C,TGC,-0.111109535273707,-0.306984229385853,0.0800318960100409
D,GAC,0.863824252891541,0.760648964345455,0.97218587398529
E,GAA,-0.599075506258011,-0.696866032481193,-0.499976079165936
F,TTC,0.760245152842999,0.644186027348042,0.879058802127838
G,GGA,0.0630759856819161,-0.127174220979214,0.253426168859005
G,GGC,-0.371311649650335,-0.462542390078306,-0.276760019361973
G,GGG,0.00185769607157436,-0.144210258126259,0.148523902520537
H,CAC,0.718033541405201,0.570748609304428,0.865778310596943
I,ATA,1.19592467119694,0.954395498335362,1.44156309068203
I,ATC,0.490227786839008,0.40433424115181,0.578965456783771
K,AAA,-1.07730682188272,-1.18407764434814,-0.967156879603863
L,CTA,1.01818440625668,0.802906326949596,1.233282533288
L,CTC,0.439181303218007,0.305137465149164,0.571255159378052
L,CTG,-0.794295608985424,-0.896821381151676,-0.692176346480846
L,CTT,0.388306442248821,0.251817267388105,0.531756949424744
L,TTA,-0.0905013739718779,-0.229970644786954,0.0451280979439616
N,AAC,0.287084149646759,0.155300959944725,0.418093425035477
P,CCA,0.055623413981474,-0.132395386695862,0.243780977651477
P,CCC,-0.228136030822511,-0.448704520612955,-0.00748645003186549
P,CCG,-0.820105902457237,-0.978963696956635,-0.663947834074497
Q,CAA,0.301883224759996,0.191562308371067,0.410890279710293
R,AGA,1.53799471240044,1.1993992716074,1.87507081329823
R,AGG,1.08497415628135,0.689378437399864,1.48874355852604
R,CGA,0.653686797484756,0.405736903846264,0.897964400053024
R,CGC,-0.527716840267181,-0.627139194309711,-0.430141399055719
R,CGG,0.0247174711929874,-0.169914213940501,0.21907382979989
S,TCA,-0.16216205583046,-0.344218058139086,0.015495907794684
S,TCC,-0.131735327529628,-0.265725193172693,0.00361214132281006
S,TCG,-0.832829371201992,-0.986900180578232,-0.684199988842011
T,ACA,-0.29694143311074,-0.475159529596567,-0.118744370713831
T,ACC,-1.25776438908577,-1.37260742783546,-1.14401740133762
T,ACG,-1.15871392326355,-1.29569087028503,-1.02369414269924
V,GTA,0.465161630052328,0.343885729461908,0.593141138553619
V,GTC,-0.376232599833608,-0.489150536060333,-0.263192895054817
V,GTG,-0.863095931375027,-0.962182998657227,-0.761859382688999
Y,TAC,0.555473961287737,0.413796409964561,0.70075900554657
Z,AGC,-0.305513522937894,-0.455206102877855,-0.149546754732728
