AA,Codon,Posterior,0.025%,0.975%
A,GCA,0.140599076104164,0.0719410214573145,0.213284649699926
A,GCC,0.423255578309298,0.345965579897165,0.502334193885326
A,GCG,0.296993271386623,0.230760488659143,0.362886592745781
C,TGC,-0.125044033473797,-0.306343095004559,0.0534248171374201
D,GAC,-0.392170074135065,-0.473703897744417,-0.313419695943594
E,GAA,-0.152407156931236,-0.233732662722468,-0.0768302768468857
F,TTC,-0.594251849013567,-0.700540779531002,-0.490079046040774
G,GGA,1.43051401050091,1.19763333499432,1.68177982866764
G,GGC,0.141087872565538,0.0775446821004152,0.204991813749075
G,GGG,0.845700102055073,0.697512263059616,1.00059200227261
H,CAC,-0.512348810058832,-0.647232839465141,-0.38285772651434
I,ATA,1.51361297975779,1.15351300835609,1.88598555922508
I,ATC,-0.391889069890976,-0.464283135533333,-0.321807522326708
K,AAA,-0.054167154491528,-0.125105618685484,0.014936392637901
L,CTA,0.451085117609799,0.180879253149033,0.727110253274441
L,CTC,-0.364569186609983,-0.507047361135483,-0.219490091130138
L,CTG,-0.708706242227554,-0.822783122956753,-0.59557443857193
L,CTT,-0.142834798358697,-0.301545778661966,0.0111171676311641
L,TTA,0.165638391054515,0.00979823297820986,0.33113274872303
N,AAC,-0.706411056482792,-0.829536491632462,-0.583198337256908
P,CCA,-0.272029565991624,-0.459421527385712,-0.0903370877727867
P,CCC,0.656741405034065,0.37093116492033,0.941432838141918
P,CCG,-0.510777546551824,-0.674835726618767,-0.352377390116453
Q,CAA,0.378408441832662,0.279910928010941,0.482507026940584
R,AGA,1.56893674148321,1.10423183441162,2.06356827020645
R,AGG,2.92637923572063,2.19707267284393,3.69944555163383
R,CGA,1.66629152545929,1.33159343004227,2.0268763422966
R,CGC,0.37807662653625,0.30128530189395,0.456704872101545
R,CGG,1.57849624230862,1.33022699058056,1.8380422025919
S,TCA,0.636757514375448,0.479044626653194,0.803756761550903
S,TCC,0.0960329486672126,0.00816927277483046,0.184307450056076
S,TCG,0.757469382816553,0.620274840295315,0.899221737682819
T,ACA,0.750429642540216,0.580719995498657,0.923311199247837
T,ACC,0.127349934512423,0.0534286068752408,0.204047699645161
T,ACG,0.653574999719858,0.541776376962662,0.774852703511715
V,GTA,0.0833599449298024,0.00618768555577844,0.160372778400779
V,GTC,0.420108548259735,0.334173139184713,0.508721393346786
V,GTG,0.388096147149801,0.314057528227568,0.461897996068001
Y,TAC,-0.355608540394902,-0.482354297488928,-0.233523065596819
Z,AGC,-0.58768162740469,-0.749732938408852,-0.424164582043886
