AA,Codon,Posterior,0.025%,0.975%
A,GCA,-0.345367812860012,-0.436533648520708,-0.250688839703798
A,GCC,-0.768847551131248,-0.864962892234325,-0.67622335255146
A,GCG,-0.849082444286346,-0.940160031616688,-0.758551745116711
C,TGC,-0.011659073355516,-0.195504892989993,0.170378606393933
D,GAC,0.740860812139511,0.650399814546108,0.840475584566593
E,GAA,-0.728069087481499,-0.824177239835262,-0.630120995640755
F,TTC,0.862966338014603,0.761152103543282,0.97131981253624
G,GGA,0.0912214900213323,-0.0572927262634039,0.234439641982317
G,GGC,-0.448724951982498,-0.540269488096237,-0.354273638129234
G,GGG,0.0714559232506726,-0.0607794843614101,0.20598123781383
H,CAC,0.621104308962822,0.480353521555662,0.761368435621262
I,ATA,1.16518404762745,1.00767871439457,1.32466613650322
I,ATC,0.535333526611328,0.454510632157326,0.618220135569572
K,AAA,-1.14288625171185,-1.23665707707405,-1.04489647448063
L,CTA,1.00307576503754,0.817252205312252,1.17452331483364
L,CTC,0.296290496727824,0.177948712930083,0.421455647051334
L,CTG,-0.777477444386482,-0.878082536160946,-0.683419826626778
L,CTT,0.144698214466556,0.0271054948680103,0.260412425547838
L,TTA,-0.270876061546802,-0.388727080076933,-0.157859896495938
N,AAC,0.432781472206116,0.326379926502705,0.541397538781166
P,CCA,0.0891774788524373,-0.0566040110774338,0.243906356021762
P,CCC,-0.28479744605571,-0.452983063459396,-0.117132538184524
P,CCG,-0.497200987231731,-0.623287710547447,-0.36427144780755
Q,CAA,0.238309073698521,0.143730295449495,0.331483355164528
R,AGA,1.08208039126396,0.869438195228577,1.2954302161932
R,AGG,1.2552459603548,0.966931112110615,1.54974743127823
R,CGA,0.523865884405375,0.347809243202209,0.715269806981087
R,CGC,-0.335385958105326,-0.427021504193544,-0.243597965314984
R,CGG,0.150989898299566,-0.0340542354620993,0.330067069083452
S,TCA,-0.29892614570111,-0.445366556197405,-0.152866634726524
S,TCC,-0.0445610119601741,-0.178646998107433,0.0849842093884945
S,TCG,-0.519607545423508,-0.674364268779755,-0.361619024723768
T,ACA,-0.507523670101166,-0.650336198508739,-0.371551075577736
T,ACC,-0.94272433154583,-1.05743649303913,-0.830373622477055
T,ACG,-0.936406799077988,-1.07078449428082,-0.807226629555225
V,GTA,0.548316044187546,0.443976741284132,0.657102544605732
V,GTC,-0.0831292763621052,-0.184160427004099,0.019204875221476
V,GTG,-0.516045709073544,-0.611012455821037,-0.420901042222977
Y,TAC,0.472292857414484,0.335467034578323,0.608533462882042
Z,AGC,-0.291328851987422,-0.423895084112883,-0.162683540210128
