AA,Codon,Posterior,0.025%,0.975%
A,GCA,0.111203123357333,0.0498353287577629,0.171836949512362
A,GCC,0.382424708557129,0.311397721618414,0.457846768200398
A,GCG,0.383643550527096,0.312390387058258,0.45532169342041
C,TGC,-0.120475949283317,-0.291014649719,0.0527507008053364
D,GAC,-0.212745362952352,-0.287447152286768,-0.139186413958669
E,GAA,-0.148734874401987,-0.228557691350579,-0.0681363575160503
F,TTC,-0.217791660541296,-0.302308602631092,-0.135107984393835
G,GGA,0.758500972938538,0.616915129125118,0.91841551810503
G,GGC,0.181484895963967,0.113802946172655,0.245530330762267
G,GGG,0.631095105874538,0.51206768900156,0.759834969043732
H,CAC,-0.316699884656072,-0.43466205522418,-0.197483667731285
I,ATA,0.606771650791168,0.424161494523287,0.792480804026127
I,ATC,-0.248559288680553,-0.313902502506971,-0.183017238229513
K,AAA,0.0180266796080163,-0.0466691365465522,0.0832092065364123
L,CTA,0.147879654646757,-0.0327257818542421,0.336445935070515
L,CTC,-0.181224573325366,-0.295224186778069,-0.0676659429445863
L,CTG,-0.361201698207855,-0.450594156235456,-0.269762513786554
L,CTT,-0.182326728873234,-0.294302172958851,-0.0711572406813501
L,TTA,-0.00867397886033286,-0.121841301769018,0.107348192296922
N,AAC,-0.421777686321735,-0.512723129987717,-0.330045183748007
P,CCA,0.00725347741457226,-0.120651128143072,0.139367567002773
P,CCC,0.51247604726553,0.346652191877365,0.69156858921051
P,CCG,-0.0753676900664737,-0.185622626543045,0.0285290386993438
Q,CAA,0.0666763862796739,-0.0130783847998828,0.147228448837996
R,AGA,0.759211893773079,0.542332863807678,0.999206140637398
R,AGG,1.3747538412571,0.987906245887279,1.77583537101746
R,CGA,1.00985447645187,0.804912257194519,1.21955864429474
R,CGC,0.205211082088947,0.136155617982149,0.277022977173328
R,CGG,1.34587219369411,1.11487636864185,1.58918406367302
S,TCA,0.41885754442215,0.299747160077095,0.544463989138603
S,TCC,0.0728184064841087,-0.0169864393305033,0.16674739792943
S,TCG,0.775877061319351,0.620727460086346,0.927988985180855
T,ACA,0.461394397950172,0.352518667280674,0.576794393360615
T,ACC,0.17904003174752,0.105319355428219,0.256547828018665
T,ACG,0.660690614664555,0.550528329610825,0.77871445864439
V,GTA,-0.0707958846701367,-0.139353902265429,-0.00249819740420204
V,GTC,0.276257730105519,0.196859307214618,0.35690912976861
V,GTG,0.40879247405529,0.326515077799559,0.494490817189217
Y,TAC,-0.254992313560098,-0.376418931037188,-0.136997135728598
Z,AGC,-0.158439355485374,-0.2741724178195,-0.0429241543635726
