AA,Codon,Posterior,0.025%,0.975%
A,GCA,0.0685488945572055,-0.0461935876868665,0.179425910115242
A,GCC,0.269997607697546,0.152290742099285,0.381242292374373
A,GCG,-0.010320836383256,-0.107173518463969,0.08955467492342
C,TGC,-0.322999910453334,-0.557496882975101,-0.0876525262370705
D,GAC,-0.236673291629553,-0.33617499768734,-0.133594858646393
E,GAA,-0.154464965590322,-0.25532920062542,-0.0511691046878695
F,TTC,-0.763998596715927,-0.896168076992035,-0.627734595537186
G,GGA,1.51068003396988,1.25799773335457,1.7836005628109
G,GGC,0.189478899993002,0.102363062091172,0.273883076012135
G,GGG,0.764283588862419,0.609694400429726,0.920901335775852
H,CAC,-0.482449357926846,-0.650898073613644,-0.31256752833724
I,ATA,1.88648941736221,1.44668943583965,2.36042290329933
I,ATC,-0.422238615554571,-0.520546838641167,-0.326418370008469
K,AAA,-0.147812159598945,-0.274758163839579,-0.0283059476409107
L,CTA,0.709112975364923,0.356413654237986,1.08955228924751
L,CTC,-0.175506941391685,-0.354356251657009,0.00708967593964203
L,CTG,-0.685904677796364,-0.823558796942234,-0.54449876844883
L,CTT,0.363260870796815,0.146363860368729,0.590905332565308
L,TTA,0.638094688153267,0.421258154511452,0.856006787717342
N,AAC,-0.842411182904243,-0.98480136692524,-0.708225518465042
P,CCA,-0.53032415664196,-0.771003836393356,-0.287984848767519
P,CCC,1.13843311175108,0.741961285471916,1.55112186968327
P,CCG,-0.947287718582153,-1.17429547607899,-0.74412500411272
Q,CAA,0.686035709428787,0.538561423122883,0.834579315781593
R,AGA,2.04761621346474,1.5247846186161,2.64356030225754
R,AGG,2.14860217561722,1.53835098743439,2.82554758787155
R,CGA,1.62135896458626,1.29687147140503,1.97757350802422
R,CGC,0.293863167968392,0.191297930106521,0.396631525456905
R,CGG,1.43274108755589,1.15561216175556,1.72726026773453
S,TCA,0.678090166676044,0.461904207617044,0.91567804068327
S,TCC,-0.0680698750116913,-0.218037107214332,0.0804149175062776
S,TCG,0.360212143224478,0.181363430246711,0.539822685718536
T,ACA,0.831351271986961,0.601488246023655,1.06056370437145
T,ACC,-0.0394302645256772,-0.178558745607734,0.0963217608630657
T,ACG,0.413766670614481,0.24656681753695,0.590025596320629
V,GTA,-0.0137544269079772,-0.142446480318904,0.115432709641755
V,GTC,0.238617254068144,0.106304636783898,0.362272893637419
V,GTG,0.0115859366883094,-0.0960607070475817,0.116317529603839
Y,TAC,-0.409089100271463,-0.566377195715904,-0.261571285873651
Z,AGC,-0.686566676175594,-0.90855800807476,-0.46641361489892
