AA,Codon,Posterior,0.025%,0.975%
A,GCA,-0.419097649806738,-0.501809936761856,-0.336591863632202
A,GCC,-0.897906956720352,-0.979105977714062,-0.815678155422211
A,GCG,-0.997390341234207,-1.07566720545292,-0.920458613336086
C,TGC,0.0409351144868971,-0.120682149380445,0.204414258152246
D,GAC,0.830400267243385,0.748105597496033,0.91420623511076
E,GAA,-0.642335951942205,-0.721115988492966,-0.56429977118969
F,TTC,0.950935080397129,0.859448581933975,1.04487230181694
G,GGA,0.0704070789067675,-0.0581859455443919,0.197740745916963
G,GGC,-0.400681022471189,-0.476722872257233,-0.326131045073271
G,GGG,0.0451962456051318,-0.0678337594494224,0.161865605786443
H,CAC,0.713291879844666,0.601160217821598,0.828007708489895
I,ATA,1.14399659837484,0.990453101694584,1.29724547564983
I,ATC,0.509762881267071,0.440833297371864,0.578475958108902
K,AAA,-1.18292076625824,-1.26830989420414,-1.09711352288723
L,CTA,1.01611103351116,0.856926544010639,1.1669256567955
L,CTC,0.411289009964466,0.309646078944206,0.518256923556328
L,CTG,-0.731056300759315,-0.813349275290966,-0.644981084764004
L,CTT,0.229199551600963,0.123315438069403,0.337615258991718
L,TTA,-0.165888169582747,-0.266294135898352,-0.0615429765544832
N,AAC,0.486153543376923,0.388494613021612,0.583313320577145
P,CCA,0.108427603402144,-0.0252518231514841,0.243134224042296
P,CCC,-0.287818039596453,-0.445521492511034,-0.130555752292275
P,CCG,-0.617774715149403,-0.73636412769556,-0.502277491986752
Q,CAA,0.251334104244411,0.165680624172091,0.335734318196773
R,AGA,0.992025220239162,0.795679174363613,1.20024784505367
R,AGG,1.45317746673822,1.19028806984425,1.74165194928646
R,CGA,0.409519775143266,0.239116021618247,0.583653591573238
R,CGC,-0.389671073883772,-0.468587160855532,-0.309807924926281
R,CGG,-0.0598799679056132,-0.215238669142127,0.0995301689952609
S,TCA,-0.336467189169675,-0.473763269931078,-0.20742845647037
S,TCC,-0.0216661195567209,-0.135492093488574,0.0956769527867436
S,TCG,-0.584058957916498,-0.720027558505535,-0.446357423067093
T,ACA,-0.465917637979984,-0.589673198759556,-0.345321214944124
T,ACC,-0.977333350741863,-1.07419589161873,-0.883257287740707
T,ACG,-0.934630464422703,-1.04650866985321,-0.823115384578705
V,GTA,0.516805293411016,0.426656474173069,0.610536068677902
V,GTC,-0.144851242890133,-0.233713306486607,-0.0565293506719173
V,GTG,-0.606808325833082,-0.686659078299999,-0.525149843096733
Y,TAC,0.530318477445841,0.414664663374424,0.648633293807507
Z,AGC,-0.30043120111376,-0.414850040525198,-0.183323009312153
