AA,Codon,Posterior,0.025%,0.975%
A,GCA,0.166786239770055,0.0874024884775281,0.247448100894689
A,GCC,0.31307721991539,0.233320200070739,0.392391346395016
A,GCG,0.133185429819114,0.0637214120477438,0.204230767861009
C,TGC,-0.371033375385776,-0.574699671566486,-0.171651868149638
D,GAC,-0.365073001736403,-0.441236982494593,-0.290323381125927
E,GAA,-0.223831695751846,-0.299708519130945,-0.148728630691767
F,TTC,-0.734874840581417,-0.836753688752651,-0.634443370997906
G,GGA,1.32058278009892,1.14666749835014,1.50091155767441
G,GGC,0.146201758505404,0.0842006040737033,0.21001657359302
G,GGG,0.87192817915678,0.746439696848393,1.00724281966686
H,CAC,-0.509623103892803,-0.633160777390003,-0.385246481001377
I,ATA,1.8799988515377,1.57683327198029,2.20118995904922
I,ATC,-0.387741139400005,-0.457043687999248,-0.318292538821697
K,AAA,-0.0500967829038957,-0.137789769843221,0.0346304873935878
L,CTA,0.519606718993187,0.273580718040466,0.780917525291443
L,CTC,-0.309996985116601,-0.452690573781729,-0.165438047423959
L,CTG,-0.841028000068665,-0.954814912378788,-0.730566582083702
L,CTT,0.147522183483846,-0.0146086233435199,0.309703895449638
L,TTA,0.370262784472108,0.209595514461398,0.529847703874111
N,AAC,-0.907388269889355,-1.0259614944458,-0.793442180752754
P,CCA,-0.519868329307437,-0.693354324996471,-0.352853593975306
P,CCC,0.879958905100822,0.620658159255981,1.13537789881229
P,CCG,-0.840545271956921,-0.998926049470901,-0.688635791838169
Q,CAA,0.499411749565601,0.392702544480562,0.611453813314438
R,AGA,2.74060104675293,2.26882184743881,3.21737169027328
R,AGG,3.22172862582207,2.51728942990303,3.98386580944061
R,CGA,2.10381136813164,1.78667058050632,2.41118980646133
R,CGC,0.309600469326973,0.230952576175332,0.388748101890087
R,CGG,1.91134006216526,1.66716894507408,2.16346256136894
S,TCA,0.727325034600496,0.561349633336067,0.896851739287376
S,TCC,-0.0931317754827862,-0.191277536377311,0.00760434134863307
S,TCG,0.417134034073353,0.280944749712944,0.554931876063347
T,ACA,1.0788263018012,0.906745983660221,1.26278535425663
T,ACC,-0.0682900609629327,-0.158365708217025,0.0233183453325181
T,ACG,0.528695033633709,0.406065227091312,0.653851281106472
V,GTA,0.0172839206881208,-0.0699054442346096,0.107296328991651
V,GTC,0.299637845382094,0.203612766414881,0.390603909641504
V,GTG,0.140663272742089,0.0652211731299758,0.214619740471244
Y,TAC,-0.436024662655592,-0.552010995149612,-0.322930621355772
Z,AGC,-0.680894916284084,-0.845283904671669,-0.516982324421406
