AA,Codon,Posterior,0.025%,0.975%
A,GCA,0.144088251151145,0.0857706774026155,0.202040327340364
A,GCC,0.453650676393509,0.38632645085454,0.523506110906601
A,GCG,0.468160163801909,0.40413896292448,0.535048131644726
C,TGC,-0.159147169542955,-0.326199533045292,0.00273243858828202
D,GAC,-0.264721743774414,-0.335402072966099,-0.193478191643953
E,GAA,-0.201405554139614,-0.273932728171349,-0.128650796785951
F,TTC,-0.273110094848275,-0.354724805802107,-0.193380226194859
G,GGA,0.784164989447594,0.651101697981358,0.921118915081024
G,GGC,0.155834506742656,0.0959535017609596,0.216879068687558
G,GGG,0.657671846067905,0.541985556483269,0.777332609891891
H,CAC,-0.375392243790627,-0.485903085768223,-0.268405035883188
I,ATA,0.621775493943691,0.451761275529861,0.80015749335289
I,ATC,-0.233144705139101,-0.293465704470873,-0.174254120141268
K,AAA,0.0383218824973261,-0.0227736624889076,0.0987157387658953
L,CTA,0.142682095747127,-0.0317049242556095,0.316736120730638
L,CTC,-0.267780854029953,-0.378379766643047,-0.162575697898865
L,CTG,-0.401828544968367,-0.491131204366684,-0.317614058405161
L,CTT,-0.248335795117961,-0.355019748955965,-0.143535248190165
L,TTA,-0.0941460948710161,-0.203085791692138,0.0167097656521944
N,AAC,-0.456638581639528,-0.542953129112721,-0.369590900093317
P,CCA,-0.00460777402274907,-0.118464222177863,0.111368580907583
P,CCC,0.500588959884644,0.343361500650644,0.662689696252346
P,CCG,-0.0004062783150428,-0.101857984997332,0.10208380445838
Q,CAA,0.0579733808421305,-0.0172661692835391,0.134096180647612
R,AGA,0.828270179396868,0.616412068903446,1.05732803940773
R,AGG,1.13510294357538,0.79468407779932,1.48126162290573
R,CGA,1.10457589899302,0.893469156324863,1.32966803610325
R,CGC,0.234811802856624,0.169948976114392,0.300991843640804
R,CGG,1.56532229874134,1.3524420440197,1.79026858210564
S,TCA,0.446180426409841,0.332398568838835,0.563386365771294
S,TCC,0.0618289491297339,-0.0212213222403079,0.148680098727345
S,TCG,0.832081204426289,0.689765173196793,0.980216883122921
T,ACA,0.429532137662172,0.330193149298429,0.535794971883297
T,ACC,0.197324959200621,0.129190343990922,0.268712608516216
T,ACG,0.656879892170429,0.55442654043436,0.763215905427933
V,GTA,-0.0554214409915076,-0.117762418836355,0.0074933732743375
V,GTC,0.31228697527647,0.237264186143875,0.389567828923464
V,GTG,0.467241839766502,0.393144687265158,0.542282581329346
Y,TAC,-0.292368756276369,-0.400833648443222,-0.18308619633317
Z,AGC,-0.151723682926362,-0.25984518751502,-0.0452864617109299
