AA,Codon,Posterior,0.025%,0.975%
A,GCA,-0.449282098817825,-0.554690809547901,-0.341328079253435
A,GCC,-1.01273094547987,-1.11737081408501,-0.908662502467632
A,GCG,-1.21865938580036,-1.3198026150465,-1.12182943224907
C,TGC,-0.125370978151781,-0.316707023233175,0.0726657863706349
D,GAC,0.844560115277767,0.73352894037962,0.9537572234869
E,GAA,-0.598953503620624,-0.700855892896652,-0.49192076548934
F,TTC,0.776204678583145,0.662848441302776,0.892993129789829
G,GGA,0.073980852786763,-0.118591609038413,0.270352807641029
G,GGC,-0.387498347771168,-0.485125575214624,-0.288338155299425
G,GGG,0.0328609556848027,-0.113384048268199,0.180808983743191
H,CAC,0.707087082749605,0.556193540990353,0.865047231316566
I,ATA,1.19417564170361,0.9545553997159,1.4331658154726
I,ATC,0.479876456129551,0.393809892982245,0.571305145323276
K,AAA,-1.08338963325024,-1.18716678619385,-0.979633887112141
L,CTA,0.984596237432957,0.761580590903759,1.19979608952999
L,CTC,0.467905274906754,0.327781540900469,0.60335049778223
L,CTG,-0.780188568794727,-0.890563091635704,-0.670105451345444
L,CTT,0.410244831052423,0.260833123326302,0.562784951925278
L,TTA,-0.0817251897722239,-0.222498738020658,0.05740421526134
N,AAC,0.247232006751746,0.119518397375941,0.376564346253872
P,CCA,0.0607390952889971,-0.130362789332867,0.251128963381052
P,CCC,-0.272738631007646,-0.49931298866868,-0.0482133381068708
P,CCG,-0.867477459847927,-1.02458855807781,-0.710406725108624
Q,CAA,0.301040138742328,0.185323676094413,0.416746594011784
R,AGA,1.53195509004593,1.19582999646664,1.87027024924755
R,AGG,1.08887768447995,0.669218622148037,1.48633825182915
R,CGA,0.674811898481846,0.418566466867924,0.928141936659813
R,CGC,-0.512107317590713,-0.611434480547905,-0.412803889811039
R,CGG,0.033381513457182,-0.152191748842597,0.225849717855453
S,TCA,-0.164788305894873,-0.348789381980896,0.0136725042015314
S,TCC,-0.140001842774558,-0.278587484359741,0.00199163320357906
S,TCG,-0.807922369074822,-0.964808131754398,-0.65092386752367
T,ACA,-0.25216418196077,-0.431651449203491,-0.0721889194101097
T,ACC,-1.21797953616381,-1.33925442993641,-1.09719845354557
T,ACG,-1.16464703577757,-1.30547831058502,-1.02534986138344
V,GTA,0.449728938347101,0.3200699031353,0.57730533182621
V,GTC,-0.399966408532858,-0.518356554210186,-0.283739094436169
V,GTG,-0.868723625266552,-0.974914959073067,-0.766625215113163
Y,TAC,0.532545784300566,0.380070122331381,0.690813109278679
Z,AGC,-0.262286001817277,-0.419654478877783,-0.105514549463988
