AA,Codon,Posterior,0.025%,0.975%
A,GCA,0.263912361276968,0.0188571411184967,0.512098041176796
A,GCC,0.632719443796575,0.374615325033665,0.901480621099472
A,GCG,0.483811871472001,0.258517224341631,0.710656096041202
C,TGC,0.202916323447402,-0.368802300095558,0.845992711186409
D,GAC,-0.463230811271816,-0.68036807924509,-0.256636215746403
E,GAA,-0.170434801176243,-0.38869217634201,0.0283244129735976
F,TTC,-0.656656135627627,-0.962711223959923,-0.37086135968566
G,GGA,1.45639876541495,0.849537718296051,2.19760395288467
G,GGC,0.0759754868481723,-0.145771219581366,0.292581968009471
G,GGG,0.984066015097499,0.541481882333755,1.48983374536037
H,CAC,-0.669310179177392,-1.13014749288559,-0.250423015654088
I,ATA,1.08407292763442,0.291911295056343,2.09012715816498
I,ATC,-0.578754642775655,-0.825564880669117,-0.339243733882904
K,AAA,-0.65022527553197,-1.12560752928257,-0.254172964394093
L,CTA,0.192402925142987,-0.549397824704647,1.03979412913322
L,CTC,-0.735029580754787,-1.18301067948341,-0.305330161750317
L,CTG,-0.87343936419487,-1.29449506402016,-0.49474665299058
L,CTT,0.105731561035492,-0.498752427101135,0.761083306372166
L,TTA,0.007290964998852,-0.496227690577507,0.512837938964366
N,AAC,-0.910546022066474,-1.33288354277611,-0.528234194219113
P,CCA,-0.0316522049905849,-0.457769725471735,0.420279707759618
P,CCC,1.10701269990951,0.384621275216341,1.94409119486809
P,CCG,-0.406993494092318,-0.769946111738682,-0.0861495612189174
Q,CAA,0.686304420474172,0.366148236393929,1.0276964366436
R,AGA,3.3137988273561,1.21547313332558,6.76937747001648
R,AGG,3.41455342379808,1.460738748312,6.60131242275238
R,CGA,1.83515120909214,0.994527378678322,2.87991331815719
R,CGC,0.506039883708954,0.278649964183569,0.739982317388058
R,CGG,1.47020769571066,0.932341895997524,2.09554251432419
S,TCA,0.6129815636146,0.2059281822294,1.05593699514866
S,TCC,0.263956449762644,-0.0642699029296636,0.599786013364791
S,TCG,0.728331222387403,0.370270075649023,1.11690792441368
T,ACA,0.779439092281437,0.239602487161756,1.42888538241386
T,ACC,0.0400232541709338,-0.268142830580473,0.327061105519533
T,ACG,0.49839975625698,0.13713098205626,0.877215445041656
V,GTA,0.280271732252248,0.0253672975581139,0.547932453453541
V,GTC,0.663716506722569,0.398937102407217,0.95060108602047
V,GTG,0.324543239799025,0.145873306691647,0.504824234545231
Y,TAC,-0.405049797811336,-0.72553366869688,-0.088644127547741
Z,AGC,-0.5977750540904,-1.11336239278317,-0.139099225029349
