AA,Codon,Posterior,0.025%,0.975%
A,GCA,0.141445557294413,0.07233797442168,0.209224988520145
A,GCC,0.415316826397181,0.337320271879435,0.495093529671431
A,GCG,0.285042229634523,0.219900169968605,0.351920509338379
C,TGC,-0.116597162952838,-0.303562063723803,0.0589023094624281
D,GAC,-0.38054759003818,-0.46461893543601,-0.299420437216759
E,GAA,-0.151703589154407,-0.231325040012598,-0.0739033084362745
F,TTC,-0.605144654148817,-0.707022511959076,-0.499324583262205
G,GGA,1.41805647416115,1.17870460748672,1.6659227758646
G,GGC,0.14982878308408,0.0840735409408808,0.217219199240208
G,GGG,0.81594859957695,0.67497337013483,0.962163914740086
H,CAC,-0.503521538299322,-0.641884016990662,-0.374559753388166
I,ATA,1.51661498806477,1.17091801464558,1.88871051371097
I,ATC,-0.385688838851452,-0.455765070766211,-0.314727745950222
K,AAA,-0.0508962241162259,-0.119771600700915,0.0181463836692273
L,CTA,0.496213059402071,0.21997588314116,0.78318318426609
L,CTC,-0.389167489399016,-0.532268446683884,-0.24472190476954
L,CTG,-0.722250456285477,-0.84093359708786,-0.604940566420555
L,CTT,-0.162600086109962,-0.323524752259254,-2.00637384296124e-05
L,TTA,0.157164280036214,-0.0044634472578764,0.32406348362565
N,AAC,-0.677294239109755,-0.796540439128876,-0.557978500425816
P,CCA,-0.269773228700436,-0.453701955080032,-0.0898068690672518
P,CCC,0.699376875400543,0.418875975161791,0.98825659006834
P,CCG,-0.473943678224087,-0.634816841781139,-0.319261740893126
Q,CAA,0.379019570708275,0.276632525026798,0.482571829110384
R,AGA,1.58704245934486,1.1256364941597,2.09523547291756
R,AGG,2.9300265073061,2.20141075253487,3.7279942214489
R,CGA,1.64143697904348,1.30131799280643,1.99957365095615
R,CGC,0.367473652666807,0.289552327990532,0.444722405076027
R,CGG,1.57512760782242,1.32910640537739,1.8241446107626
S,TCA,0.638881704807281,0.480242163687944,0.804977597296238
S,TCC,0.0996130083987489,0.0118402881780639,0.190605759620666
S,TCG,0.734753760802746,0.594739572703838,0.880224676430225
T,ACA,0.722386366319656,0.550830410420895,0.893839052319527
T,ACC,0.108089702201902,0.0282781192567199,0.18748320415616
T,ACG,0.666873314344883,0.552678717672825,0.785170087218285
V,GTA,0.0905383291803999,0.0114840884460136,0.168783018738031
V,GTC,0.432940477222204,0.345781426876783,0.523471890389919
V,GTG,0.389762513381243,0.316358102113009,0.466164825111628
Y,TAC,-0.341430173696578,-0.47160010188818,-0.213519381731749
Z,AGC,-0.624795042312145,-0.78954771310091,-0.465610544383526
