AA,Codon,Posterior,0.025%,0.975%
A,GCA,-0.455128277993202,-0.538611978292465,-0.368711289763451
A,GCC,-0.848238477444649,-0.933386628329754,-0.767338845133781
A,GCG,-0.983901965379715,-1.06378797888756,-0.902305616438389
C,TGC,-0.0368207524436715,-0.189949992671609,0.120576608739793
D,GAC,0.794672244715691,0.70555117726326,0.882966855168343
E,GAA,-0.722020937228203,-0.807989899814129,-0.634864471852779
F,TTC,0.878934227466583,0.786787581443787,0.972963823378086
G,GGA,0.0986583928417909,-0.0291508969385177,0.227145005762577
G,GGC,-0.380064546751976,-0.456876389682293,-0.301839376240969
G,GGG,0.0787921294394124,-0.0404009567573667,0.196827225014567
H,CAC,0.727120781564712,0.601586365699768,0.858784036338329
I,ATA,1.07373321261406,0.916831919550896,1.22464164495468
I,ATC,0.532359791886806,0.458625727891922,0.609536783397198
K,AAA,-1.09312794346809,-1.18228652477264,-1.00139588415623
L,CTA,1.0238179557085,0.868788735568523,1.18439591228962
L,CTC,0.424941483467817,0.321068545430899,0.537775126099587
L,CTG,-0.718781356620789,-0.806463277339935,-0.631476478278637
L,CTT,0.216692719561607,0.110534043051302,0.329221333563328
L,TTA,-0.251334695602953,-0.356691589951515,-0.1460698466748
N,AAC,0.435703437721729,0.338941302895546,0.540475615859032
P,CCA,0.0206228695132959,-0.112980723567307,0.161313186958432
P,CCC,-0.334739715152979,-0.496958506852388,-0.171664199233055
P,CCG,-0.581283854448795,-0.696911332011223,-0.467249988019466
Q,CAA,0.232252046635747,0.143218968063593,0.323285036534071
R,AGA,1.04892663326263,0.847459022700787,1.25988088846207
R,AGG,1.34516372430325,1.07705257534981,1.62611528933048
R,CGA,0.426423718219995,0.256780340522528,0.596804942190647
R,CGC,-0.336112453329563,-0.420095453411341,-0.252597995847464
R,CGG,-0.0380569422241533,-0.206578772887588,0.127858391776681
S,TCA,-0.29989202991426,-0.436185602843761,-0.166192591562867
S,TCC,-0.0595821990845841,-0.179775177314878,0.059844408929348
S,TCG,-0.547489425349236,-0.681122609972954,-0.41042609885335
T,ACA,-0.580107731533051,-0.706815715134144,-0.445308566093445
T,ACC,-1.04149743504524,-1.13905537426472,-0.945031599700451
T,ACG,-1.05655736458302,-1.17241988778114,-0.939106339216232
V,GTA,0.498278057587147,0.405917007476091,0.591751876473427
V,GTC,-0.0733819221977348,-0.173176375776529,0.0223747446667403
V,GTG,-0.585392502403259,-0.670696832239628,-0.498584872484207
Y,TAC,0.5882891264081,0.476115961372852,0.705656632781029
Z,AGC,-0.207906528986245,-0.331467273086309,-0.081133284047246
