AA,Codon,Posterior,0.025%,0.975%
A,GCA,0.164198359636962,0.104125562310219,0.224279014021158
A,GCC,0.418964725232124,0.352290349453688,0.48878715261817
A,GCG,0.460090229892731,0.395116936415434,0.526880112290382
C,TGC,-0.103181960232905,-0.26781589537859,0.0573330411687495
D,GAC,-0.244221843454242,-0.317717058956623,-0.173039879649878
E,GAA,-0.15215915132463,-0.229390102252364,-0.0774884600192308
F,TTC,-0.228086440604925,-0.308941894024611,-0.14910166785121
G,GGA,0.764725770330429,0.631383039057255,0.905714337527752
G,GGC,0.145647266408801,0.0855132618919015,0.208685917034745
G,GGG,0.634643933236599,0.524116641283035,0.75683613717556
H,CAC,-0.385428024458885,-0.497420817613602,-0.274174407124519
I,ATA,0.69317296526432,0.524917417764664,0.876658102869988
I,ATC,-0.247370246380568,-0.304643097519875,-0.188608842343092
K,AAA,-0.00591545685299934,-0.0681705201044679,0.0573002861812711
L,CTA,0.136820759781564,-0.0437345495447516,0.313396416604519
L,CTC,-0.2778427980721,-0.384213664382696,-0.175261893868446
L,CTG,-0.408784493517876,-0.496583271771669,-0.32238427400589
L,CTT,-0.239728961700201,-0.345191543549299,-0.132485428079963
L,TTA,-0.0271640012896765,-0.136589279770851,0.0792964665219189
N,AAC,-0.423932870721817,-0.508699589967728,-0.336035893857479
P,CCA,0.0497507856073134,-0.0665001668035984,0.167249041795731
P,CCC,0.542862206119299,0.374289385229349,0.714881671965122
P,CCG,-0.0231193837350307,-0.121025426313281,0.0753621457144618
Q,CAA,0.0709222131297443,-0.0113437624415383,0.150605549663305
R,AGA,0.78544608733654,0.56564144641161,1.00562077462673
R,AGG,1.26145861296654,0.92029372304678,1.61504137516022
R,CGA,1.09891376364231,0.897948643565178,1.30783574581146
R,CGC,0.203121455824375,0.139125103875995,0.270300225168467
R,CGG,1.55290328760147,1.33800581395626,1.79481232464314
S,TCA,0.418316624522209,0.30231394842267,0.541256050765514
S,TCC,0.0810373838540458,-0.000741483367164619,0.171354775875807
S,TCG,0.798433640360832,0.658839777112007,0.946933490037918
T,ACA,0.494289469826221,0.388847664743662,0.603044474124908
T,ACC,0.226594449284673,0.160048423334956,0.296401046216488
T,ACG,0.73203703289032,0.626223210990429,0.842102043330669
V,GTA,-0.0486294034398925,-0.112923444807529,0.0131669678492472
V,GTC,0.26660931276083,0.189474496990442,0.347052788734436
V,GTG,0.455272166728973,0.378289124369621,0.530338129401207
Y,TAC,-0.331062487268448,-0.443720649927855,-0.217869534343481
Z,AGC,-0.217777225251868,-0.336783623695374,-0.103957994282246
