AA,Codon,Posterior,0.025%,0.975%
A,GCA,0.228732778081298,0.149798681214452,0.310986812412739
A,GCC,0.334149225407839,0.253398698568344,0.414695424586535
A,GCG,0.142959721247107,0.0707234174013138,0.212238989770413
C,TGC,-0.242819365560322,-0.416294536739588,-0.0722447182983158
D,GAC,-0.265284632450342,-0.34586053788662,-0.1855413492769
E,GAA,-0.135148356815055,-0.21786879375577,-0.0558471675030887
F,TTC,-0.722599405479431,-0.829287703335285,-0.627524793148041
G,GGA,1.38529094829559,1.1940375328064,1.57098872959614
G,GGC,0.120832845149189,0.0568127379752696,0.18674354813993
G,GGG,0.825242310261726,0.694387219846249,0.963899467885494
H,CAC,-0.582652522742748,-0.728309464454651,-0.441825767606497
I,ATA,2.22100171661377,1.86111823916435,2.59324777722359
I,ATC,-0.446587293744087,-0.526572191715241,-0.367795876413584
K,AAA,-0.141912610085681,-0.238461599871516,-0.0502005629241466
L,CTA,0.410756108794361,0.16547025591135,0.655712547898293
L,CTC,-0.304667962649465,-0.454396785050631,-0.159928027167916
L,CTG,-0.786995148801804,-0.900076222419739,-0.675108134746552
L,CTT,0.185600832160958,0.0257638336159289,0.349022679775953
L,TTA,0.53235125900507,0.370710751414299,0.699544800817966
N,AAC,-0.933112700247765,-1.05843490958214,-0.811459028720856
P,CCA,-0.38668836697191,-0.585126279294491,-0.199032469838858
P,CCC,0.812205709052086,0.52298024892807,1.10673679411411
P,CCG,-0.921914297366142,-1.08904984891415,-0.752422349154949
Q,CAA,0.578651226305962,0.46150378882885,0.697632817924023
R,AGA,2.53066608252525,2.04154031872749,3.02443673014641
R,AGG,3.46997461366653,2.65180251002312,4.35053012371063
R,CGA,2.1562140583992,1.8494351297617,2.46833001375198
R,CGC,0.246712191614509,0.167689709737897,0.329416300356388
R,CGG,1.86709552330971,1.59840562343597,2.14314680695534
S,TCA,0.684516653013229,0.518702283501625,0.848956398665905
S,TCC,0.0740589406237385,-0.0325885171070695,0.184738989919424
S,TCG,0.510054058229923,0.373460342735052,0.646314479410648
T,ACA,1.30936571166515,1.11154381036758,1.51243437230587
T,ACC,0.00732611595191411,-0.0781270181760192,0.0938570201396942
T,ACG,0.539415437912941,0.420100262761116,0.658252699673176
V,GTA,-0.000182613096485147,-0.0910762967541814,0.0910677000880242
V,GTC,0.266384739151597,0.172697787359357,0.362642922997475
V,GTG,0.124536794076115,0.0497342793270946,0.202807552739978
Y,TAC,-0.448953439247608,-0.560279455780983,-0.338794936984777
Z,AGC,-0.616895578742027,-0.784001283347607,-0.450589573383331
