AA,Codon,Posterior,0.025%,0.975%
A,GCA,-0.341071387825906,-0.436397378891706,-0.245081813633442
A,GCC,-0.713383132791519,-0.81171649992466,-0.615271781384945
A,GCG,-0.778350753295422,-0.875094847381115,-0.682860223948956
C,TGC,0.0484574082283483,-0.13893666267395,0.24224754422903
D,GAC,0.727913353633881,0.621537117660046,0.833166921138763
E,GAA,-0.724526179325581,-0.825579585134983,-0.620382195711136
F,TTC,0.889526750636101,0.780113559961319,1.00529908239841
G,GGA,0.123667186501124,-0.0338579015806317,0.282915592938661
G,GGC,-0.438156335765123,-0.537800554931164,-0.341717001050711
G,GGG,0.064409328243517,-0.0822441097348928,0.213081067800522
H,CAC,0.535698677945137,0.398909624665976,0.675699457526207
I,ATA,1.11380377215147,0.947966128587723,1.27901538908482
I,ATC,0.482828051781654,0.396648022532463,0.567303189635277
K,AAA,-1.12888093231916,-1.23019016981125,-1.02557582259178
L,CTA,1.00339423877001,0.827561314404011,1.17819427847862
L,CTC,0.298383403514326,0.17356654368341,0.423801930248737
L,CTG,-0.763746471297741,-0.862967775762081,-0.665965205430984
L,CTT,0.166471287281287,0.0469718121923506,0.288483820110559
L,TTA,-0.245107066395879,-0.359291457384825,-0.131286580115557
N,AAC,0.397028683027625,0.282032381743193,0.514687782526016
P,CCA,0.110708222525116,-0.0454777401871979,0.267600545287132
P,CCC,-0.305224869328644,-0.479245916008949,-0.132694684714079
P,CCG,-0.507614412990212,-0.640679220855236,-0.37451246380806
Q,CAA,0.257184359597415,0.154336582869291,0.361052587628365
R,AGA,1.00621543831825,0.791353386640549,1.22437337040901
R,AGG,1.38434319679737,1.06935776174068,1.69462457597256
R,CGA,0.491205120556056,0.303657034784555,0.686833620071411
R,CGC,-0.306754074326158,-0.408535902947187,-0.206922841817141
R,CGG,0.144914878387708,-0.0430198895744979,0.340914966166019
S,TCA,-0.270891486267,-0.42419548407197,-0.123589779995382
S,TCC,0.00276726868240839,-0.129932825639844,0.14038529060781
S,TCG,-0.425569611775875,-0.586005122959614,-0.265186317265034
T,ACA,-0.477421294149756,-0.614688390493393,-0.335832136869431
T,ACC,-0.954445917630196,-1.06568201184273,-0.840909700095654
T,ACG,-0.863290237295628,-0.998975951969624,-0.731557223200798
V,GTA,0.562383022046089,0.454413361847401,0.674271056056023
V,GTC,-0.0624261130333093,-0.171353758499026,0.044891407713294
V,GTG,-0.476934721195698,-0.577793692052364,-0.375787629932165
Y,TAC,0.383785269585252,0.242157134786248,0.527847728133201
Z,AGC,-0.307534675361216,-0.443198566883802,-0.174402674287558
