AA,Codon,Posterior,0.025%,0.975%
A,GCA,0.173541093204642,0.00563382289838046,0.340312345325947
A,GCC,0.284164521038195,0.112503954209387,0.448055658489466
A,GCG,-0.0149803802702736,-0.162140452489257,0.1279038336128
C,TGC,-0.366499670861167,-0.772256574034691,0.00375204977462994
D,GAC,-0.300531561326236,-0.434015043079853,-0.169857678562403
E,GAA,-0.0305855178046819,-0.162812485173345,0.103354572877288
F,TTC,-0.647797938984632,-0.843514601886272,-0.457291110605001
G,GGA,1.01591060353518,0.714173248410225,1.33224548101425
G,GGC,0.122081165025836,-0.00256343848886899,0.245236516743898
G,GGG,0.93035661868453,0.660070897638798,1.21754545271397
H,CAC,-0.424667072037049,-0.688466082513332,-0.165270403772593
I,ATA,2.1119631670475,1.35923316180706,2.97044712901115
I,ATC,-0.270515517282486,-0.410295387357473,-0.136314539238811
K,AAA,0.0273216499188246,-0.126554398238659,0.174211785942316
L,CTA,0.415206081404188,-0.0692058315500617,0.948103334009647
L,CTC,-0.0600833822902343,-0.357188911736012,0.228834183141589
L,CTG,-0.751218106329441,-0.97130980938673,-0.550786003470421
L,CTT,0.070068314427416,-0.211353127658367,0.3634142331779
L,TTA,0.655443171913177,0.319332668185234,1.01485559642315
N,AAC,-0.763037675839663,-0.963967667520046,-0.572622989118099
P,CCA,-0.267830744433013,-0.589057606458664,0.0581598680466406
P,CCC,1.27215903652906,0.742100508511066,1.84883815348148
P,CCG,-0.774607728469372,-1.04771966040134,-0.517561377584934
Q,CAA,0.550570502886176,0.348392674326897,0.758064140379428
R,AGA,2.13404025971889,1.38698421120644,3.03785734772682
R,AGG,2.46464459533691,1.45388944745064,3.7198412001133
R,CGA,2.22127220797539,1.5770230203867,3.03242649435997
R,CGC,0.251009783478128,0.115627946704626,0.390211429446936
R,CGG,1.46788050144911,1.07851110100746,1.86172831356525
S,TCA,0.87135626270175,0.553251087665558,1.22149574160576
S,TCC,0.113337884379821,-0.0890969363972545,0.323093470931053
S,TCG,0.304728839763254,0.0994505057111383,0.514926339685917
T,ACA,1.13720389401913,0.78667344301939,1.51652008593082
T,ACC,0.109084895768381,-0.044285178091377,0.263318400084972
T,ACG,0.404788337041438,0.214567837491631,0.596388161182403
V,GTA,0.00815753600425105,-0.1708765424788,0.183591929078101
V,GTC,0.321539554907568,0.130757761374116,0.529080864787102
V,GTG,0.10690367664716,-0.0463049278594553,0.256114782392979
Y,TAC,-0.313933362553269,-0.510723869502544,-0.123434049449861
Z,AGC,-0.643954406504333,-0.992742104828358,-0.309206478297711
