AA,Codon,Posterior,0.025%,0.975%
A,GCA,0.110686933077034,0.0460627932101488,0.17464312016964
A,GCC,0.350534159445763,0.274706037342548,0.426688941568136
A,GCG,0.341689831382036,0.270923789590597,0.412413785606623
C,TGC,-0.163368731517496,-0.344306524097919,0.0101290754741057
D,GAC,-0.206216445080936,-0.284080449491739,-0.128426517918706
E,GAA,-0.151246575198323,-0.236958070471883,-0.0672589907422663
F,TTC,-0.235326882598549,-0.325766728818417,-0.148960172384977
G,GGA,0.732606264275312,0.585216353833675,0.885542897880077
G,GGC,0.175661264910549,0.10896258726716,0.244055689126253
G,GGG,0.638234273982048,0.506424905359745,0.776777504384518
H,CAC,-0.260144103972614,-0.378604685515165,-0.144262000545859
I,ATA,0.646675854104757,0.46361160799861,0.841705606877804
I,ATC,-0.218033727231622,-0.284090473502874,-0.153196358308196
K,AAA,0.0121899940927422,-0.0561583683826029,0.0771148471161723
L,CTA,0.151775753699654,-0.0282173378858715,0.340885303169489
L,CTC,-0.181751048984379,-0.29899342879653,-0.0640983883291484
L,CTG,-0.371024653726816,-0.462924326211214,-0.277537930011749
L,CTT,-0.19730761246332,-0.309983529150486,-0.0805927745997906
L,TTA,-0.0281703048929063,-0.139216215908527,0.0832770243287086
N,AAC,-0.399094063356519,-0.494938518851995,-0.306272325664759
P,CCA,-0.00735245497957512,-0.138991062343121,0.125361834466457
P,CCC,0.531464666253328,0.359098295867443,0.713872069120407
P,CCG,-0.0697091046514226,-0.178831579163671,0.0386892336420714
Q,CAA,0.0539273336788232,-0.0320543345063925,0.141181622073054
R,AGA,0.833760901534557,0.611651742458344,1.08328520655632
R,AGG,1.23795636571646,0.851717405021191,1.63719384074211
R,CGA,1.04354937925339,0.818275031447411,1.27135878801346
R,CGC,0.188739854034781,0.116654296591878,0.262818749994039
R,CGG,1.35856782200336,1.13081705272198,1.59761940538883
S,TCA,0.40649827709794,0.283116305619478,0.536417561769485
S,TCC,0.0497871807211355,-0.0402150704525411,0.142116714641452
S,TCG,0.705270355552435,0.552853427827358,0.860849776864052
T,ACA,0.442588231402636,0.330782493948936,0.557616554200649
T,ACC,0.186071457177401,0.108750784955919,0.265232713520527
T,ACG,0.60517690423727,0.490955556184053,0.72290805876255
V,GTA,-0.0773846102825316,-0.145624552294612,-0.00891099716536704
V,GTC,0.267683329290152,0.183817913755774,0.351825439184904
V,GTG,0.385325734701753,0.304519937932491,0.47106778845191
Y,TAC,-0.195441824366897,-0.317590653151274,-0.0731673311442138
Z,AGC,-0.14745012527206,-0.266636330634356,-0.0282707798294724
