AA,Codon,Posterior,0.025%,0.975%
A,GCA,-0.373666186577082,-0.461997616291046,-0.288768128305674
A,GCC,-0.812949729645252,-0.899982196092606,-0.727863620221615
A,GCG,-0.925921222496033,-1.0101553350687,-0.844861327111721
C,TGC,0.0254989385905945,-0.138231120631099,0.187610726058483
D,GAC,0.778313475215435,0.692910662293434,0.86450524777174
E,GAA,-0.740175839209557,-0.823884457349777,-0.655822591483593
F,TTC,0.9229761333704,0.828062212467194,1.01833379268646
G,GGA,0.119255201622396,-0.0175511644221842,0.258026262372732
G,GGC,-0.418891164016724,-0.499103792756796,-0.340325018018484
G,GGG,-0.0299799668219228,-0.148062390834093,0.0885295663028955
H,CAC,0.60546016767025,0.479414162039757,0.732364208996296
I,ATA,1.08771055306196,0.931458246707916,1.24255488812923
I,ATC,0.536220309191942,0.461793707311153,0.610727865993977
K,AAA,-1.13858335555792,-1.22902727425098,-1.04642013311386
L,CTA,1.071341226089,0.913452769815922,1.22879333794117
L,CTC,0.418370477575064,0.307966067641973,0.533283086121082
L,CTG,-0.719269079244137,-0.804501530528068,-0.628557379543781
L,CTT,0.2666995109424,0.154458455368876,0.378473294526339
L,TTA,-0.21617737336047,-0.320108014345169,-0.109835252724588
N,AAC,0.394548674538732,0.292759282141924,0.497928221523762
P,CCA,0.001563149434566,-0.134888733550906,0.144478824734688
P,CCC,-0.337280491071939,-0.49439494907856,-0.174135132879019
P,CCG,-0.628769221955538,-0.747972100973129,-0.506475619971752
Q,CAA,0.257880194409192,0.16716004870832,0.347172876447439
R,AGA,1.03502480158806,0.822600507736206,1.24481280148029
R,AGG,1.32898423217535,1.04415064454079,1.59225944876671
R,CGA,0.523004519927502,0.346167016774416,0.70738957375288
R,CGC,-0.318313974192739,-0.403305798768997,-0.230988863110542
R,CGG,-0.0282464266701769,-0.195215386524796,0.135558515414595
S,TCA,-0.364970983213186,-0.501940588653088,-0.227886221185327
S,TCC,-0.0589643718125019,-0.174292633682489,0.0633292656391859
S,TCG,-0.56896928203702,-0.707986912131309,-0.427958226948977
T,ACA,-0.461944865098596,-0.593942469358444,-0.33541889116168
T,ACC,-1.0230716548562,-1.12178410291672,-0.924834363162518
T,ACG,-0.954611893260479,-1.06937690675259,-0.839610069990158
V,GTA,0.479038177424669,0.38420018106699,0.576280881464481
V,GTC,-0.122845186568052,-0.219013595953584,-0.0293909130617977
V,GTG,-0.601046785658598,-0.683239057660103,-0.516328808665276
Y,TAC,0.618429608094692,0.497146658599377,0.744638352096081
Z,AGC,-0.293216720923036,-0.41468553468585,-0.168757346644998
