AA,Codon,Posterior,0.025%,0.975%
A,GCA,0.0165901320580328,-0.0732431845739484,0.103490958362818
A,GCC,0.231162577186525,0.140061470493674,0.321764287352562
A,GCG,0.0245149219182606,-0.0557750206440687,0.108476234786212
C,TGC,-0.353274595477805,-0.548408354818821,-0.157738117873669
D,GAC,-0.275218360289931,-0.350473472476006,-0.197816263139248
E,GAA,-0.167891235110536,-0.252700024843216,-0.0855604533106089
F,TTC,-0.818590156567097,-0.927159379422665,-0.71254478096962
G,GGA,1.45757068793774,1.25491261780262,1.66669842004776
G,GGC,0.132211416560411,0.0647588195279241,0.198621712625027
G,GGG,0.868978682267666,0.734724467992783,1.01087149381638
H,CAC,-0.564339540052414,-0.710601139068604,-0.415758056938648
I,ATA,1.90978862192631,1.56456291973591,2.26650612354279
I,ATC,-0.464487922757864,-0.544890797138214,-0.384416224062443
K,AAA,-0.0882445585189853,-0.179561483487487,0.00158774044248266
L,CTA,0.2731122073796,0.00677234602626414,0.541005559265613
L,CTC,-0.342892708440498,-0.500088332593441,-0.188300641998649
L,CTG,-0.911907913422584,-1.03695304095745,-0.791372454166412
L,CTT,-0.0269709440257563,-0.200764197483659,0.148438353464007
L,TTA,0.437151365718246,0.263268549740314,0.611334592103958
N,AAC,-0.889828083646298,-1.01665140986443,-0.765679723024368
P,CCA,-0.255917491091462,-0.437585466355085,-0.0809896651655436
P,CCC,0.907443050098419,0.651926642656326,1.16900797784328
P,CCG,-0.699150515371561,-0.854103565216064,-0.543920694291592
Q,CAA,0.581843996196985,0.461859317868948,0.700777417421341
R,AGA,2.64468041410446,2.12917048931122,3.20549209117889
R,AGG,2.61748510115147,2.02246273756027,3.28589149713516
R,CGA,1.82106330759525,1.4938780605793,2.15975446105003
R,CGC,0.290489718034863,0.203134888038039,0.376168930530548
R,CGG,1.82575408914089,1.55888890028,2.09024016261101
S,TCA,0.679678885769844,0.502378132939339,0.858122186362743
S,TCC,-0.0701298102414406,-0.181661342084408,0.0390100640244781
S,TCG,0.419423700901866,0.271506224572659,0.568638876080513
T,ACA,1.04225546969175,0.85485602915287,1.23896218538284
T,ACC,-0.023339674177312,-0.119842349737883,0.0717428434640168
T,ACG,0.489066483330727,0.358568977564573,0.61624701321125
V,GTA,0.00129617172589143,-0.0885769011452794,0.0920932577922939
V,GTC,0.37465172675252,0.269767616689205,0.479866464436054
V,GTG,0.145916323420452,0.065915615297854,0.225674357637763
Y,TAC,-0.528152389574051,-0.652062234282494,-0.404034791141748
Z,AGC,-0.620442187589407,-0.805488276481628,-0.443974636495114
