AA,Codon,Posterior,0.025%,0.975%
A,GCA,0.124012227587868,0.0666630182415247,0.186107005178928
A,GCC,0.405111985880136,0.336688847839832,0.474354366213083
A,GCG,0.429582054877281,0.360440239310265,0.496257099509239
C,TGC,-0.148265759725839,-0.31381303742528,0.0169394986238329
D,GAC,-0.235067737229168,-0.305140529572964,-0.16306093595922
E,GAA,-0.140890649789758,-0.215518905967474,-0.0701463609933854
F,TTC,-0.256532750804722,-0.340317277610302,-0.172663019225001
G,GGA,0.736968120229244,0.601076465845108,0.875691847503185
G,GGC,0.164818769458681,0.103342031314969,0.224091712012887
G,GGG,0.716654828333855,0.595044520497322,0.837977589666843
H,CAC,-0.30467425596416,-0.416877938807011,-0.193689180165529
I,ATA,0.680953913164139,0.502985551953316,0.859931768476963
I,ATC,-0.248301286974549,-0.308444098383188,-0.18582602404058
K,AAA,0.0167184253778645,-0.0475569318979979,0.0803820304572582
L,CTA,0.0927476278362621,-0.0800216412171721,0.272445568442345
L,CTC,-0.273791912464798,-0.383648131787777,-0.162065180763602
L,CTG,-0.410194032841921,-0.502671597898006,-0.319673222303391
L,CTT,-0.275704939562082,-0.387169896811247,-0.165243963897228
L,TTA,-0.0532330004550071,-0.165170543268323,0.0567242990247905
N,AAC,-0.396695241895318,-0.485393015295267,-0.310863941907883
P,CCA,0.0606238458823284,-0.0605976963415742,0.178580721840262
P,CCC,0.536762129431963,0.377142812311649,0.700858852267265
P,CCG,0.00576390367737113,-0.0935008101165295,0.102020282670856
Q,CAA,0.0536077816272853,-0.0248333908151835,0.131513185054064
R,AGA,0.803548555892706,0.576345039904118,1.03766221404076
R,AGG,1.28861333223581,0.942210786044598,1.6691917091608
R,CGA,1.00786265097857,0.798139120638371,1.22045248150825
R,CGC,0.195177422176301,0.126367207244039,0.263524147123098
R,CGG,1.55211805641651,1.33399326503277,1.78504747152328
S,TCA,0.463440221735835,0.34711794257164,0.584246762096882
S,TCC,0.0794824819932925,-0.007356023916509,0.166874916478991
S,TCG,0.810276426768303,0.66694006472826,0.952622988820076
T,ACA,0.422785839346051,0.317878110706806,0.527972175180912
T,ACC,0.220794621807337,0.14968000203371,0.29236399680376
T,ACG,0.665757339239121,0.562178337574005,0.772018618881702
V,GTA,-0.0388187833374017,-0.102148981019855,0.0273837680928409
V,GTC,0.296000757017732,0.217437594011426,0.376822476834059
V,GTG,0.462508458971977,0.388760366290808,0.536568079888821
Y,TAC,-0.351608843582869,-0.468560625612736,-0.232570124045014
Z,AGC,-0.157379666763148,-0.273441205918789,-0.0444577348418534
