AA,Codon,Posterior,0.025%,0.975%
A,GCA,0.195297103573009,0.0961842188611627,0.300576994568109
A,GCC,0.413470836874843,0.295411412417889,0.532842060923576
A,GCG,0.205127385974023,0.102916571497917,0.311041424423456
C,TGC,-0.580927443921566,-0.913009214401245,-0.27816381752491
D,GAC,-0.190167437119968,-0.29120474755764,-0.0885040439665318
E,GAA,-0.0878468365871522,-0.179266012087464,0.00418249481590461
F,TTC,-0.61110979834199,-0.775431074202061,-0.445330146700144
G,GGA,0.807779668945074,0.635785785317421,0.987681736052036
G,GGC,0.123446203718474,0.0239618722349405,0.221515338495374
G,GGG,0.626364306223392,0.479691669344902,0.781653152406215
H,CAC,-0.301092026223987,-0.479154665023088,-0.130080096423626
I,ATA,1.12992637212276,0.889344979822636,1.3836200773716
I,ATC,-0.384069993072748,-0.502554146945477,-0.271506123989821
K,AAA,-0.147299760308191,-0.254861724376678,-0.040003744699061
L,CTA,0.189566756365259,-0.0105733575532213,0.390204971283674
L,CTC,-0.401567612595856,-0.552079702913761,-0.248788430169225
L,CTG,-0.626909999340773,-0.776533202826977,-0.481804962456226
L,CTT,-0.186144364883134,-0.352112922072411,-0.0150314220692963
L,TTA,0.217282605093112,0.0164730811491609,0.416633253544569
N,AAC,-0.544638253432512,-0.696669545769691,-0.393735510855913
P,CCA,-0.179390851979813,-0.361862719804049,-0.000627656459255432
P,CCC,0.543015558077395,0.283538948744535,0.811967857182026
P,CCG,-0.410300017368794,-0.577630607783794,-0.244955939054489
Q,CAA,0.377933472386003,0.243678932264447,0.521293152868748
R,AGA,1.16395838820934,0.917711944878101,1.41604863703251
R,AGG,1.6366346724987,1.3291500300169,1.97201479673386
R,CGA,1.69322000362873,1.38266243040562,2.02823874354362
R,CGC,0.290653734015673,0.168614634126425,0.419336834549904
R,CGG,1.52517567415237,1.23866760134697,1.83715473711491
S,TCA,0.654160761475563,0.429502286016941,0.892452867329121
S,TCC,0.0372272211420241,-0.10925187561661,0.186228254064918
S,TCG,0.67217319534719,0.449296206235886,0.913384872674942
T,ACA,0.708848131519556,0.517573472857475,0.906614190340042
T,ACC,0.171099544355858,0.0462600051425397,0.296754346787929
T,ACG,0.538271446239948,0.372311422228813,0.71359438598156
V,GTA,0.0678054774134749,-0.0321383317001164,0.167168324440718
V,GTC,0.328423340761662,0.205130100622773,0.45468513444066
V,GTG,0.287982676810026,0.178507983312011,0.407609090209007
Y,TAC,-0.260075055873208,-0.426170285791159,-0.103181552514434
Z,AGC,-0.566607968080044,-0.777204239368439,-0.362582024931908
