AA,Codon,Posterior,0.025%,0.975%
A,GCA,-0.328643009781837,-0.427547701448202,-0.229781594499946
A,GCC,-0.718681026756763,-0.819541344046593,-0.615973721444607
A,GCG,-0.766630316734314,-0.862573470175266,-0.67052715420723
C,TGC,0.0293427591882422,-0.164752212539315,0.220122562721372
D,GAC,0.742495917212963,0.637349328398705,0.849037715792656
E,GAA,-0.777471486651897,-0.88425504565239,-0.668792654573917
F,TTC,0.902687913501263,0.792001701891422,1.01415821611881
G,GGA,0.118691326301316,-0.0382869395427406,0.275362673401833
G,GGC,-0.447889127534628,-0.547728908061981,-0.34691873267293
G,GGG,0.0844563339012406,-0.0581580953672528,0.22731372192502
H,CAC,0.543821804106235,0.401026467978954,0.69110162705183
I,ATA,1.10979152604342,0.943456290662289,1.2776387155056
I,ATC,0.489257441341877,0.401633857190609,0.57384919077158
K,AAA,-1.11864997291565,-1.22745393514633,-1.01167410314083
L,CTA,0.980154678833485,0.790800531208515,1.16256449222565
L,CTC,0.270390832667798,0.13895627297461,0.40066993907094
L,CTG,-0.78432586055994,-0.88489501029253,-0.683718326687813
L,CTT,0.141416360910548,0.0155723005300388,0.268549527972937
L,TTA,-0.262223993044347,-0.380388784408569,-0.146067314594984
N,AAC,0.414455030599236,0.301878160983324,0.535605256259441
P,CCA,0.118048679458561,-0.0398682007566094,0.27139865681529
P,CCC,-0.286799130631913,-0.463459844142199,-0.11064433529973
P,CCG,-0.476166098582745,-0.610183957219124,-0.338977074623108
Q,CAA,0.225417094073445,0.118802352808416,0.333256088942289
R,AGA,1.01306003404856,0.798049594461918,1.23040436208248
R,AGG,1.42495716372728,1.13249734342098,1.71611478030682
R,CGA,0.446246707969159,0.244478917494416,0.64888764321804
R,CGC,-0.301666435694695,-0.406972689181566,-0.201605586707592
R,CGG,0.127943976891716,-0.0736506324261427,0.323993171751499
S,TCA,-0.25964458411166,-0.410355768352747,-0.110278591141105
S,TCC,-0.0184434952600756,-0.157028986141086,0.118777551501989
S,TCG,-0.422487512241304,-0.588567487895489,-0.260332961380482
T,ACA,-0.464464947077632,-0.608822578191757,-0.322734963893891
T,ACC,-0.92111129373312,-1.03752770125866,-0.804920513927937
T,ACG,-0.850431039702892,-0.988432137668133,-0.712142869830132
V,GTA,0.573154217970371,0.461172603070736,0.6864735648036
V,GTC,-0.041478847053651,-0.152148747444153,0.0678998723626137
V,GTG,-0.44616153934598,-0.550874115526676,-0.341992922127247
Y,TAC,0.478571324503422,0.329141421616077,0.62823666036129
Z,AGC,-0.338281614850461,-0.474562394618988,-0.2015410117805
