AA,Codon,Posterior,0.025%,0.975%
A,GCA,0.104215383483469,0.0388335215859115,0.17045268304646
A,GCC,0.355298571953177,0.27758596688509,0.433444549888372
A,GCG,0.334343670541048,0.261323758214712,0.40503486841917
C,TGC,-0.151976316569312,-0.341135171055794,0.0222027915064244
D,GAC,-0.213707372951508,-0.295285853743553,-0.135595212876797
E,GAA,-0.117542433957011,-0.201833490654826,-0.0359661958180369
F,TTC,-0.243581187532842,-0.330477290600538,-0.150256468728185
G,GGA,0.736900702494383,0.589241555333137,0.886962147057056
G,GGC,0.181204688560963,0.11510998737067,0.251209663599729
G,GGG,0.620650296127796,0.491712686419487,0.751743178069592
H,CAC,-0.264819184851646,-0.385549368709326,-0.146230906620622
I,ATA,0.651795006197691,0.470380891114473,0.8418566390872
I,ATC,-0.22145794211179,-0.285670909285545,-0.156060463562608
K,AAA,0.00683876455212521,-0.0614838465116918,0.0766482384875417
L,CTA,0.169912767776538,-0.0193994036410004,0.369943077862263
L,CTC,-0.161373890253564,-0.281832127273083,-0.0404116816818714
L,CTG,-0.355571194273233,-0.451805001497269,-0.260008683055639
L,CTT,-0.179351744259725,-0.298393652588129,-0.0641465503722431
L,TTA,-0.0161724881802584,-0.133503747358918,0.100551968999207
N,AAC,-0.410575768351555,-0.511280731856823,-0.31759877204895
P,CCA,-0.0124291423049486,-0.143738488852978,0.123135498911142
P,CCC,0.519764364740252,0.34418188855052,0.705471457540989
P,CCG,-0.0888775342893698,-0.199384039267898,0.0224687554873526
Q,CAA,0.07492459542207,-0.012070294492878,0.163265071436763
R,AGA,0.831047160851955,0.607369421422482,1.07506958246231
R,AGG,1.18885836859941,0.825533948838711,1.55193170309067
R,CGA,1.08875993329287,0.859511315822601,1.32983633577824
R,CGC,0.185312250241637,0.11350813396275,0.2590492002666
R,CGG,1.38026766642332,1.14274292886257,1.63656435906887
S,TCA,0.397120981705189,0.275176681578159,0.526156167685985
S,TCC,0.0608332076813445,-0.0307303618174046,0.15554365105927
S,TCG,0.701150902926922,0.544633524119854,0.860441225767135
T,ACA,0.438246608406305,0.326878251135349,0.554542542994022
T,ACC,0.168200208288431,0.09151915833354,0.24467586800456
T,ACG,0.60163392829895,0.489524559676647,0.720772494375706
V,GTA,-0.0827809202952485,-0.151880958303809,-0.0140098421601579
V,GTC,0.255869832891226,0.171588252857327,0.342622296512127
V,GTG,0.366701453047991,0.281851079314947,0.451510269194841
Y,TAC,-0.258657742685825,-0.38693937510252,-0.134649065509439
Z,AGC,-0.126281247848272,-0.245766689255834,-0.00790929557988435
