AA,Codon,Posterior,0.025%,0.975%
A,GCA,0.105953608208834,-0.186875737830997,0.397579032927751
A,GCC,0.159242826414028,-0.119040700048208,0.429378686100244
A,GCG,-0.0781950562025115,-0.339257065951824,0.165224938839674
C,TGC,0.22275712047055,-0.362144204229116,0.878282102942467
D,GAC,-0.389168058795482,-0.60404871404171,-0.188333040103317
E,GAA,-0.142242783743655,-0.367225344479084,0.0658634046092628
F,TTC,-0.945117640417814,-1.28816017508507,-0.625916613638401
G,GGA,1.13286676441431,0.650170736014843,1.67855801284313
G,GGC,0.183705450826616,-0.0324124006554484,0.403173182159662
G,GGG,0.836986522722244,0.440471152961254,1.28094310462475
H,CAC,-0.121339682467499,-0.516788318753242,0.293265037983655
I,ATA,2.80575704503059,1.22245709896088,5.55510004758835
I,ATC,-0.397255385883525,-0.632256644964218,-0.173237006738783
K,AAA,0.0516897546275613,-0.205464881658554,0.293527315557003
L,CTA,0.793355413571632,-0.029575879080221,1.78897689580917
L,CTC,-0.218453746881636,-0.612107360363007,0.18161782361567
L,CTG,-0.639048052084446,-0.977428445219994,-0.347373539209366
L,CTT,0.368187008435375,-0.11832628659904,0.894328625500202
L,TTA,0.818311313980259,0.268886148184538,1.4289942920208
N,AAC,-0.755783504042029,-1.10122887790203,-0.430335800349713
P,CCA,-0.165932482626286,-0.651768128573895,0.310383915901184
P,CCC,2.37976943913102,1.17022832036018,3.92739696502685
P,CCG,-0.855749192172289,-1.25885996818542,-0.496854270249605
Q,CAA,0.635158683922887,0.3396479845047,0.952567620575428
R,AGA,2.24133867723942,1.18323865234852,3.76387003064156
R,AGG,3.20679307379127,1.2286482155323,6.48107043504714
R,CGA,2.30082906253338,1.37299357950687,3.42955810427666
R,CGC,0.333550117026875,0.107089446485043,0.546485567092895
R,CGG,1.63732589377761,0.999796319007874,2.33879464268684
S,TCA,0.542612144469703,0.127002773433924,0.993252983689307
S,TCC,0.18374677233929,-0.157390882447362,0.543091709911823
S,TCG,0.16755727566151,-0.150150052085519,0.47972230091691
T,ACA,0.594959653828247,0.0849322443827987,1.1341762393713
T,ACC,-0.0560717603639037,-0.427498227357864,0.276960271596908
T,ACG,-0.101391896470347,-0.474651850014925,0.228916811570525
V,GTA,-0.0289433247997789,-0.253598366677761,0.197220109775662
V,GTC,0.347016092352947,0.0985005376860499,0.614322838187218
V,GTG,0.101495735258267,-0.0873347513377666,0.287187837064266
Y,TAC,-0.214228142128009,-0.515237520635128,0.0836183950304984
Z,AGC,-0.397318046417945,-0.845215718448162,0.0225176223553717
