AA,Codon,Posterior,0.025%,0.975%
A,GCA,-0.355167839598656,-0.451145189255476,-0.260518068820238
A,GCC,-0.739031113624573,-0.836507886648178,-0.64196513146162
A,GCG,-0.823037711596489,-0.920946763455868,-0.727974529564381
C,TGC,0.0456562780264783,-0.1476975671947,0.239541456475854
D,GAC,0.742255808508396,0.638276848196983,0.849132862687111
E,GAA,-0.764752899038792,-0.867705371975899,-0.661122880876064
F,TTC,0.882153770935535,0.76802247017622,0.993268090486526
G,GGA,0.177292117267824,0.0229611091781408,0.329353009909391
G,GGC,-0.435815449297428,-0.532608118653297,-0.336137814819813
G,GGG,0.0725335194300395,-0.0709723997861147,0.213079955801368
H,CAC,0.564735555744171,0.423753342777491,0.704735399782658
I,ATA,1.10758964362144,0.942332758009434,1.28319229781628
I,ATC,0.499530030113459,0.415238957852125,0.583350320160389
K,AAA,-1.11583283107281,-1.21905555427074,-1.00880220532417
L,CTA,1.01822199741602,0.839360085129738,1.19537325203419
L,CTC,0.302695280215144,0.175474737212062,0.43030057027936
L,CTG,-0.774846470296383,-0.871365201473236,-0.675751565396786
L,CTT,0.145138015721017,0.0216403098311275,0.264439764618874
L,TTA,-0.246187067077681,-0.362616665661335,-0.12957396581769
N,AAC,0.419626734119654,0.302483727037907,0.53719766587019
P,CCA,0.0600333621003014,-0.0993754122406244,0.216144508868456
P,CCC,-0.307502797886357,-0.479683956503868,-0.132834966480732
P,CCG,-0.479716561174393,-0.61407595872879,-0.342223248630762
Q,CAA,0.246860072294623,0.142796402797103,0.350682057440281
R,AGA,1.0048668569684,0.778862051665783,1.2190495878458
R,AGG,1.46694220104218,1.17979971468449,1.76063801646233
R,CGA,0.42014422801137,0.222286015748978,0.614672492444515
R,CGC,-0.318478448396921,-0.417321884632111,-0.217534512281418
R,CGG,0.106075843179369,-0.0846093256026506,0.303877701610327
S,TCA,-0.267492820442282,-0.422793928533792,-0.115950807929039
S,TCC,-0.00608537739951789,-0.141185845807195,0.124925417453051
S,TCG,-0.443983801463246,-0.608341902494431,-0.283874985575676
T,ACA,-0.475119023650885,-0.614334005117416,-0.336302419006825
T,ACC,-0.931239053428173,-1.05005193948746,-0.813549914956093
T,ACG,-0.860992437028885,-1.00076384842396,-0.727357366681099
V,GTA,0.577409019172192,0.466177923232317,0.689177617430687
V,GTC,-0.0495535872125984,-0.158346182480454,0.0578343626111746
V,GTG,-0.451292080241442,-0.556803208589554,-0.347915616631508
Y,TAC,0.487876316231489,0.339369754493237,0.63742918074131
Z,AGC,-0.338455188979954,-0.472206853330135,-0.196209912002087
