AA,Codon,Posterior,0.025%,0.975%
A,GCA,0.195138712500184,0.0210947728250176,0.372209281474352
A,GCC,0.4476432121858,0.268280750513077,0.638849055767059
A,GCG,0.0875594673936925,-0.0622317822650075,0.236898171156645
C,TGC,-0.0940008602193728,-0.546856135129929,0.34977680966258
D,GAC,-0.209391166221141,-0.362554190307856,-0.0539828673936427
E,GAA,-0.0201553650407695,-0.165791451185942,0.123688017576933
F,TTC,-1.00477818263769,-1.24478452205658,-0.773985512554646
G,GGA,1.35519323176146,0.978362962603569,1.75778347849846
G,GGC,0.229228960209643,0.0846695560961962,0.376995155960321
G,GGG,0.734930122756958,0.491324643045664,1.00081238746643
H,CAC,-0.289869212264285,-0.548729963600636,-0.0382497672922909
I,ATA,1.73932109508514,1.00726107954979,2.60027470588684
I,ATC,-0.427811130771041,-0.597928328812122,-0.259968812763691
K,AAA,-0.196574847684713,-0.416737625002861,0.0197868256829677
L,CTA,0.596270671179646,0.0235419789794832,1.24440664350986
L,CTC,-0.265178952249014,-0.590430271625519,0.0473929631523787
L,CTG,-0.804230782371759,-1.05505530536175,-0.566705201566219
L,CTT,0.378303845332169,0.00682057245867329,0.797515311837196
L,TTA,0.442866062595951,0.0895337704569101,0.80920116007328
N,AAC,-1.08730331103802,-1.37169887423515,-0.825352601706982
P,CCA,-0.0240664522726351,-0.396111907064915,0.350768059492111
P,CCC,0.860554094068147,0.376058837771416,1.3609242618084
P,CCG,-0.715073308825493,-1.02011560797691,-0.443685631453991
Q,CAA,0.817554562997818,0.562943722307682,1.08190811574459
R,AGA,5.7201481338501,3.44073932170868,9.02918894290924
R,AGG,2.36714116101265,1.37886684834957,3.66594586968422
R,CGA,2.24028552780151,1.54560748636723,3.05225010514259
R,CGC,0.271616870237328,0.100811513513327,0.443807674199343
R,CGG,1.5454732580781,1.11128198802471,2.0200224339962
S,TCA,0.579190753236785,0.275058627873659,0.920414960384369
S,TCC,0.0140059710620586,-0.182418223470449,0.213609936460853
S,TCG,0.339363691217266,0.101910149119794,0.598013268411159
T,ACA,0.975055803716183,0.606677775084972,1.39784226119518
T,ACC,-0.0468578315524843,-0.245216425508261,0.14556468911469
T,ACG,0.370140645681089,0.12814291678369,0.629870800673962
V,GTA,-0.140428333569067,-0.329191781580448,0.0535902275703847
V,GTC,0.100111752960587,-0.0895009921863675,0.288503997772932
V,GTG,-0.0255236828900204,-0.187186591699719,0.132219428196549
Y,TAC,-0.399881758275628,-0.613196131587028,-0.1930315438658
Z,AGC,-0.758465068271756,-1.1609198063612,-0.393385379761458
