AA,Codon,Posterior,0.025%,0.975%
A,GCA,0.116371610896895,0.0501414816826582,0.181550512462854
A,GCC,0.363918981644511,0.289027033001184,0.439344447106123
A,GCG,0.36754257774055,0.29322472885251,0.440252482146025
C,TGC,-0.162278188540187,-0.344500309973955,0.0127250120742246
D,GAC,-0.214015956707299,-0.295447509735823,-0.136550965532661
E,GAA,-0.125485039109527,-0.208281702175736,-0.0437166252173484
F,TTC,-0.230851566669345,-0.319799001514912,-0.140914269909263
G,GGA,0.690387127989531,0.54768827855587,0.842757481336594
G,GGC,0.174991054582596,0.107030295021832,0.24500511623919
G,GGG,0.633039857065678,0.504824763536453,0.768666712939739
H,CAC,-0.278552495341003,-0.397988227009773,-0.160895770043135
I,ATA,0.653705786782503,0.463519379496574,0.842302903532982
I,ATC,-0.227575501865149,-0.291506284475327,-0.163067492470145
K,AAA,0.00515871236599796,-0.0668476479128003,0.070877543836832
L,CTA,0.136385709081384,-0.0451051754876971,0.326156651973724
L,CTC,-0.184584652430203,-0.302856444567442,-0.0667993769049645
L,CTG,-0.363003647235036,-0.45540185496211,-0.270707152783871
L,CTT,-0.182203647540597,-0.294621723890305,-0.0675223998725415
L,TTA,-0.0277255695009444,-0.141989798098803,0.0871231760829686
N,AAC,-0.412663486284018,-0.510915929079056,-0.317934212088585
P,CCA,0.0251241297403723,-0.102372017130256,0.160129412636161
P,CCC,0.532406464314461,0.35870655849576,0.715455697476864
P,CCG,-0.0853872762308267,-0.199316892027855,0.0223461924586444
Q,CAA,0.060799205911241,-0.0218342012260109,0.151332592591643
R,AGA,0.829427665746212,0.597447293996811,1.07657288908958
R,AGG,1.13870028868914,0.788356271386147,1.49349612295628
R,CGA,1.11318218156099,0.883483874797821,1.35946255624294
R,CGC,0.194677903923392,0.121513670124114,0.26603192165494
R,CGG,1.39153664261103,1.1499600559473,1.63077248930931
S,TCA,0.403227101844549,0.276962548494339,0.535248066484928
S,TCC,0.0549820127226834,-0.035984243825078,0.146464103460312
S,TCG,0.721095526713133,0.564144828915596,0.882794174551964
T,ACA,0.444012767374516,0.333874305337667,0.558191636204719
T,ACC,0.174500611048192,0.0985301204025745,0.253406421840191
T,ACG,0.607172535973787,0.497994171082974,0.726260130107403
V,GTA,-0.0846088027721977,-0.153086924552917,-0.0143345432356001
V,GTC,0.260842636165023,0.177828573063016,0.343323033303022
V,GTG,0.369247465765476,0.285573544353247,0.452698305249214
Y,TAC,-0.265430278075486,-0.391155948489904,-0.139804827794433
Z,AGC,-0.125280895243428,-0.250629619508982,-0.0041469855699689
