AA,Codon,Posterior,0.025%,0.975%
A,GCA,-0.28390422914112,-0.421870183199644,-0.172987178713083
A,GCC,-0.499187659929963,-0.653946641087532,-0.142049832642079
A,GCG,-0.645429221351794,-0.830038169026375,-0.218273453414444
C,TGC,0.0905074184327191,-0.190604695305228,0.440341084450482
D,GAC,0.589192686644755,0.361126374453306,0.72703398168087
E,GAA,-0.708134224112949,-0.865942819416523,-0.0950680179521445
F,TTC,0.675699193976991,0.107884788513184,0.811350908875465
G,GGA,0.288981451363198,-0.0689464347437024,0.562123924493789
G,GGC,-0.292059269191808,-0.418156185746193,-0.0254944818094388
G,GGG,0.0493097517523703,-0.444835697114468,0.300403197854757
H,CAC,0.440474084457196,0.211420357599854,0.642950780689716
I,ATA,0.458317985169886,-0.406720569729805,0.882955527305603
I,ATC,0.393522296840488,0.0675578875467181,0.539089161157608
K,AAA,-1.06232967030176,-1.20449557304382,-0.264733998477463
L,CTA,0.817163328096038,-0.0821419158950447,1.14466958343983
L,CTC,0.350101012907203,0.121959248371422,0.560072803497314
L,CTG,-0.828670341706462,-0.978239673376083,-0.302040310204031
L,CTT,0.179135186432966,-0.060837366245687,0.375675984472036
L,TTA,-0.141384080108625,-0.304312714934349,0.201576870679855
N,AAC,0.150132264634775,0.00780482130357996,0.402238332480192
P,CCA,0.0609691504252083,-0.110831405222416,0.222265939414501
P,CCC,0.0480552089985835,-0.140338146314025,0.21128466874361
P,CCG,-0.585511377495714,-0.724104000627995,-0.366810373961926
Q,CAA,0.34553407588983,0.231416775286198,0.464701648801565
R,AGA,1.41042308084108,0.0702393230050803,1.69727827608585
R,AGG,1.87322965308898,0.350856728851795,2.25820574760437
R,CGA,1.01951743551511,0.178369557857513,1.25486863255501
R,CGC,-0.187209984340332,-0.3365379601717,-0.0850480604916811
R,CGG,0.853216200235178,0.282558193802834,1.07775121927261
S,TCA,-0.0219268233042061,-0.217069585248828,0.142580976337194
S,TCC,0.00572678955371566,-0.140462204813957,0.154939071834087
S,TCG,0.013070384668342,-0.181413271650672,0.189533576369286
T,ACA,-0.173635281448043,-0.352976345270872,0.00810608013998717
T,ACC,-0.807637477072986,-0.947449363768101,-0.198470149934294
T,ACG,-0.471313807998423,-0.641059173643589,-0.233971855044367
V,GTA,0.482092522532074,0.338719470798969,0.600045646727085
V,GTC,0.0798073678021516,-0.0807705827057362,0.208617547154427
V,GTG,-0.317015174588375,-0.482862687855959,-0.0788578132167469
Y,TAC,0.335307202931959,0.148569164052606,0.501018938422203
Z,AGC,-0.403205197020853,-0.530919945240021,-0.202884544059636
