AA,Codon,Posterior,0.025%,0.975%
A,GCA,0.27924694438111,-0.0196257871575654,0.564756593108177
A,GCC,0.167377233585622,-0.352307511121035,0.447259042412043
A,GCG,-0.0837429068288093,-0.589324662089348,0.153073532506824
C,TGC,-0.280026369893479,-0.899740937352181,0.238179479911923
D,GAC,-0.266298446042463,-0.492319623380899,-0.0046602946589704
E,GAA,-0.0359220030114563,-0.575920204818249,0.21951026506722
F,TTC,-0.852515373902116,-1.19539661407471,-0.296460599452258
G,GGA,1.6815992376022,1.03190974295139,2.44974434971809
G,GGC,0.26319399404889,-0.00846093683503563,0.476841375976801
G,GGG,1.03361520983577,0.604934926331043,1.59405037760735
H,CAC,-0.422805193864345,-0.80684749931097,0.0292761430609968
I,ATA,4.12720496461391,1.88210093080997,7.69757504463196
I,ATC,-0.303198806190072,-0.533961063623428,0.0721282685175531
K,AAA,0.0918369724124903,-0.781576523184776,0.345903330296278
L,CTA,1.1299181441992,0.231518374755979,2.30339521765709
L,CTC,-0.129526848542617,-0.608790887892246,0.415714915841818
L,CTG,-0.917558820742369,-1.40907874703407,-0.582116615772247
L,CTT,0.528852890553454,-0.0111558541189879,1.13049250841141
L,TTA,0.631686398470234,-0.0198178689461201,1.25154286623001
N,AAC,-0.719470626648888,-1.11558291614056,-0.401295110583305
P,CCA,-0.297614576257078,-0.852072042226791,0.253521377593279
P,CCC,0.916363699761359,0.132572143524885,1.81314316987991
P,CCG,-1.08435752205849,-1.59840630888939,-0.652278250455856
Q,CAA,0.570401285892166,0.268351799994707,0.936673033237457
R,AGA,4.2773226944685,2.073691624403,7.39134645462036
R,AGG,5.00591535410881,2.02675957083702,9.0048825263977
R,CGA,1.52261040865183,0.828803914785385,2.41121432781219
R,CGC,0.179703142907974,-0.00817090689670294,0.399491622298956
R,CGG,0.846574456825852,0.404506167769432,1.38292897045612
S,TCA,0.675229556485405,0.146849759668112,1.25331061184406
S,TCC,-0.146902842370814,-0.527167437970638,0.179128592461347
S,TCG,0.0122648775828258,-0.495621036738157,0.402137353271246
T,ACA,1.25108685762882,0.645761841535568,1.92233370840549
T,ACC,-0.135881055355375,-0.741612806916237,0.123498396761715
T,ACG,0.162685263176227,-0.279976983368397,0.491680307686329
V,GTA,0.0017258951619885,-0.253746815025806,0.267619846761226
V,GTC,0.294892623858822,-0.00562635146779939,0.596873435378074
V,GTG,0.0139439865765722,-0.327473121881485,0.245426155999303
Y,TAC,-0.382225950091192,-0.680643650889397,-0.0626580790616573
Z,AGC,-0.601471581025468,-1.06284965276718,-0.202591770514846
