AA,Codon,Posterior,0.025%,0.975%
A,GCA,-0.373959389173985,-0.462691811472178,-0.286748844385147
A,GCC,-0.813270867943764,-0.904367862641811,-0.724773298203945
A,GCG,-0.925676593160629,-1.01190024912357,-0.841534405946732
C,TGC,0.0246720021948218,-0.133900179713964,0.188067235425115
D,GAC,0.777099966239929,0.688807983696461,0.865416912734508
E,GAA,-0.740232379245758,-0.828430929780006,-0.650271488726139
F,TTC,0.92149208753109,0.826234619319439,1.01927107572556
G,GGA,0.117638710587711,-0.0186311659868807,0.257011968642473
G,GGC,-0.419414232802391,-0.499369574338198,-0.340803515166044
G,GGG,-0.0291622178107027,-0.148010346665978,0.0827349839732051
H,CAC,0.603948157072067,0.479615648835897,0.728156846761703
I,ATA,1.08998127038479,0.942315559089184,1.2441582351923
I,ATC,0.536247379362583,0.462658902257681,0.609012338519096
K,AAA,-1.14002803142071,-1.23162575364113,-1.04918493628502
L,CTA,1.07091817750931,0.912023957073689,1.22562151551247
L,CTC,0.419032174402475,0.311352894455194,0.530467641353607
L,CTG,-0.718565835237503,-0.80759332627058,-0.62920036315918
L,CTT,0.266868207964301,0.158232970908284,0.37588501945138
L,TTA,-0.214878845394775,-0.321930596232414,-0.112336114048958
N,AAC,0.394881562399864,0.2951958745718,0.497008284181356
P,CCA,0.00125379368896392,-0.140330941230059,0.147087191417813
P,CCC,-0.33668535400629,-0.498250526189804,-0.17046542018652
P,CCG,-0.628177892100811,-0.748212169110775,-0.506467795372009
Q,CAA,0.259631146922708,0.163407542183995,0.355139799416065
R,AGA,1.0304720811367,0.823712596297264,1.23780961930752
R,AGG,1.3198678186655,1.03336176872253,1.5944633513689
R,CGA,0.527986939686537,0.345578683167696,0.712722544372082
R,CGC,-0.317210749924183,-0.405207252502441,-0.228951088711619
R,CGG,-0.0286492255253208,-0.194455652683973,0.134032863005996
S,TCA,-0.364827592965961,-0.502324672043324,-0.227380695939064
S,TCC,-0.0603059534810367,-0.182134713232517,0.0618757436983288
S,TCG,-0.567046575295925,-0.703827607631683,-0.427509360015392
T,ACA,-0.460573162418604,-0.59316721111536,-0.325286734104156
T,ACC,-1.0230527654171,-1.12112700045109,-0.925655966997147
T,ACG,-0.95437197573185,-1.08009798824787,-0.833984468877315
V,GTA,0.478421481859684,0.381610980629921,0.572375872731209
V,GTC,-0.122340681998443,-0.218080382049084,-0.0282844916917384
V,GTG,-0.601466976356506,-0.684354650974274,-0.513799870014191
Y,TAC,0.618418723106384,0.495273926109076,0.740682877600193
Z,AGC,-0.29063269276619,-0.407681179046631,-0.170758047327399
