AA,Codon,Posterior,0.025%,0.975%
A,GCA,0.123405963332951,0.0618834090419114,0.184064289927483
A,GCC,0.404557999122143,0.335060842335224,0.47666385024786
A,GCG,0.42811804022789,0.361581418663263,0.500647562742233
C,TGC,-0.147329405888705,-0.309211021661758,0.0166683793533594
D,GAC,-0.233776198396087,-0.308102182298899,-0.160897256806493
E,GAA,-0.140633460701257,-0.215450100973248,-0.0655260633677244
F,TTC,-0.254240539079905,-0.333029095083475,-0.172242142260075
G,GGA,0.738352410888672,0.602693389356136,0.874663065373898
G,GGC,0.166250498399138,0.105879440158606,0.227731880173087
G,GGG,0.716871590805054,0.600440573692322,0.848941060900688
H,CAC,-0.305025638216734,-0.419012399762869,-0.196610718593001
I,ATA,0.676237489974499,0.498882089555264,0.862791565060616
I,ATC,-0.249320425307751,-0.309515250474215,-0.187638286873698
K,AAA,0.0171909950115767,-0.0447121042758226,0.0778877859935165
L,CTA,0.0946960103637539,-0.0775072811171412,0.27638548091054
L,CTC,-0.273240646758676,-0.384750271588564,-0.162556788697839
L,CTG,-0.409927043879032,-0.499419733136892,-0.322657787799835
L,CTT,-0.274112413914502,-0.381915539503098,-0.167432440072298
L,TTA,-0.0540076327066919,-0.159027551487088,0.0556402131915093
N,AAC,-0.39714122402668,-0.49030662253499,-0.308299218863249
P,CCA,0.0614487396587545,-0.0547871795482934,0.183885321393609
P,CCC,0.535720293706656,0.381726947426796,0.699808031320572
P,CCG,0.00517189802638231,-0.0943458028137684,0.107620448991656
Q,CAA,0.0526978861441603,-0.0247611805330962,0.135470207035542
R,AGA,0.808785962772369,0.594079297780991,1.03814255595207
R,AGG,1.3022716504097,0.958274520933628,1.70570423305035
R,CGA,1.00282110033035,0.800548028945923,1.21738950610161
R,CGC,0.194423201975226,0.127976302430034,0.263769433647394
R,CGG,1.551956615448,1.33785200119019,1.78667180836201
S,TCA,0.46219560367465,0.343596023321152,0.582324190437794
S,TCC,0.0803258096149686,-0.00432323543354869,0.168332032486796
S,TCG,0.808214636874199,0.671872322261333,0.95342523008585
T,ACA,0.421617358380556,0.31907165274024,0.532230260968208
T,ACC,0.220422642794251,0.151543435826898,0.291241606324911
T,ACG,0.664560932779312,0.555723409354687,0.771777375042439
V,GTA,-0.0382200134726285,-0.103202140331268,0.0249552346300334
V,GTC,0.296782151019573,0.219567679986358,0.376992455124855
V,GTG,0.461118380951881,0.385865166038275,0.539714716374874
Y,TAC,-0.351243130433559,-0.467668706923723,-0.232498108223081
Z,AGC,-0.158545738054501,-0.274341131001711,-0.0458601869642734
