AA,Codon,Posterior,0.025%,0.975%
A,GCA,0.0155133428743196,-0.0678401784971356,0.107171294279397
A,GCC,0.231174469685554,0.138540026918054,0.326318154484034
A,GCG,0.0237817393469071,-0.0558587624691427,0.103439200855792
C,TGC,-0.354494201129302,-0.55535690933466,-0.150070141255855
D,GAC,-0.274132170036435,-0.350609920173883,-0.196341095864773
E,GAA,-0.166816116576642,-0.251331482082605,-0.0849601104855537
F,TTC,-0.816600364732742,-0.924972581863403,-0.708133886754513
G,GGA,1.46029671444893,1.26589779853821,1.66201745867729
G,GGC,0.132916323374584,0.0621320581063628,0.202068430557847
G,GGG,0.868856670188904,0.738034738600254,1.01246425509453
H,CAC,-0.562423362863064,-0.708239141106606,-0.417927092313766
I,ATA,1.90728530912399,1.57291452884674,2.25919389724731
I,ATC,-0.464443638670444,-0.545733122527599,-0.386052891612053
K,AAA,-0.0872497145003756,-0.173625728860497,0.0022877380251885
L,CTA,0.272703591395379,0.0214712235610932,0.527730920910835
L,CTC,-0.342538883815706,-0.497253300994635,-0.183444229513407
L,CTG,-0.913207133698463,-1.03608198165894,-0.787035220861435
L,CTT,-0.0277710714756031,-0.191538435220718,0.143436006084085
L,TTA,0.435133528709412,0.259841249138117,0.607869680225849
N,AAC,-0.889643380427361,-1.01172713637352,-0.769564947485924
P,CCA,-0.253409749021381,-0.436043585091829,-0.0678732521831989
P,CCC,0.907422694981098,0.646371980011463,1.1550878405571
P,CCG,-0.698321015095711,-0.844303205609322,-0.545940938591957
Q,CAA,0.581916191864014,0.462697179615498,0.702878001332283
R,AGA,2.66481858625412,2.09712923765183,3.27786504626274
R,AGG,2.63537403416634,2.02918143868446,3.30683614015579
R,CGA,1.8070339413166,1.48921454846859,2.14713124632835
R,CGC,0.28874084457159,0.202955846488476,0.377443727105856
R,CGG,1.82312364635468,1.55837386250496,2.0888313472271
S,TCA,0.677371133816242,0.502565509080887,0.867099986970425
S,TCC,-0.0694027291606297,-0.183576913923025,0.0413470423780382
S,TCG,0.41722502810955,0.271622021496296,0.568967737257481
T,ACA,1.04113901700974,0.842972649633884,1.24152500331402
T,ACC,-0.0256860970425783,-0.118248303420842,0.0727496569976211
T,ACG,0.486400171470642,0.360550529509783,0.617625112831593
V,GTA,0.00214365400819952,-0.0885306045413017,0.0929163040593266
V,GTC,0.3748496276021,0.27180375084281,0.484948714822531
V,GTG,0.145651677731425,0.0642873998731375,0.222708146646619
Y,TAC,-0.5287968729496,-0.654259033501148,-0.405704092979431
Z,AGC,-0.620501631176472,-0.789245700836182,-0.451755911111832
