AA,Codon,Posterior,0.025%,0.975%
A,GCA,0.293637997336686,0.141983474045992,0.442688000202179
A,GCC,0.51089152815342,0.336929422616959,0.695921321213245
A,GCG,0.284473740109429,0.135944319143891,0.444258808344603
C,TGC,-0.323055825534495,-0.79497684687376,0.104476227425039
D,GAC,-0.274059090124816,-0.44154276996851,-0.108585757948458
E,GAA,-0.201734324762988,-0.345068693906069,-0.0608943525701761
F,TTC,-1.04446432671547,-1.40186039805412,-0.727690950036049
G,GGA,1.4712528993845,1.07550846040249,1.91251374185085
G,GGC,0.0530261748930759,-0.0939676396548748,0.206648433208466
G,GGG,1.02315552821159,0.726660533249378,1.32513734102249
H,CAC,-0.798177257800102,-1.2289575189352,-0.426410100609064
I,ATA,1.13932237963676,0.710551427304745,1.61776251792908
I,ATC,-0.438705357193947,-0.635202419757843,-0.246732640266418
K,AAA,-0.0836042298447137,-0.248767947778106,0.0664860263466835
L,CTA,0.651199061447382,0.265304887294769,1.06695728898048
L,CTC,-0.301244360489044,-0.55274495780468,-0.04912467924878
L,CTG,-0.839109411156178,-1.07741913199425,-0.611636027693748
L,CTT,-0.0414504559049528,-0.336173254996538,0.258463615179062
L,TTA,0.733931136353314,0.305847605317831,1.20846594870091
N,AAC,-0.686106196177006,-0.93262005597353,-0.452357243746519
P,CCA,-0.0663114871866012,-0.319068750739098,0.195393633842468
P,CCC,1.18005492947102,0.682692974805832,1.77099966108799
P,CCG,-0.388548558508977,-0.611602064967155,-0.161393301188946
Q,CAA,0.569214616286755,0.36040150821209,0.799526034295559
R,AGA,1.4057412727356,0.979973317682743,1.87170079350471
R,AGG,1.39782621791363,1.00512267351151,1.84238484501839
R,CGA,1.5310345012188,1.10884829461575,2.00948525667191
R,CGC,0.363684437403083,0.183877815306187,0.556615781784058
R,CGG,2.39936007618904,1.73897212445736,3.16876447200775
S,TCA,1.09276901364326,0.656649281084537,1.60164182186127
S,TCC,0.14497871746266,-0.0846083164215088,0.383030860126019
S,TCG,1.15131239299774,0.690002138912678,1.67464853227139
T,ACA,0.902658543229103,0.595142224431038,1.24858851730824
T,ACC,0.251206142653525,0.057852872274816,0.447649545967579
T,ACG,0.908576277399063,0.58554429858923,1.26383902132511
V,GTA,0.121778226275785,-0.0432781171053648,0.288692132383585
V,GTC,0.469293375703692,0.262252707034349,0.698306334018707
V,GTG,0.652508665072918,0.418294787406921,0.894081649184227
Y,TAC,-0.555781100325286,-0.80990859568119,-0.303927928209305
Z,AGC,-0.647038333940506,-1.00337132513523,-0.321330512315035
