AA,Codon,Posterior,0.025%,0.975%
A,GCA,0.112509206885565,0.043466766923666,0.181872740015387
A,GCC,0.212350627979636,0.136973708122969,0.289943302422762
A,GCG,0.123009304986475,0.0560447222553194,0.19251565374434
C,TGC,-0.0151983072067764,-0.188007875531912,0.160917473956943
D,GAC,-0.0994593215375731,-0.175921139493585,-0.0258727469481528
E,GAA,-0.100701826407085,-0.16325379870832,-0.0370710435323418
F,TTC,-0.364650023555756,-0.467124117165804,-0.26297577470541
G,GGA,0.514239338552952,0.415484328567982,0.61750490963459
G,GGC,0.114401286928623,0.0437729724682867,0.185418016090989
G,GGG,0.285669335386157,0.202768374979496,0.370923722535372
H,CAC,-0.197471713252878,-0.320071298629045,-0.0795864546671511
I,ATA,0.63891582480073,0.519195912778378,0.759751561284065
I,ATC,-0.128035668121581,-0.202464644983411,-0.055817270744592
K,AAA,0.000607821317429443,-0.0689998554065823,0.0720779556781053
L,CTA,0.0475948835066207,-0.0671183608472347,0.163385402411222
L,CTC,-0.225531498844922,-0.324606072157621,-0.128592897579074
L,CTG,-0.393982115745544,-0.490786616504192,-0.301229907572269
L,CTT,-0.137784948160674,-0.24119744412601,-0.034983156528324
L,TTA,0.0761845842146155,-0.0433741288259625,0.193471384048462
N,AAC,-0.270067987371981,-0.365793991088867,-0.178506813198328
P,CCA,-0.0430703919286858,-0.163899956643581,0.0797876333817839
P,CCC,0.387515921646357,0.23650621175766,0.548528145253658
P,CCG,-0.210494482957013,-0.32584061846137,-0.0983615096658469
Q,CAA,0.230672091265768,0.135013968497515,0.327801796793938
R,AGA,0.765281463110447,0.617326690256596,0.918073442578316
R,AGG,0.928862799572945,0.763411745429039,1.09260631799698
R,CGA,0.85838228123188,0.70524800568819,1.01530775725842
R,CGC,0.204366919136047,0.111024234257638,0.298676764965057
R,CGG,0.83755487074852,0.68522239625454,0.996595345437527
S,TCA,0.42696390221715,0.283220855146647,0.574970608949661
S,TCC,0.013118663077052,-0.0931830801069737,0.122446062788367
S,TCG,0.355630495938659,0.217992006987333,0.500711297988891
T,ACA,0.414034830054641,0.298532807081938,0.52949421107769
T,ACC,0.134566224510875,0.0479781658388674,0.223747802898288
T,ACG,0.317160144518316,0.213293822109699,0.422866673022509
V,GTA,0.0554509894623043,-0.0193258544895798,0.132248542457819
V,GTC,0.125605323585821,0.0423677033744752,0.208168108016252
V,GTG,0.184769736749306,0.101737440563738,0.269867344945669
Y,TAC,-0.222909641744941,-0.334504383057356,-0.118191216886044
Z,AGC,-0.205680899488879,-0.337955339998007,-0.0682659905403853
