AA,Codon,Posterior,0.025%,0.975%
A,GCA,-0.497443741959333,-0.573063546419144,-0.420966661721468
A,GCC,-1.00794327604771,-1.08673550784588,-0.932761873304844
A,GCG,-1.22574424128532,-1.29779959321022,-1.15440512597561
C,TGC,-0.223534989757417,-0.362400681525469,-0.0814661446958781
D,GAC,0.837140302085876,0.764359299838543,0.911657980084419
E,GAA,-0.557302668690681,-0.630625343322754,-0.482370322197676
F,TTC,0.8429295571208,0.756801100075245,0.932184870541096
G,GGA,0.094961487301982,-0.0385106000117958,0.224277347326279
G,GGC,-0.446230567514896,-0.513378758728504,-0.380239922553301
G,GGG,-0.00199280898234992,-0.104644005000591,0.10089952442795
H,CAC,0.774749278616905,0.661560286581516,0.883631755411625
I,ATA,1.19773265638351,1.00838229656219,1.38495976030827
I,ATC,0.504571603363752,0.438398346304893,0.57119655162096
K,AAA,-1.09472147736549,-1.17848182618618,-1.01322329640388
L,CTA,1.01589794937372,0.847616508603096,1.18694665133953
L,CTC,0.472756265386939,0.368551646173,0.579325875639915
L,CTG,-0.753217982447147,-0.837570403516293,-0.669919638335705
L,CTT,0.46914512732327,0.359970504045486,0.58017592728138
L,TTA,-0.00168411086981459,-0.109029443003237,0.106228312849998
N,AAC,0.281743107061088,0.187229547277093,0.378404221683741
P,CCA,-0.0567848800698625,-0.198135598003864,0.0838345300406215
P,CCC,-0.325690628422052,-0.497565026581287,-0.159955909475684
P,CCG,-0.897728608608246,-1.01299028098583,-0.780484029650688
Q,CAA,0.318675008478761,0.237124191224575,0.401563020050526
R,AGA,1.61238969860077,1.34506056308746,1.88097841739655
R,AGG,1.34772977000475,1.00182665884495,1.69858688116074
R,CGA,0.640135039329529,0.461458753049374,0.82372060418129
R,CGC,-0.445003681051731,-0.519948296248913,-0.371821783483028
R,CGG,0.0910100390061518,-0.0569750102236867,0.234598775580525
S,TCA,-0.284314110191911,-0.421929295361042,-0.147669976204634
S,TCC,-0.219028679737449,-0.3308753028512,-0.109196157194674
S,TCG,-0.839687888479233,-0.961906845867634,-0.719157952070236
T,ACA,-0.306290074637532,-0.444214372336864,-0.169568625092507
T,ACC,-1.27102542896271,-1.3627768009901,-1.18327646553516
T,ACG,-1.16843693393469,-1.27512659132481,-1.06549156010151
V,GTA,0.457926111447811,0.365070376545191,0.55071177482605
V,GTC,-0.367473369914293,-0.450971186161041,-0.282809478789568
V,GTG,-0.88365695810318,-0.960522907972336,-0.808027689158917
Y,TAC,0.609673490768671,0.506766827404499,0.711670538783073
Z,AGC,-0.290018922483921,-0.406627885252237,-0.170657797530294
