AA,Codon,Posterior,0.025%,0.975%
A,GCA,0.202830497348309,0.142918914929032,0.263909567892551
A,GCC,0.434771711421013,0.367622573673725,0.50317564457655
A,GCG,0.32596479408741,0.268275456130505,0.384151300042868
C,TGC,-0.12393593379722,-0.272592975199223,0.0218069019261746
D,GAC,-0.376697499865293,-0.437980899214745,-0.314519970119
E,GAA,-0.251025037765503,-0.32078598216176,-0.184068318456411
F,TTC,-0.649710446876287,-0.74316189289093,-0.561800223588944
G,GGA,1.33779913654327,1.16796260476112,1.52092397809029
G,GGC,0.188209215790033,0.136415925621986,0.241012316569686
G,GGG,0.833463380253315,0.722575715184212,0.947224695980549
H,CAC,-0.608209566611052,-0.723999629914761,-0.491897267848253
I,ATA,1.68038633022308,1.36330663263798,1.99413751065731
I,ATC,-0.336769944745302,-0.39846775084734,-0.27449479624629
K,AAA,-0.121418421139428,-0.197362025827169,-0.0498950148932636
L,CTA,0.41544315300677,0.176113306358457,0.675082185864449
L,CTC,-0.364194277915359,-0.496552945673466,-0.235813429951668
L,CTG,-0.735127094006538,-0.840239575505257,-0.632519835233688
L,CTT,-0.263673178010806,-0.399694953858852,-0.126887365058064
L,TTA,0.222091216476704,0.0732818873599172,0.375500971823931
N,AAC,-0.611815743672848,-0.713036502897739,-0.513816359639168
P,CCA,-0.12245527136747,-0.279847328364849,0.0326362068764862
P,CCC,0.763085985958576,0.537774695456028,1.00149230659008
P,CCG,-0.447197324556112,-0.582988841831684,-0.322130979597569
Q,CAA,0.47009833766222,0.380005838721991,0.565602713823318
R,AGA,1.6220258002758,1.20099174976349,2.0774204313755
R,AGG,2.97627785012722,2.30712988376617,3.68976767063141
R,CGA,1.470643664217,1.20788044333458,1.75387496352196
R,CGC,0.327676262125373,0.259552633017302,0.397624059021473
R,CGG,1.55625216977596,1.3525339782238,1.77556224763393
S,TCA,0.592968928790092,0.455733962357044,0.741468197107315
S,TCC,0.126840723962348,0.0369575719349086,0.220062955096364
S,TCG,0.709682533949614,0.585673621296883,0.83713413476944
T,ACA,0.721357985687256,0.565792237222195,0.878454279899597
T,ACC,0.145371694738977,0.0683872725814581,0.218678910657763
T,ACG,0.591196247947216,0.484691221266985,0.697773531079292
V,GTA,0.0898489187469334,0.0163645871449262,0.164811054989696
V,GTC,0.459923521649838,0.378464808315039,0.543192933499813
V,GTG,0.410660798603296,0.343323331326246,0.478179281204939
Y,TAC,-0.360069484803081,-0.453621008247137,-0.267147602140904
Z,AGC,-0.518731503975391,-0.661794354021549,-0.375129437446594
