AA,Codon,Posterior,0.025%,0.975%
A,GCA,0.165016391492635,0.103851817175746,0.225536701455712
A,GCC,0.408509496986866,0.342568542808294,0.476773381233215
A,GCG,0.28727864343524,0.228562818467617,0.343989879637957
C,TGC,-0.0457155983742683,-0.199226695671678,0.100047861598432
D,GAC,-0.376410067954659,-0.4453358463943,-0.308574429154396
E,GAA,-0.176960847689211,-0.246372934430838,-0.110020609386265
F,TTC,-0.654864690566063,-0.744050097465515,-0.568984214961529
G,GGA,1.37322537250519,1.18850987255573,1.56587257385254
G,GGC,0.17978728312254,0.125312290713191,0.237369478866458
G,GGG,0.833410422205925,0.712630639970303,0.956106424331665
H,CAC,-0.55166377093792,-0.665048083662987,-0.437937626987696
I,ATA,1.51768659920692,1.21841952502728,1.84105035364628
I,ATC,-0.401191521251202,-0.462924225628376,-0.34003204330802
K,AAA,-0.0459086977468653,-0.108474286273122,0.0133110041264444
L,CTA,0.461172556050867,0.232328171283007,0.712661431729793
L,CTC,-0.397743108251691,-0.522388802468777,-0.276440580189228
L,CTG,-0.747634865963459,-0.849021881818771,-0.649319189786911
L,CTT,-0.21539155461574,-0.352656522393227,-0.082919527590275
L,TTA,0.0795528648845828,-0.0579837239347398,0.216336251422763
N,AAC,-0.702527019476891,-0.803297288715839,-0.60207966119051
P,CCA,-0.183898456855034,-0.34412142559886,-0.0246980359312148
P,CCC,0.743618866300583,0.504674017429352,0.982414080202579
P,CCG,-0.445129883831739,-0.580629873275757,-0.315900405496359
Q,CAA,0.36584495575726,0.278711643815041,0.456626837700605
R,AGA,1.51023843398094,1.1234785169363,1.9210484623909
R,AGG,2.56092346000671,1.93742273151875,3.26244305968285
R,CGA,1.71063348450661,1.42702746987343,2.00877077579498
R,CGC,0.328776527413726,0.263307901471853,0.395470397174358
R,CGG,1.52722673606873,1.32192690372467,1.73926231563091
S,TCA,0.719809887957573,0.581496176123619,0.865806286036968
S,TCC,0.137463699049902,0.0581053126603365,0.220129823312163
S,TCG,0.744953403258324,0.62729108184576,0.867388588190079
T,ACA,0.755652800363302,0.612451985478401,0.910461473464966
T,ACC,0.133246620623395,0.0650811092928052,0.200230621919036
T,ACG,0.657463112843037,0.554820261895657,0.761209914088249
V,GTA,0.0867031435248602,0.0190498175099492,0.154300502315163
V,GTC,0.411767950826883,0.335507506877184,0.487700441479683
V,GTG,0.399663865035772,0.33273368626833,0.464251102507114
Y,TAC,-0.391886936333776,-0.494604049623013,-0.283632751554251
Z,AGC,-0.602181580382586,-0.742291571199894,-0.46695776283741
