AA,Codon,Posterior,0.025%,0.975%
A,GCA,-0.38385229344666,-0.456299734860659,-0.310135041922331
A,GCC,-0.916398363661766,-0.987724846601486,-0.845926776528358
A,GCG,-0.993837451779842,-1.06360951960087,-0.924466477334499
C,TGC,-0.0428922128204387,-0.184229955822229,0.0967633705586194
D,GAC,0.71061518291235,0.638409589231014,0.782641629874706
E,GAA,-0.639330603504181,-0.713512815535069,-0.564645212888718
F,TTC,0.994369017744064,0.911157220602036,1.07667126655579
G,GGA,0.202247919344902,0.093115178309381,0.314701574295759
G,GGC,-0.410664439177513,-0.47932860031724,-0.343281648308039
G,GGG,0.0710435653267799,-0.0264029474928975,0.168193558976054
H,CAC,0.634154285877943,0.529045790433884,0.739299073815346
I,ATA,1.18771713627577,1.0482873737812,1.32744054794312
I,ATC,0.50726957783103,0.441917293518782,0.570378330349922
K,AAA,-1.06670807483196,-1.14433460533619,-0.988952893018723
L,CTA,1.03798357328177,0.89365164488554,1.17492278516293
L,CTC,0.349741656637192,0.25340663716197,0.443240056931972
L,CTG,-0.787367161369324,-0.864730733633041,-0.709840105473995
L,CTT,0.208808580023795,0.11166868340224,0.302695733308792
L,TTA,-0.167535040772799,-0.26276542916894,-0.0748272269964218
N,AAC,0.432106622892618,0.345562379062176,0.520986294746399
P,CCA,0.0325258929979119,-0.0833226941525936,0.150305861234665
P,CCC,-0.363945026004314,-0.493888325244188,-0.23223818577826
P,CCG,-0.621708273404837,-0.720645134150982,-0.52174389064312
Q,CAA,0.328775571790338,0.253802806138992,0.406572163850069
R,AGA,1.01577445868254,0.82053238004446,1.2136777818203
R,AGG,1.45429236192703,1.18215712308884,1.73032683730125
R,CGA,0.536541318175197,0.377710378170013,0.691696654260158
R,CGC,-0.316546904787421,-0.392287264764309,-0.243451537564397
R,CGG,0.132745862554072,-0.0117819976992905,0.274426074326038
S,TCA,-0.28895740416199,-0.407359702140093,-0.171759980171919
S,TCC,-0.114520197570346,-0.217173570767045,-0.0124885802390055
S,TCG,-0.543637692254782,-0.664360454678535,-0.422889772057533
T,ACA,-0.494004148897529,-0.611495605111122,-0.375807377696037
T,ACC,-1.11843085296154,-1.2046436548233,-1.03166401982307
T,ACG,-1.06465288822651,-1.16494441330433,-0.960882656276226
V,GTA,0.59209189671278,0.507494680583477,0.673863449692726
V,GTC,-0.198431478837878,-0.277050167322159,-0.119405405595899
V,GTG,-0.574714418399334,-0.649221378564835,-0.501652438938618
Y,TAC,0.535011270743608,0.436866500228643,0.637089774012566
Z,AGC,-0.280099558308721,-0.381366739422083,-0.176106179878116
