AA,Codon,Posterior,0.025%,0.975%
A,GCA,0.164584811240435,0.109865957684815,0.22136617898941
A,GCC,0.34193187726438,0.285019972920418,0.401421532034874
A,GCG,0.298060931250453,0.240789498388767,0.355934621393681
C,TGC,-0.122080385875601,-0.269736952334642,0.0205426700878888
D,GAC,-0.240419199979305,-0.300036387890577,-0.179013658314943
E,GAA,-0.14372689558994,-0.208017506077886,-0.0801010882481933
F,TTC,-0.533746459114552,-0.613754720985889,-0.454228336364031
G,GGA,0.932827017843723,0.800591425597668,1.06654344201088
G,GGC,0.150564690180123,0.0993552964180708,0.201889289543033
G,GGG,0.64802078474164,0.549852885305882,0.750856971740723
H,CAC,-0.401371736171842,-0.504319629073143,-0.300796852260828
I,ATA,1.32137850129604,1.09472840428352,1.56396702528
I,ATC,-0.330715218031406,-0.392474498599768,-0.270148693025112
K,AAA,-0.0875572720005613,-0.157906908169389,-0.0187292568851262
L,CTA,0.218463508551285,0.029276784369722,0.420179034769534
L,CTC,-0.398734352147579,-0.512131683528423,-0.2793152987957
L,CTG,-0.69982450760603,-0.797522038221359,-0.602861686050892
L,CTT,-0.24657432050854,-0.367490350455046,-0.125891783833504
L,TTA,0.0374407569164297,-0.0828145805746317,0.163220306485891
N,AAC,-0.569285945731401,-0.658578746020794,-0.482997579872608
P,CCA,-0.0901393460915366,-0.216196843609214,0.0359384107403457
P,CCC,0.529985953858495,0.36779724881053,0.697569972276687
P,CCG,-0.342005054309964,-0.446919814497232,-0.239546274021268
Q,CAA,0.308325316148996,0.227839072793722,0.389922612905502
R,AGA,2.48070028393269,2.06427795886993,2.91524298191071
R,AGG,2.71235418124199,2.13439080119133,3.31913112401962
R,CGA,1.45995369751453,1.23666302859783,1.70032905340195
R,CGC,0.238406081195176,0.175091216340661,0.305563583225012
R,CGG,1.52237986876965,1.31842616200447,1.73583906292915
S,TCA,0.607604770117998,0.481356682628393,0.737526676058769
S,TCC,0.0479638343883375,-0.0340893879532814,0.130450490862131
S,TCG,0.595933248633146,0.476271734386683,0.720922181010246
T,ACA,0.852131735622883,0.717758785188198,0.990177136659622
T,ACC,0.128831061482802,0.0597288955934346,0.198437396064401
T,ACG,0.59091246958971,0.493821412324905,0.690329334139824
V,GTA,-0.0691846779725223,-0.133298803120852,-0.00622704570414504
V,GTC,0.27642999869585,0.200946391746402,0.349683923274279
V,GTG,0.270064570185542,0.206659817695618,0.333145266026258
Y,TAC,-0.280338807070255,-0.368374598771334,-0.192643349245191
Z,AGC,-0.383836518672109,-0.508387130498886,-0.265760533511639
