AA,Codon,Posterior,0.025%,0.975%
A,GCA,0.126855254116654,0.0713544780388475,0.181782522425055
A,GCC,0.468526914590597,0.403915532678366,0.531349277496338
A,GCG,0.467666284692287,0.405590917170048,0.531423151493073
C,TGC,-0.0997427002380173,-0.252563144266605,0.0492947574704885
D,GAC,-0.195768459637463,-0.259425394237041,-0.130328140407801
E,GAA,-0.203478882558644,-0.276731509715319,-0.135777740180492
F,TTC,-0.301083837628365,-0.378385277092457,-0.225895532593131
G,GGA,0.672803327268362,0.553708837926388,0.798445734381676
G,GGC,0.162101112684608,0.105355277843773,0.219549392908812
G,GGG,0.63869664388299,0.532840056717396,0.74834952801466
H,CAC,-0.324812948411703,-0.427135176211596,-0.22629795819521
I,ATA,0.57994832777977,0.417741660028696,0.746801425516605
I,ATC,-0.231952725858986,-0.288433866947889,-0.175642552226782
K,AAA,-0.0190127600973285,-0.080208289436996,0.0410248299129307
L,CTA,0.122708545390768,-0.0331256456673145,0.291463029384613
L,CTC,-0.219980219890922,-0.320890034735203,-0.11597335152328
L,CTG,-0.358428064823151,-0.441105623543262,-0.274667105823755
L,CTT,-0.228701805926859,-0.326831496506929,-0.130546378344297
L,TTA,-0.0900509181420926,-0.190494306385517,0.0125857625389471
N,AAC,-0.421373444932699,-0.50371607542038,-0.340890276432037
P,CCA,0.0408703396849025,-0.0688233949244022,0.153192822635174
P,CCC,0.560685749644041,0.415448627620935,0.709200325608253
P,CCG,0.00058722465489036,-0.0947923401370645,0.0936619535088539
Q,CAA,0.00861149173966533,-0.0626379065215588,0.0800553301349282
R,AGA,0.822181273651123,0.608424341678619,1.05015548467636
R,AGG,1.16268141343594,0.815005612373352,1.53089001774788
R,CGA,1.00044739462137,0.814984065294266,1.19816813468933
R,CGC,0.194118637745082,0.131289140507579,0.259169034659863
R,CGG,1.37041392045021,1.17585683465004,1.58068824410439
S,TCA,0.404887545961142,0.300227138400078,0.514032374322414
S,TCC,0.108065198513673,0.0265940942801535,0.188629024848342
S,TCG,0.785679026973248,0.656052999198437,0.923858638107776
T,ACA,0.429733110815287,0.33473027125001,0.527936013042927
T,ACC,0.268531233590841,0.202051191031933,0.335194805264473
T,ACG,0.732527106022835,0.634431135654449,0.833118830621242
V,GTA,-0.0888854937942233,-0.146193233504891,-0.0290566250216217
V,GTC,0.351252653157711,0.278463535010815,0.425386910885572
V,GTG,0.448157443505526,0.380893827974796,0.519849549233913
Y,TAC,-0.294986040407419,-0.399774783849716,-0.195254134759307
Z,AGC,-0.16639237608416,-0.267777119576931,-0.0675333861261606
