AA,Codon,Posterior,0.025%,0.975%
A,GCA,-0.369745868885517,-0.443444645404816,-0.29439977183938
A,GCC,-0.868758283400536,-0.940795703232288,-0.793689507246018
A,GCG,-0.993999120092392,-1.06830254793167,-0.921420313417912
C,TGC,0.0542623325947243,-0.0918530529364943,0.203954890742898
D,GAC,0.79678390134573,0.724899397790432,0.871227703988552
E,GAA,-0.692681126451492,-0.765965117514133,-0.618785089254379
F,TTC,0.976529561960697,0.892686228454113,1.06069058179855
G,GGA,0.0827403268148126,-0.03195556467399,0.196404676511884
G,GGC,-0.440751680129766,-0.507334522902966,-0.374775485694408
G,GGG,0.0197026009911573,-0.0803754769265652,0.117010604403913
H,CAC,0.677013485997915,0.575068604946136,0.784543654322624
I,ATA,1.12636748434305,0.975891953706741,1.27325710058212
I,ATC,0.537253903818131,0.472113694250584,0.601957632601261
K,AAA,-1.07384099260569,-1.15322620868683,-0.993873718380928
L,CTA,1.05436719987392,0.910522416234016,1.19712736010551
L,CTC,0.309176489071548,0.21371141076088,0.407619764655828
L,CTG,-0.767342423439026,-0.843741331994533,-0.688325548171997
L,CTT,0.223698945818096,0.12648494578898,0.323114783316851
L,TTA,-0.179642978415266,-0.274504560232162,-0.0836216073483229
N,AAC,0.402831671828032,0.316907097399235,0.490279225260019
P,CCA,0.088183582832948,-0.0341272399760783,0.212059559673071
P,CCC,-0.349396570952237,-0.489442738890648,-0.213137713819742
P,CCG,-0.64250669413805,-0.74463023096323,-0.537650091946125
Q,CAA,0.313101709604263,0.234765810519457,0.392206134647131
R,AGA,1.06925777204037,0.877147959172726,1.2654076308012
R,AGG,1.49671709947586,1.2379810988903,1.7547221660614
R,CGA,0.52316725512743,0.36202595308423,0.682186502218246
R,CGC,-0.373430305173993,-0.442659364640713,-0.303553469479084
R,CGG,0.0826244349675897,-0.0745691949501634,0.234372019767761
S,TCA,-0.319202052631974,-0.440966787189245,-0.196974013745785
S,TCC,-0.0653528777561318,-0.168448002636433,0.0395212641917169
S,TCG,-0.605055233985186,-0.727543792128563,-0.484374232590199
T,ACA,-0.495721455365419,-0.618296912312508,-0.377278117090464
T,ACC,-1.09363454457521,-1.18005785942078,-1.00361058712006
T,ACG,-1.03853958530426,-1.14136102497578,-0.93422973304987
V,GTA,0.587161832308769,0.505294995009899,0.667256489396095
V,GTC,-0.138612292671483,-0.21852339617908,-0.0614501662552358
V,GTG,-0.559843212264776,-0.632563281059265,-0.488062253594399
Y,TAC,0.63876831561923,0.54097223430872,0.738253144919872
Z,AGC,-0.263676221612096,-0.373047766834497,-0.154661693051457
