AA,Codon,Posterior,0.025%,0.975%
A,GCA,0.252926781669259,0.189160402491689,0.31606090888381
A,GCC,0.379073584532738,0.316370002180338,0.441232817620039
A,GCG,0.327961587184668,0.268240974098444,0.387194078415632
C,TGC,-0.372028996626288,-0.538722263276577,-0.20516446493566
D,GAC,-0.312497286981344,-0.37766435816884,-0.251627430319786
E,GAA,-0.148173433744162,-0.217268848419189,-0.0822693083435298
F,TTC,-0.55986674143672,-0.645789007842541,-0.475780484080315
G,GGA,1.23221692192554,1.0899605512619,1.3872224509716
G,GGC,0.16407654453516,0.113026175647974,0.217326994240284
G,GGG,0.764262083947658,0.658615536987782,0.872165870666504
H,CAC,-0.493523846906424,-0.601606751978397,-0.387107592076063
I,ATA,1.83135995306969,1.55456020534039,2.12111226320267
I,ATC,-0.38269536870122,-0.444129659235477,-0.32233375236392
K,AAA,-0.17782417018041,-0.251204607635736,-0.103766094148159
L,CTA,0.313482371618558,0.0979206401854753,0.526732115447521
L,CTC,-0.33011549141556,-0.452205542474985,-0.209361216798425
L,CTG,-0.724743866920471,-0.825096023082733,-0.630586612224579
L,CTT,-0.0907136829988056,-0.217568473145366,0.0344277787022292
L,TTA,0.283700984469312,0.153446942940354,0.417799781262875
N,AAC,-0.620755295717716,-0.705809532105923,-0.535993644595146
P,CCA,-0.167348126790643,-0.30256632193923,-0.0256009957287464
P,CCC,0.608349508279562,0.429722437262535,0.796289555728435
P,CCG,-0.469395881986618,-0.584218314290047,-0.355344986915588
Q,CAA,0.366512669500709,0.282730729877949,0.454936879873276
R,AGA,2.73868967132568,2.3043014228344,3.1794377207756
R,AGG,2.46023425023556,1.92992441356182,2.98852595090866
R,CGA,1.70996353895664,1.46134202182293,1.96378909945488
R,CGC,0.234067609383166,0.17320953309536,0.2963059656322
R,CGG,1.70040558092594,1.47238149940968,1.93722356557846
S,TCA,0.777653420317173,0.633113776147366,0.925843513011932
S,TCC,0.00633657915950316,-0.0754356583580375,0.0897911489009857
S,TCG,0.584991167110205,0.463304514437914,0.714157722890377
T,ACA,0.93703346568346,0.793613061308861,1.08474707305431
T,ACC,0.0591126210737277,-0.0114293756894767,0.128540501371026
T,ACG,0.512892425429821,0.416327662020922,0.609601809084415
V,GTA,0.0129119303352876,-0.0511187328957021,0.0770465757697821
V,GTC,0.35354778226316,0.282206846773624,0.43065078034997
V,GTG,0.289076187181473,0.225920901820064,0.352090737968683
Y,TAC,-0.34723494181335,-0.435723356157541,-0.257518730312586
Z,AGC,-0.634059209346771,-0.780571070313454,-0.494621711224318
