AA,Codon,Posterior,0.025%,0.975%
A,GCA,0.11996432485804,0.0629834517836571,0.175667931884527
A,GCC,0.437916293627024,0.373571106046438,0.50161889642477
A,GCG,0.470910224491358,0.406446523219347,0.536531995236874
C,TGC,-0.170176504989318,-0.325006520748138,-0.0160700730979443
D,GAC,-0.244878075581789,-0.309777800738812,-0.17805790156126
E,GAA,-0.170727778611332,-0.241517606750131,-0.100819463655353
F,TTC,-0.289849877816439,-0.368847291916609,-0.212096601724625
G,GGA,0.765376957219839,0.642003478109837,0.893788303434849
G,GGC,0.176714586751163,0.122035160660744,0.234352274611592
G,GGG,0.67232189065814,0.562276664376259,0.784812638163567
H,CAC,-0.352116211494803,-0.454483938217163,-0.250418042391539
I,ATA,0.64019693453908,0.476377822458744,0.819131697714329
I,ATC,-0.249569947338104,-0.30709235444665,-0.19411487467587
K,AAA,-0.0155292701266062,-0.0786464631557465,0.043952758051455
L,CTA,0.106198211935227,-0.0563271556049585,0.268722719699144
L,CTC,-0.192216525061429,-0.293397092074156,-0.0901251008734108
L,CTG,-0.372666104766727,-0.45509537011385,-0.292424359172583
L,CTT,-0.240892306491733,-0.339476148784161,-0.141752431541681
L,TTA,-0.0817414586657449,-0.182334139198065,0.0198550886940211
N,AAC,-0.402314701464772,-0.481869794428349,-0.325818076729775
P,CCA,0.00701752689595754,-0.103661555238068,0.119631610065699
P,CCC,0.54956158053875,0.402959334850311,0.704945147037506
P,CCG,0.0143965441557495,-0.0848073203116655,0.109638827107847
Q,CAA,0.0184304245873874,-0.0533565008081496,0.0902448935434221
R,AGA,0.766067417603731,0.558194208145142,0.985064445436001
R,AGG,1.10443471583128,0.783908236026764,1.45815492868423
R,CGA,0.999999994111061,0.813743959367275,1.1995404958725
R,CGC,0.226872335061431,0.164778230339289,0.291077056527138
R,CGG,1.41262712061405,1.20717292129993,1.63241417706013
S,TCA,0.429200083771348,0.323120317608118,0.540367846190929
S,TCC,0.0833916520549508,0.0051336886244826,0.163981311023235
S,TCG,0.845109413063526,0.711234770715237,0.980244742333889
T,ACA,0.433821384188533,0.336407186836004,0.534050641953945
T,ACC,0.255961498886347,0.187190050259233,0.32716626226902
T,ACG,0.715752184331417,0.616331076622009,0.819166655838489
V,GTA,-0.0871520317382194,-0.143309293314815,-0.0285154760349542
V,GTC,0.31285909281075,0.240451826527715,0.383557666838169
V,GTG,0.439214176034927,0.370154391229153,0.511310862004757
Y,TAC,-0.365258718943596,-0.470921486616135,-0.263013327866793
Z,AGC,-0.178914880276285,-0.286443860083818,-0.0720394346863032
