AA,Codon,Posterior,0.025%,0.975%
A,GCA,-0.334797595053911,-0.433693582564592,-0.237820395454764
A,GCC,-0.728788258862495,-0.828392173349857,-0.62700612694025
A,GCG,-0.800868918085098,-0.899031957983971,-0.704080632328987
C,TGC,0.0388629893875215,-0.153289812430739,0.237336929887533
D,GAC,0.727241912460327,0.619729390740395,0.836855788528919
E,GAA,-0.755925563335419,-0.861753340065479,-0.64911150932312
F,TTC,0.8967787722826,0.788473837077618,1.00887717306614
G,GGA,0.12532958064047,-0.0350397040136158,0.280831000208855
G,GGC,-0.433103329825401,-0.534817060828209,-0.332856104522944
G,GGG,0.0786966685822496,-0.0651911538094282,0.222575298324227
H,CAC,0.545030782389641,0.398872675001621,0.689019584655762
I,ATA,1.10438975458145,0.933241920173168,1.26615740358829
I,ATC,0.487526015043259,0.400983765721321,0.574618130922318
K,AAA,-1.11465566725731,-1.21684933304787,-1.0056379288435
L,CTA,0.993476596188545,0.819814141094685,1.16710178852081
L,CTC,0.288608830624819,0.159571604430676,0.411489505320787
L,CTG,-0.782738962841034,-0.884022743999958,-0.681319014728069
L,CTT,0.144326233020495,0.0229189610574394,0.2670285128057
L,TTA,-0.24936978225112,-0.366967712342739,-0.132733049988747
N,AAC,0.40935897064209,0.292862909287214,0.528485769033432
P,CCA,0.0937292683198233,-0.0645843056961894,0.251758532971144
P,CCC,-0.290907667152863,-0.461195795983076,-0.119429782405496
P,CCG,-0.476338951456547,-0.612912218272686,-0.337931192666292
Q,CAA,0.226925845202804,0.123949729651213,0.330447193235159
R,AGA,1.03562824995518,0.804911108314991,1.25736125409603
R,AGG,1.47023577399254,1.15844415724278,1.79337793290615
R,CGA,0.462750178843737,0.255325695127249,0.657642416656017
R,CGC,-0.301930872192979,-0.408592893928289,-0.198193292319775
R,CGG,0.173897349309918,-0.0216473978944123,0.368442799896002
S,TCA,-0.254653300154954,-0.413533769547939,-0.0998397478833794
S,TCC,-0.00026077819321581,-0.142064723744988,0.130831198394299
S,TCG,-0.405896847933531,-0.567252291738987,-0.241197780519724
T,ACA,-0.455992757517099,-0.594256210327148,-0.306864353269338
T,ACC,-0.918399524354935,-1.03719093799591,-0.80170926451683
T,ACG,-0.845985176682472,-0.983525614440441,-0.707345347106457
V,GTA,0.561692099797726,0.452101716399193,0.679669159650803
V,GTC,-0.0510230604119279,-0.161710970103741,0.0609441764652729
V,GTG,-0.46546624276638,-0.568474580347538,-0.365950089693069
Y,TAC,0.490718023574352,0.348899690061808,0.633517363667488
Z,AGC,-0.319881880998611,-0.452077215909958,-0.189118571206927
