AA,Codon,Posterior,0.025%,0.975%
A,GCA,0.106515802552551,0.0416924524120986,0.173733548074961
A,GCC,0.359074707949162,0.285889221727848,0.431793742626905
A,GCG,0.354498212134838,0.282461668550968,0.428215999156237
C,TGC,-0.158348182032764,-0.347121682018042,0.0212049658410252
D,GAC,-0.205149980831146,-0.285028545558453,-0.1247533865273
E,GAA,-0.131735861305636,-0.214023319259286,-0.0503584333695471
F,TTC,-0.239682094910741,-0.330876882374287,-0.157200073078275
G,GGA,0.732925171804428,0.583818167448044,0.894695174694061
G,GGC,0.172915378180146,0.106279085017741,0.242113253474236
G,GGG,0.627011611950397,0.496515769511461,0.75990986675024
H,CAC,-0.266351968380809,-0.384701652824879,-0.143921238929033
I,ATA,0.658631051015854,0.480675944685936,0.847186557948589
I,ATC,-0.220486107978225,-0.287414136528969,-0.155004433169961
K,AAA,0.00447866035603247,-0.064423618838191,0.0701200179755688
L,CTA,0.158166624108551,-0.0162993423175067,0.343004535883665
L,CTC,-0.174697640262404,-0.291177848726511,-0.0552717019803822
L,CTG,-0.356364972227812,-0.449714717268944,-0.264747536927462
L,CTT,-0.180986241501849,-0.291057278960943,-0.067052691616118
L,TTA,-0.0246718034184208,-0.137906481698155,0.0885778175666929
N,AAC,-0.406024535167217,-0.503787972033024,-0.309047275036573
P,CCA,0.00490156145299552,-0.123853148519993,0.141430553048849
P,CCC,0.5200536488235,0.349050010740757,0.698583091795445
P,CCG,-0.0893451244161733,-0.202220580726862,0.0182302159722895
Q,CAA,0.0739218280021605,-0.011933767888695,0.162610449269414
R,AGA,0.807631653392315,0.572373984754086,1.0555803835392
R,AGG,1.15220205204487,0.764347244799137,1.56832962930203
R,CGA,1.0766356967926,0.854344013333321,1.31369318664074
R,CGC,0.186729293011129,0.11370337549597,0.262743804603815
R,CGG,1.32795594341755,1.10180993974209,1.58497267961502
S,TCA,0.396396965223551,0.269384440779686,0.526147744059563
S,TCC,0.0517982194771272,-0.0391336073167622,0.143880163133144
S,TCG,0.69102392578125,0.538261422514915,0.852780465781689
T,ACA,0.432893042898178,0.317011338472366,0.544143860042095
T,ACC,0.167099850495346,0.0903806300833821,0.245209041982889
T,ACG,0.598239990091324,0.482253043353558,0.715541054308415
V,GTA,-0.077248043225077,-0.14731823913753,-0.00630957174580539
V,GTC,0.260121758878231,0.175415414944291,0.342800454050303
V,GTG,0.377655734890699,0.294726284593344,0.465375088900328
Y,TAC,-0.266492684090137,-0.388947636634111,-0.138064625486732
Z,AGC,-0.139061401680627,-0.258313208073378,-0.016609568381682
