AA,Codon,Posterior,0.025%,0.975%
A,GCA,-0.0185585820602879,-0.239618352428079,0.191954300180078
A,GCC,0.258903014016664,0.0219250747933984,0.501602119207382
A,GCG,-0.0376089547661948,-0.240966195985675,0.166676843911409
C,TGC,0.240436673384707,-0.308297815173864,0.859559728205204
D,GAC,-0.420073365859687,-0.606583872437477,-0.230202793702483
E,GAA,-0.0101763540110614,-0.194846464321017,0.181610411405563
F,TTC,-0.911276586186886,-1.25159457325935,-0.590805481374263
G,GGA,1.40476707308292,0.913216158747673,2.00848332643509
G,GGC,0.23182608751792,0.0406244632788003,0.418265387415886
G,GGG,0.952559507638216,0.586948585510254,1.37463867068291
H,CAC,-0.353037955615157,-0.727461396157742,0.00484158834442497
I,ATA,1.55634069469571,0.757721358537674,2.77706555724144
I,ATC,-0.282416278714361,-0.514106488227844,-0.0507163390517234
K,AAA,0.0316854310110251,-0.228711236640811,0.274620110541582
L,CTA,1.18438340952694,0.431952814012766,2.14156446456909
L,CTC,0.124979186634108,-0.226211085170507,0.494218774139881
L,CTG,-0.551780061537027,-0.799165867269039,-0.322849241644144
L,CTT,0.375987934796978,-0.0183027379913255,0.788055942952633
L,TTA,0.970728277611733,0.490514915436506,1.4403928488493
N,AAC,-0.845975410044193,-1.17391971945763,-0.556650049984455
P,CCA,-0.773446764601022,-1.36725678741932,-0.219199455156922
P,CCC,0.146589574274968,-0.537372310459614,0.873153784871102
P,CCG,-1.36993538255692,-1.93254344761372,-0.876197496056557
Q,CAA,0.696146333070099,0.396201300621033,1.02234460711479
R,AGA,2.54300150353909,1.35765286386013,4.26045542955399
R,AGG,1.84422152978182,0.876850332319737,3.00777068138123
R,CGA,1.82724268209934,1.12795522809029,2.67523117661476
R,CGC,0.390632899422199,0.17320411503315,0.607908841967583
R,CGG,2.02953174142838,1.37151281833649,2.87881171703339
S,TCA,0.577262912220508,0.123710035532713,1.07869420349598
S,TCC,-0.117318293100331,-0.455939680337906,0.203114528208971
S,TCG,0.163997463558754,-0.187424236163497,0.51516605168581
T,ACA,1.13214931128025,0.61588830947876,1.74664914011955
T,ACC,-0.0650738194258767,-0.320704475045204,0.188115642592311
T,ACG,0.250737763784919,-0.0374102155677974,0.544119843840599
V,GTA,-0.0162351832264569,-0.341374941915274,0.304899493604899
V,GTC,0.28147552862243,-0.0209143976680934,0.611232149600983
V,GTG,-0.0880362127332679,-0.343070887029171,0.14576968178153
Y,TAC,-0.385209062935505,-0.677171155810356,-0.101198066957295
Z,AGC,-0.779031848393381,-1.27338821291924,-0.332241537421942
