AA,Codon,Posterior,0.025%,0.975%
A,GCA,-0.333849776238203,-0.434117434173822,-0.232776867598295
A,GCC,-0.713992953932285,-0.813779884576798,-0.615373906493187
A,GCG,-0.789158739984036,-0.886565440893173,-0.688422402739525
C,TGC,0.0284857669518051,-0.159406522288918,0.226545749604702
D,GAC,0.725338584411144,0.618114310503006,0.831912070512772
E,GAA,-0.741621764421463,-0.849672359228134,-0.635336975753307
F,TTC,0.913803040480614,0.800970833003521,1.02595710158348
G,GGA,0.140092572213344,-0.0187434499617666,0.299131532013416
G,GGC,-0.433856457439065,-0.533591969311237,-0.332213097065687
G,GGG,0.0779425490730882,-0.0669191274791956,0.224562590569258
H,CAC,0.546915936434269,0.403548077493906,0.693515834212303
I,ATA,1.12676339832544,0.95545179694891,1.2892207711935
I,ATC,0.483554481232166,0.400526742637157,0.571246971189976
K,AAA,-1.13008565808535,-1.23448244333267,-1.02411528229713
L,CTA,0.997692772257328,0.816504797339439,1.18452751636505
L,CTC,0.308620114287734,0.184176348149776,0.434686726331711
L,CTG,-0.768694214498997,-0.86872825473547,-0.66812936514616
L,CTT,0.156885789564252,0.0380508659407496,0.278255075961351
L,TTA,-0.236434178446978,-0.352029562741518,-0.11779664773494
N,AAC,0.410437390863895,0.295600754767656,0.525305104255676
P,CCA,0.0968708690582585,-0.0598215902224183,0.260522538423538
P,CCC,-0.289332445080671,-0.464701790362597,-0.113977937400341
P,CCG,-0.484159127980471,-0.619204217195511,-0.354437283426523
Q,CAA,0.235441277259588,0.131790584698319,0.337619160115719
R,AGA,0.998274147975445,0.778697091341019,1.21339279711246
R,AGG,1.42301669522524,1.13150843679905,1.71870665848255
R,CGA,0.428310739672929,0.237616365775466,0.625349560379982
R,CGC,-0.296633501926064,-0.399884935468435,-0.194236687943339
R,CGG,0.163554554602459,-0.0291433195583522,0.358925904333591
S,TCA,-0.262587580916006,-0.412860638648272,-0.110429879650474
S,TCC,-0.0193001184408742,-0.156254846602678,0.117351666092873
S,TCG,-0.422930330523849,-0.592163199186325,-0.258575586974621
T,ACA,-0.459073896101117,-0.603576655685902,-0.311069690436125
T,ACC,-0.917919361996651,-1.03655028045177,-0.801519858837128
T,ACG,-0.849471567928791,-0.989916475117207,-0.704611185193062
V,GTA,0.5803816578269,0.471419498324394,0.690331245958805
V,GTC,-0.0336899899998998,-0.145068958774209,0.078902077116072
V,GTG,-0.459446284943819,-0.56284743398428,-0.359161105006933
Y,TAC,0.470766198429465,0.324716370552778,0.61871929615736
Z,AGC,-0.333908638336509,-0.472253982722759,-0.198989022523165
