AA,Codon,Posterior,0.025%,0.975%
A,GCA,-0.323121035838872,-0.609906885027885,-0.0529566600918771
A,GCC,-0.0273993876098499,-0.334516462683678,0.255752993375063
A,GCG,-0.34754852764355,-0.624670587480068,-0.0898912237957121
C,TGC,-0.0819172137925121,-0.467076425999403,0.286399858444929
D,GAC,-0.256456352908587,-0.437895376235247,-0.0751219149678946
E,GAA,-0.052082038862061,-0.248620849847794,0.138842927664518
F,TTC,-0.892340606570244,-1.19303770661354,-0.593908070027828
G,GGA,1.25641002110839,0.825599302351475,1.75136301517487
G,GGC,0.166725257177101,-0.0242354502901435,0.348532171547413
G,GGG,0.68817177092135,0.387163367122412,1.01717919409275
H,CAC,-0.647365294222161,-1.03203047811985,-0.265755403786898
I,ATA,1.6905356106814,0.759536305069923,2.88608037829399
I,ATC,-0.593618267595768,-0.809534661471844,-0.39438096806407
K,AAA,0.240504405432811,0.00244711712584831,0.473717933148146
L,CTA,0.352762547111204,-0.310836381465197,1.17018510103226
L,CTC,-0.346041322655446,-0.738089676201344,0.0414180941879749
L,CTG,-0.822407272595167,-1.15695390403271,-0.530011455714703
L,CTT,-0.0013841979994887,-0.432827332615852,0.426640619337559
L,TTA,0.941896245858003,0.360068941861391,1.5435939013958
N,AAC,-0.670000318950415,-0.946555952727795,-0.41210193708539
P,CCA,-0.722613955081254,-1.21494343578815,-0.278359340131283
P,CCC,1.07820362191163,0.293650990724564,1.99383497834206
P,CCG,-0.960066514384747,-1.41571598649025,-0.543523417413235
Q,CAA,0.486586005898751,0.233090484887362,0.755500391125679
R,AGA,2.70791972339153,1.55923535525799,4.05841598510742
R,AGG,2.51647656584978,1.19440486133099,4.57258820533752
R,CGA,1.53270650670528,0.972743701934814,2.17355824708939
R,CGC,0.406614691967517,0.208519929647446,0.605637797713279
R,CGG,1.65010650804043,1.11370680034161,2.27185101509094
S,TCA,0.475446641414589,0.0573372096754611,0.92028297483921
S,TCC,-0.189729568712524,-0.492959905415773,0.0985611710697411
S,TCG,0.276991738929949,-0.0739864891394973,0.640570837259293
T,ACA,0.437905765130305,-0.0743170814588666,0.971272669732571
T,ACC,-0.357085897599587,-0.727768437564373,-0.0342820405028761
T,ACG,-0.105895247977648,-0.493649764358997,0.232105690613388
V,GTA,0.119722255015638,-0.180221526697278,0.432272387295961
V,GTC,0.295438688266097,0.0133494280045852,0.587368153035641
V,GTG,-0.163434050273438,-0.367861037701368,0.033471921365708
Y,TAC,-0.223608032525569,-0.458891422301531,0.0123498169938097
Z,AGC,-0.463565970109543,-0.840754297375679,-0.118314347416163
