AA,Codon,Posterior,0.025%,0.975%
A,GCA,0.106667313625367,0.0393391680903733,0.174858062341809
A,GCC,0.351157325050235,0.274156311154366,0.429019464552402
A,GCG,0.348826673382521,0.275000999867916,0.426086623966694
C,TGC,-0.151222183622421,-0.333606523275375,0.0247998268343508
D,GAC,-0.203952667266875,-0.280124795436859,-0.126794112101197
E,GAA,-0.140512259598915,-0.224698436260223,-0.0572260263375938
F,TTC,-0.25123686786592,-0.340971766412258,-0.160166351124644
G,GGA,0.721414469575882,0.575179898738861,0.876761537790298
G,GGC,0.174003282365203,0.105734276399016,0.243949119001627
G,GGG,0.62880742764473,0.496790782362223,0.766455942392349
H,CAC,-0.267540782678127,-0.391114737838507,-0.146398523077369
I,ATA,0.63591545740962,0.455506294220686,0.835127593576908
I,ATC,-0.217844343294203,-0.283335117995739,-0.152725040540099
K,AAA,0.012661217809321,-0.0555088947527111,0.0775931192561984
L,CTA,0.156782858152661,-0.0370476014912128,0.355914407968521
L,CTC,-0.190076018116158,-0.313912449032068,-0.0700423810631037
L,CTG,-0.367985813835263,-0.464344913512468,-0.270215310156345
L,CTT,-0.190992760327924,-0.305283363163471,-0.0751465464010835
L,TTA,-0.0355782290031711,-0.15443908162415,0.0802532330155372
N,AAC,-0.407585295704007,-0.503605844080448,-0.314201437681913
P,CCA,0.00131027066807837,-0.133234607055783,0.136575983092189
P,CCC,0.518346772813797,0.335285690426826,0.703357023000717
P,CCG,-0.0839693346259343,-0.191521663963795,0.0255122171714899
Q,CAA,0.067600141303915,-0.0163796919863671,0.154544878751039
R,AGA,0.843488469946384,0.608861088752747,1.08487731516361
R,AGG,1.19304532657862,0.846058441698551,1.56733069419861
R,CGA,1.11390347496271,0.888511472940445,1.34068328440189
R,CGC,0.183505315949023,0.109684000536799,0.257449904084206
R,CGG,1.33980830887556,1.10216252505779,1.58975550830364
S,TCA,0.397750185224414,0.274520961940289,0.525404922664165
S,TCC,0.0604251266825966,-0.0316104622557759,0.154082384333014
S,TCG,0.699738879364729,0.544949805736542,0.865031218528748
T,ACA,0.434830707201362,0.32127298861742,0.550186951458454
T,ACC,0.166898298995197,0.0887066038325429,0.243119923397899
T,ACG,0.601923811727762,0.487011162191629,0.720379623770714
V,GTA,-0.0853584161502564,-0.154215916991234,-0.0153884819010273
V,GTC,0.250558299137652,0.166438913717866,0.335479008406401
V,GTG,0.376198851966858,0.295668435096741,0.460766965150833
Y,TAC,-0.253201522299647,-0.380761207640171,-0.128928925469518
Z,AGC,-0.128525686855085,-0.245453799143434,-0.0102851379197091
