AA,Codon,Posterior,0.025%,0.975%
A,GCA,-0.336393176484108,-0.433628661930561,-0.237282594665885
A,GCC,-0.72548301756382,-0.826531818509102,-0.628463824093342
A,GCG,-0.785295054209232,-0.88319566398859,-0.68789244890213
C,TGC,0.0679881653639648,-0.122971268929541,0.261124254018068
D,GAC,0.721100257611275,0.614923302829266,0.829542082548141
E,GAA,-0.765833176589012,-0.873167307674885,-0.657857741415501
F,TTC,0.886616661512852,0.774319599568844,1.00155372023582
G,GGA,0.129069234588664,-0.027443851204589,0.283884356915951
G,GGC,-0.448256686472893,-0.548211865127087,-0.346569443494082
G,GGG,0.0738053472990272,-0.0715489786118269,0.222702246159315
H,CAC,0.546843220603466,0.398825299739838,0.699815019965172
I,ATA,1.10265443177223,0.938273975253105,1.26831335425377
I,ATC,0.483992209815979,0.39621205329895,0.569389820098877
K,AAA,-1.12009181569815,-1.22444821596146,-1.01644464731216
L,CTA,0.979022923111916,0.797980104386806,1.16189863085747
L,CTC,0.280911331413686,0.154645877704024,0.410922013968229
L,CTG,-0.772986689066887,-0.873346826434135,-0.670871852338314
L,CTT,0.139536357172742,0.0173565550707281,0.263838689774275
L,TTA,-0.249277282454446,-0.365912634879351,-0.132930667698383
N,AAC,0.415547068053484,0.298267311602831,0.536876069009304
P,CCA,0.0907961217068936,-0.0697886599227786,0.249139698594809
P,CCC,-0.308374800548644,-0.489159867167473,-0.133371375501156
P,CCG,-0.490052430135012,-0.632010996341705,-0.34965463578701
Q,CAA,0.245934506692737,0.13893468901515,0.349021842330694
R,AGA,1.02175051413774,0.809562200307846,1.24387246668339
R,AGG,1.45431300908327,1.14164531230927,1.76516395509243
R,CGA,0.478133158755302,0.278442267328501,0.67867202758789
R,CGC,-0.293578673052788,-0.397978418320417,-0.189322349429131
R,CGG,0.150357141763787,-0.0400393521413207,0.343795020878315
S,TCA,-0.252618376420089,-0.410340775549412,-0.099549793638289
S,TCC,0.00220734157938714,-0.133777737990022,0.134010115638375
S,TCG,-0.409476524062455,-0.574935980141163,-0.241707419976592
T,ACA,-0.464299578884244,-0.602897290885448,-0.320038619637489
T,ACC,-0.931790123176575,-1.04659132957459,-0.818296223878861
T,ACG,-0.838310866868496,-0.970497213304043,-0.698097024857998
V,GTA,0.57152222969532,0.459203797578812,0.682431456446648
V,GTC,-0.0341237532641968,-0.145097900554538,0.0746166398748755
V,GTG,-0.448030296069384,-0.550535626709461,-0.347457464784384
Y,TAC,0.470679655107856,0.322294079512358,0.620979236066341
Z,AGC,-0.345816552317142,-0.484955664724112,-0.209328532218933
