AA,Codon,Posterior,0.025%,0.975%
A,GCA,0.107523290085141,0.0424425813369453,0.173311776667833
A,GCC,0.357952551060915,0.284079288691282,0.433035591244698
A,GCG,0.345210366660357,0.270830972492695,0.417834880203009
C,TGC,-0.181151487624602,-0.359789476543665,-0.00681758510181687
D,GAC,-0.201847697821259,-0.281333020329475,-0.120652408339083
E,GAA,-0.125639093503961,-0.209847620874643,-0.0467204374261201
F,TTC,-0.233128148775548,-0.322378142178059,-0.144763942435384
G,GGA,0.729142824989557,0.580805003643036,0.886399239301681
G,GGC,0.182338355416059,0.113329370133579,0.251416759192943
G,GGG,0.630379410111904,0.500045622140169,0.765247349441051
H,CAC,-0.266357860421017,-0.389515624940395,-0.146422166004777
I,ATA,0.655759451216459,0.475003155320883,0.842266575992107
I,ATC,-0.218915203602612,-0.28544102832675,-0.15359449647367
K,AAA,0.00661408912919305,-0.0631125632673502,0.0735902149230241
L,CTA,0.174318988759731,-0.0183912738692015,0.370749690383673
L,CTC,-0.167395685422682,-0.284543173760176,-0.0511105131357909
L,CTG,-0.362624022313952,-0.460921794176102,-0.270419828593731
L,CTT,-0.1767576920616,-0.292136242985725,-0.0637864803895356
L,TTA,-0.0246970139431503,-0.138854919373989,0.0893970064818859
N,AAC,-0.411275461193919,-0.5085976973176,-0.317794647067785
P,CCA,0.00643375144091012,-0.125258448347449,0.13829374872148
P,CCC,0.533383491078019,0.356766649335623,0.724147199094295
P,CCG,-0.0791378363944416,-0.192786888033152,0.0336427852511405
Q,CAA,0.0622838905909421,-0.0242965557146817,0.148967637866735
R,AGA,0.818002468889952,0.588059234619141,1.05897260904312
R,AGG,1.16161242340803,0.782707990705967,1.55982441604137
R,CGA,1.0595624656558,0.841026028990746,1.29603819847107
R,CGC,0.180427623928152,0.106366895884275,0.254844845831394
R,CGG,1.35555772593021,1.11261829137802,1.60246193408966
S,TCA,0.393435337874293,0.269853129982948,0.525885516405106
S,TCC,0.0502146756828268,-0.0393122998066247,0.142350296676159
S,TCG,0.692715377783775,0.541541275382042,0.854153870046139
T,ACA,0.4382889529109,0.322685300558805,0.551752343773842
T,ACC,0.175450939708762,0.101074303500354,0.252936867624521
T,ACG,0.591690999740362,0.477950957417488,0.70759574919939
V,GTA,-0.0819946857369781,-0.151887252181768,-0.0125017624581233
V,GTC,0.250462822373211,0.166036664322019,0.339136528968811
V,GTG,0.36757677924335,0.286206810921431,0.450939614325762
Y,TAC,-0.253271724069538,-0.379821503907442,-0.130332373455167
Z,AGC,-0.120247343745015,-0.241039180010557,-0.00329756370629186
