AA,Codon,Posterior,0.025%,0.975%
A,GCA,0.185044903134774,-0.070471472851932,0.438629057258367
A,GCC,0.314481008677634,0.0694109143689275,0.569732114672661
A,GCG,0.0218882008286098,-0.198214263096452,0.23625649549067
C,TGC,0.23853854426605,-0.351318919658661,0.882918040454387
D,GAC,-0.274002459590184,-0.478718911111355,-0.0627260845154525
E,GAA,-0.0943284773265779,-0.307842329889536,0.109065505489707
F,TTC,-0.517545531886304,-0.891609460115433,-0.145719660446048
G,GGA,0.955089525699615,0.513277298212051,1.49007921814919
G,GGC,0.143290349310403,-0.0665930414572358,0.361099819093943
G,GGG,0.716180621905997,0.324084246903658,1.13554246425629
H,CAC,-0.203311349444831,-0.654799623787403,0.244796242192387
I,ATA,1.08954888185635,0.24695797637105,2.09395092129707
I,ATC,-0.543319489069097,-0.825702199339867,-0.278958647698164
K,AAA,-0.0244990488795724,-0.3251699231565,0.24131100922823
L,CTA,0.290885137186337,-0.464694921672344,1.20049752295017
L,CTC,-0.467403061997658,-0.925835525989532,-0.0375287781469524
L,CTG,-0.747999269914627,-1.14867735803127,-0.400816967338324
L,CTT,0.157895369296426,-0.396570102125406,0.733464157581329
L,TTA,0.0296069652206941,-0.433660343289375,0.488727363198995
N,AAC,-0.935584770286083,-1.35053028464317,-0.559245610237122
P,CCA,0.390737264153745,-0.254516720026731,1.10461077392101
P,CCC,0.749431862818729,0.0631904920563102,1.5132111877203
P,CCG,-0.672915432617813,-1.10790002346039,-0.288961096853018
Q,CAA,0.596050368192792,0.288310065865517,0.949504601955414
R,AGA,12.0885307449818,5.86824312210083,19.1079069137573
R,AGG,6.94168248603344,2.17083504796028,14.6549719333649
R,CGA,1.55998465325832,0.717894983291626,2.58147355914116
R,CGC,0.139864683816294,-0.151218312233686,0.431090220063925
R,CGG,1.08665448480994,0.472523078322411,1.86537123322487
S,TCA,0.280652811216029,-0.265674860030413,0.832446838915348
S,TCC,-0.295072154724036,-0.736635200679302,0.146056673303246
S,TCG,0.280141489673182,-0.24293745867908,0.806381699442863
T,ACA,1.30378073728383,0.637363263964653,2.04922372102737
T,ACC,0.0173069664124692,-0.286287134885788,0.296212489157915
T,ACG,0.31129964828369,-0.0324464747682214,0.654767361283302
V,GTA,0.269662890679907,-0.0474712949246168,0.621726678311825
V,GTC,0.259950824097102,-0.00670645636273548,0.538142287731171
V,GTG,0.155193812443405,-0.0677429659292102,0.374531938135624
Y,TAC,-0.288012294126922,-0.637584672868252,0.0532804667018354
Z,AGC,-0.170253271653192,-0.632259008288383,0.275388479232788
