AA,Codon,Posterior,0.025%,0.975%
A,GCA,0.21642821919024,0.0954010659828782,0.338583993166685
A,GCC,0.522531732589006,0.37618966922164,0.680151405930519
A,GCG,0.249638110940158,0.125330531224608,0.377672444283962
C,TGC,-0.419377576097241,-0.766032949090004,-0.091444075293839
D,GAC,-0.300791655765846,-0.436881446838379,-0.167234569787979
E,GAA,-0.209413544419315,-0.324272133409977,-0.100813261419535
F,TTC,-0.785473201102018,-0.998272868990898,-0.574685797095299
G,GGA,1.29629296246767,1.00564037561417,1.60760327577591
G,GGC,0.113985632423448,-0.00563507782062515,0.237301821634173
G,GGG,0.838348921668529,0.623475068807602,1.06341509819031
H,CAC,-0.61706222178638,-0.887054285407066,-0.358789843320847
I,ATA,0.859706998682022,0.584126818180084,1.15476807653904
I,ATC,-0.311924244102836,-0.458483485877514,-0.173570941388607
K,AAA,-0.0905728498150085,-0.218423525989056,0.0409716170281171
L,CTA,0.402883599556255,0.125751594081521,0.691096375882625
L,CTC,-0.401901385714859,-0.601272223889828,-0.208403390273452
L,CTG,-0.74932580575943,-0.94185681194067,-0.567495927214622
L,CTT,-0.146454705093077,-0.361132118850946,0.0676573248580098
L,TTA,0.285678205641633,0.0277977666351944,0.559978599846362
N,AAC,-0.887734936511517,-1.124536678195,-0.667472308874131
P,CCA,-0.15634136648937,-0.35949092656374,0.0426861328072844
P,CCC,0.997342564249039,0.607782030105591,1.41503077745438
P,CCG,-0.407291308242083,-0.596594469249249,-0.22507077306509
Q,CAA,0.314164214171842,0.154797505587339,0.47965322881937
R,AGA,1.37957614964247,1.04171160459518,1.74372242987156
R,AGG,2.16006603617668,1.68380319774151,2.69296293258667
R,CGA,2.02150928461552,1.57757496833801,2.54032475948334
R,CGC,0.303186833377182,0.139150724187493,0.474911645054817
R,CGG,1.99559296989441,1.53840999305248,2.50131464004517
S,TCA,0.798935864761472,0.455484283715487,1.18080350160599
S,TCC,-0.192133158686041,-0.400456331670284,0.00809454792179154
S,TCG,0.66144325261265,0.345901178568602,1.01411710977554
T,ACA,0.565506477308273,0.351474244147539,0.793560102581978
T,ACC,0.172621148389961,0.0209898754488677,0.327731595188379
T,ACG,0.51614359832108,0.321921440958977,0.734373909235001
V,GTA,0.0249700444743619,-0.113757875747979,0.163981184735894
V,GTC,0.444285616032779,0.25877767726779,0.639667761325836
V,GTG,0.361421037990786,0.192691698670387,0.537429517507553
Y,TAC,-0.390793421048298,-0.603211903572083,-0.190746681764722
Z,AGC,-0.573756069694459,-0.855536669492722,-0.319094607234002
