AA,Codon,Posterior,0.025%,0.975%
A,GCA,-0.334491012912989,-0.431522881239653,-0.237060427293181
A,GCC,-0.734595297122002,-0.836848126351833,-0.630833360552788
A,GCG,-0.787578807747364,-0.890383742749691,-0.687579621374607
C,TGC,0.0568843157915719,-0.137171028181911,0.248549994453788
D,GAC,0.738557085549831,0.630830304324627,0.84576985090971
E,GAA,-0.773009026610851,-0.878256894648075,-0.665280309319497
F,TTC,0.891659568417072,0.782661965489387,1.00579877793789
G,GGA,0.145633744634112,-0.0136149777332321,0.297517886012792
G,GGC,-0.431338475337625,-0.531945414841175,-0.327297312766314
G,GGG,0.0657127853101934,-0.0816947555169463,0.208773506432772
H,CAC,0.535115255182982,0.39056483656168,0.680132527649403
I,ATA,1.11002654936314,0.94468269944191,1.27291658818722
I,ATC,0.490025502771139,0.403687983006239,0.576629389822483
K,AAA,-1.13028388324976,-1.23246128261089,-1.02893609106541
L,CTA,1.00924316475391,0.82367043197155,1.19383652806282
L,CTC,0.308409679460525,0.185713978856802,0.435476711392403
L,CTG,-0.761280081427097,-0.860224749147892,-0.661171638965607
L,CTT,0.152531909579397,0.0303424082696438,0.279283659160137
L,TTA,-0.248503609232605,-0.362615191936493,-0.132003143429756
N,AAC,0.415051862567663,0.298549965023994,0.535665793716907
P,CCA,0.0823336761629296,-0.0736274443566799,0.238929210230708
P,CCC,-0.297466416809673,-0.477746627479792,-0.118407556973398
P,CCG,-0.491651482647657,-0.624807080626488,-0.355165429413319
Q,CAA,0.233902876718342,0.127433682233095,0.338471689075232
R,AGA,1.00015583027601,0.785671292245388,1.21849679350853
R,AGG,1.41436669266224,1.10626070797443,1.71669087707996
R,CGA,0.435278712502122,0.243973200768232,0.641156406700611
R,CGC,-0.306545414751768,-0.408107576519251,-0.205788442865014
R,CGG,0.149033168571367,-0.052237406745553,0.353153324127197
S,TCA,-0.247464531225385,-0.402447725832462,-0.0977175869047642
S,TCC,-0.0158671443131163,-0.153247326612473,0.122171794250607
S,TCG,-0.390296437184513,-0.555587618052959,-0.224707230180502
T,ACA,-0.451467341306806,-0.592938254773617,-0.31062883362174
T,ACC,-0.920770139300823,-1.03529173433781,-0.805114048719406
T,ACG,-0.842020088005066,-0.978055393695831,-0.70576256364584
V,GTA,0.591736425036192,0.480607209354639,0.703307574987411
V,GTC,-0.0349894966018069,-0.144551203772426,0.0795919319614768
V,GTG,-0.452079760098457,-0.552934508025646,-0.349391403794289
Y,TAC,0.470407537409663,0.322662981599569,0.622558192908764
Z,AGC,-0.321752256417274,-0.456456457823515,-0.183186093345284
