AA,Codon,Posterior,0.025%,0.975%
A,GCA,0.106538014585886,0.0418833393603563,0.173265180364251
A,GCC,0.364449866271019,0.289875943213701,0.442974356561899
A,GCG,0.347145631089807,0.275390516966581,0.421203597635031
C,TGC,-0.172306556191473,-0.357639490067959,0.00272756402264348
D,GAC,-0.211854691365361,-0.292267075181007,-0.133775005117059
E,GAA,-0.120999664677843,-0.204959881305695,-0.0378864461556078
F,TTC,-0.236054426057637,-0.324014379829168,-0.147564345598221
G,GGA,0.716210347294807,0.570396456122398,0.873826882243156
G,GGC,0.172297218760103,0.104395046830177,0.239370277896523
G,GGG,0.639237237143517,0.50737377256155,0.781172624230385
H,CAC,-0.259948352693021,-0.380869311094284,-0.13920838907361
I,ATA,0.650222973716259,0.472709372639656,0.841139590740204
I,ATC,-0.222090897916257,-0.286537029594183,-0.157436911016703
K,AAA,0.0117482868903942,-0.0535928579047322,0.0780009413138032
L,CTA,0.146855396045858,-0.0443904615938663,0.344658054411411
L,CTC,-0.189945361640575,-0.310896992683411,-0.0689596967771652
L,CTG,-0.373171973714232,-0.470487831532955,-0.278933264315128
L,CTT,-0.188874097520835,-0.304571624100208,-0.071563426591456
L,TTA,-0.0267078497326867,-0.13914299570024,0.0894593888893723
N,AAC,-0.410576422837377,-0.510044212639332,-0.314494961500168
P,CCA,0.010356341789406,-0.118376019783318,0.144877485558391
P,CCC,0.52273029319346,0.347125922143459,0.704454216361046
P,CCG,-0.0787036296930379,-0.191769074648619,0.0296966980677098
Q,CAA,0.0690109670087373,-0.0166597164236009,0.157342677563429
R,AGA,0.841579136651754,0.615040042996407,1.08126242756844
R,AGG,1.21474834617376,0.838336263597012,1.61877192258835
R,CGA,1.10298404501677,0.875018367171288,1.34206348061562
R,CGC,0.188814665512741,0.114115549251437,0.262843079864979
R,CGG,1.35258161393404,1.10406259894371,1.61459722220898
S,TCA,0.389096095538139,0.262715842574835,0.51355280727148
S,TCC,0.059068956259852,-0.0363346759229898,0.153347520157695
S,TCG,0.675014969325066,0.523728278279304,0.835078765451908
T,ACA,0.428820650067925,0.31517550945282,0.541915754973888
T,ACC,0.168481975448318,0.0902522740885615,0.245829805359244
T,ACG,0.595219984489679,0.483375318348408,0.713131307065487
V,GTA,-0.0906056773720542,-0.161047990620136,-0.0231959939468652
V,GTC,0.252440107016265,0.166226996481419,0.338045462965965
V,GTG,0.371009423500299,0.287415254861116,0.456342969834804
Y,TAC,-0.25274785608165,-0.380456228554249,-0.132322677224875
Z,AGC,-0.137852834528601,-0.257451462000608,-0.0192012396641076
