AA,Codon,Posterior,0.025%,0.975%
A,GCA,-0.0724264664464827,-0.305466560274363,0.153954767435789
A,GCC,0.104233456766778,-0.129563943296671,0.329005964100361
A,GCG,-0.159495870459926,-0.371699027717113,0.0393241858109831
C,TGC,-0.231419242470336,-0.680980722606182,0.199635148793459
D,GAC,-0.238046393215982,-0.423387664556503,-0.0556287178769709
E,GAA,0.0108595376260761,-0.169175654277205,0.189730272814631
F,TTC,-0.919897344201803,-1.20296739339828,-0.650132684409618
G,GGA,1.3093402297616,0.915788342058659,1.75241169631481
G,GGC,0.318125513403863,0.159288954362273,0.482712893188
G,GGG,0.741118978071213,0.468855810910463,1.0220143020153
H,CAC,-0.496693406120501,-0.803676582872868,-0.200108129158617
I,ATA,3.51101642754078,1.86081392467022,5.87234452962875
I,ATC,-0.397396074485779,-0.582000403106213,-0.216172075271606
K,AAA,-0.216928701719856,-0.483900559693575,0.025865155411884
L,CTA,0.345269707642417,-0.253376849740744,1.02277762889862
L,CTC,-0.269252899418836,-0.627308982610703,0.0712915875017642
L,CTG,-0.697574907028675,-0.98039797693491,-0.436361631006003
L,CTT,0.247011384800103,-0.1652831569314,0.672716781497002
L,TTA,0.289920806623034,-0.0977965831756592,0.684711468219757
N,AAC,-1.0720332821846,-1.3525515973568,-0.797939117252827
P,CCA,-0.533778509829822,-1.00454688370228,-0.0887606164440514
P,CCC,1.96811424097419,0.948127855360508,3.30355501770973
P,CCG,-0.884047300472856,-1.31075569093227,-0.490324050933123
Q,CAA,0.543419732755423,0.309268426895142,0.79191800057888
R,AGA,3.02984781498909,1.71737999618053,4.61675769090652
R,AGG,1.97699943911135,1.01385301947594,3.55455093383789
R,CGA,3.40032607059479,2.03839468955994,5.21192189455032
R,CGC,0.286739191690017,0.127923821285367,0.454288412630558
R,CGG,1.1084602216363,0.736864469945431,1.52241332828999
S,TCA,0.59147700929353,0.179197923466563,1.04971732497215
S,TCC,-0.135277391259016,-0.412126225978136,0.128065499663353
S,TCG,0.288079922397877,-0.0476590884849429,0.634214229881763
T,ACA,0.62374374955222,0.243121348693967,1.01182824969292
T,ACC,-0.0452459072661157,-0.298293758928776,0.187904271855949
T,ACG,0.285305214977229,0.00446930150501431,0.56244823038578
V,GTA,-0.22588797727256,-0.474671166390181,0.0242959592957043
V,GTC,0.0487658654848827,-0.209811961650848,0.297444588690996
V,GTG,-0.138732927298102,-0.361246065050364,0.0696379292756319
Y,TAC,-0.187428872571155,-0.429706376045942,0.052961634006351
Z,AGC,-0.441954482702108,-0.843384076654911,-0.0533415409736336
