AA,Codon,Posterior,0.025%,0.975%
A,GCA,-0.374311140337586,-0.463028848171234,-0.285197766125202
A,GCC,-0.801112400627136,-0.89088241904974,-0.712315036356449
A,GCG,-0.915175401890278,-1.00162605345249,-0.830657261610031
C,TGC,0.00770833525906673,-0.173987437784672,0.181846636906266
D,GAC,0.81386640355587,0.723033094406128,0.907785855233669
E,GAA,-0.706336922705173,-0.796975328028202,-0.614474661648274
F,TTC,0.890471466124058,0.793363371491432,0.990029965341091
G,GGA,0.0986548661231122,-0.0403491764329374,0.236819367110729
G,GGC,-0.425659019702673,-0.509325306117535,-0.340813958644867
G,GGG,0.0143108690965113,-0.108057743310928,0.136160976439714
H,CAC,0.633626867592335,0.505246652662754,0.761401090025902
I,ATA,1.11160525621176,0.953925614058971,1.27311671376228
I,ATC,0.529971253919601,0.451765064895153,0.607120631635189
K,AAA,-1.15187019999027,-1.24346462488174,-1.05497663617134
L,CTA,0.967694984412193,0.795575657486916,1.13891540169716
L,CTC,0.319705266423523,0.204158013314009,0.436066951602697
L,CTG,-0.761150607633591,-0.854237270355225,-0.668602669239044
L,CTT,0.165509200758976,0.0546766171231866,0.279113258421421
L,TTA,-0.285321885228157,-0.397902578860521,-0.173547022789717
N,AAC,0.438529293596745,0.333680966496468,0.546331664919853
P,CCA,0.0743422241875116,-0.0683596264570951,0.221509583294392
P,CCC,-0.299723205764266,-0.457965932786465,-0.136535276472569
P,CCG,-0.529219360381365,-0.650163492560387,-0.404287672042847
Q,CAA,0.246163251811266,0.150553466379642,0.343466091156006
R,AGA,0.994263986325264,0.788216365873814,1.19993707239628
R,AGG,1.43328944964409,1.13136026859283,1.7282596796751
R,CGA,0.374726231904328,0.185862727835774,0.566350938379764
R,CGC,-0.369816600009799,-0.45735554844141,-0.281995870172977
R,CGG,0.0577972508006587,-0.120428220927715,0.228756315633654
S,TCA,-0.367669198833406,-0.51378225684166,-0.221476922929287
S,TCC,-0.0518533212480739,-0.177461749315262,0.0700959103181958
S,TCG,-0.526175533467531,-0.673106077313423,-0.380964900553227
T,ACA,-0.502424743205309,-0.63330962061882,-0.367650410532951
T,ACC,-0.973129149305821,-1.07677704691887,-0.873623909056187
T,ACG,-0.944457499885559,-1.06443239450455,-0.822977228462696
V,GTA,0.521320616471767,0.422415393590927,0.619537614285946
V,GTC,-0.120813290684816,-0.218768106400967,-0.0192046589683742
V,GTG,-0.56226741990447,-0.648873881995678,-0.471792066842318
Y,TAC,0.551242605412006,0.423768123984337,0.677426420152187
Z,AGC,-0.285122308661044,-0.410303956270218,-0.158842869848013
