AA,Codon,Posterior,0.025%,0.975%
A,GCA,0.124235029595904,0.0625989634543657,0.185839642211795
A,GCC,0.397831999146938,0.327267653495073,0.469142907857895
A,GCG,0.422266420090198,0.353793299198151,0.49178517088294
C,TGC,-0.134778534210734,-0.303227125108242,0.0415161373093724
D,GAC,-0.255438636660576,-0.328860863298178,-0.183230650052428
E,GAA,-0.161914939080179,-0.2395711440593,-0.0846452554687858
F,TTC,-0.235823593372107,-0.319906195253134,-0.154198167473078
G,GGA,0.75434418708086,0.618280319869518,0.898925507068634
G,GGC,0.169182344841212,0.10727217271924,0.234237001463771
G,GGG,0.681290074247122,0.55971028059721,0.810289914906025
H,CAC,-0.322798526246846,-0.438101250678301,-0.203835637494922
I,ATA,0.656082333278656,0.47469087690115,0.843625639379024
I,ATC,-0.245067269229889,-0.307138632237911,-0.185037665814161
K,AAA,0.0232257961591588,-0.0419049480929971,0.0879859618842601
L,CTA,0.181219483958808,-0.00245931405224837,0.373931892216206
L,CTC,-0.197633897291403,-0.312152975052595,-0.0890960518270731
L,CTG,-0.372549387851357,-0.463813204318285,-0.284388123452663
L,CTT,-0.197002679698588,-0.310570897907019,-0.0883540093898773
L,TTA,0.0034157519475265,-0.109767399542034,0.117389088124037
N,AAC,-0.425683327943087,-0.518510313332081,-0.33623496517539
P,CCA,0.0156819892394255,-0.111988847702742,0.139296509325504
P,CCC,0.520276762080193,0.359360854327679,0.690426860749721
P,CCG,-0.0560067631607708,-0.163432697951794,0.0490396219305692
Q,CAA,0.061435616831585,-0.0223711031023413,0.144113642722368
R,AGA,0.829890972334147,0.608055227994919,1.06491374373436
R,AGG,1.1649803666234,0.812417353689671,1.55761046111584
R,CGA,1.14698980507851,0.924676311016083,1.38315687179565
R,CGC,0.222697854787111,0.155442031100392,0.293187580257654
R,CGG,1.43559779419899,1.21594693362713,1.67451663315296
S,TCA,0.465766584640741,0.342365677654743,0.591730612516403
S,TCC,0.0765963317751484,-0.00843157479539514,0.164272344857454
S,TCG,0.774660794955492,0.630061596632004,0.925902938842773
T,ACA,0.4552217194736,0.346051071584225,0.565671813488007
T,ACC,0.194358910704404,0.122460742853582,0.268623527884483
T,ACG,0.662927785038948,0.557023796439171,0.773748356103897
V,GTA,-0.0579494290895222,-0.120229939371347,0.00945550880860536
V,GTC,0.298074992528558,0.21782261878252,0.379938719421625
V,GTG,0.438203079456091,0.359945899993181,0.51756943911314
Y,TAC,-0.305976724866033,-0.419464135915041,-0.190456256270409
Z,AGC,-0.163782542362367,-0.282460524141788,-0.0484673176892103
