AA,Codon,Posterior,0.025%,0.975%
A,GCA,0.158558275176166,0.0569372272118926,0.257465783506632
A,GCC,0.235391447080672,0.137728015705943,0.331567320227623
A,GCG,0.089535383325268,-0.000751209135341923,0.176242832839489
C,TGC,-0.426450285677612,-0.659020425379276,-0.199795032665133
D,GAC,-0.321847774192691,-0.403891763836145,-0.242236279696226
E,GAA,-0.173811531363428,-0.262555599957705,-0.0850368700921535
F,TTC,-0.882306606972218,-0.998728631436825,-0.765329417586327
G,GGA,1.345020677495,1.14795759320259,1.54744930267334
G,GGC,0.189553775337338,0.117019290663302,0.263948407769203
G,GGG,0.863858863306046,0.724026383459568,1.01289777159691
H,CAC,-0.574328733378649,-0.728653033077717,-0.420130974054337
I,ATA,2.14452622430325,1.7307726085186,2.58469187021255
I,ATC,-0.470810079300404,-0.556067697703838,-0.386836831271648
K,AAA,-0.16450889035915,-0.273260302096605,-0.0605136771686375
L,CTA,0.644955667351931,0.340108343213797,0.953766298294067
L,CTC,-0.257056006619753,-0.418274907767773,-0.1018499430269
L,CTG,-0.817348221790791,-0.946978867053986,-0.694186048209667
L,CTT,0.214925517499138,0.0324558265507221,0.396952398866415
L,TTA,0.57040074506402,0.38051418736577,0.75737316608429
N,AAC,-0.912315343165398,-1.04605676531792,-0.780778595805168
P,CCA,-0.335875886390731,-0.55003619492054,-0.125492240488529
P,CCC,0.695392493292689,0.410551965236664,0.971667613089084
P,CCG,-0.926250887727737,-1.1096352994442,-0.754312531650066
Q,CAA,0.625854324632883,0.496918740868568,0.763435225188732
R,AGA,2.7246408352375,2.18878357410431,3.31231167912483
R,AGG,2.83316066954136,2.09270243048668,3.78605237603187
R,CGA,2.28139840171337,1.89593730866909,2.67805733680725
R,CGC,0.304201215448976,0.216447522863746,0.393062732368707
R,CGG,1.8231821999073,1.5396288305521,2.12464059591293
S,TCA,0.774038991159201,0.603383632004261,0.956349432468414
S,TCC,0.0996867603624487,-0.0110062095103785,0.21254218518734
S,TCG,0.489284940591454,0.347849743813276,0.630571109056473
T,ACA,0.943143931114674,0.748388583958149,1.14228030741215
T,ACC,-0.0077879551881173,-0.101552214846015,0.086573520489037
T,ACG,0.476631130588055,0.348663076758385,0.611765307188034
V,GTA,0.0361352584107008,-0.0593051148578525,0.132777395099401
V,GTC,0.42469568618536,0.316746694594622,0.536375197768211
V,GTG,0.158267328955047,0.0766749449074268,0.237256569042802
Y,TAC,-0.348389341801405,-0.469581782072783,-0.230135747045279
Z,AGC,-0.600948172855377,-0.785359792411327,-0.424074967950583
