AA,Codon,Posterior,0.025%,0.975%
A,GCA,-0.464271888780594,-0.568312008678913,-0.362049555778504
A,GCC,-1.05113434892893,-1.15582863986492,-0.945541588962078
A,GCG,-1.2488161740303,-1.34576308429241,-1.1521510630846
C,TGC,-0.0977912224975298,-0.28522162437439,0.0919542051851749
D,GAC,0.859026638448238,0.75764102190733,0.962359277904033
E,GAA,-0.61033291528821,-0.707112897932529,-0.511490517854691
F,TTC,0.773797181963921,0.66238376647234,0.884766048192978
G,GGA,0.0431190652568155,-0.138624641671777,0.22142478376627
G,GGC,-0.410465568476915,-0.505200055241585,-0.320605184882879
G,GGG,0.0337976451746348,-0.108796090260148,0.173881208151579
H,CAC,0.696770388996601,0.553355006873608,0.841474223136902
I,ATA,1.17904634948969,0.945004245638847,1.41206776201725
I,ATC,0.490940741425753,0.402882474660873,0.578136475384235
K,AAA,-1.06789332919121,-1.17075720727444,-0.96506619900465
L,CTA,1.0308930782795,0.825219918787479,1.23515818417072
L,CTC,0.460609418118,0.329803175479174,0.594675394892692
L,CTG,-0.769068742632866,-0.871239909529686,-0.665661512315273
L,CTT,0.440427371484041,0.302775440365076,0.576445530354976
L,TTA,-0.0375069745451283,-0.16880096681416,0.0957742335274813
N,AAC,0.304721452817321,0.182948720082641,0.428250543773174
P,CCA,0.030185448452066,-0.14986960850656,0.212173923105001
P,CCC,-0.326441085937875,-0.543216568231583,-0.11188567019999
P,CCG,-0.893485982358456,-1.04505000114441,-0.740566620230675
Q,CAA,0.27900767685771,0.168578485399485,0.387953347712755
R,AGA,1.44173793352842,1.11639450490475,1.77036312818527
R,AGG,1.16976776467562,0.759766100347042,1.58078926205635
R,CGA,0.579680161103606,0.333829062432051,0.81836534589529
R,CGC,-0.502270597803593,-0.597589588165283,-0.407827492058277
R,CGG,0.0276957496755058,-0.161557255685329,0.211042730510235
S,TCA,-0.210654670639263,-0.386883812397718,-0.0311871827114374
S,TCC,-0.153128372212214,-0.289750987291336,-0.0213911955710501
S,TCG,-0.811899990940094,-0.962269487977028,-0.658315560221672
T,ACA,-0.240883331585088,-0.415886246412992,-0.0688781196251512
T,ACC,-1.22618696660995,-1.34113273322582,-1.11109970510006
T,ACG,-1.15031066247225,-1.28670942187309,-1.01004040539265
V,GTA,0.423013785159588,0.30481906235218,0.542934542894363
V,GTC,-0.402918199077249,-0.515854312479496,-0.288305988162756
V,GTG,-0.881086984169483,-0.981204658746719,-0.780289289355278
Y,TAC,0.522016471010447,0.38250195607543,0.667625810205936
Z,AGC,-0.267126634274703,-0.41920800730586,-0.113966060429812
