AA,Codon,Posterior,0.025%,0.975%
A,GCA,0.147405295228586,0.0771747693419456,0.215281834080815
A,GCC,0.437080029839277,0.359245571494102,0.514839692413807
A,GCG,0.300183866372704,0.234174090623856,0.367962415516376
C,TGC,-0.134678518442361,-0.313649799674749,0.0343681314028796
D,GAC,-0.389197250500321,-0.469391137361526,-0.308382102102041
E,GAA,-0.145457766200695,-0.22696168795228,-0.068869911134243
F,TTC,-0.602706104457378,-0.706059491634369,-0.501096400618553
G,GGA,1.44299581084251,1.22207448780537,1.679311850667
G,GGC,0.161398124388605,0.0975952943786979,0.226686764508486
G,GGG,0.809484349870682,0.668913739919663,0.958830390870571
H,CAC,-0.49728864056766,-0.629932402074337,-0.369874890893698
I,ATA,1.5421796625495,1.18524272143841,1.91852712929249
I,ATC,-0.392226877421141,-0.459907404333353,-0.322050359845161
K,AAA,-0.0584585212101967,-0.128127301484346,0.0106370758032424
L,CTA,0.445918146997876,0.179931080713868,0.718555505573749
L,CTC,-0.383696974059939,-0.522032457590103,-0.245684296265245
L,CTG,-0.731599106884003,-0.847363770008087,-0.621072985231876
L,CTT,-0.18810447052914,-0.336557180434465,-0.0339594939723612
L,TTA,0.115305023070354,-0.0419061027467251,0.269640086591244
N,AAC,-0.720086309051514,-0.841051594913006,-0.604572293162346
P,CCA,-0.247697385363717,-0.425871428102255,-0.070021490752697
P,CCC,0.750401457923651,0.481471089273691,1.03612854480743
P,CCG,-0.453021661013365,-0.610022400319576,-0.306781919300556
Q,CAA,0.395228619277477,0.292032531648874,0.500823724269867
R,AGA,1.69035043439865,1.22156287431717,2.19198324084282
R,AGG,2.78366743516922,2.09767037630081,3.53161699771881
R,CGA,1.76650960803032,1.42195643484592,2.13368191123009
R,CGC,0.362066902640462,0.285664877295494,0.440485382825136
R,CGG,1.58205949833393,1.33883658051491,1.84347016215324
S,TCA,0.672830143648386,0.509412102401257,0.840635262429714
S,TCC,0.106423783759488,0.0197207995690405,0.194614992290735
S,TCG,0.735823548007011,0.598122441768646,0.872588209807873
T,ACA,0.711292813545465,0.544178709387779,0.882980325818062
T,ACC,0.112901595864317,0.0367578487843275,0.188524386286735
T,ACG,0.655975987750292,0.537075111269951,0.772080552577972
V,GTA,0.100890996343085,0.0240048728417605,0.177076775580644
V,GTC,0.43151788367033,0.345549514144659,0.519871006906033
V,GTG,0.394938951146603,0.320356623828411,0.469151072204113
Y,TAC,-0.334456040087342,-0.460893661528826,-0.214089807868004
Z,AGC,-0.620425198501348,-0.781632809340954,-0.462585350126028
