AA,Codon,Posterior,0.025%,0.975%
A,GCA,0.199571102939209,0.0713259203359485,0.329172725975513
A,GCC,0.406596989145875,0.27278606146574,0.537948028743267
A,GCG,0.28084180598259,0.163925064727664,0.398317647725344
C,TGC,0.021838908324983,-0.24902828745544,0.281599064916372
D,GAC,-0.297369308680296,-0.405701024830341,-0.181547821313143
E,GAA,-0.191713992283307,-0.308610523492098,-0.0768450004979968
F,TTC,-0.569945590698719,-0.726479014754295,-0.419495483487844
G,GGA,1.16854504568577,0.907825309038162,1.46644043028355
G,GGC,0.198351874705637,0.0969517199322581,0.303888199478388
G,GGG,0.805953219509125,0.603134335577488,1.00899558365345
H,CAC,-0.479587312674522,-0.69260463565588,-0.277720387279987
I,ATA,1.41302586984634,0.913381688296795,1.99202356338501
I,ATC,-0.29692692040205,-0.409793391823769,-0.186963983625174
K,AAA,-0.143143189426811,-0.296019103378057,0.00139131488976986
L,CTA,0.309909284104928,-0.0835247347131371,0.729427847266197
L,CTC,-0.441513899356872,-0.670870345830917,-0.215719541907311
L,CTG,-0.769931267249584,-0.96771165728569,-0.586619105935097
L,CTT,-0.109036971731956,-0.370954838395119,0.147753883898258
L,TTA,-0.00219459757065852,-0.259658757597208,0.244424976408481
N,AAC,-0.688670322883129,-0.871485540270805,-0.509856814146042
P,CCA,-0.311869246693718,-0.589672151207924,-0.0372867312282324
P,CCC,0.807930283877254,0.391326567530632,1.22634434700012
P,CCG,-0.493102121014893,-0.73394054621458,-0.258201993256807
Q,CAA,0.57245519951582,0.39388896971941,0.759580144286156
R,AGA,2.12035247145891,1.30798923671246,3.11173133254051
R,AGG,3.11397712466717,1.96075513660908,4.49124516248703
R,CGA,2.19267221140862,1.60284489691257,2.88016323447227
R,CGC,0.398623313203454,0.273943654447794,0.530787636339664
R,CGG,1.68634553127289,1.32098937630653,2.0752649128437
S,TCA,0.58057912684381,0.33449247777462,0.839816039800644
S,TCC,0.153119050660441,-0.00810549685265869,0.323501820117235
S,TCG,0.735915812450647,0.505994440615177,0.96751331537962
T,ACA,0.815326173508167,0.525134558975697,1.13356351852417
T,ACC,0.162019436326911,0.0191922779195011,0.301285650581121
T,ACG,0.571182233715057,0.385066387057304,0.765804590284824
V,GTA,0.179458489185921,0.0368353234604001,0.333412683755159
V,GTC,0.550474286919832,0.399891852587461,0.710249300301075
V,GTG,0.429520257914066,0.308915774524212,0.551792462170124
Y,TAC,-0.424588675680757,-0.599985256791115,-0.258951274305582
Z,AGC,-0.659161732670665,-0.946360486745834,-0.378630600124598
