AA,Codon,Posterior,0.025%,0.975%
A,GCA,-0.424504286158085,-0.503194735944271,-0.346793889254332
A,GCC,-0.99647928147316,-1.07321628332138,-0.920481552183628
A,GCG,-1.1976331887722,-1.26789531707764,-1.12363186478615
C,TGC,-0.12953902124935,-0.274937359988689,0.0192995208781213
D,GAC,0.832410052418709,0.757695163786411,0.910667654871941
E,GAA,-0.611051561760902,-0.689722138643265,-0.538685189187527
F,TTC,0.837866784071922,0.752584290504456,0.924830216169357
G,GGA,0.139662558115122,0.00977172642014921,0.273811702430248
G,GGC,-0.391599475860596,-0.456284668296576,-0.322389690577984
G,GGG,0.0353546441013219,-0.0643318815156817,0.138733075559139
H,CAC,0.788049091601372,0.676406618952751,0.9018101811409
I,ATA,1.39604246492386,1.21572517752647,1.57080343067646
I,ATC,0.483641468274593,0.417351999133825,0.553393290936947
K,AAA,-1.15346236658096,-1.24077641963959,-1.0694154381752
L,CTA,1.08525078406334,0.907932291924954,1.25164465010166
L,CTC,0.47907922232151,0.372697382420301,0.579016511142254
L,CTG,-0.816631469249725,-0.897905851900578,-0.744108138978481
L,CTT,0.404734147948027,0.29973905980587,0.511606620252132
L,TTA,-0.0645782609520043,-0.168837943673134,0.0379601282067597
N,AAC,0.238463763839006,0.142533504590392,0.336893929541111
P,CCA,0.0323525642499346,-0.108374235033989,0.173375669494271
P,CCC,-0.252805670944974,-0.418491854518652,-0.0874395776540041
P,CCG,-0.875046061468124,-0.989469966292381,-0.761540138721466
Q,CAA,0.345877982568741,0.261784160882235,0.43274737149477
R,AGA,1.58643483324051,1.31828033924103,1.83870567977428
R,AGG,1.47764405257702,1.16204603016376,1.7949185192585
R,CGA,0.670471243453026,0.481400721520185,0.865760651230812
R,CGC,-0.488052550017834,-0.562737843394279,-0.41657602339983
R,CGG,0.138705913263431,-0.00188338641019072,0.284755492210388
S,TCA,-0.29224971146211,-0.432784450054169,-0.155158880725503
S,TCC,-0.126616043284582,-0.235718500614166,-0.0143784602405503
S,TCG,-0.822217752718925,-0.945784015953541,-0.703492705523968
T,ACA,-0.298108997619152,-0.432620751857758,-0.161164024099708
T,ACC,-1.23380323152542,-1.32569025754929,-1.14051635563374
T,ACG,-1.14757000033855,-1.25286014974117,-1.04050886332989
V,GTA,0.478935428929329,0.39284754768014,0.572444838285446
V,GTC,-0.310799461841583,-0.396489168703556,-0.2281399063766
V,GTG,-0.811781065845489,-0.885784363746643,-0.740457880496979
Y,TAC,0.600325224816799,0.492737211287022,0.710021805763245
Z,AGC,-0.323155092507601,-0.439843541383743,-0.197459128499031
