AA,Codon,Posterior,0.025%,0.975%
A,GCA,0.129606261976808,0.0676082609221339,0.191930448263884
A,GCC,0.40791473017931,0.341136591136456,0.475979026407003
A,GCG,0.274944122564793,0.21425910256803,0.332321017235518
C,TGC,-0.110493657532026,-0.274127715080976,0.0408120546489955
D,GAC,-0.373136815232039,-0.442908181995153,-0.306681925058365
E,GAA,-0.144028022223711,-0.211400038376451,-0.0762405375018716
F,TTC,-0.651723535823822,-0.73926275074482,-0.560669068992138
G,GGA,1.34184861917496,1.15280077457428,1.52779766321182
G,GGC,0.152180792026222,0.0964315554127097,0.206988008320332
G,GGG,0.813512742519379,0.692547336220741,0.936930549144745
H,CAC,-0.560222668492794,-0.680717979371548,-0.444727559387684
I,ATA,1.26122843933105,0.992904604971409,1.56322697103024
I,ATC,-0.388269443118572,-0.449149521440268,-0.326930146664381
K,AAA,-0.0168738986358774,-0.0799190141260624,0.0455591402947903
L,CTA,0.379203786607832,0.153716587647796,0.621895928680897
L,CTC,-0.393570892196894,-0.502722288668156,-0.267283254116774
L,CTG,-0.692506190729141,-0.783083072304726,-0.594964216649532
L,CTT,-0.156741936585493,-0.286295208334923,-0.0231925551779568
L,TTA,0.140497311883094,0.00726511110551656,0.275206921994686
N,AAC,-0.668772481775284,-0.770926779508591,-0.56734054684639
P,CCA,-0.248304944461025,-0.395329125970602,-0.0965580280870199
P,CCC,0.676693862396479,0.447333041578531,0.915852525830269
P,CCG,-0.465560347384214,-0.598969814181328,-0.335251042991877
Q,CAA,0.346371253246069,0.255805994570255,0.434139255434275
R,AGA,1.52885242879391,1.14173029065132,1.94780426621437
R,AGG,2.34151333417892,1.77610445022583,2.93308282494545
R,CGA,1.66200533409119,1.35925659239292,1.96053136587143
R,CGC,0.354359985226393,0.289652244001627,0.421946204453707
R,CGG,1.46140464897156,1.25784784257412,1.6785751760006
S,TCA,0.739862950992584,0.599163793027401,0.885051265358925
S,TCC,0.0927947913248849,0.0109328196849674,0.176001948863268
S,TCG,0.743223599886894,0.624074850976467,0.863099558651447
T,ACA,0.75899899392128,0.613190951943398,0.917402668297291
T,ACC,0.116765577862039,0.050615216884762,0.188543016463518
T,ACG,0.650471923863888,0.552342981100082,0.749523396790028
V,GTA,0.0772879057790793,0.0105062259593979,0.143029808998108
V,GTC,0.383010146021843,0.311711893230677,0.461061628162861
V,GTG,0.360011583584547,0.299032285809517,0.423516051471233
Y,TAC,-0.385578747874498,-0.49643262848258,-0.276723309606314
Z,AGC,-0.573115920174122,-0.71381206214428,-0.440099583566189
