AA,Codon,Posterior,0.025%,0.975%
A,GCA,0.196486748850346,0.130870712548494,0.262784891575575
A,GCC,0.409705833470821,0.341705367714167,0.479220689088106
A,GCG,0.283195049935579,0.225264569371939,0.340376412123442
C,TGC,-0.149891232545779,-0.305681727081537,0.0108192038023845
D,GAC,-0.315281017243862,-0.380792462080717,-0.249461794644594
E,GAA,-0.238833383318782,-0.308364502340555,-0.168882885947824
F,TTC,-0.694848122096062,-0.787409423291683,-0.603370168805122
G,GGA,1.18094775929451,1.01825008690357,1.35279833078384
G,GGC,0.163919901096821,0.109413494542241,0.218447098881006
G,GGG,0.823399308562279,0.709539391100407,0.939588989317417
H,CAC,-0.579580271792412,-0.705227153003216,-0.45655460730195
I,ATA,1.24626715297699,0.967970709502697,1.55119629204273
I,ATC,-0.403042221415043,-0.470569290220737,-0.335743639618158
K,AAA,-0.100667385897471,-0.175384382531047,-0.0237933764699846
L,CTA,0.579252143514156,0.317658130079508,0.854214163124561
L,CTC,-0.27386744235307,-0.399879988282919,-0.146885799989104
L,CTG,-0.647190250813961,-0.745343393087387,-0.55259852707386
L,CTT,-0.091719677992622,-0.226419886946678,0.0451346376910806
L,TTA,0.258363805259019,0.121998602151871,0.406404771655798
N,AAC,-0.709633707022667,-0.81717607229948,-0.602846410870552
P,CCA,-0.218297053668089,-0.371957802027464,-0.0616034554317594
P,CCC,0.688187079846859,0.459228724241257,0.916721893846989
P,CCG,-0.497586602210999,-0.630161391198635,-0.369936392456293
Q,CAA,0.381393088191748,0.28601086512208,0.480920677632093
R,AGA,1.71770846655369,1.30915275812149,2.16247555017471
R,AGG,2.25414613780975,1.72843464612961,2.88451845049858
R,CGA,1.58226457276344,1.28286336362362,1.88722085654736
R,CGC,0.373954885196686,0.304837549477816,0.444634353369474
R,CGG,1.56824011321068,1.3606732070446,1.78506866395473
S,TCA,0.640595358502865,0.493040160089731,0.788750839233399
S,TCC,0.0331691524976341,-0.0569280450232327,0.125977686420083
S,TCG,0.7180180082798,0.588352374732494,0.850644788146019
T,ACA,0.721907477712631,0.574181389808655,0.871435260772705
T,ACC,0.18559486310333,0.11314570531249,0.256876383721828
T,ACG,0.640437510466576,0.536410954594612,0.748410227894783
V,GTA,-0.0242928746509833,-0.0925928043201566,0.0439818793907762
V,GTC,0.3630109408319,0.284131897985935,0.445089650154114
V,GTG,0.280830601406097,0.218487716093659,0.343965619802475
Y,TAC,-0.417360503077507,-0.516461983323097,-0.312574186176062
Z,AGC,-0.636180932629108,-0.807363295555115,-0.475078206509352
