AA,Codon,Posterior,0.025%,0.975%
A,GCA,-0.470850792181492,-0.547239173948765,-0.391969221830368
A,GCC,-1.03696076347828,-1.11011428236961,-0.959151142835617
A,GCG,-1.22041448125839,-1.29052356183529,-1.14883682727814
C,TGC,-0.117510328596909,-0.261882852017879,0.02863108352758
D,GAC,0.860688636541367,0.790376563370228,0.937355561554432
E,GAA,-0.6248207264781,-0.695873440802097,-0.552643916010857
F,TTC,0.791981365966797,0.70727414637804,0.878097161650658
G,GGA,0.151242851350526,0.0185503569897264,0.283797723054886
G,GGC,-0.41447281409502,-0.4799510627985,-0.349914167821407
G,GGG,0.0403406828539621,-0.0562496310099959,0.13858770430088
H,CAC,0.762739109253883,0.650334525108337,0.875082094967365
I,ATA,1.33781146578789,1.14994644522667,1.52312418520451
I,ATC,0.489169242596626,0.424930449575186,0.55482721477747
K,AAA,-1.10736727824211,-1.19007811546326,-1.02821550965309
L,CTA,1.13233105614185,0.975919687747955,1.29702723324299
L,CTC,0.549053978288174,0.448388208448887,0.647830314934254
L,CTG,-0.760364666891098,-0.839927770197392,-0.677179834246635
L,CTT,0.457590442085266,0.351338437199593,0.563869139552116
L,TTA,-0.0506287558448446,-0.150836803391576,0.0532290147617459
N,AAC,0.26844503172338,0.1797517567873,0.362473960220814
P,CCA,-0.0255596896408038,-0.160949713364244,0.105707077495754
P,CCC,-0.25603750150986,-0.423971356451511,-0.0873188382014632
P,CCG,-0.908735806560516,-1.02510983347893,-0.78950834274292
Q,CAA,0.290119376879931,0.206172811612487,0.375123893469572
R,AGA,1.66532182221413,1.38174130022526,1.94748537838459
R,AGG,1.64130182077885,1.3120768815279,1.97493041753769
R,CGA,0.725700231719017,0.542235457897186,0.908024588227272
R,CGC,-0.430346135783195,-0.501689019799233,-0.359215723723173
R,CGG,0.0910219996343425,-0.0480558314360678,0.230749052390456
S,TCA,-0.357947270953655,-0.491950684040785,-0.223020621016622
S,TCC,-0.180078517104127,-0.289834555983543,-0.0722958428785204
S,TCG,-0.912616665530205,-1.03031589686871,-0.794910389184952
T,ACA,-0.220663788125664,-0.354026471078396,-0.0927875349298118
T,ACC,-1.19890677990913,-1.28826032578945,-1.1133783608675
T,ACG,-1.14631274676323,-1.25003358125687,-1.03896904885769
V,GTA,0.384459897404909,0.298828276991844,0.474028494209051
V,GTC,-0.356399461215734,-0.441774553060532,-0.274656933546066
V,GTG,-0.881191356730461,-0.952784936130047,-0.806781515479088
Y,TAC,0.542027793169022,0.436462810635567,0.642229382693768
Z,AGC,-0.285269016543031,-0.399738232791424,-0.168811652064323
