AA,Codon,Posterior,0.025%,0.975%
A,GCA,0.226794711858034,0.166072626784444,0.293847792595625
A,GCC,0.399957891190052,0.334855610132217,0.466198319941759
A,GCG,0.301558019471169,0.244217338785529,0.360440464317799
C,TGC,-0.195771731075644,-0.353646017611027,-0.036311993561685
D,GAC,-0.361283367824554,-0.424524259567261,-0.298438648879528
E,GAA,-0.172582752673328,-0.237627653777599,-0.108302165940404
F,TTC,-0.560451128160954,-0.64769866168499,-0.474163310229778
G,GGA,1.33799302515984,1.16566833853722,1.51234380304813
G,GGC,0.171152960631251,0.120319232530892,0.223725338280201
G,GGG,0.762287860298157,0.658625377714634,0.86652544438839
H,CAC,-0.619280368113518,-0.740515196323395,-0.500548426806927
I,ATA,1.42830357816219,1.12942988872528,1.73736038208008
I,ATC,-0.339265150332451,-0.399825815111399,-0.280367505550385
K,AAA,-0.0673659076527936,-0.133253714442253,-0.00134884747094474
L,CTA,0.224571817021223,-0.00836338801309466,0.450825070589781
L,CTC,-0.523321034693718,-0.650525280833244,-0.401548007875681
L,CTG,-0.792536980819702,-0.899173191189766,-0.691682837903499
L,CTT,-0.238532615834475,-0.381168170273304,-0.102045164257288
L,TTA,0.205454562634137,0.0559675642289221,0.350965715944767
N,AAC,-0.631568452620506,-0.72960263043642,-0.541642484068871
P,CCA,-0.359502887192369,-0.515853525698185,-0.204928532615304
P,CCC,0.629854431456327,0.399564472585917,0.862714540958405
P,CCG,-0.552038035714626,-0.69237946420908,-0.411464884877205
Q,CAA,0.419155453598499,0.326473464816809,0.50998947173357
R,AGA,1.72768029243946,1.27801333367825,2.24244762659073
R,AGG,2.55330226449966,1.95171725749969,3.19003403186798
R,CGA,1.46771737530231,1.19890978932381,1.75024141073227
R,CGC,0.28391318859458,0.22513638921082,0.348254468291998
R,CGG,1.47680525231361,1.26926078796387,1.68831424713135
S,TCA,0.718822016489506,0.573756183683872,0.869848988950253
S,TCC,0.0876905460425885,0.00447433884255588,0.175553449988365
S,TCG,0.779292541694641,0.659916779398918,0.907488904893398
T,ACA,0.650536961555481,0.515518864989281,0.795490220189095
T,ACC,0.145446534462273,0.0793815797194839,0.212893482670188
T,ACG,0.603492787909508,0.508598236739635,0.703232522308827
V,GTA,0.100813360039913,0.0358363745734096,0.168186729028821
V,GTC,0.432118110251427,0.354845280945301,0.513302950561047
V,GTG,0.369430112099648,0.309513677656651,0.43323941603303
Y,TAC,-0.372859597766399,-0.46060937717557,-0.278361979871988
Z,AGC,-0.515976571249962,-0.658272793889046,-0.374116856604815
