AA,Codon,Posterior,0.025%,0.975%
A,GCA,0.152224384756386,0.0933483825996518,0.213986244425178
A,GCC,0.430092077410221,0.361271100491285,0.497243389487267
A,GCG,0.285245583480597,0.229223245382309,0.341237931698561
C,TGC,-0.117936748865293,-0.268578512221575,0.0375444537959993
D,GAC,-0.388915518593788,-0.456455697119236,-0.322974639385939
E,GAA,-0.137313095650822,-0.204142554849386,-0.0696129783987999
F,TTC,-0.616466969454288,-0.70730417072773,-0.529243952035904
G,GGA,1.32368683300018,1.13878653645515,1.5168357282877
G,GGC,0.164876801376045,0.110117973200977,0.218892398104072
G,GGG,0.805614235377312,0.692149606347084,0.919295589625835
H,CAC,-0.544298695504665,-0.65917671918869,-0.433818972855806
I,ATA,1.33081201043129,1.04740993976593,1.61412935256958
I,ATC,-0.39102148617506,-0.452728909254074,-0.331975413113832
K,AAA,-0.0391667215168767,-0.101753265783191,0.0210469969082624
L,CTA,0.336773177993612,0.112555909343064,0.557491639256477
L,CTC,-0.455474719649553,-0.572221699357033,-0.340800938010216
L,CTG,-0.744164893364906,-0.84316348284483,-0.64872889071703
L,CTT,-0.206262266665883,-0.333821446448565,-0.0792624870315194
L,TTA,0.126256141959201,-0.000340574160509277,0.261333055794239
N,AAC,-0.691563044476509,-0.79266224950552,-0.596126955747604
P,CCA,-0.204382572477963,-0.365725590288639,-0.0518867866136133
P,CCC,0.668362953484058,0.4511071652174,0.899614319205284
P,CCG,-0.43916542326808,-0.571922214329243,-0.304821714758873
Q,CAA,0.387745615321398,0.299162850528955,0.478205683082342
R,AGA,1.44951832034588,1.0521271109581,1.88155533373356
R,AGG,2.16081592583656,1.55808317959309,2.79310613870621
R,CGA,1.61508860926628,1.33794923126698,1.89593887031078
R,CGC,0.320974111294746,0.256098458915949,0.387155335396528
R,CGG,1.53665176334381,1.32780219316483,1.74659938514233
S,TCA,0.779832007074356,0.639181366562843,0.932694093883038
S,TCC,0.11719430427734,0.0426362415775657,0.196733226254582
S,TCG,0.80491240606308,0.690413103997707,0.927867841720581
T,ACA,0.699249316930771,0.56071419864893,0.844603896141052
T,ACC,0.0986306198664242,0.0336046147160232,0.166657803580165
T,ACG,0.656966996634006,0.561844258010387,0.757347738742828
V,GTA,0.119855357410014,0.053390702791512,0.189136531949043
V,GTC,0.402002103531361,0.326381690055132,0.480906389653683
V,GTG,0.395674064970017,0.33267425969243,0.458597175776958
Y,TAC,-0.349738858491182,-0.452759183943272,-0.243839100748301
Z,AGC,-0.606020455527306,-0.741860970854759,-0.473097594827414
