AA,Codon,Posterior,0.025%,0.975%
A,GCA,-0.3352752461344,-0.434135356545448,-0.236355229094625
A,GCC,-0.729318266510963,-0.831178387999535,-0.6289341583848
A,GCG,-0.800390528583527,-0.898164300620556,-0.703378716111183
C,TGC,0.0360338414351329,-0.158114121109247,0.23722094297409
D,GAC,0.726045810461044,0.616355416178703,0.834612269699573
E,GAA,-0.756943867146969,-0.861693109571934,-0.650808654725552
F,TTC,0.896043219876289,0.787728478014469,1.00446363687515
G,GGA,0.122244841925643,-0.0307676205877215,0.279174309968948
G,GGC,-0.431253886577487,-0.528707693517208,-0.331088822335005
G,GGG,0.077539569448051,-0.0631076218560338,0.219657213240862
H,CAC,0.545104460668564,0.402049251645803,0.690052449703217
I,ATA,1.10398563205004,0.93505352884531,1.26868784725666
I,ATC,0.487165498632193,0.402430311590433,0.575368392467499
K,AAA,-1.11474440106153,-1.21814716458321,-1.01128108501434
L,CTA,0.990920935368538,0.802549465000629,1.17065618932247
L,CTC,0.288284296492487,0.160022265464067,0.41726753488183
L,CTG,-0.782365962922573,-0.881420850753784,-0.679456777870655
L,CTT,0.147431380018208,0.0258380978368223,0.27309987694025
L,TTA,-0.247664441789105,-0.365348508954048,-0.12622284963727
N,AAC,0.409556043452024,0.291326473653316,0.528304807841778
P,CCA,0.0900700307400818,-0.0674247719347477,0.246947078034282
P,CCC,-0.300522448852845,-0.479205586016178,-0.120781726203859
P,CCG,-0.482539164307713,-0.620580825209618,-0.345540690422058
Q,CAA,0.224914553228766,0.12080742418766,0.328587791323662
R,AGA,1.02212875448465,0.800252257287502,1.24343168437481
R,AGG,1.48109061059952,1.18344474434853,1.77903214991093
R,CGA,0.471706892681122,0.281244563311338,0.665854239463806
R,CGC,-0.299849429944158,-0.402675621956587,-0.202122614905238
R,CGG,0.17778207208509,-0.0221053623128682,0.378836504369974
S,TCA,-0.256347876521107,-0.405395700782537,-0.104734647274018
S,TCC,-0.001331923215403,-0.139628864452243,0.136050735041499
S,TCG,-0.40484072477445,-0.577259287238121,-0.233652949333191
T,ACA,-0.454190905103087,-0.596693500876427,-0.312589500099421
T,ACC,-0.918708706474304,-1.02984671592712,-0.801872071623802
T,ACG,-0.846518348765373,-0.981833663582802,-0.711041064560413
V,GTA,0.563372220468521,0.455961215496063,0.673949179053306
V,GTC,-0.0502422349590132,-0.157758517935872,0.062610726803541
V,GTG,-0.464959042727947,-0.565442307293415,-0.363290420174599
Y,TAC,0.489661597925425,0.347652643173933,0.635816513001919
Z,AGC,-0.319837335706502,-0.458321495354176,-0.182327583804727
