AA,Codon,Posterior,0.025%,0.975%
A,GCA,0.106252630200435,0.0399924285709858,0.172220874577761
A,GCC,0.359003344741464,0.286010522395372,0.433763436973095
A,GCG,0.353671850401163,0.280604577064514,0.428028962016106
C,TGC,-0.155245721165736,-0.339211132377386,0.0207688887137919
D,GAC,-0.204129113827646,-0.283965721726418,-0.124071683362126
E,GAA,-0.130156555221591,-0.214466913044453,-0.0480206249281764
F,TTC,-0.239377419397235,-0.327431720495224,-0.152489657700062
G,GGA,0.735689418685436,0.586145147681236,0.886450727283954
G,GGC,0.17205143641904,0.106011454574764,0.239350267872214
G,GGG,0.628504129058123,0.500572317838669,0.760920415818691
H,CAC,-0.26584164429307,-0.388136952370405,-0.144783948734403
I,ATA,0.655584019881487,0.475247680395842,0.847139953076839
I,ATC,-0.219961304095387,-0.286318695545197,-0.156344430148602
K,AAA,0.00441306724032256,-0.0645742977038026,0.0712838374078273
L,CTA,0.16000700772567,-0.0256470793392509,0.355961684137583
L,CTC,-0.17467421477125,-0.297391654551029,-0.0520465849898757
L,CTG,-0.357382541534305,-0.454662654548883,-0.260242772102356
L,CTT,-0.183205621262069,-0.302487526834011,-0.0657140772789718
L,TTA,-0.0270073598354604,-0.142140640690923,0.0885765733197328
N,AAC,-0.406808856976032,-0.50409080684185,-0.314187383651733
P,CCA,0.00712545018827132,-0.127636370807886,0.142210031673312
P,CCC,0.529818589264154,0.351827274262905,0.712653224170208
P,CCG,-0.0836241977564641,-0.200179955363274,0.0277026886120438
Q,CAA,0.0756935164988197,-0.0108492022380233,0.161791443824768
R,AGA,0.82084399882555,0.592603302001953,1.06999834477901
R,AGG,1.13547199184895,0.772677245736122,1.52583356201649
R,CGA,1.06856175723076,0.848231539130211,1.29556945860386
R,CGC,0.184635094989836,0.112516072951257,0.26237415894866
R,CGG,1.32446965317726,1.08022989630699,1.57714642882347
S,TCA,0.39623312984705,0.269302222132683,0.525536677241325
S,TCC,0.0514705693541122,-0.0367409531027079,0.142605670541525
S,TCG,0.688403897607326,0.528566937148571,0.849158979952335
T,ACA,0.431527638795972,0.321876138448715,0.543083190917969
T,ACC,0.167630526339076,0.0890513878315687,0.242561057582497
T,ACG,0.597783218699694,0.48378336802125,0.713465923070908
V,GTA,-0.0782070551351309,-0.144862848520279,-0.00824978083837777
V,GTC,0.259663340446353,0.17462565228343,0.34579764381051
V,GTG,0.377771913039684,0.296908255666494,0.461196637898684
Y,TAC,-0.265057818402722,-0.387462963163853,-0.145299267396331
Z,AGC,-0.1385919007966,-0.262725239247084,-0.0180736791342498
