AA,Codon,Posterior,0.025%,0.975%
A,GCA,-0.00950627269866309,-0.229940306395292,0.208776829764247
A,GCC,0.260897312834754,0.0265649482607842,0.500338126718998
A,GCG,-0.0336313857108355,-0.236700511723757,0.163271565362811
C,TGC,0.240939155717825,-0.353534267097712,0.868923714756966
D,GAC,-0.419930026498437,-0.616834110021591,-0.23219160810113
E,GAA,-0.00782819028566592,-0.203471826016903,0.189255235716701
F,TTC,-0.908389633816481,-1.24841055870056,-0.582555451989174
G,GGA,1.40488422927856,0.903676114976406,1.98416406214237
G,GGC,0.234253698380524,0.0486164850182831,0.423488021641969
G,GGG,0.949384871906042,0.587581638991833,1.35938445031643
H,CAC,-0.351371344372237,-0.710828317701817,0.00911856601014713
I,ATA,1.57152718953788,0.727831014990807,2.60197773575783
I,ATC,-0.280937147938623,-0.513015042245388,-0.0496348443441093
K,AAA,0.0316727427461869,-0.223352405056357,0.271930710226297
L,CTA,1.10438080206448,0.27688906416297,2.1168832719326
L,CTC,0.122873442409116,-0.237015770375729,0.496659503132105
L,CTG,-0.561734384411573,-0.817949199676514,-0.319399496912956
L,CTT,0.36819206024266,-0.0367372405715287,0.8096116527915
L,TTA,0.93651444702968,0.464158719778061,1.47991844117641
N,AAC,-0.847092570245266,-1.17012703716755,-0.55231309235096
P,CCA,-0.779001051352685,-1.36110026240349,-0.237467957288027
P,CCC,0.138346780625249,-0.54789967238903,0.848606939613819
P,CCG,-1.36654949741364,-1.91649434268475,-0.863283579051496
Q,CAA,0.697020948171616,0.4045957878232,1.01396249830723
R,AGA,2.73177770944834,1.39107100069523,4.6377765417099
R,AGG,1.8894473593384,0.83592503964901,3.30431976318359
R,CGA,1.79206036367416,1.11394782364368,2.60965507626533
R,CGC,0.385410230596364,0.175233730301261,0.608018857240677
R,CGG,2.01579271166325,1.34744793176651,2.82336327433586
S,TCA,0.583331983762525,0.131906490027904,1.09506466984749
S,TCC,-0.113986545746887,-0.441674300283194,0.211545846611261
S,TCG,0.174777603603006,-0.179366343840957,0.532023066282272
T,ACA,1.11818554923125,0.572972442209721,1.75268640220165
T,ACC,-0.0702899162738882,-0.344759076088667,0.176359027251601
T,ACG,0.248184111650652,-0.060147178824991,0.555303876101971
V,GTA,-0.0156856963401136,-0.328597659617662,0.31199708878994
V,GTC,0.285718493323139,-0.0328087411820888,0.611510506272316
V,GTG,-0.0903702345310207,-0.3368842035532,0.146379717066884
Y,TAC,-0.384842648295905,-0.688579358160496,-0.0905530612915754
Z,AGC,-0.780388477493823,-1.27097878456116,-0.335436172038317
