AA,Codon,Posterior,0.025%,0.975%
A,GCA,-0.364075464573503,-0.453559516370296,-0.276576965302229
A,GCC,-0.805756275701523,-0.898932494223118,-0.716140788793564
A,GCG,-0.910318836653233,-0.998066656291485,-0.824395211040974
C,TGC,0.0550235248731729,-0.127295240014791,0.230261133983731
D,GAC,0.778596560871601,0.686192552745342,0.874261310696602
E,GAA,-0.731635850524902,-0.824616651237011,-0.63765953630209
F,TTC,0.910322599864006,0.810939878225327,1.00762661993504
G,GGA,0.0936345228546095,-0.0474226713180542,0.235249597579241
G,GGC,-0.394245412707329,-0.479550287127495,-0.306808008253574
G,GGG,0.0839698001081029,-0.0410730481147766,0.209784007072449
H,CAC,0.632523177701235,0.502233035862446,0.761685790121555
I,ATA,1.09238279465437,0.932475550472736,1.25193949639797
I,ATC,0.50846963738203,0.431869356334209,0.588239139318466
K,AAA,-1.14602525522709,-1.24292284548283,-1.04998026192188
L,CTA,1.04346873248816,0.874941556155682,1.21044518351555
L,CTC,0.348549894303083,0.234927103295922,0.464310973137617
L,CTG,-0.746696042788029,-0.837512138485909,-0.654100202023983
L,CTT,0.214367146535031,0.0996610658243298,0.330067617446184
L,TTA,-0.187563123764843,-0.297616469860077,-0.079768236912787
N,AAC,0.44083646800518,0.333312694728374,0.54731525927782
P,CCA,0.0369190748135016,-0.110272174328566,0.187773067876696
P,CCC,-0.325595949249342,-0.491123216599226,-0.161262107640505
P,CCG,-0.560558672767878,-0.686901810765266,-0.438548532128334
Q,CAA,0.235819020762295,0.142501077800989,0.334610165655613
R,AGA,1.03503319172859,0.825797225534916,1.25272697508335
R,AGG,1.36696945152283,1.08050867021084,1.65201004743576
R,CGA,0.414914143227041,0.229355579987168,0.596657027304172
R,CGC,-0.344686014172435,-0.434427604079247,-0.252452979236841
R,CGG,0.117833923010129,-0.0561510788276792,0.299084121733904
S,TCA,-0.281981606218964,-0.4283177472651,-0.142132286727429
S,TCC,-0.0659623480696926,-0.187743709236383,0.0597919564694166
S,TCG,-0.580631856054068,-0.733128541707993,-0.42810970172286
T,ACA,-0.518323873078823,-0.65468747317791,-0.383595340698957
T,ACC,-1.01153838627338,-1.11951188743114,-0.90512989461422
T,ACG,-0.92038593878746,-1.04481655657291,-0.7961854159832
V,GTA,0.527779953485727,0.428840397298336,0.628101086616516
V,GTC,-0.111329406569244,-0.20948862656951,-0.0127586219692603
V,GTG,-0.587264291256666,-0.676873049139976,-0.494786014407873
Y,TAC,0.552089636945724,0.425975587219,0.681566140055656
Z,AGC,-0.332297776077688,-0.457945338636637,-0.206346263736486
