AA,Codon,Posterior,0.025%,0.975%
A,GCA,0.113732512507444,0.0200253447052091,0.208681658282876
A,GCC,0.361573631936312,0.263951901346445,0.462454760074615
A,GCG,0.0707344393077907,-0.0149217266123742,0.15469370894134
C,TGC,-0.340810278272908,-0.575866585969925,-0.104020571708679
D,GAC,-0.329683636340499,-0.419805897027254,-0.241559035331011
E,GAA,-0.0769599160440979,-0.161189892143011,0.00494027249515042
F,TTC,-0.783962188076973,-0.902993087470531,-0.666669636964798
G,GGA,1.33887989884615,1.13625206947327,1.55477513074875
G,GGC,0.12792562655136,0.0529154633171856,0.202340872585773
G,GGG,0.781428957951069,0.640151961147785,0.932268343865871
H,CAC,-0.524990564528108,-0.675454922020435,-0.37557850331068
I,ATA,1.80534053721428,1.44218457639217,2.19436001181602
I,ATC,-0.416225848942995,-0.496221845597029,-0.337076690793037
K,AAA,-0.125294374933926,-0.231642121821642,-0.0243032233789564
L,CTA,0.467826697226986,0.174046185985208,0.775085425376892
L,CTC,-0.226470621219353,-0.399651270359755,-0.0567781818099323
L,CTG,-0.832549020767212,-0.965550847351551,-0.700602857768536
L,CTT,0.172325592986715,-0.0192555830813944,0.363418009877205
L,TTA,0.495594310748577,0.304706537723541,0.690267825126648
N,AAC,-0.818015879261494,-0.950731489062309,-0.68641608953476
P,CCA,-0.406563923182897,-0.63766476213932,-0.180543823540211
P,CCC,0.86816478806138,0.544608223438263,1.20630955398083
P,CCG,-1.00635964553356,-1.20529221892357,-0.812701536715031
Q,CAA,0.570444760489464,0.442192108929157,0.70239484757185
R,AGA,2.84879067897797,2.22295136451721,3.50392661690712
R,AGG,2.62871197118759,1.95537597537041,3.33214358091354
R,CGA,1.96575122864246,1.62022648751736,2.33041206002235
R,CGC,0.336299871096015,0.24445659480989,0.432492370158434
R,CGG,1.66432003588676,1.39217224419117,1.94501005113125
S,TCA,0.632840772038698,0.451490988582373,0.822033581137657
S,TCC,0.0289415338700706,-0.0960976261645556,0.15203865095973
S,TCG,0.492653117066622,0.333721715211868,0.659189267456531
T,ACA,1.16813363128901,0.947876426577568,1.39811311662197
T,ACC,0.0198560095586772,-0.0824045240879059,0.116486364230514
T,ACG,0.477739495652914,0.342093016207218,0.612441396713257
V,GTA,-0.0666118045704585,-0.167005319148302,0.0364108770154416
V,GTC,0.384838987037539,0.266892952471972,0.506734763085842
V,GTG,0.113098704004385,0.0243805654346943,0.2035345248878
Y,TAC,-0.450152790105343,-0.575597408413887,-0.321056681126356
Z,AGC,-0.562571183389425,-0.754732048511505,-0.371299438923597
