AA,Codon,Posterior,0.025%,0.975%
A,GCA,0.119368437075801,0.0580349490977824,0.181917465478182
A,GCC,0.401739831858873,0.331241052597761,0.475086241960526
A,GCG,0.420359119999409,0.351669535040855,0.490341398864984
C,TGC,-0.169648995413884,-0.348180515319109,0.00472499957540981
D,GAC,-0.234685962130129,-0.309314066171646,-0.159268654882908
E,GAA,-0.146448863587528,-0.226784338057041,-0.0706272499635816
F,TTC,-0.247439545971155,-0.331453464180231,-0.162578062340617
G,GGA,0.766284067809582,0.627098685503006,0.915846697986126
G,GGC,0.153014921984077,0.090043823979795,0.216731877997518
G,GGG,0.629017738133669,0.509740862250328,0.753247034549713
H,CAC,-0.323161736641824,-0.439364586025476,-0.209374840557575
I,ATA,0.672967930847406,0.499472712725401,0.858351221680641
I,ATC,-0.232163671669364,-0.293207751214504,-0.169887840002775
K,AAA,0.0196158975514883,-0.046923803165555,0.0845887390896676
L,CTA,0.11551501189658,-0.0654452437534928,0.297922257333994
L,CTC,-0.221239286553115,-0.336766248196363,-0.111460548266768
L,CTG,-0.387392390617728,-0.479317786544561,-0.296683821082115
L,CTT,-0.23528385675326,-0.348613730072975,-0.124742058850825
L,TTA,-0.0745177697508236,-0.184011688455939,0.0364299182780085
N,AAC,-0.427445650911331,-0.514597107470036,-0.335747466236353
P,CCA,0.0402773377535057,-0.0863009234890342,0.163609953597188
P,CCC,0.536932439869642,0.372787389159203,0.708720508217812
P,CCG,-0.0359598488267235,-0.142220858111978,0.0704650117084381
Q,CAA,0.0684495957385407,-0.0130963665898889,0.14961703941226
R,AGA,0.800998756784201,0.580895958840847,1.0361207485199
R,AGG,1.24421335517168,0.881659950315952,1.63977982103825
R,CGA,1.11354928995371,0.887396302819252,1.34173173904419
R,CGC,0.209803333264589,0.141159660741687,0.280941613763571
R,CGG,1.37733609452248,1.14772144556046,1.60803385078907
S,TCA,0.404843019935489,0.292176645994186,0.526649791002273
S,TCC,0.0843894748949999,-0.00189172102545854,0.174923863634467
S,TCG,0.825445774686337,0.673887969553471,0.980958659946918
T,ACA,0.461259934109449,0.354994980990887,0.574275654554367
T,ACC,0.213524788273871,0.136771711334586,0.287851142138243
T,ACG,0.636155012434721,0.527804264426231,0.746591405570507
V,GTA,-0.0609313734590104,-0.126657754182816,0.00538400993682441
V,GTC,0.292170570603013,0.21250818297267,0.372328133881092
V,GTG,0.455658743441105,0.373982034623623,0.539579300582409
Y,TAC,-0.306955338600278,-0.42513233423233,-0.190823063999414
Z,AGC,-0.130101507976616,-0.242859354242682,-0.0177381523884834
