AA,Codon,Posterior,0.025%,0.975%
A,GCA,-0.464437940430641,-0.559795066714287,-0.368583347648382
A,GCC,-1.07212354393005,-1.16831304728985,-0.981234110891819
A,GCG,-1.23347184495926,-1.31737442016602,-1.14329961836338
C,TGC,-0.0928170893502887,-0.273671656101942,0.0873228050768376
D,GAC,0.833061271262169,0.741380621492863,0.923242120444775
E,GAA,-0.586537996053696,-0.677920840680599,-0.497131013870239
F,TTC,0.847843272662163,0.745607483386993,0.951337857544422
G,GGA,0.124870883415674,-0.0350102623924613,0.274849303811789
G,GGC,-0.377375024622679,-0.457722675800323,-0.293380365520716
G,GGG,0.0659694460911211,-0.0624900355935097,0.187916214391589
H,CAC,0.740385941338539,0.601410929858684,0.874899077415466
I,ATA,1.26797800421715,1.05942667126656,1.47834639549255
I,ATC,0.484683555948734,0.406918600946665,0.564111918210983
K,AAA,-1.12393110563755,-1.21855710446835,-1.03012253642082
L,CTA,1.07633339219093,0.88030947893858,1.27034435272217
L,CTC,0.488683886265755,0.368776316940784,0.610339234769344
L,CTG,-0.758591154241562,-0.851368145644665,-0.666459803283215
L,CTT,0.47591440063715,0.345636136084795,0.601738394796848
L,TTA,-0.0768097682670457,-0.195841728150845,0.0451842602342367
N,AAC,0.259536444815993,0.149451078847051,0.368889503926039
P,CCA,-0.0140582629137458,-0.173041144013405,0.146545897424221
P,CCC,-0.323130496450514,-0.520739194750786,-0.121022680215538
P,CCG,-0.940929385256767,-1.07688582241535,-0.807979843020439
Q,CAA,0.302473407125473,0.204113595187664,0.400056364387274
R,AGA,1.65543604426384,1.34805239737034,1.95496108829975
R,AGG,1.27634906535149,0.914730794727802,1.66653071045876
R,CGA,0.597883114486933,0.372427427023649,0.818179520964623
R,CGC,-0.51846517431736,-0.607269139587879,-0.430653993040323
R,CGG,0.0808990942573677,-0.0979371489956975,0.258162676542997
S,TCA,-0.283979065899551,-0.443975970894098,-0.132307457923889
S,TCC,-0.186498454309627,-0.310317847877741,-0.0649818312376737
S,TCG,-0.816245245409012,-0.9560297742486,-0.677245184779167
T,ACA,-0.319686768068373,-0.476389303803444,-0.164712446555495
T,ACC,-1.23212939915657,-1.33586918115616,-1.1297046482563
T,ACG,-1.14852924826145,-1.26737245619297,-1.02136420607567
V,GTA,0.474880135428906,0.362843431532383,0.584302550554275
V,GTC,-0.391357949656248,-0.492673686891794,-0.28803251311183
V,GTG,-0.846759838485718,-0.935916577279568,-0.757449716329575
Y,TAC,0.551864491188526,0.421954570710659,0.689543609321117
Z,AGC,-0.149063856232207,-0.288284129649401,-0.0090183624299243
