AA,Codon,Posterior,0.025%,0.975%
A,GCA,0.148013671664894,0.0831113865599036,0.215019157156348
A,GCC,0.452041279065609,0.378257218003273,0.52652834802866
A,GCG,0.291145628136396,0.227460131794214,0.352446515113115
C,TGC,-0.137837551433708,-0.310338968038559,0.0356950335204602
D,GAC,-0.37371912394762,-0.45043947249651,-0.297722669690847
E,GAA,-0.159270270875841,-0.23453880622983,-0.0829215141013264
F,TTC,-0.65725549980402,-0.757358457148075,-0.561166229844093
G,GGA,1.3650668671608,1.17209514081478,1.57954914569855
G,GGC,0.145393337282538,0.0864184578880668,0.206468068063259
G,GGG,0.789850822091103,0.665420220792294,0.927287551760674
H,CAC,-0.527366644108295,-0.656146378815174,-0.399101221561432
I,ATA,1.42095677604675,1.10867320895195,1.76294873952866
I,ATC,-0.388349816215038,-0.456559314578772,-0.321155343204737
K,AAA,-0.0312625921853243,-0.0949629852548242,0.0328974875621498
L,CTA,0.391161467523756,0.150016211718321,0.651456189155579
L,CTC,-0.410403920471668,-0.549530017375946,-0.277129789441824
L,CTG,-0.743375544404984,-0.856216433644295,-0.632081289589405
L,CTT,-0.221940015638992,-0.369265919178724,-0.0709940049797296
L,TTA,0.152195540056236,0.00195017374062445,0.312703251838684
N,AAC,-0.686126753783226,-0.800102703273296,-0.573231761157513
P,CCA,-0.212840440809983,-0.382124558836222,-0.0477709491737187
P,CCC,0.735452669167519,0.482850743830204,1.0019133836031
P,CCG,-0.418055794143677,-0.562145917117596,-0.281875314563513
Q,CAA,0.37756117207408,0.285604123771191,0.475122468918562
R,AGA,1.43683510625362,1.01109396219254,1.91649170815945
R,AGG,2.62331316051483,1.91764792203903,3.30794814229012
R,CGA,1.73549929208755,1.4299329996109,2.07363741397858
R,CGC,0.372772091257572,0.298890273272991,0.443548998981714
R,CGG,1.52014160671234,1.27887465059757,1.75899470150471
S,TCA,0.726721134877205,0.574855922162533,0.886574351787567
S,TCC,0.121780006288458,0.0392061915248632,0.209726027026773
S,TCG,0.731783321142197,0.600773492455483,0.863970097899437
T,ACA,0.777574076962471,0.613895227015018,0.946766301989555
T,ACC,0.116125486580364,0.0449836590327322,0.184397110715508
T,ACG,0.650379606819153,0.544997683167458,0.761532771587372
V,GTA,0.079701898424403,0.0072710033156909,0.153040082007647
V,GTC,0.430451340615749,0.348349321633577,0.513054986298084
V,GTG,0.378015958958864,0.312615163624287,0.445986627787352
Y,TAC,-0.352581769120693,-0.47056640535593,-0.235504794493318
Z,AGC,-0.724708001947403,-0.873477689921856,-0.571469034254551
