AA,Codon,Posterior,0.025%,0.975%
A,GCA,0.220521458402276,0.124070805124938,0.321566662937403
A,GCC,0.452028839361668,0.353109074383974,0.552966856956482
A,GCG,0.2914400606215,0.202197832241654,0.377299914509058
C,TGC,-0.210917585384939,-0.439646551758051,0.0175279299728573
D,GAC,-0.31571424896121,-0.397166113555431,-0.229478830844164
E,GAA,-0.219001289513707,-0.311312547326088,-0.129799923300743
F,TTC,-0.61849237896204,-0.728845907747745,-0.510471646487713
G,GGA,1.05686489825249,0.86845401674509,1.26194858253002
G,GGC,0.112985242866352,0.0406119152903557,0.18626268915832
G,GGG,0.738557073867321,0.598332092165947,0.89455246925354
H,CAC,-0.595444231545925,-0.758316269516945,-0.437156631052494
I,ATA,1.34222850298882,0.979334729909897,1.72287334799767
I,ATC,-0.371233765172958,-0.453064920753241,-0.292579562962055
K,AAA,-0.111402520910045,-0.215784646198153,-0.0122993618948385
L,CTA,0.294286470051063,0.0209394056815654,0.573493847250939
L,CTC,-0.427102025145292,-0.582093247771263,-0.270321247726679
L,CTG,-0.715931378352642,-0.84292535930872,-0.590347844362259
L,CTT,-0.159781755161558,-0.334283857047558,0.00737301391782242
L,TTA,0.209463986900006,0.0361534236930311,0.392751298844814
N,AAC,-0.685575675404072,-0.810348145663738,-0.561786209046841
P,CCA,-0.305394236110151,-0.492919510602951,-0.119723314605653
P,CCC,0.684014391905069,0.416288827359676,0.960194097459316
P,CCG,-0.436116044735908,-0.605468553304672,-0.280834556370974
Q,CAA,0.407663982951641,0.289849739521742,0.519297663867474
R,AGA,1.27817896623611,0.822435538470745,1.77662971615791
R,AGG,3.51921471772194,2.54814840555191,4.60188782215118
R,CGA,1.61507115483284,1.27341746389866,1.97999142706394
R,CGC,0.353939162892103,0.265732451528311,0.443742040544748
R,CGG,1.58255175666809,1.30906881690025,1.87185305655003
S,TCA,0.617314652311802,0.453933975100517,0.788942061364651
S,TCC,0.1035465158159,-0.00286855705780908,0.20954012721777
S,TCG,0.719387183427811,0.574544323980808,0.880552877485752
T,ACA,0.763025277614593,0.568700049817562,0.975365075469017
T,ACC,0.10337823882575,0.00810886748367921,0.196920138224959
T,ACG,0.519683047533035,0.392529107630253,0.647127330303192
V,GTA,0.00777699861315486,-0.0861117478460073,0.106536111049354
V,GTC,0.433934674239159,0.327494113147259,0.536664633452892
V,GTG,0.339668137735128,0.257345389574766,0.422772367298603
Y,TAC,-0.436491449940205,-0.562819480895996,-0.313968035578728
Z,AGC,-0.633498183965683,-0.831780464947224,-0.448628763854504
