AA,Codon,Posterior,0.025%,0.975%
A,GCA,0.100844929386,0.0337182615883648,0.169339503347874
A,GCC,0.183726499086618,0.111876277439296,0.257631350308657
A,GCG,0.105133506437461,0.0385160911828279,0.17296288870275
C,TGC,-0.0548906247951913,-0.209873413294554,0.101371609047055
D,GAC,-0.0439454708544195,-0.109958944097161,0.0191856476478279
E,GAA,-0.0301831209253622,-0.0941583324223757,0.0308774203062057
F,TTC,-0.259584326572716,-0.349256007373333,-0.173656058683991
G,GGA,0.385490522542596,0.29803322404623,0.477338760346174
G,GGC,0.0494567017175705,-0.0155649162828922,0.113645618408918
G,GGG,0.318869770893455,0.2379538603127,0.406003801524639
H,CAC,-0.237652125789598,-0.353914073854685,-0.121115862391889
I,ATA,0.522153366190195,0.414928489923477,0.634801360964775
I,ATC,-0.144309622889012,-0.220393630862236,-0.0718342870473862
K,AAA,0.0387634725923092,-0.0288388059474528,0.105092483945191
L,CTA,0.070221839636462,-0.0303939761128277,0.174151619896293
L,CTC,-0.151034383661929,-0.246317742019892,-0.0572208904661239
L,CTG,-0.307844144907594,-0.395653799176216,-0.220522571355104
L,CTT,-0.083613517995672,-0.183486903831363,0.0129558178829027
L,TTA,0.0689361340656862,-0.0355550275184214,0.175186681374907
N,AAC,-0.268758667871356,-0.361085966229439,-0.180744465813041
P,CCA,-0.0639302799103469,-0.179375637695193,0.0518977399915457
P,CCC,0.339148246501386,0.194866517186165,0.486667167395353
P,CCG,-0.181036097884364,-0.286074566096067,-0.0739302802830935
Q,CAA,0.0824781561766111,-0.000360550350160336,0.167987767234445
R,AGA,0.714608361697197,0.573560786247253,0.863473077118397
R,AGG,0.884940390706062,0.721469110250473,1.04850987792015
R,CGA,0.668319873672724,0.538687044382095,0.81116661131382
R,CGC,0.16710301626958,0.079393245652318,0.261793183535337
R,CGG,0.728457182204723,0.590566504001617,0.872766874730587
S,TCA,0.258155420254171,0.133661279827356,0.387214636057615
S,TCC,-0.0465775432731975,-0.148241923376918,0.0573326711542904
S,TCG,0.335511703853309,0.204497678950429,0.471459100395441
T,ACA,0.39642093667984,0.286613536626101,0.506901359558105
T,ACC,0.149148530998826,0.0611688088625669,0.242804681509733
T,ACG,0.294334176985919,0.195603552088141,0.39608029872179
V,GTA,0.0482984412971069,-0.0265493047423661,0.123260798864067
V,GTC,0.130138931125886,0.0509198210202157,0.211528761684894
V,GTG,0.155741970620863,0.0776036767289043,0.237300518527627
Y,TAC,-0.134921327430051,-0.233903289958835,-0.0337867107242348
Z,AGC,-0.294856314985454,-0.422926541417837,-0.163463417813182
