AA,Codon,Posterior,0.025%,0.975%
A,GCA,0.209389773931354,0.119542160443962,0.30047709569335
A,GCC,0.380964352750778,0.277626127749681,0.486321006715298
A,GCG,0.245939143770933,0.154043776541948,0.338266687840223
C,TGC,-0.0297368788995962,-0.229230137914419,0.166304345428944
D,GAC,-0.236408902569115,-0.3328414298594,-0.140686014294624
E,GAA,-0.0841571503678242,-0.168197348713875,-0.00189777439518373
F,TTC,-0.502530897283554,-0.642100982367992,-0.368161231279373
G,GGA,0.816902031373978,0.672281338274479,0.964596676826477
G,GGC,0.122792426659423,0.0361862220801413,0.207103698328137
G,GGG,0.636153810310364,0.510837702453136,0.769974099099636
H,CAC,-0.491892774161696,-0.671850058436394,-0.320155712217093
I,ATA,1.03092020362616,0.837634316086769,1.23111120462418
I,ATC,-0.334194682475924,-0.433521346002817,-0.237684115022421
K,AAA,-0.0138366927638177,-0.104310123063624,0.0788033472374081
L,CTA,0.18112196371028,0.0140901094535366,0.355143696814775
L,CTC,-0.324697760389745,-0.462255810201168,-0.194949597120285
L,CTG,-0.622223156756163,-0.7504299223423,-0.494354068487883
L,CTT,-0.117391281903937,-0.266074472665787,0.0286712680011987
L,TTA,0.254651581658097,0.0784389615058899,0.425036415457726
N,AAC,-0.65902893615365,-0.810270266234875,-0.521576555073261
P,CCA,-0.0462166610847835,-0.200291388109326,0.111210874654353
P,CCC,0.75653663212657,0.517507480084896,1.00173341631889
P,CCG,-0.305962812639773,-0.448964009433985,-0.170270452275872
Q,CAA,0.304923026527464,0.186724291369319,0.428745795041323
R,AGA,1.09020410631895,0.887292283773422,1.30070465803146
R,AGG,1.36228508648872,1.12509498298168,1.61228883564472
R,CGA,1.39273106600046,1.16662799715996,1.63462913632393
R,CGC,0.168598138876585,0.0636093568056822,0.275847586989403
R,CGG,1.38964075922966,1.15124441087246,1.63925316333771
S,TCA,0.863928890168667,0.619913591444492,1.11809692978859
S,TCC,0.0250780304169099,-0.119405118376017,0.171652423962951
S,TCG,0.56278155913651,0.370512400567532,0.764119932055473
T,ACA,0.602385909998417,0.446856996417046,0.766311520338058
T,ACC,0.108654558497576,-0.00089358888217248,0.217975257709622
T,ACG,0.484127575033903,0.339526334404945,0.629440546035767
V,GTA,0.0311431577724368,-0.0637626668438315,0.12202141918242
V,GTC,0.275748973965645,0.165987435355783,0.39039389193058
V,GTG,0.274316380231827,0.163340153545141,0.383238841593265
Y,TAC,-0.232572379217204,-0.373434857279062,-0.0979594305157663
Z,AGC,-0.443030811177194,-0.622106663882732,-0.27175944969058
