AA,Codon,Posterior,0.025%,0.975%
A,GCA,-0.381428457224369,-0.456732419878244,-0.306418485939503
A,GCC,-0.891270276808739,-0.960753007233143,-0.815965175628662
A,GCG,-1.00829156534672,-1.07714203596115,-0.937657532095909
C,TGC,-0.000411044657359889,-0.147382245957851,0.148284361883998
D,GAC,0.797847749328613,0.723772737383843,0.877171123027802
E,GAA,-0.663574592661858,-0.73646827340126,-0.58861361593008
F,TTC,0.979335207462311,0.892617475986481,1.06365749835968
G,GGA,0.19992328252783,0.0815113136544824,0.316420701891184
G,GGC,-0.408368069601059,-0.479502575844526,-0.339592901617289
G,GGG,0.144203451193683,0.0433993044309318,0.247255868092179
H,CAC,0.720614915168285,0.61672380566597,0.829203048348427
I,ATA,1.18613438026905,1.04332073926926,1.33837440609932
I,ATC,0.517083972036839,0.453989613056183,0.583894492685795
K,AAA,-1.10364418215752,-1.18620179891586,-1.02629032731056
L,CTA,0.918331492185593,0.777645428478718,1.07299842536449
L,CTC,0.343053498381376,0.243717378750443,0.439422272145748
L,CTG,-0.762420983767509,-0.836183767020702,-0.683376885950565
L,CTT,0.206546069028229,0.111736132577062,0.299678830802441
L,TTA,-0.209426445071399,-0.302452585846186,-0.117030699364841
N,AAC,0.442625488674641,0.354442308098078,0.534224051237106
P,CCA,0.0643257939848685,-0.0570218377746642,0.188972632586956
P,CCC,-0.438568515300751,-0.581976899504662,-0.295024375617504
P,CCG,-0.620820144331455,-0.722833080589771,-0.513540431857109
Q,CAA,0.296197437560558,0.217517558857799,0.376673714071512
R,AGA,1.02494657490253,0.828680716454983,1.22587561011314
R,AGG,1.3846212280035,1.1054425150156,1.65981450080872
R,CGA,0.379088734103739,0.20939712934196,0.53920865803957
R,CGC,-0.389307055723667,-0.464233972877264,-0.313361398130655
R,CGG,0.0124903738685767,-0.132221348956227,0.155902281403542
S,TCA,-0.403271119254828,-0.523788699507713,-0.280552492290735
S,TCC,-0.181908078088367,-0.288413969427347,-0.0768182437866926
S,TCG,-0.610388848626614,-0.730052746832371,-0.491296207159758
T,ACA,-0.47192494122982,-0.596223562955856,-0.348472948372364
T,ACC,-1.0506343275547,-1.1398293286562,-0.960300894081593
T,ACG,-0.961807756090164,-1.06991943120956,-0.851649118959904
V,GTA,0.549210678219795,0.464737881720066,0.635114006698132
V,GTC,-0.168377572675794,-0.246541599929333,-0.0878199828788638
V,GTG,-0.61528707395792,-0.687797160446644,-0.539786319434643
Y,TAC,0.488643069899082,0.38689653351903,0.591460052132607
Z,AGC,-0.258237029197812,-0.367828154563904,-0.15052024461329
