AA,Codon,Posterior,0.025%,0.975%
A,GCA,0.126024241408706,0.0713850362226367,0.181915839016438
A,GCC,0.452161827862263,0.388424590975046,0.517519564926624
A,GCG,0.479851401603222,0.416445399820805,0.542776782810688
C,TGC,-0.129465072153968,-0.280320423841476,0.020564721012488
D,GAC,-0.245283197426796,-0.313846401870251,-0.177612977474928
E,GAA,-0.187494004258513,-0.260940490663052,-0.115951309166849
F,TTC,-0.293111153423786,-0.37016928344965,-0.216461209207773
G,GGA,0.679193067204952,0.557309386134148,0.802995958924294
G,GGC,0.160939395526052,0.103477727621794,0.221472486108542
G,GGG,0.581979541134834,0.479719017446041,0.690798188745976
H,CAC,-0.380880201011896,-0.487663689255714,-0.275979302823543
I,ATA,0.583028554749489,0.415093067288399,0.756238359212875
I,ATC,-0.237762407535315,-0.294093508273363,-0.182953218743205
K,AAA,-0.000636221527276211,-0.0628946185112,0.0594991194084287
L,CTA,0.225417481410014,0.0554624515585601,0.396113526821137
L,CTC,-0.215993312174082,-0.316466801613569,-0.115080326423049
L,CTG,-0.375140665906668,-0.456245003640652,-0.293175695836544
L,CTT,-0.2283323057428,-0.327520050108433,-0.126006842777133
L,TTA,-0.0577920601192425,-0.161039436608553,0.0447551997378469
N,AAC,-0.428137483859062,-0.513726192712784,-0.347369938343763
P,CCA,0.0209480419379782,-0.0946766518056393,0.130922223627567
P,CCC,0.629355887305737,0.470849460363388,0.789089186489582
P,CCG,5.80134756095504e-05,-0.0969486778602004,0.094297818467021
Q,CAA,0.029266766083887,-0.0444084847345948,0.104344850964844
R,AGA,0.798325935542583,0.585901948809624,1.0283509850502
R,AGG,1.21126919360161,0.852476945519447,1.59176823198795
R,CGA,1.13551540174484,0.935466547310352,1.34025046229362
R,CGC,0.233862748703361,0.170219783857465,0.296750183403492
R,CGG,1.48224289493561,1.28045956790447,1.69112318754196
S,TCA,0.477123221862316,0.367852760106325,0.58981399834156
S,TCC,0.142592177366931,0.0597012563608587,0.224320740252733
S,TCG,0.824858780097961,0.693622994422913,0.963149374723434
T,ACA,0.424396398460865,0.322698363661766,0.526814149320126
T,ACC,0.235116164800525,0.168016676977277,0.304815297573805
T,ACG,0.664159952843189,0.563643644750118,0.767710217833519
V,GTA,-0.0698942462162697,-0.128617610409856,-0.0121315493248403
V,GTC,0.32701126357913,0.254964451491833,0.401995550841093
V,GTG,0.474024645757675,0.401876647025347,0.544115737080574
Y,TAC,-0.26549090013653,-0.361821053177118,-0.162689294293523
Z,AGC,-0.18139904837124,-0.29124599173665,-0.0749047072604299
