AA,Codon,Posterior,0.025%,0.975%
A,GCA,0.154695308196545,0.0923727104440331,0.219814937934279
A,GCC,0.35663475060463,0.294336138665676,0.422647631913424
A,GCG,0.244423211592436,0.188135261833668,0.301976408064365
C,TGC,-0.260456694349647,-0.413130064308643,-0.108958293683827
D,GAC,-0.338841461890936,-0.403223935514688,-0.278267837315798
E,GAA,-0.199559417724609,-0.270765250176191,-0.133016627654433
F,TTC,-0.689809490978718,-0.777163378894329,-0.601381462812424
G,GGA,1.16954164431095,1.01780440211296,1.32139677405357
G,GGC,0.144928564862907,0.0920079547911882,0.20068775229156
G,GGG,0.724779039883614,0.620239563286304,0.839218999445438
H,CAC,-0.51790102840662,-0.62989556491375,-0.414072282612324
I,ATA,1.82939422769547,1.54818602800369,2.12351498007774
I,ATC,-0.353232380002737,-0.416239198297262,-0.290242404490709
K,AAA,-0.110004535167634,-0.184273375943303,-0.0394939283840357
L,CTA,0.501237023109198,0.277179478853941,0.726408939063549
L,CTC,-0.264167225089669,-0.38454670086503,-0.137447256967425
L,CTG,-0.759077290606499,-0.854184594750404,-0.65731602460146
L,CTT,-0.00147606429917068,-0.129525463283062,0.136272667348385
L,TTA,0.381441250431538,0.243210476264358,0.520547839999199
N,AAC,-0.717983423161507,-0.815311849117279,-0.622370158135891
P,CCA,-0.234389278198779,-0.38717365115881,-0.0845368793234229
P,CCC,0.775609254097939,0.575193190574646,0.995949158072472
P,CCG,-0.67690478168726,-0.805770541727543,-0.550438733398914
Q,CAA,0.473883803784847,0.385569095611572,0.567264957726002
R,AGA,2.89047734146118,2.44356485009193,3.35629376173019
R,AGG,3.01359781827927,2.43381641507149,3.64278462529182
R,CGA,2.17375038471222,1.88734275996685,2.48413157463074
R,CGC,0.281208178019524,0.212614746391773,0.351428145170212
R,CGG,1.73619952135086,1.51689845025539,1.95139334797859
S,TCA,0.780674324309826,0.630408455431461,0.92917650192976
S,TCC,0.0605002010150027,-0.0274177721235901,0.150834028050303
S,TCG,0.550801296043396,0.43183506950736,0.675972864031792
T,ACA,1.16771108114719,1.00345801711082,1.33915283977985
T,ACC,0.050992791366046,-0.0206225630361587,0.123098969832063
T,ACG,0.587399802076817,0.476382576674223,0.69720343798399
V,GTA,0.0327343006938856,-0.042933270893991,0.10722232721746
V,GTC,0.294287036883831,0.216510389745235,0.37190115749836
V,GTG,0.228064554181695,0.162468117848039,0.293990585207939
Y,TAC,-0.304255127948523,-0.394062857329845,-0.214092617109418
Z,AGC,-0.583021600520611,-0.726400300860405,-0.446977687627077
