AA,Codon,Posterior,0.025%,0.975%
A,GCA,0.22210208000578,0.111812676116824,0.335586670786142
A,GCC,0.511736403936148,0.372001879662275,0.662103842198849
A,GCG,0.320566380676627,0.196410576254129,0.446877013891935
C,TGC,-0.296496064985581,-0.61966747045517,0.00377295966027234
D,GAC,-0.386878589713573,-0.522095492482185,-0.25501314997673
E,GAA,-0.152023338191793,-0.26468904837966,-0.0434452140703798
F,TTC,-0.616114255595207,-0.810441945493221,-0.428559496253729
G,GGA,0.814769586193562,0.615566338598728,1.02167522609234
G,GGC,0.113096461787301,0.00897548738867045,0.218022533878684
G,GGG,0.595282848215103,0.4295145817101,0.774068912863731
H,CAC,-0.41418264169693,-0.634759174287319,-0.20143752656877
I,ATA,1.04891117510796,0.760765102505684,1.35750934779644
I,ATC,-0.336415386877954,-0.4705750644207,-0.204149708896875
K,AAA,-0.204152043491031,-0.321841466426849,-0.0923467505723238
L,CTA,0.144726862811011,-0.0873016966506839,0.379712393134832
L,CTC,-0.203389659310327,-0.393326239287853,-0.0145105231553316
L,CTG,-0.723030029857159,-0.896614955365658,-0.559608238935471
L,CTT,-0.172677150569289,-0.364720273017883,0.0198347453959286
L,TTA,0.222744081921043,-0.00779373532859608,0.46172244399786
N,AAC,-0.741295706909895,-0.962633936107159,-0.53653519898653
P,CCA,-0.0358635571423147,-0.25653290450573,0.187715678662062
P,CCC,0.506191191006452,0.208482380956411,0.821570846438407
P,CCG,-0.514983339595795,-0.707735972106457,-0.328508253395558
Q,CAA,0.447210987320542,0.2849604383111,0.613808682560921
R,AGA,1.35983749189377,1.03591727912426,1.72354650497437
R,AGG,1.40312718132734,1.08754700422287,1.76233130395412
R,CGA,1.68207798073292,1.30078390240669,2.08780544400215
R,CGC,0.262709371276572,0.124314455315471,0.405734556168318
R,CGG,1.35404620008469,1.03320176899433,1.70373721718788
S,TCA,0.600057092818618,0.365143232792616,0.863300105929375
S,TCC,0.0531623880390216,-0.109414791129529,0.21025366447866
S,TCG,0.669702210378647,0.413843830674887,0.946296569705009
T,ACA,0.711818317586184,0.495572686195374,0.940944422781467
T,ACC,0.205741675261594,0.0626372093334794,0.346656373888254
T,ACG,0.598415861451626,0.40180502384901,0.803322996199131
V,GTA,0.0812222556495679,-0.0528196291998029,0.219400534406304
V,GTC,0.301077402817458,0.135576386377215,0.468634262681007
V,GTG,0.344183954519406,0.182804191485047,0.512135535478592
Y,TAC,-0.419750309355557,-0.612623442709446,-0.235188863426447
Z,AGC,-0.684700746113062,-0.939907458424568,-0.445610813051462
