AA,Codon,Posterior,0.025%,0.975%
A,GCA,-0.264812621608935,-0.382506021112204,-0.157788187265396
A,GCC,-0.506334546048613,-0.65769786387682,-0.313220904022456
A,GCG,-0.641899058107659,-0.811057883501053,-0.410228656977416
C,TGC,-0.000326299826763477,-0.25204893052578,0.304314661771059
D,GAC,0.586894416223187,0.468318852782249,0.725359505414963
E,GAA,-0.716947893898701,-0.853529796004295,-0.354727882146838
F,TTC,0.688929413905926,0.392927952855825,0.810912971198559
G,GGA,0.237226018969787,-0.158859368786216,0.486373787373304
G,GGC,-0.317284331049956,-0.437233476340771,-0.212402481213212
G,GGG,-0.0184491730523485,-0.311121789366007,0.232397849857807
H,CAC,0.431664907639776,0.258046112209558,0.615609946846962
I,ATA,0.50351178972912,-0.231580052152276,0.910259580612183
I,ATC,0.425655409437045,0.31478978022933,0.567864651978015
K,AAA,-1.06071166266256,-1.18340410292149,-0.554005782306197
L,CTA,0.806761177140416,0.331021762639284,1.10432488918304
L,CTC,0.312946908142511,0.155708619952202,0.480672588199377
L,CTG,-0.859453323053243,-1.00736155509949,-0.379265720397236
L,CTT,0.183806633737145,0.0326757283881307,0.384726387262344
L,TTA,-0.157602519200383,-0.313955900073051,0.0488432073034337
N,AAC,0.14094100065197,0.0109052731655538,0.355281494557857
P,CCA,0.0533886739973348,-0.104987966455519,0.204202480614185
P,CCC,0.0324416344374205,-0.157336802408099,0.195288866385817
P,CCG,-0.596301883840421,-0.736160235106945,-0.246548487618566
Q,CAA,0.354161167432182,0.24941691569984,0.457238231599331
R,AGA,1.44859511457272,0.500348740071058,1.70833334922791
R,AGG,1.89443424941576,0.608549611270428,2.248583984375
R,CGA,1.04505797046402,0.223636392131448,1.2773132443428
R,CGC,-0.168721166398417,-0.296225552260876,-0.0691593063995243
R,CGG,0.878456993845059,0.364290307462215,1.09287949502468
S,TCA,-0.0152467917514752,-0.194150432571769,0.136196550354361
S,TCC,-0.00832333599386905,-0.158509027585387,0.124080782569945
S,TCG,0.00870312996365428,-0.19201346822083,0.174654550105333
T,ACA,-0.191003089895798,-0.359478359669447,-0.0414250105619431
T,ACC,-0.844204198933439,-0.975631739199162,-0.574038267135621
T,ACG,-0.501245251351214,-0.675989110767841,-0.346387630701065
V,GTA,0.4667775448828,0.309294582903385,0.576397107541561
V,GTC,0.0472501230643655,-0.12554187849164,0.17139517813921
V,GTG,-0.353895034171222,-0.522295467555523,-0.219589066877961
Y,TAC,0.330242199966489,0.192144119739532,0.484570024162531
Z,AGC,-0.436946247262275,-0.556278455257416,-0.300470259040594
