AA,Codon,Posterior,0.025%,0.975%
A,GCA,0.114283875327463,-0.0959910666570067,0.323194774240255
A,GCC,0.0270053795145226,-0.249714491516352,0.225400757417083
A,GCG,-0.237315938759007,-0.51155873388052,-0.0439024074934423
C,TGC,-0.260375107128627,-0.734660215675831,0.0891348892822862
D,GAC,-0.255936891725007,-0.430905149877071,-0.0900678504258401
E,GAA,-0.043636504967522,-0.345178958773613,0.122972108982503
F,TTC,-0.767973486689707,-1.01837392747402,-0.457176741212607
G,GGA,1.83754475848675,1.2642396569252,2.55934373736382
G,GGC,0.133464978530965,0.000147292145629765,0.26875764876604
G,GGG,1.06085312040076,0.657191675901413,1.53154585361481
H,CAC,-0.497471854304615,-0.784909431636333,-0.218367952480912
I,ATA,4.06358038434982,2.57115705609322,6.01905686855316
I,ATC,-0.481325965217012,-0.672284103929996,-0.308392939716578
K,AAA,-0.0276221611334746,-0.478816930949688,0.143573810905218
L,CTA,1.00042318350235,0.331594352424145,1.87943125963211
L,CTC,-0.0299492070824534,-0.347429382055998,0.271749213337898
L,CTG,-0.606910840380192,-1.06406893730164,-0.364885919541121
L,CTT,0.171981865042073,-0.173904163762927,0.507459011673927
L,TTA,0.968066429497302,0.428512934595346,1.44678666293621
N,AAC,-0.697178082227334,-1.01579793095589,-0.450902267545462
P,CCA,-0.475836799803792,-0.898913697898388,-0.0758488873019815
P,CCC,0.465481525017426,-0.0814580447971821,1.04709686040878
P,CCG,-1.0785936537981,-1.59572533965111,-0.721975353360176
Q,CAA,0.491338532153517,0.286219622939825,0.722901757061481
R,AGA,3.25060654225349,1.78632985651493,5.21522426605224
R,AGG,5.51882624030113,2.70782341957092,8.27762570381164
R,CGA,1.37739164074659,0.827256439626217,2.19093163609505
R,CGC,0.121118965577992,-0.0148359392303973,0.2968898370862
R,CGG,0.902758804374933,0.51845717728138,1.45553290843964
S,TCA,0.498557265654393,0.142038450017571,0.878416019678116
S,TCC,0.0195939328720935,-0.231563689932227,0.271781457215547
S,TCG,-0.129324341061823,-0.383626023679972,0.106143989413976
T,ACA,0.736038612157851,0.334952592104673,1.1515374392271
T,ACC,-0.292626060623163,-0.680204583704472,-0.0720596723258496
T,ACG,-0.0839897542275967,-0.371456246078014,0.163396915793419
V,GTA,-0.126690850145616,-0.344998742640018,0.101100295968354
V,GTC,0.0425534811568403,-0.182164556905627,0.277631012350321
V,GTG,-0.245370647512161,-0.472448843717575,-0.0485405227169396
Y,TAC,-0.261435471468221,-0.488041780889034,-0.0568864652886987
Z,AGC,-0.324926265964541,-0.643257954716682,-0.0503666278906167
