AA,Codon,Posterior,0.025%,0.975%
A,GCA,-0.47637297270298,-0.573740369081497,-0.378082668036222
A,GCC,-1.07016440615654,-1.1640114992857,-0.974329218268394
A,GCG,-1.27632904028893,-1.36219221353531,-1.18899931907654
C,TGC,-0.130182944474855,-0.306003677845001,0.043807543348521
D,GAC,0.816187472987175,0.721080604195595,0.912493380904198
E,GAA,-0.595739905440807,-0.684802481532097,-0.506345312297344
F,TTC,0.828717219567299,0.724783919751644,0.933215354382992
G,GGA,0.0678973903692906,-0.0939336908981204,0.229169822111726
G,GGC,-0.401006668233871,-0.485725686699152,-0.317546864598989
G,GGG,-0.0518346681902738,-0.178895464166999,0.0751559091731906
H,CAC,0.765470015764236,0.637074023485184,0.90648725181818
I,ATA,1.28367458026409,1.07056151330471,1.50172626376152
I,ATC,0.502140335583687,0.426704895496368,0.583735762536526
K,AAA,-1.07448279044628,-1.16980974376202,-0.977611185610294
L,CTA,0.958044351887703,0.766017234325409,1.15570379197598
L,CTC,0.41905926335454,0.299585817009211,0.542431072890759
L,CTG,-0.806910877633095,-0.902060393989086,-0.710538651049137
L,CTT,0.391518749368191,0.263167052716017,0.520429620146751
L,TTA,-0.11951368792206,-0.250194972008467,0.00466605721740054
N,AAC,0.2563584217906,0.147431580349803,0.373141530901194
P,CCA,0.0143267079487163,-0.144719124212861,0.18482677154243
P,CCC,-0.269698330412805,-0.471944849938154,-0.0609412075951694
P,CCG,-0.826469929838181,-0.962435965240002,-0.682512526214123
Q,CAA,0.286432292899489,0.185002226382494,0.38644135966897
R,AGA,1.48439076952934,1.16586423516274,1.79061931073666
R,AGG,1.1419194665432,0.736529962718487,1.53570196926594
R,CGA,0.615972896826267,0.388576712459326,0.834438265860081
R,CGC,-0.509707689464092,-0.594853736460209,-0.420595724880695
R,CGG,0.0238017658964076,-0.148002575337887,0.198617772758007
S,TCA,-0.270377151651308,-0.428744207322597,-0.100242690555751
S,TCC,-0.184990120706733,-0.310356587171555,-0.0581567400135099
S,TCG,-0.845838149166107,-0.985079179704189,-0.704895077645779
T,ACA,-0.249894214496017,-0.411708673089743,-0.0838393988087773
T,ACC,-1.19905113868713,-1.30242326557636,-1.09227428138256
T,ACG,-1.13464356179237,-1.26402883827686,-1.0107696890831
V,GTA,0.43389889882803,0.317999760061502,0.549546843767166
V,GTC,-0.384568914836645,-0.49103874117136,-0.281427577883005
V,GTG,-0.853292786574364,-0.938547883927822,-0.757504810392857
Y,TAC,0.630923548746109,0.501282592117786,0.763806594908238
Z,AGC,-0.275064219149202,-0.419932030886412,-0.133159109205008
