AA,Codon,Posterior,0.025%,0.975%
A,GCA,0.15177008209452,0.0843181874603033,0.220009298250079
A,GCC,0.445009696543217,0.369361919164658,0.518909472227097
A,GCG,0.313947595268488,0.251844591647387,0.37905350252986
C,TGC,-0.11187843130153,-0.283735316246748,0.0528101757168771
D,GAC,-0.363634218043089,-0.436745370179415,-0.287977447360754
E,GAA,-0.153895607912913,-0.228089736774564,-0.0793991930782794
F,TTC,-0.644273755705357,-0.74939823448658,-0.548966105282307
G,GGA,1.40977611021996,1.19972540140152,1.62237550318241
G,GGC,0.156269707775116,0.092297419719398,0.216709835082293
G,GGG,0.888253951954842,0.74996992200613,1.03318358361721
H,CAC,-0.544387469184399,-0.674418538808823,-0.419020968675613
I,ATA,1.40558293192387,1.09658896028996,1.73231062591076
I,ATC,-0.399130399262905,-0.464284034073353,-0.332691792398691
K,AAA,-0.0554596004217921,-0.121639025397599,0.0110691751120612
L,CTA,0.518885146650672,0.270675344020128,0.786576481163502
L,CTC,-0.347472116601467,-0.485149217396975,-0.22036657333374
L,CTG,-0.695833346962929,-0.806091871857643,-0.592403803765774
L,CTT,-0.144356430295968,-0.289863831549883,-7.78569674366489e-05
L,TTA,0.194471049147728,0.0429387948475778,0.345517610758543
N,AAC,-0.682752617490292,-0.792972728610039,-0.577915324270725
P,CCA,-0.239366856987216,-0.412083931267262,-0.0602868924848735
P,CCC,0.69959029083252,0.436336232721806,0.969093517959118
P,CCG,-0.501740020787716,-0.652193784713745,-0.35424991697073
Q,CAA,0.389547273552418,0.294028420746326,0.489470164477825
R,AGA,1.63261832809448,1.196241492033,2.11409480571747
R,AGG,2.82800544810295,2.15968947410583,3.63018307685852
R,CGA,1.71837851209641,1.39900808632374,2.05295172333717
R,CGC,0.367159603303671,0.294415536522865,0.44267733246088
R,CGG,1.5853550327301,1.34914456307888,1.82814834117889
S,TCA,0.714273136591911,0.556940343976021,0.8823870703578
S,TCC,0.122018127503892,0.0371998072601855,0.21132254935801
S,TCG,0.75517990694046,0.621976368129253,0.884112596511841
T,ACA,0.72584235407114,0.561066347360611,0.901065619289875
T,ACC,0.0990247134590871,0.0279874827712774,0.170432103052735
T,ACG,0.6473731798172,0.541673949360847,0.759084606170654
V,GTA,0.0966954389131512,0.0234457308892161,0.175098242983222
V,GTC,0.423643580842018,0.341676431894302,0.511013294756413
V,GTG,0.380426349329948,0.310699853301048,0.449732028692961
Y,TAC,-0.4068028406322,-0.52760484367609,-0.286864975094795
Z,AGC,-0.615469122648239,-0.764368818700314,-0.471468517929316
