AA,Codon,Posterior,0.025%,0.975%
A,GCA,0.179875173524395,0.0897572653368115,0.268601899594069
A,GCC,0.424575041401386,0.329281066358089,0.515798296034336
A,GCG,0.3211003264606,0.238267397508025,0.40424497500062
C,TGC,-0.0219352636815354,-0.252229478955269,0.204528915137053
D,GAC,-0.336673893940449,-0.426056288927794,-0.249227940663695
E,GAA,-0.167383020755649,-0.25252074226737,-0.0857504148036241
F,TTC,-0.56879380825758,-0.68704622387886,-0.45142120718956
G,GGA,1.30128448729515,1.09300391376019,1.53818625807762
G,GGC,0.179446901234984,0.107624595426023,0.254289908707142
G,GGG,0.855600576043129,0.706570041179657,1.00871676504612
H,CAC,-0.635306074225903,-0.794314713776112,-0.467608733475208
I,ATA,1.75431957173347,1.34063875973225,2.21947704553604
I,ATC,-0.349800245219469,-0.429039913415909,-0.269070134311914
K,AAA,-0.117000281637043,-0.218566261231899,-0.014463916257955
L,CTA,0.678420123130083,0.347831433266401,1.03043936491013
L,CTC,-0.249485732181743,-0.407612534612417,-0.0944717036560177
L,CTG,-0.624889888727665,-0.75024951249361,-0.505710463225842
L,CTT,-0.0720723880512138,-0.243881098553538,0.100326148420572
L,TTA,0.443967538818717,0.248469257727265,0.633574563264847
N,AAC,-0.65423085180521,-0.787572681903839,-0.529332511126995
P,CCA,-0.30431411276646,-0.509706218540668,-0.101229005120695
P,CCC,0.647934775841236,0.367818100750446,0.947397154569626
P,CCG,-0.586973546981811,-0.769519789516926,-0.419144008308649
Q,CAA,0.426102131146193,0.302480886131525,0.546425834298134
R,AGA,1.90048711926937,1.33651166856289,2.54596008062363
R,AGG,2.93443511724472,2.04834687709808,3.94916976690292
R,CGA,1.6833522480011,1.32400870025158,2.08814214468002
R,CGC,0.410295014047623,0.321085707098246,0.500245070457458
R,CGG,1.66149886617661,1.38547191023827,1.94205708503723
S,TCA,0.649081190669537,0.462131224572659,0.849046540260315
S,TCC,0.125254889331141,-0.000445799811132019,0.251977860182524
S,TCG,0.669437728226185,0.511730748414993,0.830476315319538
T,ACA,0.687766873002052,0.493420340120792,0.879728785157204
T,ACC,0.13724290750022,0.0346862732432783,0.237898967042565
T,ACG,0.562914694714546,0.428108409047127,0.702725511789322
V,GTA,0.0957220525432844,-0.0121946264291182,0.204589575529099
V,GTC,0.414052673023939,0.30303143337369,0.530568319559097
V,GTG,0.339141804355383,0.24671262614429,0.430074101686478
Y,TAC,-0.404519245356321,-0.535443207621574,-0.277251134812832
Z,AGC,-0.573833667069674,-0.773316770792007,-0.372947746515274
