AA,Codon,Posterior,0.025%,0.975%
A,GCA,0.289127544055181,0.0827162209898233,0.501232317090034
A,GCC,0.784319678735733,0.49412649422884,1.11520486176014
A,GCG,0.305431588721089,0.0960571598261595,0.529305525124073
C,TGC,1.46743531841338,0.450127036124468,2.89626556038857
D,GAC,-0.57020182326138,-0.849960245192051,-0.312513746321201
E,GAA,-0.448314536620676,-0.673763205111027,-0.236545918509364
F,TTC,-1.77075430830717,-2.70054123401642,-1.03091251552105
G,GGA,1.95208798062801,1.2620531976223,2.77045971155167
G,GGC,0.198982365436672,-0.00567788941552862,0.426844902336597
G,GGG,1.39071939387321,0.878272864222527,1.99108733832836
H,CAC,-0.0880230227015156,-0.541909074783325,0.350885612517596
I,ATA,1.17703339915797,0.500115031003952,1.93150012791157
I,ATC,-0.475892019191384,-0.794909362494945,-0.173538285493851
K,AAA,-0.078732205329508,-0.329840508848429,0.169151427224278
L,CTA,-0.243245587008947,-0.797130949795246,0.325426029413939
L,CTC,-0.731125140273199,-1.22176333069801,-0.283707415312529
L,CTG,-1.1786461132884,-1.62725723087788,-0.762281264364719
L,CTT,-0.215797664863351,-0.742650870978832,0.328463210165501
L,TTA,-0.383084714122885,-0.918331587314606,0.145201619714499
N,AAC,-0.990027996015549,-1.48959931731224,-0.554393389821052
P,CCA,-0.0785758989418799,-0.61244992762804,0.455033521354199
P,CCC,0.415288095594267,-0.261175611615181,1.14855506718159
P,CCG,-0.909891371250153,-1.37746446728706,-0.495411235839128
Q,CAA,0.69182868026793,0.358118582516909,1.05366198718548
R,AGA,2.16114561486244,1.34293920397758,3.07972422242165
R,AGG,3.38293902769089,2.0897412776947,5.05179568529129
R,CGA,3.44810928201675,1.91605333983898,5.29918378591538
R,CGC,0.439099274210783,0.108388437516987,0.786962468922138
R,CGG,2.19404237122536,1.38517666757107,3.23225824832916
S,TCA,1.31336050778925,0.553748978674412,2.27783559560776
S,TCC,-0.0811331530043331,-0.438892266154289,0.265098530054092
S,TCG,0.836360339291207,0.272018484771252,1.50258513092995
T,ACA,0.98205728123188,0.5490916877985,1.47486493885517
T,ACC,0.579813032203913,0.282425297796726,0.916315992176533
T,ACG,1.35421052577496,0.80475063174963,1.9528336763382
V,GTA,0.171161015096761,-0.043110812176019,0.390925747901202
V,GTC,0.55486680804193,0.254286254197359,0.885374200344086
V,GTG,0.644616878175735,0.328735535591841,1.00225118994713
Y,TAC,-1.04077529391646,-1.65846760869026,-0.50279798656702
Z,AGC,-0.949122940200567,-1.55135648548603,-0.383717370033264
