AA,Codon,Posterior,0.025%,0.975%
A,GCA,-0.497873567116261,-0.575338296592236,-0.42158070653677
A,GCC,-1.00764765815735,-1.08408696353436,-0.929100209474564
A,GCG,-1.22631221795082,-1.29536531567574,-1.15510458648205
C,TGC,-0.219031755924551,-0.357462990283966,-0.0798918815329671
D,GAC,0.837048930025101,0.762250243127346,0.911654227972031
E,GAA,-0.558223065543175,-0.628649659454823,-0.486987908184528
F,TTC,0.843832474684715,0.758009438216686,0.932975421845913
G,GGA,0.0938312018013617,-0.0370318429544568,0.223496722057462
G,GGC,-0.446628049266338,-0.514313119649887,-0.375501131266355
G,GGG,-0.0025543579721656,-0.108545413985848,0.101509408280253
H,CAC,0.773819145083427,0.664779336750507,0.882388630509377
I,ATA,1.19577119777203,1.01395528018475,1.3838179320097
I,ATC,0.502975225484371,0.438320029526949,0.573025232553482
K,AAA,-1.0943993231535,-1.17600299119949,-1.00841380655766
L,CTA,1.00608422496319,0.846862643957138,1.17868516743183
L,CTC,0.470098989593983,0.367257656902075,0.572801949083805
L,CTG,-0.756339938783646,-0.838321109116077,-0.673851269483566
L,CTT,0.465663019812107,0.355251336097717,0.572671647369862
L,TTA,-0.00456049256958286,-0.104725093021989,0.100908582657576
N,AAC,0.282058413788676,0.191792265325785,0.383631170541048
P,CCA,-0.0568329464662616,-0.191055839508772,0.0860885031521321
P,CCC,-0.327909562425315,-0.49718569740653,-0.158044102042913
P,CCG,-0.898521193218231,-1.01111246645451,-0.783331398665905
Q,CAA,0.319979111891985,0.236746665462852,0.402078635245562
R,AGA,1.59806999402046,1.32858105003834,1.86325456500053
R,AGG,1.3267164085865,0.971910044550896,1.68191955387592
R,CGA,0.630106088554859,0.45478355884552,0.80762824267149
R,CGC,-0.445144482898712,-0.516749081015587,-0.37281129360199
R,CGG,0.0876710782394177,-0.0541200545616448,0.230819544196129
S,TCA,-0.283574326771498,-0.417849729210138,-0.147098469734192
S,TCC,-0.217788487195969,-0.326441685110331,-0.1048099944368
S,TCG,-0.839163818907738,-0.957618799805641,-0.716330982744694
T,ACA,-0.305422548857331,-0.444821264594793,-0.165792505443096
T,ACC,-1.27082100954056,-1.36225762367249,-1.18043267428875
T,ACG,-1.16948323004246,-1.27724855840206,-1.06386432349682
V,GTA,0.4570793648839,0.363045629858971,0.544609916210175
V,GTC,-0.367349463713169,-0.452450905740261,-0.281955197453499
V,GTG,-0.884404322481155,-0.957793425023556,-0.810958984494209
Y,TAC,0.609421360254288,0.507158128917217,0.716572396457196
Z,AGC,-0.29145479798913,-0.404130915552378,-0.175114415958524
