AA,Codon,Posterior,0.025%,0.975%
A,GCA,0.164590286611021,0.104579711146653,0.22362476810813
A,GCC,0.409060523676872,0.346480088680983,0.477927325665951
A,GCG,0.28732412545681,0.229478580132127,0.343728323280811
C,TGC,-0.0502337343956946,-0.198913070186973,0.0952153744176031
D,GAC,-0.376753594005108,-0.447876583784819,-0.30764591768384
E,GAA,-0.176940719105303,-0.242485823109746,-0.109086144715548
F,TTC,-0.65498949444294,-0.743907319009304,-0.568637663125992
G,GGA,1.37379488315582,1.18601625859737,1.56005916297436
G,GGC,0.179078197723627,0.121044564805925,0.234622884169221
G,GGG,0.834702614569664,0.716531352698803,0.953606988489628
H,CAC,-0.550664631843567,-0.665582582354546,-0.44146958142519
I,ATA,1.52140074124336,1.23294625282288,1.82435157895088
I,ATC,-0.400362488055229,-0.460359613597393,-0.343042392283678
K,AAA,-0.0455552127345087,-0.106131369061768,0.0164172898046672
L,CTA,0.478150753554702,0.240807746350765,0.730859895050526
L,CTC,-0.394181532174349,-0.517770004272461,-0.27496620491147
L,CTG,-0.744500830721855,-0.844110259413719,-0.648320296406746
L,CTT,-0.211105383121036,-0.342344383150339,-0.0763387063518166
L,TTA,0.0829746688366868,-0.0534574390389025,0.217464261129499
N,AAC,-0.702774321913719,-0.80583820939064,-0.605274887382984
P,CCA,-0.184561041988397,-0.340564961731434,-0.0374717217870056
P,CCC,0.746108484530449,0.515983632206917,0.981488898396492
P,CCG,-0.445472834259272,-0.575623007118702,-0.316898691654205
Q,CAA,0.364414823430777,0.275986655056477,0.453610514849424
R,AGA,1.52678669815063,1.12610353827477,1.98965622186661
R,AGG,2.59128616328239,1.96563268005848,3.28665542602539
R,CGA,1.72663380241394,1.44641050100327,2.03439763188362
R,CGC,0.328981019711494,0.263490260392427,0.390585064142942
R,CGG,1.53069428462982,1.32762102782726,1.74773042798042
S,TCA,0.720108109629154,0.579378701746464,0.861830988526344
S,TCC,0.136774641007744,0.0561592610552907,0.21663116030395
S,TCG,0.744332984042168,0.632264231145382,0.862708352506161
T,ACA,0.753856374335289,0.60495732575655,0.905666482448578
T,ACC,0.13457453096211,0.0659665156155825,0.203112204000354
T,ACG,0.659677436327934,0.56204340159893,0.761926503479481
V,GTA,0.0878584477983241,0.0214672948699445,0.156457694992423
V,GTC,0.41037249686718,0.334279207885265,0.486571322381496
V,GTG,0.400456150579452,0.335873606055975,0.464402986317873
Y,TAC,-0.392329946929216,-0.507127456367016,-0.286402298510075
Z,AGC,-0.599736624097824,-0.74174810051918,-0.470359160751104
