AA,Codon,Posterior,0.025%,0.975%
A,GCA,0.202374562859535,0.142454110085964,0.262849382311106
A,GCC,0.43380077149868,0.365602894127369,0.499591179192066
A,GCG,0.325721993362904,0.269020880758762,0.381453613936901
C,TGC,-0.129139611630683,-0.278228447586298,0.0162031270563603
D,GAC,-0.376745769941807,-0.441346752643585,-0.314666978269815
E,GAA,-0.250195090013742,-0.318833651393652,-0.184040431305766
F,TTC,-0.650101228034496,-0.741512623429298,-0.56126818805933
G,GGA,1.33890920772552,1.16570308506489,1.51786521673203
G,GGC,0.188392512917519,0.136458029970527,0.242978972569108
G,GGG,0.832749844789505,0.720083685219288,0.954140473902226
H,CAC,-0.606324584436417,-0.723864206671715,-0.490828863531351
I,ATA,1.68384118800163,1.37363438308239,2.0068078160286
I,ATC,-0.335468976229429,-0.398170540481806,-0.27337305098772
K,AAA,-0.120631989373174,-0.196049274131656,-0.0491204359568655
L,CTA,0.428920168334246,0.190654553100467,0.672368259727955
L,CTC,-0.361847277221084,-0.491333079338074,-0.223686228320002
L,CTG,-0.732807705450058,-0.840619678795338,-0.628877556324005
L,CTT,-0.258709680125676,-0.391682215034962,-0.122248460352421
L,TTA,0.224106299415976,0.0743910353630781,0.372976787388325
N,AAC,-0.612459307944775,-0.709103253483772,-0.511776883900166
P,CCA,-0.124313734352461,-0.275671660155058,0.0210662762634457
P,CCC,0.763195355689526,0.545954041182995,0.999314068257809
P,CCG,-0.447949125856161,-0.57253612279892,-0.327938278764486
Q,CAA,0.469648207807541,0.375501510500908,0.568266274034977
R,AGA,1.6472720331192,1.2262515693903,2.10344661474228
R,AGG,3.03092586097717,2.29186489582062,3.86358515024185
R,CGA,1.48038566031456,1.21293388605118,1.76497493684292
R,CGC,0.327418260532618,0.258998680859804,0.397307617217302
R,CGG,1.56490055208206,1.35899515151978,1.77702265977859
S,TCA,0.591835667860508,0.45422347933054,0.731929965317249
S,TCC,0.125087289089523,0.0362025323323905,0.218983550742269
S,TCG,0.710286888480187,0.580591353774071,0.83850022405386
T,ACA,0.721233152318001,0.566587769985199,0.872198747098446
T,ACC,0.144517115644366,0.0689134871587157,0.219029787182808
T,ACG,0.59287974281311,0.487602795660496,0.696399323642254
V,GTA,0.0905149028740707,0.019075740268454,0.164694453030825
V,GTC,0.460397511994839,0.379925155639648,0.542160995304585
V,GTG,0.410881310355663,0.345169754326344,0.480334767699242
Y,TAC,-0.361063871735334,-0.453097350150347,-0.269719266891479
Z,AGC,-0.520336166667938,-0.660130940377712,-0.377589971572161
