AA,Codon,Posterior,0.025%,0.975%
A,GCA,-0.368702623546123,-0.46404939815402,-0.274903482198715
A,GCC,-0.777116742777824,-0.874280129373074,-0.682805870473385
A,GCG,-0.857087444710732,-0.953427435457706,-0.766886834800243
C,TGC,0.0338114985791035,-0.145384861528873,0.225998236984015
D,GAC,0.734475862336159,0.63928004950285,0.835307921469212
E,GAA,-0.715635892772675,-0.81451071947813,-0.618795315921307
F,TTC,0.871957576918602,0.77036704570055,0.978573672473431
G,GGA,0.127702902900311,-0.0222522072959691,0.27927218824625
G,GGC,-0.426836034679413,-0.517524030804634,-0.334867250919342
G,GGG,0.02716953856993,-0.104633874818683,0.162523759901524
H,CAC,0.559561196756363,0.420511917024851,0.699018958210945
I,ATA,1.0627502512455,0.8973886474967,1.21757590770721
I,ATC,0.465194756066799,0.381163169443607,0.550068429112434
K,AAA,-1.1470397456646,-1.24736002385616,-1.0504704117775
L,CTA,1.00539024875164,0.835499051213265,1.17742843329906
L,CTC,0.345445949110389,0.228010025620461,0.467035415023565
L,CTG,-0.74771525888443,-0.844826462864876,-0.651617702841759
L,CTT,0.205190687736496,0.0912087701261044,0.319006511569023
L,TTA,-0.246207396306098,-0.358461584895849,-0.131288401037455
N,AAC,0.376936499118805,0.266191454976797,0.482809475064278
P,CCA,0.115548294734362,-0.03835330279544,0.271374502032995
P,CCC,-0.240028884976765,-0.41248819231987,-0.0699056906625628
P,CCG,-0.471988525253534,-0.603828498721123,-0.339460375159979
Q,CAA,0.200735083708167,0.1065633893013,0.302030532062054
R,AGA,0.989765726733208,0.778428171575069,1.20465966165066
R,AGG,1.42892411801815,1.1389856249094,1.71156424880028
R,CGA,0.460504402372241,0.277391554415226,0.647702172398567
R,CGC,-0.297172047913074,-0.393773566931486,-0.199694259092212
R,CGG,0.107318274658866,-0.0728764241561294,0.300060418248177
S,TCA,-0.290754473206401,-0.434747114032507,-0.147403038293123
S,TCC,-0.0564889119962318,-0.181613472476602,0.0723359033465386
S,TCG,-0.524025575447083,-0.680032587051392,-0.369844877719879
T,ACA,-0.504168128728867,-0.639769062399864,-0.361699815094471
T,ACC,-0.959484128904343,-1.07542057037354,-0.845950447022915
T,ACG,-0.893296118593216,-1.02369601428509,-0.760371218621731
V,GTA,0.570101735091209,0.467337483167648,0.67335039973259
V,GTC,-0.0860279459157158,-0.186156877502799,0.0127445688238368
V,GTG,-0.513573973274231,-0.606642749905586,-0.418097996711731
Y,TAC,0.51474442936182,0.380696128308773,0.654323971271515
Z,AGC,-0.328237767615914,-0.45521207973361,-0.19621544033289
