AA,Codon,Posterior,0.025%,0.975%
A,GCA,0.0699609081914074,-0.0526720592752099,0.190470947697759
A,GCC,0.300158614066243,0.169723026454449,0.42846984565258
A,GCG,0.00411169003942996,-0.107953670993447,0.114128742367029
C,TGC,-0.247511472653621,-0.531696340441704,0.0286551581695676
D,GAC,-0.321203551957011,-0.417528295516968,-0.217436661198735
E,GAA,-0.0900148826583638,-0.19546899870038,0.0109032158972696
F,TTC,-0.826259752702713,-0.97810426056385,-0.677398376166821
G,GGA,1.53417102489471,1.2565716445446,1.83595732152462
G,GGC,0.144209241521079,0.0541932728141546,0.23513954244554
G,GGG,0.768700065481663,0.605092594027519,0.94446958899498
H,CAC,-0.537577101331949,-0.709684070944786,-0.362811928987503
I,ATA,1.55375609374046,1.15176327526569,2.00101730823517
I,ATC,-0.2895543643713,-0.387944162636995,-0.188531613722444
K,AAA,-0.0144793115026449,-0.139144517853856,0.109796497784555
L,CTA,0.758002769595385,0.362056197226048,1.19657030999661
L,CTC,-0.261434416706394,-0.444519977271557,-0.082101903669536
L,CTG,-0.702931442010403,-0.853766222298145,-0.55815466940403
L,CTT,0.124755346837128,-0.0900632098317146,0.335201527178287
L,TTA,0.527211961820722,0.305018494278192,0.743006503582001
N,AAC,-0.868695990180969,-1.04028325080872,-0.703781309723854
P,CCA,-0.630451109617948,-0.915792429447174,-0.353866221010685
P,CCC,0.862041825032234,0.428259193152189,1.31083210110664
P,CCG,-1.09637646830082,-1.36065139174461,-0.855154997110367
Q,CAA,0.611604306817055,0.458830344676971,0.776903003454208
R,AGA,2.41533572626114,1.79091948270798,3.13362433314323
R,AGG,2.59544862203598,1.73395800888538,3.53068841099739
R,CGA,1.78040437464714,1.40086989104748,2.18126586675644
R,CGC,0.350929976660013,0.246578507497907,0.46118221655488
R,CGG,1.65490125699043,1.3253299176693,1.99668622612953
S,TCA,0.598653133893013,0.385507868230343,0.823355025053024
S,TCC,0.127700228506891,-0.0286364130210131,0.295067907869816
S,TCG,0.378226345755905,0.204392252117395,0.556924583017826
T,ACA,1.04380605876446,0.780810309946537,1.32972462177277
T,ACC,-0.0632033847461717,-0.20541409291327,0.0703466290608048
T,ACG,0.346748854616284,0.174997882917523,0.510945899784565
V,GTA,-0.0333492512184614,-0.144230601191521,0.0805953862145545
V,GTC,0.264174170963466,0.138599110767245,0.391097414493561
V,GTG,0.129457634203412,0.0270972255151719,0.235834035277367
Y,TAC,-0.358547898507118,-0.515688799321651,-0.210882732644677
Z,AGC,-0.65804966699481,-0.89069223254919,-0.438783436268568
