AA,Codon,Posterior,0.025%,0.975%
A,GCA,0.123466008689255,0.0577078062109649,0.187105634436011
A,GCC,0.386452242302895,0.309552782773972,0.458964689075947
A,GCG,0.387206709063053,0.31659349501133,0.461647290736437
C,TGC,-0.155881288640355,-0.336011406034231,0.0141202464466915
D,GAC,-0.209809696257114,-0.284733483940363,-0.135542829707265
E,GAA,-0.156335612755269,-0.236377980187535,-0.0737592410296201
F,TTC,-0.224171299827099,-0.310358218103647,-0.136410843580961
G,GGA,0.730867918479443,0.579362629354,0.888154648244381
G,GGC,0.170266474422812,0.10579128973186,0.234800953790545
G,GGG,0.670078342819214,0.543975123763084,0.793547168374062
H,CAC,-0.275156406092644,-0.392258739471436,-0.158677878603339
I,ATA,0.691266557431221,0.513787497580051,0.874680750072003
I,ATC,-0.207231167757511,-0.271905842423439,-0.144422585889697
K,AAA,0.0203327962080522,-0.045182457473129,0.0848198540508747
L,CTA,0.150265101592464,-0.0296705657150596,0.346265633404255
L,CTC,-0.217371029984951,-0.331479714810848,-0.101650434918702
L,CTG,-0.384902343165874,-0.480088371783495,-0.293544501811266
L,CTT,-0.227826406207681,-0.336688014864922,-0.110942148976028
L,TTA,-0.028145441118392,-0.141956295445561,0.0855822149664164
N,AAC,-0.386289477568865,-0.476907683908939,-0.293789219856262
P,CCA,-0.00886167790421823,-0.132274954020977,0.12604889832437
P,CCC,0.478682534730434,0.307158942520618,0.648032326996327
P,CCG,-0.0907669519386676,-0.199111012369394,0.0192482156213373
Q,CAA,0.0911475090161315,0.00612240560585633,0.176926263421774
R,AGA,0.853273323965073,0.631262089312077,1.10010772645473
R,AGG,1.18506501841545,0.830959109961987,1.58064207136631
R,CGA,1.07724193086624,0.861023639142513,1.29704935848713
R,CGC,0.182896707643569,0.113031438365579,0.256099183857441
R,CGG,1.39891621832848,1.1699455589056,1.63103142976761
S,TCA,0.413975122475624,0.289053595066071,0.534917917847633
S,TCC,0.0796148713855713,-0.0128841454861686,0.169825624674559
S,TCG,0.77891531393528,0.635880392789841,0.938629937171936
T,ACA,0.459114423346519,0.349852454662323,0.572324979305267
T,ACC,0.187871786515415,0.112318952009082,0.264626783877611
T,ACG,0.625228471922874,0.513827541470528,0.737672570347786
V,GTA,-0.0799813228668529,-0.145774066075683,-0.0122142775449901
V,GTC,0.280150870382786,0.199225411936641,0.364803721010685
V,GTG,0.409350794810057,0.327275509387255,0.489545235782862
Y,TAC,-0.281006357374787,-0.399762617796659,-0.160766143724322
Z,AGC,-0.133224506096105,-0.244080310314894,-0.0202819522470236
