AA,Codon,Posterior,0.025%,0.975%
A,GCA,-0.448401279687881,-0.555579927563667,-0.338426560908556
A,GCC,-1.00814851431847,-1.11469389498234,-0.903433780372143
A,GCG,-1.21779778633118,-1.31645020246506,-1.1183669179678
C,TGC,-0.129715453970374,-0.328691447526216,0.0737232252955437
D,GAC,0.862551504254341,0.755579267442226,0.979759086668491
E,GAA,-0.602734856677055,-0.705323939025402,-0.49664556235075
F,TTC,0.782497580552101,0.671667040884495,0.896058219671249
G,GGA,0.0482905065528466,-0.147530161216855,0.242587872594595
G,GGC,-0.406502890753746,-0.502451726794243,-0.310952574014664
G,GGG,0.00838439400548996,-0.141449123993516,0.160802495107055
H,CAC,0.710674421453476,0.551900263130665,0.8605254098773
I,ATA,1.20407225942612,0.960725101828575,1.45671364963055
I,ATC,0.498149389457703,0.414841337502003,0.586367782950401
K,AAA,-1.09580287520885,-1.20331145226955,-0.99211723357439
L,CTA,1.00445397090912,0.783252322673798,1.23354819417
L,CTC,0.465946846109629,0.327334304153919,0.603397855162621
L,CTG,-0.783767289805412,-0.888626217842102,-0.66980993449688
L,CTT,0.416686583071947,0.276396875828505,0.562502880394459
L,TTA,-0.0814695807351643,-0.2246233522892,0.059338974300772
N,AAC,0.242364443857223,0.116037983819842,0.368012141436338
P,CCA,0.0542644771369756,-0.136667805165052,0.24292061701417
P,CCC,-0.287264341210003,-0.515378195047379,-0.065995093435049
P,CCG,-0.869712500023842,-1.03271226882935,-0.711266545951366
Q,CAA,0.302468815869093,0.191559270396829,0.420212730765343
R,AGA,1.5424164624691,1.18749945163727,1.88968270719051
R,AGG,1.03729981632233,0.631278981268406,1.4403046309948
R,CGA,0.675514669573307,0.421127387881279,0.938503801822662
R,CGC,-0.507797501933575,-0.612805999815464,-0.408642399311066
R,CGG,0.0689254665501852,-0.123898580111563,0.271063918620348
S,TCA,-0.169225433614966,-0.345309294015169,0.0115097636589781
S,TCC,-0.150147326717596,-0.292069781571627,-0.00898266078438603
S,TCG,-0.808025270295143,-0.962913028895855,-0.647256083786488
T,ACA,-0.231871339817147,-0.408640636503696,-0.0511063829064369
T,ACC,-1.21374547510147,-1.33198392987251,-1.09885881841183
T,ACG,-1.14559221150875,-1.28974159061909,-1.00186210870743
V,GTA,0.470608999592066,0.347878250479698,0.595324137806892
V,GTC,-0.38770487408638,-0.504309904575348,-0.275464994460344
V,GTG,-0.876753330898285,-0.977583611011505,-0.778481265902519
Y,TAC,0.53453308134079,0.386557129770517,0.687457384169102
Z,AGC,-0.25333755726181,-0.412358048558235,-0.0998566582798958
