AA,Codon,Posterior,0.025%,0.975%
A,GCA,0.140528063552082,0.0697047749534249,0.210686346516013
A,GCC,0.41220044003129,0.332695695757866,0.492027910798788
A,GCG,0.284661383163929,0.21590378023684,0.353275804966688
C,TGC,-0.112427056096733,-0.289277365803719,0.06899450737983
D,GAC,-0.391175367224216,-0.475745555758476,-0.306717104464769
E,GAA,-0.148962880051229,-0.233053431659937,-0.0709861544892192
F,TTC,-0.609704161345959,-0.713455989956856,-0.510630777478218
G,GGA,1.43938673849106,1.20315844416618,1.68376570940018
G,GGC,0.159173949468136,0.0946245670318604,0.224407587945461
G,GGG,0.832551072263718,0.683389042317867,0.988271102309227
H,CAC,-0.506021160364151,-0.643264760077,-0.371724457293749
I,ATA,1.50734011149406,1.14710951149464,1.88434863686562
I,ATC,-0.396131504440308,-0.466501252353191,-0.323843804746866
K,AAA,-0.0442540053015273,-0.116810659691691,0.0270657025743276
L,CTA,0.470111718484014,0.203271696344018,0.779985599219799
L,CTC,-0.386009997370839,-0.53403100669384,-0.235626815631986
L,CTG,-0.718512914061546,-0.839809653162956,-0.601979976892471
L,CTT,-0.167719651186629,-0.322242712974548,-0.0119388989638537
L,TTA,0.157270810797054,-0.00501834492897615,0.317246045917273
N,AAC,-0.672350574469566,-0.788041613996029,-0.55298230946064
P,CCA,-0.265002563643828,-0.454593713581562,-0.0849184069782495
P,CCC,0.716536110806465,0.445158446580172,1.01792811155319
P,CCG,-0.471537356066704,-0.634976433217526,-0.315775172412395
Q,CAA,0.378247427171469,0.276755119860172,0.483597681671381
R,AGA,1.5717527033329,1.10050986707211,2.10331392288208
R,AGG,3.01074843034744,2.27259038090706,3.77183775305748
R,CGA,1.64542003135681,1.29261466562748,2.0023820400238
R,CGC,0.365513341033459,0.292218370735645,0.444247756153345
R,CGG,1.53194060306549,1.27322354018688,1.80405957102776
S,TCA,0.640388043928146,0.476918609440327,0.808693718910217
S,TCC,0.104546918270359,0.0113640937022865,0.197469175606966
S,TCG,0.734722571110725,0.595633524656296,0.876398178935051
T,ACA,0.708579925870895,0.547556556761265,0.879936930537224
T,ACC,0.106635722357617,0.0302853952627629,0.183120063692331
T,ACG,0.654239667546749,0.534714825451374,0.775272819399834
V,GTA,0.0813691486106371,0.0088017508154735,0.160880498588085
V,GTC,0.426205887210369,0.340144170820713,0.513381984829903
V,GTG,0.395645487821102,0.324923941493034,0.471737931668758
Y,TAC,-0.342214072024822,-0.47624149248004,-0.209807233884931
Z,AGC,-0.633828920698166,-0.799063670635223,-0.466223655641079
