AA,Codon,Posterior,0.025%,0.975%
A,GCA,0.0864922356644965,-0.187684982642531,0.345452098548412
A,GCC,0.31546556112204,0.0528058240190148,0.582475203275681
A,GCG,0.164112224012898,-0.0746107161045075,0.391375275701285
C,TGC,-0.921849672014918,-1.96129174530506,-0.120270347222686
D,GAC,-0.373584260754287,-0.576049947738647,-0.16109998524189
E,GAA,-0.537329081124067,-0.822366285324097,-0.28112716153264
F,TTC,-0.585981176297227,-0.973880499601364,-0.213293091207743
G,GGA,1.32942946033478,0.787524548172951,1.99283320903778
G,GGC,0.176931823501352,-0.0343603450804949,0.388254036009312
G,GGG,1.10844214719534,0.645971676707268,1.66138070821762
H,CAC,-0.494239243889914,-0.99257729947567,-0.029015130084008
I,ATA,2.34339905842929,0.890005192160606,4.15018028020859
I,ATC,-0.352117637597397,-0.593313108384609,-0.0990501286461948
K,AAA,-0.193251405595825,-0.517391499876976,0.10943197812885
L,CTA,0.178235199962521,-0.641537660360336,1.12986736893654
L,CTC,-0.46989385785622,-1.04420218765736,0.0872802451252938
L,CTG,-1.03430028877258,-1.51306702196598,-0.615874923765659
L,CTT,-0.124342003331002,-0.750661866366863,0.499952221661806
L,TTA,0.210732854084799,-0.406792856007814,0.884746301174164
N,AAC,-0.424809223224755,-0.746447241306305,-0.126558286696672
P,CCA,-0.349170431763539,-0.927599914371967,0.192575434967876
P,CCC,1.82421099079698,0.619502481818199,3.79109423756599
P,CCG,-0.614303623007238,-1.12171329855919,-0.166176787763834
Q,CAA,0.527318560531735,0.214800110086799,0.8776023671031
R,AGA,1.94290817165216,0.540753620862961,4.01352671384811
R,AGG,3.39050227732658,1.4370483070612,5.82965025901794
R,CGA,1.41063764012754,0.554730777442455,2.40185653567314
R,CGC,0.388125967096828,0.0714255046099424,0.71960416585207
R,CGG,1.93158874225616,1.02877168059349,3.05387587547302
S,TCA,0.365966998430255,-0.144213419780135,0.94125811457634
S,TCC,-0.11561931583707,-0.534141834080219,0.278584554791451
S,TCG,0.829907010063593,0.273200432956219,1.45110750198364
T,ACA,1.12553048106879,0.537121400237083,1.83318681120873
T,ACC,0.23619729771954,-0.0513144047930837,0.508804343640804
T,ACG,0.880910127574205,0.48491892516613,1.2994597941637
V,GTA,-0.055142120620652,-0.317031805217266,0.217042810097337
V,GTC,0.494305427740514,0.193146599829197,0.819010674953461
V,GTG,0.31753191667404,0.0786134460940957,0.561881460249424
Y,TAC,-0.171643033998054,-0.521212656795979,0.167520263046026
Z,AGC,-0.703147442819923,-1.2967287003994,-0.160039243102074
