AA,Codon,Posterior,0.025%,0.975%
A,GCA,0.304727599830925,0.170361965149641,0.444498362392187
A,GCC,0.616494679290056,0.447507577389479,0.796306644380092
A,GCG,0.484284696123004,0.32348720356822,0.649933309853077
C,TGC,-0.255550905629841,-0.639959099888802,0.117093807831407
D,GAC,-0.373539548765123,-0.525538249313831,-0.229333221912384
E,GAA,-0.172306705418951,-0.302456306666136,-0.0491859900765122
F,TTC,-0.777188898873329,-1.04109220504761,-0.53445225507021
G,GGA,1.20870630236864,0.908929385244846,1.54236020445824
G,GGC,0.13715170106038,0.00490302158286795,0.270310455560684
G,GGG,0.72528896754384,0.506601297855377,0.964177221059799
H,CAC,-0.785173412498832,-1.17433777451515,-0.430073612183333
I,ATA,0.616533389669657,0.333237708359957,0.917349129915237
I,ATC,-0.43107193197012,-0.603690773248672,-0.265876980125904
K,AAA,-0.197025879320223,-0.335848935693502,-0.0545390683226288
L,CTA,0.116958031557024,-0.203230499848723,0.440597590059042
L,CTC,-0.620972979879379,-0.87182659804821,-0.391283483803273
L,CTG,-0.95949715873003,-1.19996414482594,-0.741449183225632
L,CTT,-0.33912695362146,-0.610987225174904,-0.0811706233769656
L,TTA,0.120630277014041,-0.198685911297798,0.436452362686396
N,AAC,-0.735347303545475,-0.958856651186943,-0.515347164869309
P,CCA,-0.176650901196605,-0.393212197721004,0.0296741424128413
P,CCC,0.876608244904876,0.496356507390738,1.30965679883957
P,CCG,-0.272613916682679,-0.475724066793919,-0.0699924744665626
Q,CAA,0.47603532564044,0.29072682633996,0.672926811873912
R,AGA,1.23613793429136,0.913565412163734,1.58983193933964
R,AGG,1.57840759649277,1.19634049832821,1.99727207422256
R,CGA,1.78523717467785,1.3596770375967,2.23810088038444
R,CGC,0.341294509927556,0.186000959575176,0.505086572468281
R,CGG,2.11965450274944,1.63109556436539,2.67076830863953
S,TCA,1.19583307858706,0.804384782910347,1.6395074814558
S,TCC,0.0689971880314872,-0.108371303603053,0.249350918456912
S,TCG,0.890458875155449,0.574472337961197,1.23985871076584
T,ACA,0.698486709040403,0.46251365467906,0.946077999472618
T,ACC,0.139349673350987,-0.00631066649220884,0.288644774258137
T,ACG,0.905349152266979,0.636560641229153,1.21162212789059
V,GTA,0.102676906078508,-0.0419636585749686,0.250555337965488
V,GTC,0.390155430810153,0.202493467181921,0.591871801018715
V,GTG,0.4017333855398,0.216352058947086,0.59574114382267
Y,TAC,-0.348660321903601,-0.564899127185345,-0.137217123061419
Z,AGC,-0.68570191860497,-1.02623642981052,-0.368454582244158
