AA,Codon,Posterior,0.025%,0.975%
A,GCA,-0.450050593298674,-0.569506360590458,-0.33793269097805
A,GCC,-1.012637459445,-1.12371874153614,-0.901916690170765
A,GCG,-1.218734111166,-1.32380844652653,-1.11875464618206
C,TGC,-0.126170873085131,-0.326769598573446,0.0726773850619793
D,GAC,0.843331094765663,0.736968503892422,0.957496912777424
E,GAA,-0.598217774307728,-0.709366539120674,-0.490131909400225
F,TTC,0.777003260684013,0.667824001610279,0.891621287167072
G,GGA,0.0704374923625779,-0.128158644959331,0.27111391723156
G,GGC,-0.390201139652729,-0.489951948821545,-0.292933350801468
G,GGG,0.0342313454449519,-0.114796633273363,0.19245624281466
H,CAC,0.702467495417595,0.552614453434944,0.855474226176739
I,ATA,1.18650531079769,0.948405297100544,1.4269355148077
I,ATC,0.479152586853504,0.38685691729188,0.571749195456505
K,AAA,-1.08425618417263,-1.19058041572571,-0.973380614817142
L,CTA,0.987018194484711,0.764667972922325,1.20458391010761
L,CTC,0.468434019219875,0.32924727872014,0.605515725910664
L,CTG,-0.780947759222984,-0.89096552580595,-0.673751740157604
L,CTT,0.412441617780924,0.270065893977881,0.563046614825726
L,TTA,-0.0801380583106307,-0.220427012816072,0.0579844161868095
N,AAC,0.248789572410285,0.118529511801898,0.372979122400284
P,CCA,0.0580808212441858,-0.131773547828197,0.24563818462193
P,CCC,-0.270727423951146,-0.503450959920883,-0.0529401924461125
P,CCG,-0.867623298931122,-1.01579386293888,-0.707331378757954
Q,CAA,0.299915642246604,0.190609776973724,0.415699580311775
R,AGA,1.53290197956562,1.18296499848366,1.88041721582413
R,AGG,1.12189755103588,0.721256478130817,1.53321022391319
R,CGA,0.659458175563812,0.399010773003101,0.922762112319469
R,CGC,-0.511906528437138,-0.612574796378613,-0.410595477372408
R,CGG,0.0358588880873438,-0.163332957774401,0.2400275465101
S,TCA,-0.165920987822965,-0.351606798917055,0.0106893463293091
S,TCC,-0.139570799946995,-0.283880434930325,-0.00401310443994587
S,TCG,-0.807936590433121,-0.963917855918407,-0.650878256559372
T,ACA,-0.252617027559504,-0.437696768343449,-0.0701843656599522
T,ACC,-1.2168699385643,-1.33293263614178,-1.10109104514122
T,ACG,-1.16260549657345,-1.30225507318974,-1.01952564120293
V,GTA,0.449212388539314,0.324000922590494,0.572660151124001
V,GTC,-0.401623211842775,-0.518170313537121,-0.282182324677706
V,GTG,-0.869336041140556,-0.972006857395172,-0.766914066672325
Y,TAC,0.532250205767155,0.373336297273636,0.685568597912788
Z,AGC,-0.262057370555401,-0.421738917380571,-0.103811510466039
