AA,Codon,Posterior,0.025%,0.975%
A,GCA,0.258563825978292,0.0133607596391812,0.509178167581558
A,GCC,0.632466344895959,0.36891081854701,0.902253383398056
A,GCG,0.48217301132977,0.255811480432749,0.718202163279057
C,TGC,0.194816248708329,-0.380907353013754,0.825616119801998
D,GAC,-0.462836816129088,-0.68072721362114,-0.253383753448725
E,GAA,-0.170879417291938,-0.384687361121178,0.0383850116282702
F,TTC,-0.66562992016077,-0.95746937841177,-0.373652420938015
G,GGA,1.46554311455488,0.866052974760532,2.21953871250153
G,GGC,0.074541509869424,-0.131070921197534,0.291575617343187
G,GGG,0.983902305573225,0.525242787599564,1.51508156359196
H,CAC,-0.664156576930731,-1.12381844818592,-0.231387029960751
I,ATA,1.08592469254136,0.307248306274414,2.01040631532669
I,ATC,-0.580019165605307,-0.837134574353695,-0.336745882034302
K,AAA,-0.645144836044311,-1.12462241053581,-0.255028806626797
L,CTA,0.19249217420231,-0.545446394383907,1.06564861834049
L,CTC,-0.715923598447337,-1.18810079097748,-0.289767693728208
L,CTG,-0.854224206900597,-1.28126975893974,-0.479774655401707
L,CTT,0.112434986375115,-0.484526575356722,0.739473874866963
L,TTA,0.0187738822596555,-0.514618040621281,0.549255007505417
N,AAC,-0.912374651575088,-1.30614023804665,-0.545040512084961
P,CCA,-0.0366584638900313,-0.440986276417971,0.411104848235846
P,CCC,1.05696728993356,0.393668559193611,1.80911386609078
P,CCG,-0.415314575719467,-0.775629529356957,-0.0848747596144676
Q,CAA,0.686406631398201,0.363988595455885,1.03191612660885
R,AGA,3.15455085891485,1.24841141700745,6.10679847002029
R,AGG,3.10108913772106,1.34844827651978,5.57367523908615
R,CGA,1.93577028496265,1.05442904233932,3.13524438738823
R,CGC,0.509697881804407,0.283798587322235,0.752066452801228
R,CGG,1.4595536652565,0.926849350333214,2.07631561160088
S,TCA,0.619235574186796,0.215337844192982,1.06765011847019
S,TCC,0.269442352851795,-0.0378244122490287,0.604430718719959
S,TCG,0.731314403703809,0.377343752235174,1.12047781348228
T,ACA,0.775874725667527,0.21056655049324,1.40378561019897
T,ACC,0.0359344897227478,-0.263527194410562,0.329309491068125
T,ACG,0.494725514914328,0.128964925184846,0.862079764902592
V,GTA,0.280102658342547,0.0221057817339897,0.559444707632065
V,GTC,0.666668381619453,0.393807476013899,0.96613337546587
V,GTG,0.322764514231309,0.139419083669782,0.508094617724419
Y,TAC,-0.409923257807875,-0.724190771579742,-0.0983838403597473
Z,AGC,-0.600737047959957,-1.08488623201847,-0.134026243165135
