AA,Codon,Posterior,0.025%,0.975%
A,GCA,0.14207393299602,0.0727977773174644,0.214864953234792
A,GCC,0.415060998928547,0.333413281291723,0.497713553160429
A,GCG,0.285766562563181,0.218226540833712,0.354299931973219
C,TGC,-0.114318995335613,-0.300097179412842,0.0650317862629891
D,GAC,-0.380369819396734,-0.463292147964239,-0.29847088009119
E,GAA,-0.152378709639795,-0.237577222660184,-0.0674090642482042
F,TTC,-0.606836142587662,-0.709775632619858,-0.501755575835705
G,GGA,1.41868142104149,1.17684313356876,1.67270956933498
G,GGC,0.151542266960442,0.0868833282962441,0.218078604713082
G,GGG,0.814542107772827,0.670966120064259,0.971898566186428
H,CAC,-0.502341451644897,-0.64551354944706,-0.37251907363534
I,ATA,1.52249754159451,1.17529989778996,1.86986421346664
I,ATC,-0.38539915394783,-0.456146591156721,-0.314481674134731
K,AAA,-0.0507747009396058,-0.123368770815432,0.0197870672214776
L,CTA,0.494251838354021,0.221835481002927,0.793546296656132
L,CTC,-0.388356652671099,-0.526263047754765,-0.245150329917669
L,CTG,-0.720658402943611,-0.838483266532421,-0.604554606974125
L,CTT,-0.161885845059835,-0.320206345617771,-0.00758271554950623
L,TTA,0.15704780665352,-0.00674552010605112,0.321318454295397
N,AAC,-0.67814522292614,-0.796677678823471,-0.557106940448284
P,CCA,-0.266472146219201,-0.444742041826248,-0.0766048850491642
P,CCC,0.699417410063744,0.418853256851435,1.00542911589146
P,CCG,-0.472171752917767,-0.631089760363102,-0.315596903115511
Q,CAA,0.37917495700717,0.271812947839498,0.484567717462778
R,AGA,1.58648293349743,1.13775173723698,2.07807279229164
R,AGG,2.85381601953506,2.15640824437141,3.63217601180077
R,CGA,1.66742850599289,1.31105369031429,2.04734385609627
R,CGC,0.366971379566193,0.287924636155367,0.446829993277788
R,CGG,1.57157091393471,1.31244135797024,1.83118463158607
S,TCA,0.63965184943676,0.482468795031309,0.817968021333218
S,TCC,0.099249131975898,0.0118745867628604,0.190407474339008
S,TCG,0.7371311450243,0.600555472075939,0.879128316044807
T,ACA,0.722118256735802,0.552074533700943,0.904748262465
T,ACC,0.108362728790194,0.0326642568223178,0.186441605910659
T,ACG,0.665268138611317,0.552802486717701,0.785659542679787
V,GTA,0.0904777795566712,0.0107319033937529,0.171023503690958
V,GTC,0.43438472417593,0.345986972749233,0.530155965685844
V,GTG,0.389839983916283,0.315520190447569,0.46703983694315
Y,TAC,-0.339797994124889,-0.472908470034599,-0.212199123576283
Z,AGC,-0.62353167129755,-0.796376965939999,-0.460504110902548
