AA,Codon,Posterior,0.025%,0.975%
A,GCA,-0.455500686454773,-0.561715431511402,-0.348789417743683
A,GCC,-1.01141303794384,-1.11728671491146,-0.908073928952217
A,GCG,-1.22649702248573,-1.31978131234646,-1.12640184760094
C,TGC,-0.121900257446384,-0.322904151678085,0.0844024447724225
D,GAC,0.838118360638618,0.727734161913395,0.946717038750648
E,GAA,-0.614365031421185,-0.720239146053791,-0.507878978550434
F,TTC,0.79658600935936,0.685526905953884,0.913661985099316
G,GGA,0.0578803314131335,-0.144119306653738,0.24407307356596
G,GGC,-0.39501239926815,-0.492574787139893,-0.297643131762743
G,GGG,0.040067835050408,-0.106070499494672,0.186753636226058
H,CAC,0.699069013845921,0.548911611735821,0.849874609708786
I,ATA,1.18981764240265,0.947602617740631,1.43615446388721
I,ATC,0.493140462851524,0.405197210609913,0.58398102670908
K,AAA,-1.07905638158321,-1.18811306655407,-0.971361358463764
L,CTA,1.01468795745373,0.800950761139393,1.23028438389301
L,CTC,0.454788674944639,0.319858007878065,0.596077750623226
L,CTG,-0.80045404150486,-0.904915364086628,-0.691446262598038
L,CTT,0.39939828645587,0.256702352315187,0.546255826950073
L,TTA,-0.0813292960329265,-0.220272212475538,0.0590251355431974
N,AAC,0.258108131885529,0.128201565146446,0.387206892669201
P,CCA,0.0476687330955232,-0.13052554987371,0.227605455368757
P,CCC,-0.283028228441236,-0.504024736583233,-0.0577283723279834
P,CCG,-0.862141740131378,-1.01726519167423,-0.701674543321133
Q,CAA,0.301148515567183,0.188949764892459,0.413516940176487
R,AGA,1.53762880630493,1.19785701930523,1.87345461249351
R,AGG,1.07118792198896,0.67473409473896,1.49341903626919
R,CGA,0.689376247406006,0.419279930740595,0.958824492990971
R,CGC,-0.513815122616291,-0.612905523180962,-0.4139294475317
R,CGG,0.0408117939551201,-0.157979194074869,0.241557750850916
S,TCA,-0.178023694337741,-0.356201051920652,0.00581682932097483
S,TCC,-0.159021732468292,-0.301497200876474,-0.014793630153872
S,TCG,-0.799350046873093,-0.957644100487232,-0.64361497014761
T,ACA,-0.246346310532279,-0.429693322628736,-0.0626972461119294
T,ACC,-1.20279427335262,-1.32100000679493,-1.08828319311142
T,ACG,-1.12033464109898,-1.26103907823563,-0.975913834571838
V,GTA,0.442873665118217,0.316659016907215,0.570044687390327
V,GTC,-0.384526348996162,-0.506401173770428,-0.259275034815073
V,GTG,-0.878778706049919,-0.984468719363213,-0.776064935326576
Y,TAC,0.533294347250462,0.376270063966513,0.686627422273159
Z,AGC,-0.244016309064999,-0.403441489487886,-0.0899448418989777
