AA,Codon,Posterior,0.025%,0.975%
A,GCA,0.143829494397528,0.0749895224347711,0.211418376490474
A,GCC,0.412608773910999,0.332875254750252,0.490403790026903
A,GCG,0.288276551324129,0.218765875697136,0.355235420167446
C,TGC,-0.11889019262416,-0.306949786096811,0.0559309639967978
D,GAC,-0.376678206771612,-0.458204009383917,-0.290782882273197
E,GAA,-0.143235699577723,-0.226222052052617,-0.0621547094546258
F,TTC,-0.619786463677883,-0.721125645935535,-0.515277977287769
G,GGA,1.43008793442249,1.19446286261082,1.68108932971954
G,GGC,0.153573239092529,0.090539300814271,0.221575393527746
G,GGG,0.808840240955353,0.662366782128811,0.961678712069988
H,CAC,-0.498238920688629,-0.63280965089798,-0.369880942255259
I,ATA,1.52524937956333,1.17457894682884,1.88690414726734
I,ATC,-0.393572512233257,-0.467363398522139,-0.322235917299986
K,AAA,-0.0531049698407864,-0.126497507095337,0.0177337718661875
L,CTA,0.460446733766794,0.185173354670405,0.748567365109921
L,CTC,-0.373721434503794,-0.515764611959457,-0.231794451922178
L,CTG,-0.702166854834557,-0.814340476691723,-0.589709942042828
L,CTT,-0.149971260071754,-0.306395921111107,0.00916148850228642
L,TTA,0.158601674104868,-0.00320490421145223,0.320523815602064
N,AAC,-0.685156393432617,-0.803227600455284,-0.566536439955235
P,CCA,-0.264108342860313,-0.451181618869305,-0.08081909250468
P,CCC,0.709964375990629,0.430449108034372,0.98708773702383
P,CCG,-0.477615220969915,-0.641617812216282,-0.321716230362654
Q,CAA,0.379245313990116,0.276574731618166,0.486032557487488
R,AGA,1.57609722876549,1.11991561353207,2.08835669159889
R,AGG,2.94710361552238,2.22506681680679,3.73707307577133
R,CGA,1.62256372613907,1.2845938116312,1.97960751056671
R,CGC,0.370264199918509,0.296731697767973,0.450755809247494
R,CGG,1.56454469242096,1.31044235527515,1.82040601074696
S,TCA,0.646574871897697,0.48937408849597,0.817392033338547
S,TCC,0.108362836412643,0.018090277723968,0.200406297668815
S,TCG,0.725280127596855,0.587749248743057,0.869440154731274
T,ACA,0.722434132015705,0.556031408905983,0.903203514218331
T,ACC,0.101404196555458,0.0241946617607027,0.178134543076158
T,ACG,0.634828910517693,0.517154978215694,0.757336051762104
V,GTA,0.0947178601201798,0.0184220038820058,0.179977530613542
V,GTC,0.423179584467411,0.332990071177483,0.515637715160847
V,GTG,0.395719085407257,0.32443417981267,0.46883110255003
Y,TAC,-0.341633934390545,-0.474945665150881,-0.215296177566051
Z,AGC,-0.641910969531536,-0.803845864534378,-0.48498205691576
