AA,Codon,Posterior,0.025%,0.975%
A,GCA,0.0160862365953362,-0.266198539733887,0.289645123481751
A,GCC,0.332712888926081,0.0411447333171964,0.630268801748753
A,GCG,0.166843538292916,-0.0953695615753531,0.420303870737553
C,TGC,-0.44402904054611,-1.20371073186398,0.131954086199403
D,GAC,-0.435098690333962,-0.649399028718472,-0.241527041047811
E,GAA,-0.119788093046915,-0.310691504180431,0.0669745706021786
F,TTC,-0.575009463827312,-0.919399593770504,-0.229996876046061
G,GGA,1.57415940675735,0.975022852420807,2.2795684158802
G,GGC,0.248353705784353,0.0329829793423414,0.467937899380922
G,GGG,0.609624126267433,0.28297183662653,0.989633578062058
H,CAC,-0.394761309708795,-0.827343979477882,0.025187268247828
I,ATA,2.55612147603035,1.14493983387947,4.47427490949631
I,ATC,-0.239594266136127,-0.491681303828955,0.00621906277956452
K,AAA,-0.362645003627404,-0.726635500788689,-0.0445256069302559
L,CTA,0.39912938639915,-0.361852756142616,1.33103579580784
L,CTC,-0.25949162895272,-0.731331376731396,0.209031607210636
L,CTG,-0.759951067519188,-1.14280468225479,-0.427939274907112
L,CTT,-0.120419657117472,-0.637426252663136,0.397098988294602
L,TTA,-0.0186671860352508,-0.481269240379333,0.467844844609499
N,AAC,-0.647293617469072,-0.978838144242763,-0.335881400853395
P,CCA,-0.176485611251459,-0.609742656350136,0.247956591844559
P,CCC,1.0690260554444,0.334556021541357,1.91912673413754
P,CCG,-0.278915883704578,-0.648154246807098,0.0460065256804229
Q,CAA,0.462294611984491,0.186961822584271,0.77698482722044
R,AGA,3.19587486560345,1.05128552913666,6.78205280303955
R,AGG,51.1607362429619,5.90318331718445,95.0843181610107
R,CGA,1.37650183782578,0.699242778122425,2.31273094415665
R,CGC,0.314525438350625,0.133584785461426,0.499960647523403
R,CGG,1.73944007151127,1.059902754426,2.56239010095596
S,TCA,0.575143541669194,0.108205677382648,1.13363834023476
S,TCC,0.113190550727704,-0.238243088498712,0.493117691576481
S,TCG,1.06856900677681,0.524089214205742,1.68710759878159
T,ACA,0.791687121895701,0.218346201628447,1.47282454669476
T,ACC,-0.043283549441825,-0.376574436575174,0.257359787076712
T,ACG,0.541514997940185,0.141892928257585,0.943662488460541
V,GTA,-0.075800765463931,-0.297262500226498,0.146241592988372
V,GTC,0.562536394801736,0.27366406917572,0.877081623673439
V,GTG,0.429768827073276,0.200845722109079,0.672550538182259
Y,TAC,0.0363782244744827,-0.260039060562849,0.358439889550209
Z,AGC,-0.603568656923249,-1.23026871681213,-0.0544616588391363
