AA,Codon,Posterior,0.025%,0.975%
A,GCA,-0.313253580671735,-0.415435599535704,-0.221397372707725
A,GCC,-0.819718312251568,-0.946629332005978,-0.720639280974865
A,GCG,-0.964430760169029,-1.07093943357468,-0.865857560932636
C,TGC,-0.0370322576516734,-0.217239948362112,0.173825210705398
D,GAC,0.724281607475504,0.63263626396656,0.829409173130989
E,GAA,-0.715833955676295,-0.806456466019154,-0.584419260919095
F,TTC,0.784966032213904,0.681490136682987,0.905141249299049
G,GGA,0.111183935949408,-0.126327684149146,0.307247076928615
G,GGC,-0.355347007858753,-0.438540571928024,-0.273981177806854
G,GGG,0.116156327193463,-0.0845977375283837,0.264930349588394
H,CAC,0.562528942465992,0.41649597287178,0.7237723082304
I,ATA,0.723432537102141,0.302533737570047,1.12177782952785
I,ATC,0.469443397041969,0.37464954406023,0.570629730820655
K,AAA,-1.07043259959016,-1.18179488480091,-0.927222338318828
L,CTA,1.04040685734153,0.776170316338539,1.26321790218353
L,CTC,0.334099081845209,0.195721269398928,0.488834953308105
L,CTG,-0.889219728446659,-1.02354828715324,-0.556248869001869
L,CTT,0.228588145932183,0.0711322445422411,0.373117738962173
L,TTA,-0.181179875748698,-0.316519130766392,-0.0347788417711855
N,AAC,0.0574661238789737,-0.038018612191081,0.179451736062765
P,CCA,0.0428832222622473,-0.0939223978668451,0.186999117210507
P,CCC,-0.00514399108208017,-0.144833423197269,0.136315371096134
P,CCG,-0.806556760351267,-0.922211684286594,-0.661469008028508
Q,CAA,0.470276764385572,0.376592154800892,0.557711960375309
R,AGA,1.68450158675462,1.22223396003246,1.90169766843319
R,AGG,2.129775050053,1.33458355665207,2.41937825083733
R,CGA,1.17287408685274,0.810304749011993,1.34930766224861
R,CGC,-0.256166207396239,-0.343388658761978,-0.177833969146013
R,CGG,0.811305164194264,0.340716928988695,0.976792481541634
S,TCA,-0.101409813163371,-0.25903252363205,0.0436139535158872
S,TCC,-0.050758376198171,-0.167895950004458,0.0778753848746418
S,TCG,-0.304075222919043,-0.453645790368319,-0.162833060696721
T,ACA,-0.191101013130421,-0.332070329040289,-0.06054012645036
T,ACC,-1.07720650520325,-1.18538466989994,-0.97181339263916
T,ACG,-0.772516872864962,-0.902475503087044,-0.658230781555176
V,GTA,0.547053334183432,0.455248211324215,0.632329078018665
V,GTC,-0.024090958658477,-0.128719751909375,0.0646041626110672
V,GTG,-0.448049054864049,-0.540870714187622,-0.367281400412321
Y,TAC,0.530767347153928,0.414254133403301,0.658374093472958
Z,AGC,-0.488020465368778,-0.596435661613941,-0.362330435216427
