AA,Codon,Posterior,0.025%,0.975%
A,GCA,0.172982987065054,0.103694180957973,0.261064944416285
A,GCC,0.304010475826729,0.221762968227267,0.414556571096182
A,GCG,0.243332220418542,0.169790413603187,0.325602082908153
C,TGC,-0.244687383663957,-0.47108306363225,-0.0712429884821177
D,GAC,-0.233249656568095,-0.325382191687822,-0.159032132476568
E,GAA,-0.105123935060948,-0.217979602888226,-0.0332641270011664
F,TTC,-0.33497581054382,-0.454613660275936,-0.232020660862327
G,GGA,1.44661082583666,1.11396713852882,1.84143984317779
G,GGC,0.0806589618233032,0.0288086409680545,0.14244682341814
G,GGG,0.685339196407795,0.50763083845377,0.912969426810741
H,CAC,-0.335961682395451,-0.501201955974102,-0.199071383476258
I,ATA,3.85414317624569,2.51308757662773,5.59532397985458
I,ATC,-0.297439399005054,-0.393251509964466,-0.211185034736991
K,AAA,-0.160230197283626,-0.290966175496578,-0.063577195815742
L,CTA,0.356013625566475,0.009286208008416,0.755988354980946
L,CTC,-0.364645731195947,-0.556143656373024,-0.183623627945781
L,CTG,-0.578266384518146,-0.875717963278294,-0.410680857300758
L,CTT,-0.0517676022840489,-0.246118956059217,0.170665214583278
L,TTA,0.384645536421705,0.139129884913564,0.613578987121582
N,AAC,-0.249220436251909,-0.371629203110933,-0.159103028848767
P,CCA,-0.101975213262369,-0.25924114882946,0.0406289271079002
P,CCC,0.141223948555242,-0.0264287439640611,0.312346292287111
P,CCG,-0.281255362623185,-0.447662157565355,-0.154724509268999
Q,CAA,0.178851862550154,0.0936011580750346,0.288127245008945
R,AGA,1.66713808069229,1.17162300348282,2.3803879737854
R,AGG,1.36716254569888,0.825516749918461,2.37775669693947
R,CGA,0.775600355583429,0.52754487246275,1.17119365930557
R,CGC,0.0942564227207331,0.0402409349568188,0.160767025128007
R,CGG,0.67073359028697,0.457774896919727,1.11262857317923
S,TCA,0.519029952353006,0.343935050815344,0.72267185896635
S,TCC,-0.0186440432046073,-0.103555862605572,0.062072729691863
S,TCG,0.267918187218613,0.142720295488834,0.41049966737628
T,ACA,0.527563555963337,0.363459265977144,0.721879912912846
T,ACC,0.0396158172504511,-0.0221272093709558,0.111759657971561
T,ACG,0.231932845454663,0.144651924818754,0.333450403809547
V,GTA,0.0184909624167022,-0.0359477378427982,0.0767945827916264
V,GTC,0.195434723550081,0.123627772554755,0.288791412860154
V,GTG,0.136620145270298,0.077066888473928,0.207256946712732
Y,TAC,-0.226561787029263,-0.340675881505012,-0.12987631559372
Z,AGC,-0.25346303693708,-0.411773385107517,-0.128934824094176
