AA,Codon,Posterior,0.025%,0.975%
A,GCA,-0.331663299953938,-0.425960900634527,-0.235056445002556
A,GCC,-0.762084547042847,-0.85898469388485,-0.665594530105591
A,GCG,-0.820302454674244,-0.914083205163479,-0.724713380634785
C,TGC,0.00400817394163569,-0.179620720818639,0.196396809443831
D,GAC,0.71924643112421,0.618820749223232,0.81905393153429
E,GAA,-0.723760196185112,-0.825345388054848,-0.624849128723145
F,TTC,0.896047376465797,0.789472453296185,1.00135325491428
G,GGA,0.152155733601125,0.00315902360598557,0.30098072513938
G,GGC,-0.423334715890884,-0.516776576638222,-0.328151994943619
G,GGG,0.0348114448806287,-0.105350870266557,0.171116948127746
H,CAC,0.584471831870079,0.443344735354185,0.727082262933254
I,ATA,1.11949109668732,0.956935951113701,1.27938899099827
I,ATC,0.506163954383135,0.424514882266521,0.588492271304131
K,AAA,-1.11154142448902,-1.21009087562561,-1.01241291463375
L,CTA,0.978842097759247,0.804886649549007,1.16280426681042
L,CTC,0.293194095464051,0.169778893142939,0.413687727600336
L,CTG,-0.788589363574982,-0.882689943909645,-0.690677209198475
L,CTT,0.153760760549456,0.0389581725001335,0.26658369526267
L,TTA,-0.263901292707771,-0.380377783626318,-0.15235907882452
N,AAC,0.41806807077229,0.306103044748306,0.529442484676838
P,CCA,0.127027243482905,-0.0264319280628115,0.281498385965824
P,CCC,-0.308199010680802,-0.482136397063732,-0.134655885025859
P,CCG,-0.50544864782095,-0.636116079986095,-0.371984212845564
Q,CAA,0.240898705759645,0.141585284844041,0.338601375371218
R,AGA,0.986854001259804,0.767572514712811,1.20977687239647
R,AGG,1.44865082595348,1.14582803249359,1.74359036982059
R,CGA,0.45588341152221,0.261128009110689,0.656681786477566
R,CGC,-0.295659151691198,-0.392794245481491,-0.199695084989071
R,CGG,0.185098123643399,-0.00370193558046594,0.372987312823534
S,TCA,-0.26333799479343,-0.411315228044987,-0.113295332714915
S,TCC,-0.0391602154985603,-0.17283199839294,0.0928981494158505
S,TCG,-0.428080626004934,-0.584155738353729,-0.270588263124228
T,ACA,-0.458482501837611,-0.596509349346161,-0.321575280278921
T,ACC,-0.942636845850945,-1.05841118395329,-0.827308946847916
T,ACG,-0.8857282371521,-1.0189591050148,-0.752888803184033
V,GTA,0.541906614547968,0.434166231751442,0.646813528239727
V,GTC,-0.0952318109116517,-0.201955064758658,0.01434215772897
V,GTG,-0.511223547118902,-0.610105295479298,-0.414666568487883
Y,TAC,0.526319526529312,0.38741690069437,0.668582552671432
Z,AGC,-0.313693085536361,-0.446531598269939,-0.18018282353878
