AA,Codon,Posterior,0.025%,0.975%
A,GCA,0.104086130940536,0.0412287432700396,0.169392750412226
A,GCC,0.380008978849649,0.305708727240562,0.455884246528149
A,GCG,0.366523004278541,0.294752112776041,0.438396489620209
C,TGC,-0.13215520094375,-0.316189902275801,0.0394329395145177
D,GAC,-0.200972627913952,-0.277175983041525,-0.123788378760219
E,GAA,-0.151996636919258,-0.235516073554754,-0.0719977922737599
F,TTC,-0.239679306404293,-0.325506816059351,-0.150736663863063
G,GGA,0.709617582172155,0.564628241956234,0.863928385078907
G,GGC,0.167904241725057,0.100377150438726,0.232616125047207
G,GGG,0.665464732062817,0.535913027822971,0.799503196775913
H,CAC,-0.291860520465672,-0.409162829071283,-0.174691936001182
I,ATA,0.644205816924572,0.467509476095438,0.832786911725998
I,ATC,-0.231102805003524,-0.293079769611359,-0.168300436064601
K,AAA,0.00355964468523932,-0.0637353556230664,0.0686110643669962
L,CTA,0.171109736768769,-0.0173208353109658,0.367711865901947
L,CTC,-0.176280169221427,-0.290208148211241,-0.0604865679517389
L,CTG,-0.352271858844161,-0.447907269001007,-0.256991293281317
L,CTT,-0.18696266308357,-0.298394689708948,-0.0756826432421805
L,TTA,-0.0138567157687872,-0.124820297583938,0.0997195998206735
N,AAC,-0.413163931414485,-0.507676556706429,-0.319913063943386
P,CCA,-0.0174796398475883,-0.147093888744712,0.114642678759992
P,CCC,0.534705378434062,0.359775572270155,0.715049158036709
P,CCG,-0.0708199407176988,-0.183253434672952,0.0365742379799484
Q,CAA,0.0648822404214065,-0.0165207740385085,0.150058145076036
R,AGA,0.852474052846432,0.617723217606544,1.09994198381901
R,AGG,1.16760766180754,0.81144655495882,1.5638593018055
R,CGA,1.08184871995449,0.850649419426918,1.31371339559555
R,CGC,0.181971971613914,0.112115070223808,0.255348367989063
R,CGG,1.31408794441223,1.08163726627827,1.55572213232517
S,TCA,0.398072831085324,0.275742644071579,0.522668504714966
S,TCC,0.0704145535358162,-0.0216364518273622,0.163891983777284
S,TCG,0.701723883020878,0.55292119383812,0.84895087480545
T,ACA,0.430798890858889,0.324949169903994,0.542163221538067
T,ACC,0.179653593119234,0.102633062563837,0.256871617585421
T,ACG,0.625043378037214,0.514716449379921,0.740287315845489
V,GTA,-0.0676893803737197,-0.132757614552975,0.000461540835385666
V,GTC,0.285476359564066,0.201978037878871,0.370363966375589
V,GTG,0.405038699477911,0.326122543215752,0.487835437059402
Y,TAC,-0.289938823768497,-0.411328931897879,-0.172386909648776
Z,AGC,-0.14257379495783,-0.260999530553818,-0.0286882905755192
