AA,Codon,Posterior,0.025%,0.975%
A,GCA,0.17160865087139,0.0415428737178445,0.306982816010714
A,GCC,0.286299678751081,0.15430357567966,0.421991842985153
A,GCG,0.0102665194626242,-0.102656409703195,0.124751651287079
C,TGC,-0.284082768460416,-0.599509842693806,0.0118262573843822
D,GAC,-0.2903589448452,-0.389213372021914,-0.190096651017666
E,GAA,-0.0473758889236673,-0.160123313590884,0.0600682268850505
F,TTC,-0.818532467961311,-0.974967980384827,-0.667184048891068
G,GGA,1.34873243469,1.06460615098476,1.6461485773325
G,GGC,0.163766580122616,0.0559757840819657,0.271989616006612
G,GGG,0.801587820321321,0.604300536215305,1.01234540045261
H,CAC,-0.62546062695086,-0.822125458717346,-0.433724069595337
I,ATA,1.69752167977095,1.19337015748024,2.25416238307953
I,ATC,-0.456256258380413,-0.56983078867197,-0.343332225829363
K,AAA,-0.0201000811607668,-0.15358299985528,0.107973759621382
L,CTA,0.550082121221349,0.209095859527588,0.931267566978931
L,CTC,-0.0432614291297421,-0.239372152462602,0.15972350127995
L,CTG,-0.556523515623808,-0.699886427819729,-0.415383482724428
L,CTT,0.116540062936372,-0.0815007977187634,0.31858484223485
L,TTA,0.894374669849873,0.644751547276974,1.16005857586861
N,AAC,-0.920091201114655,-1.09885677099228,-0.753131075203419
P,CCA,-0.609480527387559,-0.909635731577873,-0.323539707809687
P,CCC,0.765465110975504,0.346750947088003,1.18735354542732
P,CCG,-1.07879429584742,-1.34889367222786,-0.825265960395336
Q,CAA,0.541514258086681,0.382031747698784,0.700561358034611
R,AGA,3.33534143791199,2.33306868672371,4.52891980409622
R,AGG,3.88826200304031,2.43716176748276,5.73684358596802
R,CGA,1.84977440857887,1.3949232339859,2.33064020872116
R,CGC,0.239038713563979,0.124049733765423,0.355114118009806
R,CGG,1.58089974219799,1.21497744619846,1.95120025277138
S,TCA,0.676909278956056,0.433197047561407,0.950782757997512
S,TCC,0.0346179982805567,-0.134929156675935,0.20350961536169
S,TCG,0.240949402866003,0.0567277268506587,0.424896972626447
T,ACA,0.853640348505974,0.579790812730789,1.1395359903574
T,ACC,-0.144203678945804,-0.293619423359632,0.000714681619137602
T,ACG,0.265615815868834,0.0844076437875629,0.445390133559704
V,GTA,-0.0949028657564952,-0.232281444966793,0.0441433942876756
V,GTC,0.255340355485072,0.102575265616179,0.412165208905935
V,GTG,0.00478663261592446,-0.115533657371998,0.125059176981449
Y,TAC,-0.481605511280894,-0.661408162117004,-0.309198915213347
Z,AGC,-0.583230616438389,-0.837046335637569,-0.3399064861238
