AA,Codon,Posterior,0.025%,0.975%
A,GCA,-0.350261504867673,-0.447006479650736,-0.254657353460789
A,GCC,-0.762364243459702,-0.860028733313084,-0.665678614377976
A,GCG,-0.84481404248476,-0.938718038797379,-0.751084500551224
C,TGC,0.0682820879800993,-0.124581216834486,0.253149206936359
D,GAC,0.756523716592789,0.652913342416287,0.858113059401512
E,GAA,-0.729983716493845,-0.830096031725407,-0.630406013131142
F,TTC,0.902895561373234,0.79847531914711,1.01302520036697
G,GGA,0.144738836827246,-0.0041325147030875,0.2949508279562
G,GGC,-0.42726928653121,-0.524079468846321,-0.333437975496054
G,GGG,0.066658518370497,-0.073678863979876,0.207370269298553
H,CAC,0.569878721576929,0.427203118056059,0.707472541928291
I,ATA,1.12322521835566,0.958351567387581,1.28702272176743
I,ATC,0.500475954341888,0.415739557892084,0.584054481983185
K,AAA,-1.13473583071232,-1.23687733709812,-1.03370620906353
L,CTA,1.0160865552187,0.842086562514305,1.19316302537918
L,CTC,0.321787516891956,0.198287533968687,0.446673619747162
L,CTG,-0.757101713371277,-0.854159884154797,-0.657906840741634
L,CTT,0.169172871395375,0.0503806680440903,0.287420851737261
L,TTA,-0.248957882583141,-0.360084838420153,-0.13064796961844
N,AAC,0.398077470967174,0.281338702142239,0.513140872120857
P,CCA,0.108620485614515,-0.0461566134355962,0.262445182353258
P,CCC,-0.321800632129051,-0.494065394997597,-0.147885213047266
P,CCG,-0.497988054680824,-0.635077685117722,-0.362754305452108
Q,CAA,0.23340995715782,0.130615255236626,0.334494619071484
R,AGA,1.00490334689617,0.781417235732079,1.22816146910191
R,AGG,1.4903507152319,1.19752179682255,1.77527469992638
R,CGA,0.527604388338327,0.33269504159689,0.722035178542137
R,CGC,-0.314435564208031,-0.409659691900015,-0.215575744956732
R,CGG,0.151877501362623,-0.0398060699924827,0.340785799920559
S,TCA,-0.291160252158507,-0.43832610398531,-0.139795565605164
S,TCC,-0.0146834575438546,-0.14926795810461,0.117943731322885
S,TCG,-0.489079018834233,-0.654623933136463,-0.333450459688902
T,ACA,-0.488142788988352,-0.630967153608799,-0.343613537400961
T,ACC,-0.965009865224361,-1.07795813083649,-0.850395773351193
T,ACG,-0.909897973120213,-1.04748060405254,-0.774509884417057
V,GTA,0.575895368528366,0.46936878785491,0.685865031182766
V,GTC,-0.060649745013172,-0.164367805048823,0.0433862680569291
V,GTG,-0.488555829393864,-0.587723191082478,-0.387372881174088
Y,TAC,0.482801994273067,0.341347651928663,0.626586416363716
Z,AGC,-0.301982168719172,-0.435306969285011,-0.169594322890043
