AA,Codon,Posterior,0.025%,0.975%
A,GCA,0.113524385634821,0.0491587377153337,0.176837204396725
A,GCC,0.377965778899193,0.302089937776327,0.451885645091534
A,GCG,0.380285466039181,0.305729505419731,0.453020267933607
C,TGC,-0.177687181991624,-0.361543494462967,-0.00335734849213643
D,GAC,-0.222146065217257,-0.300494443625212,-0.145856590569019
E,GAA,-0.147543163143098,-0.228742692619562,-0.0667203227058053
F,TTC,-0.242830990324914,-0.328018146008253,-0.156913703307509
G,GGA,0.717790796089172,0.573692342638969,0.869744947552681
G,GGC,0.170362444338948,0.105148947238922,0.236763918027282
G,GGG,0.638813860279322,0.510163180530071,0.77421163469553
H,CAC,-0.283178547675163,-0.406216783821583,-0.168295441940427
I,ATA,0.638596677839756,0.462184847891331,0.823322907090187
I,ATC,-0.228384120978415,-0.293479678034782,-0.164511902630329
K,AAA,0.0141504482986897,-0.0526922084391117,0.0811376238241791
L,CTA,0.139549184835164,-0.0446098246611655,0.327724681049585
L,CTC,-0.199355750681367,-0.318733066320419,-0.0857497176155448
L,CTG,-0.377159158438444,-0.475761743634939,-0.285148847103119
L,CTT,-0.200984256592364,-0.311234243959188,-0.0848193740472198
L,TTA,-0.0261658423948364,-0.13908916823566,0.0881868554279208
N,AAC,-0.398976892927289,-0.496005450189114,-0.303324026614428
P,CCA,-0.00554079724718331,-0.138035608455539,0.125426814332604
P,CCC,0.54678743108511,0.373898167163134,0.725578777492046
P,CCG,-0.0745139630279089,-0.187385595589876,0.0327262467704713
Q,CAA,0.0695194995620612,-0.0130275414558128,0.154978144913912
R,AGA,0.832865988796949,0.598951554298401,1.08195865154266
R,AGG,1.12126647435427,0.765367251634598,1.49830223321915
R,CGA,1.0092184145093,0.794234704971313,1.23298521339893
R,CGC,0.192493067773432,0.119041707739234,0.264820576459169
R,CGG,1.34878338644505,1.1140365421772,1.58425381481647
S,TCA,0.416788600218296,0.294111308455467,0.546196302771568
S,TCC,0.0575541023339079,-0.0329007132910192,0.152401528134942
S,TCG,0.754200601893663,0.608464898169041,0.915598829090595
T,ACA,0.447244678524137,0.332860612124205,0.56422888636589
T,ACC,0.190796282961965,0.114524769969285,0.26839487105608
T,ACG,0.639025980514288,0.525660634040833,0.757655784487724
V,GTA,-0.083232222404785,-0.152200911194086,-0.0163723298348487
V,GTC,0.266312822531164,0.184524238482118,0.348380942642689
V,GTG,0.393615153950453,0.309344640374184,0.47807315737009
Y,TAC,-0.259765337451547,-0.386654027551413,-0.140771704539657
Z,AGC,-0.152499014549004,-0.270831179618835,-0.0354236861690883
