AA,Codon,Posterior,0.025%,0.975%
A,GCA,-0.022207850287341,-0.167219077795744,0.120727975852787
A,GCC,0.170050510395677,0.0202065440360457,0.318023730814457
A,GCG,-0.0894142506557328,-0.223091983795166,0.0380376587621866
C,TGC,-0.46603560130446,-0.79471892863512,-0.144753540307284
D,GAC,-0.33257611874491,-0.450631829351187,-0.215069250389934
E,GAA,0.00123310502341919,-0.116555234976113,0.115203742869198
F,TTC,-0.854341660070419,-1.03291706740856,-0.683538338541985
G,GGA,1.26884015513659,0.980159419775009,1.58928806781769
G,GGC,0.209937517734431,0.110639437846839,0.313356292247772
G,GGG,0.724079268592596,0.53377672880888,0.922377890348434
H,CAC,-0.479062067654729,-0.681673017144203,-0.285664846748114
I,ATA,1.68986817485094,1.14894270002842,2.30063837766647
I,ATC,-0.235408089329302,-0.349837457388639,-0.120265893824399
K,AAA,-0.0751485081129082,-0.215041454136372,0.0610691174864768
L,CTA,0.499818373586936,0.0832609293982387,0.951184406876564
L,CTC,-0.226935548045775,-0.459300534427166,-2.21157893068219e-05
L,CTG,-0.72843237888813,-0.913835695385933,-0.557468193769455
L,CTT,0.149367857729946,-0.109336190111935,0.410802212357521
L,TTA,0.406890515236347,0.153303432092071,0.666368156671524
N,AAC,-0.900728610682487,-1.10919418931007,-0.698112794756889
P,CCA,-0.267465757881309,-0.549303676187992,0.0129178042523562
P,CCC,1.68926275517941,1.15184239149094,2.29281285405159
P,CCG,-0.798538617032766,-1.03897343873978,-0.565457779169083
Q,CAA,0.559282677301765,0.386665210872889,0.74365442097187
R,AGA,2.93417190690041,1.97382606863976,4.09187129735947
R,AGG,2.33946177432537,1.40923280715942,3.42289731502533
R,CGA,1.52417525696754,1.09559413790703,1.99213501513004
R,CGC,0.272977231078595,0.14791412986815,0.402628549188375
R,CGG,1.52867469168901,1.15586203336716,1.92560646533966
S,TCA,0.653229673972726,0.397146510332823,0.931747691333294
S,TCC,-0.00158572936681012,-0.16686284057796,0.165690758824348
S,TCG,0.354496660484374,0.161129027605057,0.554112127423286
T,ACA,1.00199121090174,0.696598836779594,1.32612800896168
T,ACC,-0.0142452889202962,-0.171277730166912,0.138079003244638
T,ACG,0.407849604895711,0.214359919726849,0.599793027341366
V,GTA,-0.0491410220768761,-0.216629475727677,0.122005161270499
V,GTC,0.213059953174551,0.0467951558530331,0.383332400023937
V,GTG,-0.000116992518905226,-0.138630735501647,0.132511541992426
Y,TAC,-0.323490508767962,-0.49347660690546,-0.16174176633358
Z,AGC,-0.760266627967358,-1.05641712546349,-0.492364666610956
