AA,Codon,Posterior,0.025%,0.975%
A,GCA,-0.354253174853325,-0.453042701631784,-0.2554467856884
A,GCC,-0.738541891479492,-0.839206498861313,-0.634509065747261
A,GCG,-0.82264037541151,-0.918235737085342,-0.725494757294655
C,TGC,0.0472569967697149,-0.150481760501862,0.239998813346028
D,GAC,0.742409410047531,0.638114087283611,0.84755824804306
E,GAA,-0.763166033923626,-0.869502426683903,-0.659590271115303
F,TTC,0.881964674186707,0.77159239500761,0.99637579023838
G,GGA,0.178889590750239,0.0192953617777675,0.334201353788376
G,GGC,-0.43648906250596,-0.534553436934948,-0.33758713901043
G,GGG,0.0713285061661716,-0.071599786169827,0.214508658275008
H,CAC,0.563235050320625,0.419879081100225,0.706281164288521
I,ATA,1.10488393119574,0.934707176685333,1.27185694873333
I,ATC,0.497322947442532,0.410325535386801,0.584528163075447
K,AAA,-1.11760404164791,-1.22190145552158,-1.01382251679897
L,CTA,1.01266849609613,0.83169286698103,1.19783946573734
L,CTC,0.30097294267714,0.171659637615085,0.425263527780771
L,CTG,-0.775750449872017,-0.878511610627174,-0.67168205678463
L,CTT,0.143132630068256,0.0200318767689168,0.267793451994657
L,TTA,-0.246154791294411,-0.365342754125595,-0.125727037340403
N,AAC,0.420462385520339,0.304592864960432,0.541040739417076
P,CCA,0.0633441860250423,-0.0991043902933598,0.222504343464971
P,CCC,-0.304458740550093,-0.482796028256416,-0.128263837471604
P,CCG,-0.4755545465976,-0.610996291041374,-0.340902274101973
Q,CAA,0.246964924261719,0.145783058553934,0.348150716722012
R,AGA,1.02981625412703,0.808657740056515,1.25758779644966
R,AGG,1.46401226885319,1.16137561798096,1.76324692368507
R,CGA,0.421270453096926,0.222244095429778,0.624133050441742
R,CGC,-0.320979569908977,-0.421671580523252,-0.221326473355293
R,CGG,0.0718159826578849,-0.129253846779466,0.271045940369367
S,TCA,-0.268111168690026,-0.419900874793529,-0.117664321511984
S,TCC,-0.00578825540028888,-0.13800967335701,0.128311747685075
S,TCG,-0.444886692261696,-0.607959665358067,-0.278846122324467
T,ACA,-0.474400610598922,-0.618117474019527,-0.331961210072041
T,ACC,-0.929243330454826,-1.04450106322765,-0.814036501944065
T,ACG,-0.859402067947388,-0.99677160680294,-0.725459375977516
V,GTA,0.576743793118,0.469279718399048,0.688259203732013
V,GTC,-0.049537645096483,-0.157362670823932,0.0548109369352459
V,GTG,-0.45194267077446,-0.555862285196781,-0.349781884253025
Y,TAC,0.486296985223889,0.340565640479326,0.635927091538906
Z,AGC,-0.338655740223825,-0.470600765943527,-0.205663476884365
