AA,Codon,Posterior,0.025%,0.975%
A,GCA,0.11601341983974,0.050960355065763,0.178975558280945
A,GCC,0.363117969331145,0.289273711293936,0.439056367427111
A,GCG,0.367192178452015,0.294434287399054,0.438930139690638
C,TGC,-0.164649987837541,-0.352168373763561,0.0102265010587869
D,GAC,-0.214170933500677,-0.294130475819111,-0.134267892315984
E,GAA,-0.127136517871617,-0.209658153355122,-0.0452122804708779
F,TTC,-0.229927560502291,-0.321251422911882,-0.14127892665565
G,GGA,0.687901339358091,0.54168789088726,0.843069410324097
G,GGC,0.175100076352432,0.108711495250463,0.240855285152793
G,GGG,0.633771644979715,0.504408794641495,0.767792229354382
H,CAC,-0.276790004986525,-0.396905648708343,-0.157658258453012
I,ATA,0.658114038485289,0.480903335660696,0.851294186711311
I,ATC,-0.225846503931284,-0.290559709817171,-0.161135677620769
K,AAA,0.0058137355928111,-0.0624921000562608,0.0728638853877782
L,CTA,0.140324837098975,-0.0461324282921851,0.333130906522274
L,CTC,-0.184015972821426,-0.301716954261065,-0.0639294005930424
L,CTG,-0.363288256782293,-0.464116869866848,-0.26792317032814
L,CTT,-0.181855647975602,-0.30055254176259,-0.068590653128922
L,TTA,-0.0289151748841257,-0.1448057372123,0.0865856595337391
N,AAC,-0.413936614111066,-0.510055415332317,-0.320689951628447
P,CCA,0.023132574526984,-0.107498946599662,0.156262574717402
P,CCC,0.530173799133301,0.35811448469758,0.713288554549217
P,CCG,-0.0891950719580229,-0.199967293441296,0.0184052771888673
Q,CAA,0.0607348039202068,-0.022698633512482,0.144264885038137
R,AGA,0.805391168826818,0.56781774610281,1.05122028589249
R,AGG,1.14700866798162,0.789566920697689,1.53649786710739
R,CGA,1.10699016420841,0.876877211034298,1.35195722877979
R,CGC,0.196142531493306,0.124761625751853,0.269675956666469
R,CGG,1.44121195901632,1.18254089355469,1.71432839334011
S,TCA,0.403376071056724,0.279028595238924,0.53060430586338
S,TCC,0.0535728284459219,-0.0380081469193101,0.14687157869339
S,TCG,0.721035076886415,0.568575419485569,0.883919304609298
T,ACA,0.444489652791619,0.33196697384119,0.561703933775425
T,ACC,0.172633432905376,0.0961588826030493,0.249916505813599
T,ACG,0.606330342149734,0.490286658704281,0.724060334265232
V,GTA,-0.0841182463113684,-0.153555585071445,-0.0147586123552173
V,GTC,0.260960855926573,0.179191614314914,0.346752643585205
V,GTG,0.370202793362737,0.291150922328234,0.454388067126274
Y,TAC,-0.263689298008382,-0.3896121121943,-0.142341435328126
Z,AGC,-0.125065249786875,-0.245775253325701,-0.00932016070000831
