AA,Codon,Posterior,0.025%,0.975%
A,GCA,0.19536444260783,0.0223284470383078,0.371869448572397
A,GCC,0.450554933106899,0.261488946527243,0.640448875725269
A,GCG,0.0872080109978313,-0.0653310423716903,0.236465157940984
C,TGC,-0.0885838175930736,-0.521244767308235,0.346933075785637
D,GAC,-0.209702429872495,-0.365895995497704,-0.0510147406719625
E,GAA,-0.0206625997902732,-0.168775390461087,0.123854713700712
F,TTC,-0.999547687602043,-1.24254911243916,-0.766195613145828
G,GGA,1.35641376413107,0.973469199240208,1.77349847853184
G,GGC,0.229776742660743,0.083860588632524,0.377361366897821
G,GGG,0.732707429641485,0.487162089347839,0.99349792599678
H,CAC,-0.289797806612003,-0.539184500277042,-0.0428881337866188
I,ATA,1.77388960856199,1.03450762927532,2.67632618546486
I,ATC,-0.426183153349161,-0.599670086801052,-0.259772962331772
K,AAA,-0.192558827137976,-0.428458835184574,0.019893712317571
L,CTA,0.633067450107439,0.0344080697745085,1.30732598602772
L,CTC,-0.253588420430798,-0.562204687297344,0.0655252965167165
L,CTG,-0.791512846064568,-1.0420937359333,-0.561495554447174
L,CTT,0.407674513312191,0.0278542172629386,0.789380125701427
L,TTA,0.450790558444988,0.11378254070878,0.810769426822662
N,AAC,-1.08194087333679,-1.36580813527107,-0.819738867878914
P,CCA,-0.0284473405647295,-0.387180297076702,0.353785218298435
P,CCC,0.851305197930997,0.382694971561432,1.35712158381939
P,CCG,-0.720082491564751,-1.01090946793556,-0.443219440430403
Q,CAA,0.819344209086895,0.562020395696163,1.09510198831558
R,AGA,3.67645148062706,2.03025603294373,6.28918800354004
R,AGG,2.38821926342249,1.29001818299294,4.04555369615555
R,CGA,2.31060674734116,1.62085926830769,3.10573841333389
R,CGC,0.266157105378911,0.0985113929957151,0.439607026427984
R,CGG,1.60428356020451,1.14570078849792,2.11284759044647
S,TCA,0.574535517981648,0.270866025239229,0.905744977295399
S,TCC,0.0130608385247229,-0.188100070506334,0.214086814597249
S,TCG,0.335140926830366,0.0932666800916195,0.586256232857704
T,ACA,0.972253700709343,0.59233620762825,1.39168974757194
T,ACC,-0.0465979364240879,-0.253675068169832,0.153360625728965
T,ACG,0.368029149499489,0.117443989403546,0.613917751610279
V,GTA,-0.139005216813475,-0.324598830938339,0.0469862332567572
V,GTC,0.0967761897557803,-0.0898221634328365,0.284743279218673
V,GTG,-0.0265483304528188,-0.187634472176433,0.133554904162884
Y,TAC,-0.397288020614535,-0.603434646129608,-0.193878088891506
Z,AGC,-0.759520272573084,-1.16030539572239,-0.388583847880364
