AA,Codon,Posterior,0.025%,0.975%
A,GCA,-0.465917044425011,-0.574087645113468,-0.357136215269566
A,GCC,-1.03332516827583,-1.14032090604305,-0.919562712311745
A,GCG,-1.24607981767654,-1.3404570966959,-1.14160501658916
C,TGC,-0.136433393800186,-0.328727453202009,0.0584074903279543
D,GAC,0.846600718712807,0.742576542496681,0.959362329542637
E,GAA,-0.610722434520721,-0.710350409150124,-0.511864557862282
F,TTC,0.752478750824928,0.639411260187626,0.863414976000786
G,GGA,0.0689285973143269,-0.122804383188486,0.264219004660845
G,GGC,-0.385316656166315,-0.484060666710138,-0.290101655572653
G,GGG,0.0419246619429101,-0.103266766294837,0.18327920883894
H,CAC,0.702709856021404,0.556562107801437,0.851735147833824
I,ATA,1.18152398848534,0.943342071771622,1.41362552940845
I,ATC,0.486934577286243,0.397937249392271,0.571425840258598
K,AAA,-1.08310278942585,-1.18753399550915,-0.975821785628796
L,CTA,0.965910836315155,0.748241366446018,1.1717057466507
L,CTC,0.492526384794712,0.360088751465082,0.630895900726318
L,CTG,-0.7781580722332,-0.887006869912147,-0.675551475584507
L,CTT,0.372204490709305,0.227181469276547,0.520737960934639
L,TTA,-0.0579967120731151,-0.201365461945534,0.0781440766528249
N,AAC,0.266971127791703,0.14546632245183,0.40170853883028
P,CCA,0.048304823847206,-0.130616663768888,0.240744292736054
P,CCC,-0.262413483435987,-0.477416687458754,-0.0339128147810697
P,CCG,-0.851519982671738,-1.00288617908955,-0.696088889241219
Q,CAA,0.278444299355149,0.163712758943439,0.392611323297024
R,AGA,1.53865934283733,1.18012975752354,1.88078928589821
R,AGG,1.14560975153446,0.738518214225769,1.54215800762177
R,CGA,0.618126699638367,0.359013482928276,0.865423159301281
R,CGC,-0.488500526881218,-0.58933317065239,-0.390736031532288
R,CGG,0.071270872332924,-0.12424070443958,0.271804120391607
S,TCA,-0.158941229870688,-0.339633328467608,0.0164938017725945
S,TCC,-0.135519238538865,-0.271157812327147,0.00288394385715949
S,TCG,-0.790116399621963,-0.947046080231667,-0.632047583162785
T,ACA,-0.301678704182059,-0.486156810820103,-0.122998842038214
T,ACC,-1.23717342739105,-1.35736988782883,-1.1193512648344
T,ACG,-1.1618470944643,-1.30085722506046,-1.01486736536026
V,GTA,0.450782071346045,0.327618319541216,0.577296434342861
V,GTC,-0.396292302781343,-0.512879221141338,-0.28020886182785
V,GTG,-0.875885316348076,-0.976374253630638,-0.77337863445282
Y,TAC,0.53584984369278,0.390040603280067,0.686935837566853
Z,AGC,-0.263475380520336,-0.424143123626709,-0.100945481099188
