AA,Codon,Posterior,0.025%,0.975%
A,GCA,0.14799934810549,0.0788010999560356,0.218858236819506
A,GCC,0.425614202463627,0.347401107847691,0.505554082989693
A,GCG,0.299015461987257,0.232199061661959,0.367010294646025
C,TGC,-0.107332652083982,-0.284724900871515,0.0634221268817783
D,GAC,-0.382808740305901,-0.466706231236458,-0.303501426428556
E,GAA,-0.145506503410637,-0.223271698877215,-0.0696697002276778
F,TTC,-0.588286971521378,-0.689869371056557,-0.481257627904415
G,GGA,1.42365662741661,1.18479352295399,1.67394595742226
G,GGC,0.149133534173667,0.0832873383536935,0.213270325213671
G,GGG,0.809115394926071,0.66935181170702,0.954049707949162
H,CAC,-0.501309721255302,-0.629526627063751,-0.373146792501211
I,ATA,1.53313901853561,1.18396052718163,1.90412064194679
I,ATC,-0.390287208473682,-0.463497656583786,-0.317669428884983
K,AAA,-0.050954710927315,-0.122263106890023,0.0155359417432919
L,CTA,0.514620931057632,0.250834828615189,0.812978425621986
L,CTC,-0.406169349646568,-0.544821032881737,-0.267967042326927
L,CTG,-0.723346746945381,-0.839960205554962,-0.607322150468826
L,CTT,-0.12717520863297,-0.276807721704245,0.0309871318750085
L,TTA,0.133936305797315,-0.0233414351940155,0.298844528198242
N,AAC,-0.691604562568665,-0.810209988057613,-0.57498594969511
P,CCA,-0.263074042192828,-0.445741698890924,-0.0792691502720117
P,CCC,0.690656429827213,0.408455167710781,0.975799307227135
P,CCG,-0.4852525624156,-0.648669262230396,-0.337449027597904
Q,CAA,0.396160538333654,0.294073258340359,0.50524160861969
R,AGA,1.59013179905415,1.1121395021677,2.12118664979935
R,AGG,2.84979421982765,2.16921518445015,3.6636875629425
R,CGA,1.72557041530609,1.38480195105076,2.11437658667564
R,CGC,0.354334884279966,0.279113985598087,0.431529573351145
R,CGG,1.54199945492744,1.27592442333698,1.81551015377045
S,TCA,0.635859604251385,0.481341650336981,0.805942858755589
S,TCC,0.0965871326844659,0.00655028881737962,0.184518645331264
S,TCG,0.724363373577595,0.58833494335413,0.869881704449654
T,ACA,0.759436371254921,0.59070068448782,0.935894326865673
T,ACC,0.11697782381312,0.0415372407995164,0.193259926512837
T,ACG,0.658721437895298,0.539404821395874,0.781415523588657
V,GTA,0.0898229866935231,0.0142585644731298,0.168183979019523
V,GTC,0.430152239060402,0.34011627137661,0.522878184914589
V,GTG,0.392962602591515,0.320917087048292,0.470027565211058
Y,TAC,-0.342638318431377,-0.470189296454191,-0.216510406509042
Z,AGC,-0.622026159799099,-0.785336509346962,-0.458144032210112
