AA,Codon,Posterior,0.025%,0.975%
A,GCA,0.280817225608975,0.112210833095014,0.449550388753414
A,GCC,0.528678412950039,0.354437734931707,0.717157956957817
A,GCG,0.38716518561542,0.231722378730774,0.54402154237032
C,TGC,-0.331708381253993,-0.846562080085278,0.111472297646105
D,GAC,-0.327257419337332,-0.488270220160484,-0.171509978175163
E,GAA,-0.234613867635746,-0.399329832196236,-0.0817375145852566
F,TTC,-0.599500505900383,-0.814573508501053,-0.386011244356632
G,GGA,1.63316953201294,1.18597024381161,2.14069230556488
G,GGC,0.103862570062646,-0.0432964303530753,0.246110602095723
G,GGG,0.893626381766796,0.614171147346497,1.19855530560017
H,CAC,-0.536531281291321,-0.82842877805233,-0.26877901032567
I,ATA,2.0317186622858,1.20516670942307,3.0332233607769
I,ATC,-0.267710309949517,-0.421543557941914,-0.109204125031829
K,AAA,-0.204126913340186,-0.43582723364234,0.0165436702314767
L,CTA,0.178554505451716,-0.251442090421915,0.662623259425163
L,CTC,-0.324038060920191,-0.604698333144188,-0.0320414837449789
L,CTG,-0.643868910980225,-0.876643806695938,-0.414295379072428
L,CTT,0.0378806989934761,-0.286244888603687,0.382116506248713
L,TTA,0.34177350494368,-0.0217320915311575,0.703535369038582
N,AAC,-0.57618480181098,-0.808955274522305,-0.35471947863698
P,CCA,-0.0887417046883238,-0.491341120004654,0.289842034131289
P,CCC,0.357018617958663,-0.071340099722147,0.811671021580696
P,CCG,-0.526413793265819,-0.844871354103088,-0.249199822172523
Q,CAA,0.306460964531498,0.101007797755301,0.519453744590283
R,AGA,1.60670245511532,0.796896353363991,2.60531249642372
R,AGG,2.90701255319118,1.57447400987148,4.70225969552994
R,CGA,1.45479709298611,0.945739522576332,2.05616366267204
R,CGC,0.491876382726431,0.314065200835466,0.662251336872578
R,CGG,1.60010983428955,1.14048773348331,2.11393818855286
S,TCA,0.785655984008312,0.399650324881077,1.23058795630932
S,TCC,0.0301467701171961,-0.165076141804457,0.219751605391502
S,TCG,0.629098589242995,0.361202744394541,0.904354006052017
T,ACA,0.933376377797127,0.511327768862248,1.39400196075439
T,ACC,0.073365692194755,-0.137055316194892,0.259681202471256
T,ACG,0.623219802302122,0.356894954293966,0.898778541386127
V,GTA,0.0478354032166782,-0.130196773633361,0.229053702577949
V,GTC,0.489816445404291,0.291598159074783,0.694832853972912
V,GTG,0.285135716110468,0.133478502556682,0.443256800621748
Y,TAC,-0.418193621850014,-0.634011746942997,-0.214924773573875
Z,AGC,-0.691220331960916,-1.09186595082283,-0.332018299400806
