AA,Codon,Posterior,0.025%,0.975%
A,GCA,-0.459695578825474,-0.565361104905605,-0.350956781208515
A,GCC,-1.02089096624851,-1.12587913572788,-0.912631134688854
A,GCG,-1.23311695165634,-1.33083721995354,-1.13371815681458
C,TGC,-0.110290714260237,-0.304657659679651,0.0854001248255373
D,GAC,0.840815898728371,0.731712606549263,0.953854659199715
E,GAA,-0.616306824815273,-0.720158879458904,-0.507910381257534
F,TTC,0.773677969145775,0.661747385561466,0.893473798036575
G,GGA,0.0501155911619513,-0.145282040536404,0.246828396245837
G,GGC,-0.392533295440674,-0.489669509232044,-0.292273025214672
G,GGG,0.0181248539969558,-0.127192697301507,0.172811872884631
H,CAC,0.716055641794205,0.566434010863304,0.865658491849899
I,ATA,1.20650236060619,0.969114077091217,1.43440889120102
I,ATC,0.496847892487049,0.409249579161406,0.588488049805164
K,AAA,-1.08881272752285,-1.19432723522186,-0.978929746150971
L,CTA,0.985212875556946,0.770276510715485,1.20333800017834
L,CTC,0.479991483032703,0.346437003463507,0.614203302562237
L,CTG,-0.772822932887077,-0.88021073192358,-0.664721018075943
L,CTT,0.392096474182606,0.247862117737532,0.534962131083012
L,TTA,-0.0670662981992216,-0.209010589122772,0.0764577532187106
N,AAC,0.248393971686065,0.11815435718745,0.37593264952302
P,CCA,0.0801654434845259,-0.103657045215368,0.27083788216114
P,CCC,-0.257566178459371,-0.483488998562098,-0.0339916463941335
P,CCG,-0.828331616663933,-0.986155536770821,-0.670388843119144
Q,CAA,0.307634533539414,0.193438206613064,0.423960264027119
R,AGA,1.5105023658514,1.17557286024094,1.85119906663895
R,AGG,1.02788062784672,0.599317628145218,1.46378746628761
R,CGA,0.640410449880362,0.389625379443169,0.902632556855679
R,CGC,-0.524563573503494,-0.626190620660782,-0.421384720504284
R,CGG,0.0428367378383598,-0.158227657899261,0.247324790433049
S,TCA,-0.184843712982116,-0.377332855761051,-0.00891850879415857
S,TCC,-0.149296784582853,-0.289702551811933,-0.0108823108952491
S,TCG,-0.802734162056446,-0.961725200712681,-0.651119375228882
T,ACA,-0.274582342254743,-0.452480387687683,-0.0912274999544024
T,ACC,-1.2107628411293,-1.33181497454643,-1.09252639114857
T,ACG,-1.15316003735065,-1.29138938188553,-1.01539640426636
V,GTA,0.460719541376829,0.329051397740841,0.591318126022816
V,GTC,-0.391150922739506,-0.508345037698746,-0.27513698041439
V,GTG,-0.885350587296486,-0.993869292736054,-0.779898084700108
Y,TAC,0.541899989300966,0.391568866372108,0.695331084728241
Z,AGC,-0.23997377982866,-0.3950708091259,-0.0809377348050475
