AA,Codon,Posterior,0.025%,0.975%
A,GCA,0.19298624574719,-0.00884909215383231,0.398652690649033
A,GCC,0.343215493028983,0.143132676556706,0.547202841937542
A,GCG,0.406608122202754,0.211587071046233,0.612991976737976
C,TGC,-0.211656870370544,-0.834442844986916,0.389339924603701
D,GAC,-0.435018896608055,-0.627957528829575,-0.2465605776757
E,GAA,-0.275671421985939,-0.494344179332256,-0.07121466640383
F,TTC,-0.352157943834085,-0.664494952559471,-0.0418178789317608
G,GGA,1.22441633191109,0.75061007887125,1.77301969528198
G,GGC,0.196434762032609,0.00755339965689927,0.386282289028168
G,GGG,0.66142561121583,0.350236412137747,1.00444709062576
H,CAC,-0.730405344241858,-1.1678160905838,-0.350846946239471
I,ATA,3.05033155992031,1.43342036008835,5.77103261947632
I,ATC,-0.399421463373676,-0.645361568033695,-0.168467068299651
K,AAA,-0.505088587497175,-0.889520332217216,-0.159238171949983
L,CTA,1.1197069227366,0.102559555135667,2.50286252498627
L,CTC,-0.64317451766571,-1.06816281080246,-0.264093518257141
L,CTG,-0.905470201945305,-1.28282128572464,-0.595956335961819
L,CTT,-0.231143050041201,-0.672855564951897,0.202646731585264
L,TTA,-0.00977173265505698,-0.458951869606972,0.441045960783959
N,AAC,-0.796748962545395,-1.13198589086533,-0.472694277763367
P,CCA,-0.236819118224154,-0.701108054816723,0.252445440739393
P,CCC,0.182552081115797,-0.3316496104002,0.716160807013512
P,CCG,-0.663534779733419,-1.06355278789997,-0.288071644306183
Q,CAA,0.212323431828502,-0.0363597531802952,0.466023625433445
R,AGA,3.36391683067679,1.34945762455463,6.07035756111145
R,AGG,4.23928765091896,1.8836755156517,7.57133475542069
R,CGA,2.51773269939423,1.40657140314579,4.09733121395111
R,CGC,0.430739781935513,0.221466831490397,0.649883657693863
R,CGG,1.25376051772833,0.81007215231657,1.77615131139755
S,TCA,0.844428884063661,0.402516467869282,1.36584285795689
S,TCC,0.2272015020605,-0.0669188044965267,0.548279283940792
S,TCG,0.818880765247345,0.465431562811136,1.20229660570622
T,ACA,0.525850073035294,0.0989672923460603,0.961678762733936
T,ACC,0.07646978391062,-0.188021579012275,0.328590416163206
T,ACG,0.448424188110512,0.128001335263252,0.76405123770237
V,GTA,-0.0047230397197578,-0.329221618920565,0.35842761695385
V,GTC,0.0696807008721458,-0.213126831501722,0.349422878026962
V,GTG,0.0708913054306657,-0.194611405953765,0.338544948399067
Y,TAC,-0.264995539732359,-0.55243467092514,0.0285780263133347
Z,AGC,-0.634994422674924,-1.11661460995674,-0.197118317708373
