AA,Codon,Posterior,0.025%,0.975%
A,GCA,0.146097708256543,0.0742969715967774,0.220647361502051
A,GCC,0.418725723290443,0.340492545813322,0.496463715285063
A,GCG,0.292951657664776,0.226458780094981,0.358832488209009
C,TGC,-0.126832679292979,-0.312406674027443,0.0483615432865918
D,GAC,-0.37880069899559,-0.463866306096315,-0.293830846250057
E,GAA,-0.141795938944072,-0.222182057052851,-0.0633493537083268
F,TTC,-0.60309378464222,-0.712614035606384,-0.497053495049477
G,GGA,1.4428441344738,1.19814322888851,1.68935033082962
G,GGC,0.151880990090966,0.0877785282209516,0.216832542419434
G,GGG,0.827316628956795,0.678329132497311,0.982395642995834
H,CAC,-0.510231687510014,-0.648389296233654,-0.382876747846603
I,ATA,1.50372685399055,1.15157526731491,1.88631484806538
I,ATC,-0.396724671781063,-0.470020807534456,-0.32603767439723
K,AAA,-0.0483214303244695,-0.118648267351091,0.0229732191190124
L,CTA,0.496720212304592,0.218776527792215,0.783873519301414
L,CTC,-0.397387668389082,-0.539996522665024,-0.255808991193771
L,CTG,-0.727461806058884,-0.843947319686413,-0.611745342612267
L,CTT,-0.1464248956831,-0.312094012647867,0.0109123992035166
L,TTA,0.144288646460819,-0.017252058442682,0.316495628654957
N,AAC,-0.678827346277237,-0.797235728800297,-0.562353050708771
P,CCA,-0.28847127866121,-0.47063028588891,-0.103690032102168
P,CCC,0.691056333094835,0.41021415963769,0.996136018633843
P,CCG,-0.502449285405874,-0.660743969678879,-0.34102952554822
Q,CAA,0.375662491118908,0.271162214130163,0.479632051289082
R,AGA,1.60414758610725,1.14779873490334,2.11914500594139
R,AGG,3.01994725675583,2.25770024061203,3.86225311756134
R,CGA,1.68820556902885,1.33812183141708,2.05954185128212
R,CGC,0.375580377453566,0.2962173871696,0.452958419919014
R,CGG,1.56287518754005,1.30820691883564,1.83447377681732
S,TCA,0.653595328521729,0.496609038859606,0.817046412825584
S,TCC,0.105261994146509,0.015339034399949,0.197531052678823
S,TCG,0.731339073038101,0.598836812376976,0.875628158450127
T,ACA,0.742874079573154,0.56844909787178,0.930858434736729
T,ACC,0.104578015696804,0.0264356495812535,0.183517841622233
T,ACG,0.659317242884636,0.545517341792583,0.776477356255054
V,GTA,0.0851208099058495,0.00724576617358252,0.166906109824777
V,GTC,0.427168047940731,0.336024946719408,0.515314626693726
V,GTG,0.400653951013088,0.32463836222887,0.47976540774107
Y,TAC,-0.348096094125509,-0.479164872318506,-0.218156683444977
Z,AGC,-0.644461273491383,-0.814770968258381,-0.482383961975574
