AA,Codon,Posterior,0.025%,0.975%
A,GCA,-0.302382124229986,-0.426665876060724,-0.190650756284595
A,GCC,-0.537913423714042,-0.681264078617096,-0.411500808596611
A,GCG,-0.746890847825259,-0.946516415476799,-0.59772215783596
C,TGC,0.0914471653073424,-0.180661415681243,0.400571389496326
D,GAC,0.670452934301831,0.549503317475319,0.822267593443394
E,GAA,-0.723519863913022,-0.852295146882534,-0.566937331855297
F,TTC,0.686847472185211,0.538356909155846,0.811377081274986
G,GGA,0.141277964205546,-0.185712041333318,0.392098475992679
G,GGC,-0.342676809924876,-0.458054033666849,-0.240864140167832
G,GGG,-0.0121047014139825,-0.331101261079311,0.21144249998033
H,CAC,0.478109517856035,0.306736078858376,0.675001150369644
I,ATA,0.407950867465476,-0.101229217648506,0.792659074068069
I,ATC,0.42970887574926,0.32289008051157,0.565972022712231
K,AAA,-1.11430302282497,-1.23390066027641,-0.997046189010144
L,CTA,0.887748458974168,0.386531830579043,1.17748529613018
L,CTC,0.429172174229659,0.25418946146965,0.625488200783729
L,CTG,-0.800232833550125,-0.938682980835438,-0.597885075211525
L,CTT,0.275576786679216,0.116722133010626,0.488998796790838
L,TTA,-0.139900686484808,-0.291822233051062,0.0419624771922824
N,AAC,0.137650579768185,0.0124823604011908,0.288167160749435
P,CCA,0.0688471976011229,-0.0886798597872257,0.223242040351033
P,CCC,0.0516740629553271,-0.121590789221227,0.213888806849718
P,CCG,-0.615536499682069,-0.751147440075874,-0.476895412057638
Q,CAA,0.356114435827266,0.250447287410498,0.466161596029997
R,AGA,1.45346968687177,1.04644157886505,1.68574449121952
R,AGG,1.88736295839734,1.34203975200653,2.21807350516319
R,CGA,1.02496355955321,0.700642298161984,1.23271767795086
R,CGC,-0.153798141436977,-0.259858240187168,-0.0564680989831687
R,CGG,0.814782670298463,0.440286359935999,1.02181314229965
S,TCA,-0.114407359124396,-0.321434614062309,0.0486081550829112
S,TCC,-0.00471781083203632,-0.151156571879983,0.130453931167722
S,TCG,-0.0924506798715265,-0.324273148179054,0.0748676355928181
T,ACA,-0.233244937896426,-0.397398259490728,-0.0835766898468137
T,ACC,-0.893800637063384,-1.02182887196541,-0.770386922359467
T,ACG,-0.563882356608286,-0.750046537816525,-0.408670743554831
V,GTA,0.483012204063544,0.36355194747448,0.599372351169586
V,GTC,0.0151910989064275,-0.137618475779891,0.129621497914195
V,GTG,-0.382127301886305,-0.53159806728363,-0.2546073153615
Y,TAC,0.362771879435971,0.209661175683141,0.524923054873943
Z,AGC,-0.4359438601973,-0.560605475306511,-0.302296410501004
