AA,Codon,Posterior,0.025%,0.975%
A,GCA,0.0735728060303576,0.000757616104965566,0.175245090201497
A,GCC,0.16575623645694,0.0663873970508576,0.29423296302557
A,GCG,0.312384877265443,0.177049607411027,0.514931802451611
C,TGC,-0.216350086306727,-0.57269496768713,0.066732189245522
D,GAC,-0.131125932846189,-0.25943827778101,-0.0368743266910315
E,GAA,-0.168580326963065,-0.335877308249474,-0.0455421159043908
F,TTC,-0.0282988765686619,-0.129387982189655,0.106764001399279
G,GGA,0.823175377255678,0.505329275131226,1.23017947077751
G,GGC,0.0845007898253261,0.0120794944697991,0.177206048369408
G,GGG,0.867572677314281,0.573469451069832,1.21744986176491
H,CAC,-0.177256001989357,-0.368643398582935,-0.0311034301761538
I,ATA,2.30874271989465,1.39048829376698,3.6480853497982
I,ATC,-0.159407822175464,-0.28082806840539,-0.0719676388427615
K,AAA,-0.0134005933993435,-0.111884748004377,0.0753458127379417
L,CTA,0.355998376634295,-0.0592440235428512,1.0819334089756
L,CTC,-0.321090238392726,-0.535087063908577,-0.130699884518981
L,CTG,-0.346850998133421,-0.556063061952591,-0.196911120042205
L,CTT,-0.324438849012461,-0.538930870592594,-0.15895882844925
L,TTA,-0.163001481611227,-0.373565123230219,0.00950879938900469
N,AAC,-0.162173647824835,-0.29846329241991,-0.0561897309496999
P,CCA,0.027433139612475,-0.0892452698200941,0.154710181057453
P,CCC,0.1033279562392,-0.0305485637392849,0.259947603940964
P,CCG,0.0238515712734958,-0.0817339546978474,0.131649756804109
Q,CAA,-0.0513367518537882,-0.145728882029653,0.033522134553641
R,AGA,0.332074745995773,0.106593433395028,0.791562367975711
R,AGG,0.650522315992415,0.251184464618564,1.25735374093056
R,CGA,0.400962522580475,0.195241220667958,0.756038528680797
R,CGC,0.0551697037096255,-0.0141966701019555,0.141552174091339
R,CGG,0.524288668933511,0.299541356414556,0.925608752667904
S,TCA,0.240383064680872,0.103736336529255,0.44218904748559
S,TCC,0.035042494604483,-0.0599217684939504,0.147167778387666
S,TCG,0.307395259810798,0.150185246765614,0.553517079353332
T,ACA,0.199116389247403,0.0876404820010066,0.341986387968063
T,ACC,0.120031188095508,0.0432560557499528,0.224631534516811
T,ACG,0.275155224218336,0.153796805813909,0.44534443989396
V,GTA,0.000139120889435435,-0.0668986767530441,0.0792829155921936
V,GTC,0.188508317632368,0.0914713522419333,0.337508849799632
V,GTG,0.302778231475456,0.188676662370563,0.441746883839369
Y,TAC,-0.129211618472209,-0.275217943638563,0.00374115044251082
Z,AGC,-0.0331031708441347,-0.142406086996198,0.0663585545495153
