AA,Codon,Posterior,0.025%,0.975%
A,GCA,-0.0782019440687966,-0.281881973147392,0.109581242501736
A,GCC,-0.0022754752760884,-0.208792311698198,0.203823574632406
A,GCG,-0.211770377778041,-0.433161628991365,-0.00173916200001278
C,TGC,-0.378515261363065,-0.818974766135216,0.00833992711268361
D,GAC,-0.368116791552864,-0.533663359284401,-0.21920025870204
E,GAA,-0.0567448630933321,-0.22814556658268,0.0899443212896584
F,TTC,-0.764136930165812,-0.984972135722637,-0.525301788747311
G,GGA,2.10676277064085,1.51764689385891,2.80359723567963
G,GGC,0.123542064704816,0.00531079382635653,0.250561282783747
G,GGG,0.922099164426327,0.606428165733814,1.32613758146763
H,CAC,-0.54136309722024,-0.825868204236031,-0.295625727623701
I,ATA,3.29583694146872,2.17921031117439,4.65937652587891
I,ATC,-0.326557566347509,-0.496616329997778,-0.180482489988208
K,AAA,-0.0283241378653453,-0.239895242080092,0.139000327885151
L,CTA,1.18022616792172,0.459195608645678,2.28578773140907
L,CTC,-0.41262282284142,-0.7162532761693,-0.0916843300685287
L,CTG,-0.777415739756823,-1.05063064992428,-0.538090528547764
L,CTT,0.164935258577931,-0.196733867004514,0.515437163412571
L,TTA,0.491527735069301,0.132842753455043,0.841504557430744
N,AAC,-0.739078814126551,-0.981905710697174,-0.521498909592629
P,CCA,-0.580821460615937,-0.909372766315937,-0.263851533085108
P,CCC,0.765497868551128,0.241894917190075,1.3440642863512
P,CCG,-0.938067160826921,-1.25089303255081,-0.658424665033817
Q,CAA,0.397345521827787,0.212011791393161,0.597219190001488
R,AGA,2.03866346241236,1.23557408154011,3.00031164288521
R,AGG,2.46696986766458,1.3288428068161,3.92230440378189
R,CGA,1.36816255134344,0.903756400942802,1.92861348390579
R,CGC,0.2059583110723,0.07215835172683,0.358072461932898
R,CGG,0.884550784945488,0.544276714324951,1.39922062158584
S,TCA,0.573136947079003,0.272795807570219,0.915352369844913
S,TCC,0.0582956514813803,-0.156180008873343,0.279996331781149
S,TCG,-0.000261797283776104,-0.23750073723495,0.225882380828261
T,ACA,0.760304736508057,0.437503252178431,1.10215856134891
T,ACC,-0.117704623504283,-0.336864531040192,0.0568702092394233
T,ACG,0.0950958897492263,-0.140142107382417,0.322279135137796
V,GTA,-0.00770321413611091,-0.177529366314411,0.173216380551457
V,GTC,0.171839920118842,0.00410900969873183,0.355733542889356
V,GTG,-0.0621258900158909,-0.224823180213571,0.0970926877111196
Y,TAC,-0.237164332199868,-0.448118531703949,-0.0398198121227324
Z,AGC,-0.494381989043951,-0.792034487426281,-0.229943495243788
