AA,Codon,Posterior,0.025%,0.975%
A,GCA,-0.455860305243731,-0.541035722196102,-0.370707897096872
A,GCC,-0.848215433514118,-0.935287389159203,-0.762437646090984
A,GCG,-0.984066465234756,-1.06662960648537,-0.902392134070396
C,TGC,-0.0342835653740445,-0.198093957453966,0.126412909850478
D,GAC,0.796887634122372,0.711543428897858,0.887732262909412
E,GAA,-0.721744344687462,-0.806049348413944,-0.634828607738018
F,TTC,0.879204726457596,0.785682709515095,0.973211042582989
G,GGA,0.102317405152114,-0.0269142707809806,0.234661553427577
G,GGC,-0.3793343986094,-0.456440872699022,-0.301257602125406
G,GGG,0.0800946355703254,-0.0372966186143458,0.194603872299194
H,CAC,0.728677174967527,0.606858865916729,0.853847897052765
I,ATA,1.07535246654749,0.923027290403843,1.23224419355392
I,ATC,0.53187767406702,0.457529223710299,0.606999617815018
K,AAA,-1.09289320542812,-1.18167679905891,-1.00138094127178
L,CTA,1.01848277415037,0.851915746927261,1.18777084648609
L,CTC,0.421195962610841,0.307186929136515,0.531524921953678
L,CTG,-0.722755163383484,-0.810784746706486,-0.636171445250511
L,CTT,0.21299415027299,0.105397904850543,0.321827376633883
L,TTA,-0.255451082839072,-0.357669457793236,-0.14806191585958
N,AAC,0.436054839453101,0.336087542027235,0.537778690457344
P,CCA,0.0215682798709633,-0.116303592547774,0.158436492085457
P,CCC,-0.330576617071033,-0.482457906752825,-0.178800865635276
P,CCG,-0.581774883186817,-0.694954551756382,-0.464623486250639
Q,CAA,0.230831595858932,0.140533643588424,0.3209363758564
R,AGA,1.0459553894043,0.839790187776089,1.25487635135651
R,AGG,1.33521506367922,1.04688399136066,1.62260770797729
R,CGA,0.418793820714951,0.244496123120189,0.588740994036198
R,CGC,-0.33854008564651,-0.420201756060123,-0.257869660109282
R,CGG,-0.0411058247036877,-0.203996340930462,0.120282944105565
S,TCA,-0.299728990678769,-0.439641895890236,-0.163480401784182
S,TCC,-0.0591030886305621,-0.172689316794276,0.0569600427523255
S,TCG,-0.544975809705257,-0.680155619978905,-0.412494317442179
T,ACA,-0.580989638125896,-0.714087556302547,-0.445086538046598
T,ACC,-1.04287890609503,-1.13949470221996,-0.942792710661888
T,ACG,-1.05963501998186,-1.17548107802868,-0.941983650624752
V,GTA,0.497741149711609,0.403818544745445,0.59297711700201
V,GTC,-0.0727103044967087,-0.165226642042398,0.0198514355812222
V,GTG,-0.585508422887325,-0.667769807577133,-0.501406291127205
Y,TAC,0.590367451316118,0.473776014149189,0.709284803271294
Z,AGC,-0.207823250789894,-0.326393330097199,-0.0867028372362256
