AA,Codon,Posterior,0.025%,0.975%
A,GCA,0.164369734513015,0.10341367367655,0.224176177382469
A,GCC,0.419329907816648,0.351109828054905,0.490238504111767
A,GCG,0.459738384979963,0.392901490628719,0.526164928078651
C,TGC,-0.105836730036096,-0.267776438593864,0.0501291682943699
D,GAC,-0.245600589071214,-0.317068640887737,-0.175034400820732
E,GAA,-0.152595213601738,-0.225984565168619,-0.0783611049875617
F,TTC,-0.228755579985678,-0.309241680800915,-0.146462730318308
G,GGA,0.760590186500549,0.624347658455372,0.90057915598154
G,GGC,0.144744438374043,0.0849902465939522,0.205623343586922
G,GGG,0.633381210917234,0.518736766278744,0.754171134531498
H,CAC,-0.386482003876567,-0.498119323700666,-0.27488090544939
I,ATA,0.688595777153969,0.51044417321682,0.870954889059067
I,ATC,-0.246692368778586,-0.308159957081079,-0.187178461998701
K,AAA,-0.00550535788780448,-0.0689579674974084,0.0585095059126615
L,CTA,0.140745806587242,-0.0436835355125368,0.327073723077774
L,CTC,-0.273156319853663,-0.380996076017618,-0.161121643334627
L,CTG,-0.405190102633834,-0.493250188231468,-0.316954579949379
L,CTT,-0.235829067450762,-0.342799904197454,-0.129457139596343
L,TTA,-0.021769280055341,-0.131219666451216,0.0868481440469622
N,AAC,-0.423678606140614,-0.511633907258511,-0.337683139741421
P,CCA,0.0477727693778896,-0.0713832149282098,0.169490074366331
P,CCC,0.536366562861204,0.379341194033623,0.701869997382164
P,CCG,-0.0233706946434448,-0.121715689264238,0.0773895053192973
Q,CAA,0.0716681293754023,-0.00988171224016696,0.153147218376398
R,AGA,0.78624713075757,0.567035682499409,1.02204118669033
R,AGG,1.2776253631115,0.921309931576252,1.6658888399601
R,CGA,1.10658201528788,0.906737621128559,1.32506138682365
R,CGC,0.205747472925484,0.140103643015027,0.272323076426983
R,CGG,1.55636310067177,1.34153052866459,1.7841068983078
S,TCA,0.418728817653656,0.30298358798027,0.540525110065937
S,TCC,0.0808577643484794,-0.00276158077758736,0.168768226355314
S,TCG,0.794095809233189,0.657010713219643,0.937155976891518
T,ACA,0.496277185541391,0.391183994710445,0.605560572445393
T,ACC,0.228463098864257,0.157438464835286,0.300307732075453
T,ACG,0.73599611839056,0.629839330911636,0.841099302470684
V,GTA,-0.0468500320083138,-0.108701163716614,0.0150330008938908
V,GTC,0.265981474736333,0.191116593033075,0.340140253305435
V,GTG,0.454550160580873,0.381149199604988,0.5285739377141
Y,TAC,-0.333320012912154,-0.449040694534779,-0.225913459807634
Z,AGC,-0.218777741753962,-0.331225671619177,-0.104602241702378
