AA,Codon,Posterior,0.025%,0.975%
A,GCA,0.227596818977594,0.142706084996462,0.310802152752876
A,GCC,0.333383283093572,0.2500967271626,0.417470064014196
A,GCG,0.141037907147408,0.0690679032355547,0.211289405822754
C,TGC,-0.244963331712421,-0.423479205369949,-0.0684757301583886
D,GAC,-0.267467040476203,-0.348697809129953,-0.188634223490953
E,GAA,-0.135736837520357,-0.215845438838005,-0.0560411323793232
F,TTC,-0.722744293177128,-0.825590431690216,-0.621019464731216
G,GGA,1.37969682765007,1.20108431875706,1.57254113852978
G,GGC,0.119841873245884,0.057014003675431,0.184680009260774
G,GGG,0.824427184867859,0.693943902850151,0.962612774968147
H,CAC,-0.585011827903986,-0.721675203740597,-0.443605691939592
I,ATA,2.22018464467525,1.83932049870491,2.608481580019
I,ATC,-0.447627637648582,-0.52709386497736,-0.368847952783108
K,AAA,-0.142496108489699,-0.240485714748502,-0.0501914407126606
L,CTA,0.420742008570954,0.171412446349859,0.695761401951313
L,CTC,-0.296924222834408,-0.443822414427996,-0.147709678113461
L,CTG,-0.778797688305378,-0.89511484503746,-0.666024757921696
L,CTT,0.193139730563218,0.0220393732190132,0.360503607988358
L,TTA,0.543028225898743,0.377882146090269,0.709366588294506
N,AAC,-0.935882802343369,-1.05820083320141,-0.814456698298454
P,CCA,-0.384769020675123,-0.579706320166588,-0.186341137439013
P,CCC,0.806002232569456,0.548824515938759,1.06770766675472
P,CCG,-0.920676395428181,-1.08484674394131,-0.752761197090149
Q,CAA,0.582024103456736,0.462644039094448,0.705157586932182
R,AGA,2.54180414190292,2.05756195187569,3.04600638747215
R,AGG,3.48248567428589,2.75404036641121,4.26419390439987
R,CGA,2.16849559841156,1.85059843063355,2.50439478754997
R,CGC,0.248410484144092,0.171232467517257,0.329852117598057
R,CGG,1.86919952981472,1.60901363492012,2.13906608223915
S,TCA,0.685120871955156,0.521503038704395,0.851378536224365
S,TCC,0.0721223412907704,-0.0354268556460738,0.178981264680624
S,TCG,0.508910161232948,0.373290628194809,0.653523054718971
T,ACA,1.30696340173483,1.10348615646362,1.51387786269188
T,ACC,0.00855948451187533,-0.0828057764098048,0.0959394576027989
T,ACG,0.542667467564344,0.42132338359952,0.663232092559338
V,GTA,0.00115345771761276,-0.0871616618707776,0.0901984136551618
V,GTC,0.266773877425492,0.172119513899088,0.363678865134716
V,GTG,0.124803677248955,0.0464052878320217,0.201876593008637
Y,TAC,-0.450660951501131,-0.56838320940733,-0.337810496985912
Z,AGC,-0.61861514095664,-0.786985976994038,-0.451199173927307
