AA,Codon,Posterior,0.025%,0.975%
A,GCA,-0.459997546470165,-0.567367725074291,-0.35421055033803
A,GCC,-1.01328019590378,-1.11845394074917,-0.907471635937691
A,GCG,-1.22679182748795,-1.32462449371815,-1.12576206624508
C,TGC,-0.122411800421181,-0.322782877087593,0.0704679735004902
D,GAC,0.8390770652771,0.729310135543346,0.946320997178555
E,GAA,-0.615774523818493,-0.717126071453094,-0.512718765437603
F,TTC,0.798309552621841,0.684324505925179,0.916171988844872
G,GGA,0.0529467214581222,-0.137253168225288,0.2534005433321
G,GGC,-0.397177290087938,-0.491536732763052,-0.300232298672199
G,GGG,0.0372360827513883,-0.109105432778597,0.184013983979821
H,CAC,0.697089146065712,0.546087862551212,0.847460135817528
I,ATA,1.18964285130501,0.932645224034786,1.43868225514889
I,ATC,0.492980270695686,0.405017255246639,0.578543846309185
K,AAA,-1.07885378191471,-1.1856958925724,-0.971887795627117
L,CTA,1.01642697207928,0.798427204787731,1.23967261612415
L,CTC,0.455964580780268,0.31902147307992,0.5862723082304
L,CTG,-0.799348794865608,-0.902428250014782,-0.69709706902504
L,CTT,0.398025361967087,0.260646639764309,0.543649891018868
L,TTA,-0.0800879001063386,-0.214016869664192,0.0641162579879165
N,AAC,0.256452322494984,0.124482072331011,0.392124923318625
P,CCA,0.044192670105744,-0.141762231662869,0.232217712700367
P,CCC,-0.288697165416833,-0.514481112360954,-0.0616069737821817
P,CCG,-0.863384070420265,-1.02247958779335,-0.707000379264355
Q,CAA,0.30191818523407,0.183549327030778,0.409807964414358
R,AGA,1.54691235105991,1.20612294971943,1.88790197968483
R,AGG,1.08313589602709,0.682035991549492,1.51027211844921
R,CGA,0.673709618145227,0.420996209233999,0.93561385422945
R,CGC,-0.516011516201496,-0.618514557182789,-0.414892330765724
R,CGG,0.0372370985877526,-0.155409018322825,0.230373531579971
S,TCA,-0.179858145020709,-0.361939933896065,-0.000366020292039984
S,TCC,-0.159795314094925,-0.296232523024082,-0.0170625707134604
S,TCG,-0.79881336234808,-0.960688497126102,-0.642577467858791
T,ACA,-0.246390113344509,-0.418302675336599,-0.0571457118727266
T,ACC,-1.2049101991415,-1.32367295026779,-1.08504205346107
T,ACG,-1.12145047638416,-1.26525164246559,-0.977997156977653
V,GTA,0.442147148358822,0.31328671425581,0.572761414945126
V,GTC,-0.385164096605778,-0.499959051609039,-0.268860469758511
V,GTG,-0.879368953108787,-0.984101191163063,-0.771694637835026
Y,TAC,0.532122982090712,0.382240350544453,0.686139033734798
Z,AGC,-0.241864215300605,-0.39928577169776,-0.0703442350029945
