AA,Codon,Posterior,0.025%,0.975%
A,GCA,0.146470185814053,0.0771046184003353,0.216743338480592
A,GCC,0.413941958868504,0.336549790948629,0.493099168688059
A,GCG,0.288926950925589,0.2207245670259,0.355975960940123
C,TGC,-0.117986180977683,-0.303086791187525,0.0608199454843998
D,GAC,-0.377842643910646,-0.460178034752607,-0.294608651846647
E,GAA,-0.142196092101419,-0.222534283623099,-0.0649199936538934
F,TTC,-0.621069868648052,-0.728019505739212,-0.516046915948391
G,GGA,1.43907337908745,1.18963720500469,1.69230562150478
G,GGC,0.154598339653015,0.0916929014027119,0.219895849004388
G,GGG,0.810508822321892,0.661129446327686,0.959849680960178
H,CAC,-0.498861429721117,-0.632508999109268,-0.368605839461088
I,ATA,1.52597571809292,1.16826811730862,1.92158852815628
I,ATC,-0.39217668633461,-0.464558429270983,-0.320008887350559
K,AAA,-0.0528036931666255,-0.125930131971836,0.0160361653193832
L,CTA,0.456935887493193,0.19071003831923,0.739353570342064
L,CTC,-0.375008473396301,-0.51871721893549,-0.238862591981888
L,CTG,-0.704083015346527,-0.823920807242393,-0.595892015099525
L,CTT,-0.148951639013295,-0.311571179330349,0.0104135511210189
L,TTA,0.157149685490399,-0.0033295163535513,0.31676609814167
N,AAC,-0.68262860622406,-0.804346896708012,-0.568068417906761
P,CCA,-0.259704203571565,-0.444396682828665,-0.0729025706648825
P,CCC,0.717042932528257,0.443307819217443,1.00548058748245
P,CCG,-0.474956240350008,-0.632080601155758,-0.321495202928781
Q,CAA,0.378135187381506,0.278321831673384,0.485167899727821
R,AGA,1.55877578682899,1.10336192846298,2.05754289031029
R,AGG,2.91134372425079,2.19966420531273,3.66773942112923
R,CGA,1.64638404359818,1.30245118141174,2.00481186509132
R,CGC,0.370892536002398,0.289097724109888,0.450923506170511
R,CGG,1.57190667834282,1.30955928266048,1.82058844268322
S,TCA,0.647765368366241,0.48605440557003,0.813283260166645
S,TCC,0.108650174544397,0.0167293848469853,0.202635978162289
S,TCG,0.725582811534405,0.585720723867416,0.877213510870934
T,ACA,0.720279456150532,0.550911100208759,0.901868158578873
T,ACC,0.102092186696897,0.0270970249548554,0.178300761058927
T,ACG,0.635028517818451,0.51779111623764,0.754479424655437
V,GTA,0.0932102845035959,0.0175541573669761,0.173218699917197
V,GTC,0.421709711706638,0.334384508430958,0.511742895841598
V,GTG,0.39554544018507,0.319792836904526,0.469535620510578
Y,TAC,-0.341195728093386,-0.475058190524578,-0.213201271742582
Z,AGC,-0.642778356516361,-0.817465564608574,-0.477530605345964
