AA,Codon,Posterior,0.025%,0.975%
A,GCA,0.0241590381004702,-0.266656698286533,0.299605643749237
A,GCC,0.344901075478177,0.0451910927891731,0.642535583674908
A,GCG,0.176457238995924,-0.0891055587679148,0.427685111761093
C,TGC,-0.443118933570338,-1.20640240907669,0.158803765848279
D,GAC,-0.436770176956058,-0.652239966392517,-0.228879238292575
E,GAA,-0.116592395199028,-0.318835443258286,0.0703527266159654
F,TTC,-0.577820485109603,-0.91997907012701,-0.244478353485465
G,GGA,1.56209772535563,0.966418601572514,2.24839637279511
G,GGC,0.252079557653586,0.0313622185494751,0.483647474646568
G,GGG,0.607732017867919,0.273940847814083,0.961323884129525
H,CAC,-0.385022446836997,-0.809502497315407,0.029324891092256
I,ATA,2.68460026626587,1.14710650444031,4.91382067203522
I,ATC,-0.241836865796428,-0.501979191601276,0.0193268546834588
K,AAA,-0.365849211416347,-0.722893327474594,-0.0340754831209778
L,CTA,0.344209089242097,-0.411246778070927,1.21074767112732
L,CTC,-0.269506646989821,-0.738668492436409,0.198032800853253
L,CTG,-0.772882159328461,-1.16227827966213,-0.433366256207228
L,CTT,-0.139640133497838,-0.648876078426838,0.359435676038265
L,TTA,-0.0430803590891552,-0.523164941370487,0.44253543689847
N,AAC,-0.646262570974231,-0.981156775355339,-0.33928008005023
P,CCA,-0.164008112609129,-0.568539109826088,0.225558762252331
P,CCC,1.08718273567408,0.404956611990929,1.96245701909065
P,CCG,-0.267341131247417,-0.645053517818451,0.0661923673003912
Q,CAA,0.462402705758729,0.179989427700639,0.777989208698273
R,AGA,3.0431857801199,1.02872081696987,6.54465100765229
R,AGG,28.3356791406155,3.63989943861961,57.9103222846985
R,CGA,1.39201579042673,0.725554272532463,2.20865386128426
R,CGC,0.309836975691468,0.1321124445647,0.489673921465874
R,CGG,1.74296865549088,1.06149135828018,2.58645552396774
S,TCA,0.574917905746144,0.093005471304059,1.11569234728813
S,TCC,0.110198051203784,-0.249992782250047,0.480762594938278
S,TCG,1.07601094692349,0.512083722651005,1.65371857583523
T,ACA,0.804331612665206,0.246401619538665,1.49770955145359
T,ACC,-0.0411376200735162,-0.377577941864729,0.241063680872321
T,ACG,0.54339156797335,0.137912661209702,0.968757505714893
V,GTA,-0.0736958407053622,-0.301862628757954,0.154885013401508
V,GTC,0.561687095266581,0.277030451595783,0.875038680434227
V,GTG,0.427913340900838,0.195432730019093,0.662800639867783
Y,TAC,0.0342680459227355,-0.267837480455637,0.350298165529966
Z,AGC,-0.610280287473043,-1.22004363834858,-0.0706330500543117
